Order Date,Order Number,Purchase Order Number,Retailer Name,Address 1,Address 2,City,State,Zip Code,Country,Product Name,Option Name,SKU,GTIN,Status,Quantity,Wholesale Price,Retail Price,Ship Date,Scheduled Order Date,Notes
"February 25, 2026",QQ9Q48N6E5,,"I Love Books, Inc.",380 Delaware Ave,,DELMAR,NY,12054.0,United States,A Book A Day Keeps Reality Away Glitter Sticker,default,,,Processing,6.0,1.75,4.95,"March 11, 2026",No scheduled order date,'-
"February 25, 2026",QQ9Q48N6E5,,"I Love Books, Inc.",380 Delaware Ave,,DELMAR,NY,12054.0,United States,When Cruelty Becomes Normal Compassion Looks Radical Sticker,default,,,Processing,6.0,1.75,4.75,"March 11, 2026",No scheduled order date,'-
"February 25, 2026",QQ9Q48N6E5,,"I Love Books, Inc.",380 Delaware Ave,,DELMAR,NY,12054.0,United States,What's More Punk Than The Public Library Button,default,,,Processing,3.0,1.0,2.75,"March 11, 2026",No scheduled order date,'-
"February 25, 2026",QQ9Q48N6E5,,"I Love Books, Inc.",380 Delaware Ave,,DELMAR,NY,12054.0,United States,Spooky Liberal Feminist Witch Sticker,default,,,Processing,6.0,1.75,4.75,"March 11, 2026",No scheduled order date,'-
"February 25, 2026",QQ9Q48N6E5,,"I Love Books, Inc.",380 Delaware Ave,,DELMAR,NY,12054.0,United States,Radicalized By Basic Decency Glitter Sticker,default,,,Processing,6.0,1.75,4.95,"March 11, 2026",No scheduled order date,'-
"February 25, 2026",QQ9Q48N6E5,,"I Love Books, Inc.",380 Delaware Ave,,DELMAR,NY,12054.0,United States,Daily Shitstorm Survivors Club Button,default,,,Processing,3.0,1.0,2.75,"March 11, 2026",No scheduled order date,'-
"February 25, 2026",QQ9Q48N6E5,,"I Love Books, Inc.",380 Delaware Ave,,DELMAR,NY,12054.0,United States,Are You Done Glitter Sticker,default,,,Processing,6.0,1.75,4.95,"March 11, 2026",No scheduled order date,'-
"February 25, 2026",QQ9Q48N6E5,,"I Love Books, Inc.",380 Delaware Ave,,DELMAR,NY,12054.0,United States,Nope Not Today Button,default,,,Processing,3.0,1.0,2.75,"March 11, 2026",No scheduled order date,'-
"February 25, 2026",QQ9Q48N6E5,,"I Love Books, Inc.",380 Delaware Ave,,DELMAR,NY,12054.0,United States,Lost In A Book Don't Send Help Glitter Sticker,default,,,Processing,6.0,1.75,4.75,"March 11, 2026",No scheduled order date,'-
"February 25, 2026",QQ9Q48N6E5,,"I Love Books, Inc.",380 Delaware Ave,,DELMAR,NY,12054.0,United States,"Due To Not Wanting To, I Will Not Be Sticker",default,,,Processing,6.0,1.75,4.95,"March 11, 2026",No scheduled order date,'-
"February 25, 2026",QQ9Q48N6E5,,"I Love Books, Inc.",380 Delaware Ave,,DELMAR,NY,12054.0,United States,You Don't Have To Experience Something To Have Empathy For Others Holographic Sticker,default,,,Processing,6.0,1.75,4.75,"March 11, 2026",No scheduled order date,'-
"February 25, 2026",QQ9Q48N6E5,,"I Love Books, Inc.",380 Delaware Ave,,DELMAR,NY,12054.0,United States,Stable? That's For Horses Glitter Sticker,default,,,Processing,6.0,1.75,4.95,"March 11, 2026",No scheduled order date,'-
"February 25, 2026",QQ9Q48N6E5,,"I Love Books, Inc.",380 Delaware Ave,,DELMAR,NY,12054.0,United States,Big Fan Of Human Rights Holographic Sticker,default,,,Processing,6.0,1.75,4.75,"March 11, 2026",No scheduled order date,'-
"February 25, 2026",QQ9Q48N6E5,,"I Love Books, Inc.",380 Delaware Ave,,DELMAR,NY,12054.0,United States,The Only Ice I Like Is The Ice That My Two Gay Boyfriends Skate Around On Sticker,default,,,Processing,6.0,1.75,4.75,"March 11, 2026",No scheduled order date,'-
"February 25, 2026",QQ9Q48N6E5,,"I Love Books, Inc.",380 Delaware Ave,,DELMAR,NY,12054.0,United States,Are You Overthinking What I'm Overthinking Holographic Sticker,default,,,Processing,6.0,1.75,4.75,"March 11, 2026",No scheduled order date,'-
"February 25, 2026",QQ9Q48N6E5,,"I Love Books, Inc.",380 Delaware Ave,,DELMAR,NY,12054.0,United States,Today I'm Gonna Give It My Almost Glitter Sticker,default,,,Processing,6.0,1.75,4.95,"March 11, 2026",No scheduled order date,'-
"February 25, 2026",QQ9Q48N6E5,,"I Love Books, Inc.",380 Delaware Ave,,DELMAR,NY,12054.0,United States,Call Me When You Get To Hell So I Know You Made It Ok Pixie Glitter Sticker,default,,,Processing,6.0,1.75,4.75,"March 11, 2026",No scheduled order date,'-
"February 25, 2026",QQ9Q48N6E5,,"I Love Books, Inc.",380 Delaware Ave,,DELMAR,NY,12054.0,United States,This Place Sucks. I'm Outta Here Glitter Sticker,default,,,Processing,6.0,1.75,4.95,"March 11, 2026",No scheduled order date,'-
"February 25, 2026",QQ9Q48N6E5,,"I Love Books, Inc.",380 Delaware Ave,,DELMAR,NY,12054.0,United States,Only One Damn Shit-Storm At A Time Please Glitter Sticker,default,,,Processing,6.0,1.75,4.95,"March 11, 2026",No scheduled order date,'-
"February 25, 2026",QQ9Q48N6E5,,"I Love Books, Inc.",380 Delaware Ave,,DELMAR,NY,12054.0,United States,My Workout Is Reading In Bed Until My Arm Hurts Mini Glitter Sticker,default,,,Processing,6.0,1.5,4.25,"March 11, 2026",No scheduled order date,'-
"February 25, 2026",QQ9Q48N6E5,,"I Love Books, Inc.",380 Delaware Ave,,DELMAR,NY,12054.0,United States,Chasing That Scholastic Book Fair High Glitter Sticker,default,,,Processing,6.0,1.75,4.95,"March 11, 2026",No scheduled order date,'-
"February 25, 2026",QQ9Q48N6E5,,"I Love Books, Inc.",380 Delaware Ave,,DELMAR,NY,12054.0,United States,I Just Wanna Go Home Glitter Sticker,default,,,Processing,6.0,1.75,4.95,"March 11, 2026",No scheduled order date,'-
"February 25, 2026",QQ9Q48N6E5,,"I Love Books, Inc.",380 Delaware Ave,,DELMAR,NY,12054.0,United States,Born To Read Books Forced To Read Emails Glitter Sticker,default,,,Processing,6.0,1.75,4.95,"March 11, 2026",No scheduled order date,'-
"February 25, 2026",QQ9Q48N6E5,,"I Love Books, Inc.",380 Delaware Ave,,DELMAR,NY,12054.0,United States,Burn The Patriarchy Sticker,default,,,Processing,6.0,1.75,4.75,"March 11, 2026",No scheduled order date,'-
"February 25, 2026",QQ9Q48N6E5,,"I Love Books, Inc.",380 Delaware Ave,,DELMAR,NY,12054.0,United States,Surprise Mini Troll,default,,,Processing,50.0,0.6,1.5,"March 11, 2026",No scheduled order date,'-
"February 25, 2026",QQ9Q48N6E5,,"I Love Books, Inc.",380 Delaware Ave,,DELMAR,NY,12054.0,United States,I Could Be Meaner Glitter Sticker,default,,,Processing,6.0,1.75,4.95,"March 11, 2026",No scheduled order date,'-
"February 24, 2026",6JD3UFNKHB,,Shes1oak,19141 Planetree Street,,Orlando,FL,32827.0,United States,Surprise Mini Troll,default,,,Processing,100.0,0.6,1.5,"March 10, 2026",No scheduled order date,'-
"February 24, 2026",6JD3UFNKHB,,Shes1oak,19141 Planetree Street,,Orlando,FL,32827.0,United States,"Mini Troll Surprise Packs - 3, 6 or 10!",10 pack,,,Processing,9.0,4.99,9.99,"March 10, 2026",No scheduled order date,'-
"February 24, 2026",6JD3UFNKHB,,Shes1oak,19141 Planetree Street,,Orlando,FL,32827.0,United States,If I'm Too Much Go Find Less Tote Bag,Natural,,,Processing,3.0,10.0,20.0,"March 10, 2026",No scheduled order date,'-
"February 24, 2026",6JD3UFNKHB,,Shes1oak,19141 Planetree Street,,Orlando,FL,32827.0,United States,Do You Have Any Fucks? Not Even One Girl. Go Fish Tote Bag,default,,,Processing,3.0,10.0,20.0,"March 10, 2026",No scheduled order date,'-
"February 24, 2026",6JD3UFNKHB,,Shes1oak,19141 Planetree Street,,Orlando,FL,32827.0,United States,Diet Coke Slut Glitter Sticker,default,,,Processing,6.0,1.75,4.75,"March 10, 2026",No scheduled order date,'-
"February 24, 2026",6JD3UFNKHB,,Shes1oak,19141 Planetree Street,,Orlando,FL,32827.0,United States,The Coolest Mom On The Playground Tote Bag,default,,,Processing,3.0,10.0,20.0,"March 10, 2026",No scheduled order date,'-
"February 24, 2026",EN6J92946W,,Pressed,1535 W. 8th Street,Suite A-2,Erie,PA,16505.0,United States,Resist Sticker,default,,,Processing,6.0,1.75,4.75,"March 10, 2026",No scheduled order date,'-
"February 24, 2026",EN6J92946W,,Pressed,1535 W. 8th Street,Suite A-2,Erie,PA,16505.0,United States,Justifiably Furious Tote Bag,default,,,Processing,3.0,10.0,20.0,"March 10, 2026",No scheduled order date,'-
"February 24, 2026",EN6J92946W,,Pressed,1535 W. 8th Street,Suite A-2,Erie,PA,16505.0,United States,If You Support Fascism We Can't Be Friends Glitter Sticker,default,,,Processing,6.0,1.75,4.75,"March 10, 2026",No scheduled order date,'-
"February 24, 2026",EN6J92946W,,Pressed,1535 W. 8th Street,Suite A-2,Erie,PA,16505.0,United States,Girl Power Glitter Sticker,default,,,Processing,6.0,1.75,4.75,"March 10, 2026",No scheduled order date,'-
"February 24, 2026",EN6J92946W,,Pressed,1535 W. 8th Street,Suite A-2,Erie,PA,16505.0,United States,That Wasn't Very Cash Money Of You Tote Bag,default,,,Processing,3.0,10.0,20.0,"March 10, 2026",No scheduled order date,'-
"February 24, 2026",EN6J92946W,,Pressed,1535 W. 8th Street,Suite A-2,Erie,PA,16505.0,United States,Meet Me At The Bookshop Tote Bag,Natural,,,Processing,3.0,10.0,20.0,"March 10, 2026",No scheduled order date,'-
"February 24, 2026",EN6J92946W,,Pressed,1535 W. 8th Street,Suite A-2,Erie,PA,16505.0,United States,Coffee & Books Tote Bag,default,,,Processing,3.0,10.0,20.0,"March 10, 2026",No scheduled order date,'-
"February 24, 2026",EN6J92946W,,Pressed,1535 W. 8th Street,Suite A-2,Erie,PA,16505.0,United States,I May Be Wrong But I Doubt It Pen,default,,,Processing,6.0,0.85,2.75,"March 10, 2026",No scheduled order date,'-
"February 24, 2026",EN6J92946W,,Pressed,1535 W. 8th Street,Suite A-2,Erie,PA,16505.0,United States,Tell Me A Time In History When It Was The Good Guys Banning Books Tote Bag,default,,,Processing,3.0,10.0,20.0,"March 10, 2026",No scheduled order date,'-
"February 24, 2026",EN6J92946W,,Pressed,1535 W. 8th Street,Suite A-2,Erie,PA,16505.0,United States,Keep The Immigrants Deport The Racists Sticker,default,,,Processing,6.0,1.75,4.75,"March 10, 2026",No scheduled order date,'-
"February 24, 2026",EN6J92946W,,Pressed,1535 W. 8th Street,Suite A-2,Erie,PA,16505.0,United States,Resist Sticker,default,,,Processing,6.0,1.75,4.75,"March 10, 2026",No scheduled order date,'-
"February 24, 2026",EN6J92946W,,Pressed,1535 W. 8th Street,Suite A-2,Erie,PA,16505.0,United States,Radicalized By Basic Decency Button,default,,,Processing,6.0,1.25,2.5,"March 10, 2026",No scheduled order date,'-
"February 24, 2026",EN6J92946W,,Pressed,1535 W. 8th Street,Suite A-2,Erie,PA,16505.0,United States,I Never Said That Jesus Sticker,default,,,Processing,6.0,1.75,4.75,"March 10, 2026",No scheduled order date,'-
"February 24, 2026",EN6J92946W,,Pressed,1535 W. 8th Street,Suite A-2,Erie,PA,16505.0,United States,Big Fan Of Human Rights Holographic Sticker,default,,,Processing,6.0,1.75,4.75,"March 10, 2026",No scheduled order date,'-
"February 24, 2026",EN6J92946W,,Pressed,1535 W. 8th Street,Suite A-2,Erie,PA,16505.0,United States,Caring About People Is Not Political Sticker,default,,,Processing,6.0,1.75,4.75,"March 10, 2026",No scheduled order date,'-
"February 24, 2026",EN6J92946W,,Pressed,1535 W. 8th Street,Suite A-2,Erie,PA,16505.0,United States,Girls Will Be Girls Sticker,default,,,Processing,6.0,1.75,4.75,"March 10, 2026",No scheduled order date,'-
"February 24, 2026",EN6J92946W,,Pressed,1535 W. 8th Street,Suite A-2,Erie,PA,16505.0,United States,"Sorry I Was Rude, It Was Probably Your Fault Pen",default,,,Processing,6.0,0.85,2.75,"March 10, 2026",No scheduled order date,'-
"February 24, 2026",EN6J92946W,,Pressed,1535 W. 8th Street,Suite A-2,Erie,PA,16505.0,United States,Dumpster Fire Response Team Member Pen,default,,,Processing,6.0,0.85,2.75,"March 10, 2026",No scheduled order date,'-
"February 24, 2026",EN6J92946W,,Pressed,1535 W. 8th Street,Suite A-2,Erie,PA,16505.0,United States,Let's Read Banned Books Tote Bag,default,,,Processing,3.0,10.0,20.0,"March 10, 2026",No scheduled order date,'-
"February 24, 2026",EN6J92946W,,Pressed,1535 W. 8th Street,Suite A-2,Erie,PA,16505.0,United States,"Hidden ""Fuck Trump"" Floral Pixie Glitter Sticker",default,,,Processing,6.0,1.75,4.75,"March 10, 2026",No scheduled order date,'-
"February 24, 2026",EN6J92946W,,Pressed,1535 W. 8th Street,Suite A-2,Erie,PA,16505.0,United States,Compost The Patriarchy Sticker,default,,,Processing,6.0,1.75,4.75,"March 10, 2026",No scheduled order date,'-
"February 24, 2026",EN6J92946W,,Pressed,1535 W. 8th Street,Suite A-2,Erie,PA,16505.0,United States,Just A Girl Who Loves Books Glitter Sticker,default,,,Processing,6.0,1.75,4.75,"March 10, 2026",No scheduled order date,'-
"February 24, 2026",EN6J92946W,,Pressed,1535 W. 8th Street,Suite A-2,Erie,PA,16505.0,United States,Caring About People Is Not Political Button,default,,,Processing,6.0,1.0,2.75,"March 10, 2026",No scheduled order date,'-
"February 24, 2026",J289XWDB7B,,Jamie’s sell,221 Left Fork Marrowbone Creek Road,,Kermit,WV,25674.0,United States,I Should Be Frolicking In A Forest But I'm Here. Wtf Pen,default,,,Processing,12.0,0.85,2.75,"March 10, 2026",No scheduled order date,'-
"February 24, 2026",J289XWDB7B,,Jamie’s sell,221 Left Fork Marrowbone Creek Road,,Kermit,WV,25674.0,United States,I'd Rather Be Bed Rotting Pen,default,,,Processing,12.0,0.85,2.75,"March 10, 2026",No scheduled order date,'-
"February 24, 2026",J289XWDB7B,,Jamie’s sell,221 Left Fork Marrowbone Creek Road,,Kermit,WV,25674.0,United States,Disappointed But Not Surprised Pen,default,,,Processing,12.0,0.85,2.75,"March 10, 2026",No scheduled order date,'-
"February 24, 2026",J289XWDB7B,,Jamie’s sell,221 Left Fork Marrowbone Creek Road,,Kermit,WV,25674.0,United States,"Sorry I Was Rude, It Was Probably Your Fault Pen",default,,,Processing,12.0,0.85,2.75,"March 10, 2026",No scheduled order date,'-
"February 24, 2026",J289XWDB7B,,Jamie’s sell,221 Left Fork Marrowbone Creek Road,,Kermit,WV,25674.0,United States,Pickle Slut Pen,default,,,Processing,12.0,0.85,2.75,"March 10, 2026",No scheduled order date,'-
"February 24, 2026",J289XWDB7B,,Jamie’s sell,221 Left Fork Marrowbone Creek Road,,Kermit,WV,25674.0,United States,Surprise Mini Troll,default,,,Processing,31.0,0.6,1.5,"March 10, 2026",No scheduled order date,'-
"February 24, 2026",J289XWDB7B,,Jamie’s sell,221 Left Fork Marrowbone Creek Road,,Kermit,WV,25674.0,United States,Eat My Ass Glitter Sticker,default,,,Processing,6.0,1.75,4.95,"March 10, 2026",No scheduled order date,'-
"February 24, 2026",J289XWDB7B,,Jamie’s sell,221 Left Fork Marrowbone Creek Road,,Kermit,WV,25674.0,United States,A Book A Day Keeps Reality Away Glitter Sticker,default,,,Processing,6.0,1.75,4.95,"March 10, 2026",No scheduled order date,'-
"February 24, 2026",J289XWDB7B,,Jamie’s sell,221 Left Fork Marrowbone Creek Road,,Kermit,WV,25674.0,United States,Only One Damn Shit-Storm At A Time Please Glitter Sticker,default,,,Processing,10.0,1.75,4.95,"March 10, 2026",No scheduled order date,'-
"February 24, 2026",J289XWDB7B,,Jamie’s sell,221 Left Fork Marrowbone Creek Road,,Kermit,WV,25674.0,United States,Hot Girls Read Books Tote Bag,Natural,,,Processing,4.0,10.0,20.0,"March 10, 2026",No scheduled order date,'-
"February 24, 2026",J289XWDB7B,,Jamie’s sell,221 Left Fork Marrowbone Creek Road,,Kermit,WV,25674.0,United States,Call Me When You Get To Hell So I Know You Made It Ok Pixie Glitter Sticker,default,,,Processing,6.0,1.75,4.75,"March 10, 2026",No scheduled order date,'-
"February 21, 2026",4AJ7Q7XBR6,,Bodega Boise,1007 West Main Street,Bodega Boise,Boise,ID,83702.0,United States,Be Nice To Me I'm Anxious Tote Bag,Natural,,,Shipped,3.0,10.0,20.0,"February 25, 2026",No scheduled order date,'-
"February 21, 2026",4AJ7Q7XBR6,,Bodega Boise,1007 West Main Street,Bodega Boise,Boise,ID,83702.0,United States,What's More Punk Than The Public Library Tote Bag,default,,,Shipped,3.0,10.0,20.0,"February 25, 2026",No scheduled order date,'-
"February 21, 2026",4AJ7Q7XBR6,,Bodega Boise,1007 West Main Street,Bodega Boise,Boise,ID,83702.0,United States,Hello I'm Suffering Tote Bag,Natural,,,Shipped,3.0,10.0,20.0,"February 25, 2026",No scheduled order date,'-
"February 21, 2026",4AJ7Q7XBR6,,Bodega Boise,1007 West Main Street,Bodega Boise,Boise,ID,83702.0,United States,Easy Tiger Tote Bag,Natural,,,Shipped,3.0,10.0,20.0,"February 25, 2026",No scheduled order date,'-
"February 21, 2026",4AJ7Q7XBR6,,Bodega Boise,1007 West Main Street,Bodega Boise,Boise,ID,83702.0,United States,Support Local Tote Bag,Natural,,,Shipped,3.0,10.0,20.0,"February 25, 2026",No scheduled order date,'-
"February 21, 2026",4AJ7Q7XBR6,,Bodega Boise,1007 West Main Street,Bodega Boise,Boise,ID,83702.0,United States,How Hard Can It Be? Boys Do It Tote Bag,Natural with black font,,,Shipped,3.0,10.0,20.0,"February 25, 2026",No scheduled order date,'-
"February 21, 2026",4AJ7Q7XBR6,,Bodega Boise,1007 West Main Street,Bodega Boise,Boise,ID,83702.0,United States,I'm Gonna Do It Okay?! But Just Let Me Cry First Tote Bag,Natural,,,Shipped,3.0,10.0,20.0,"February 25, 2026",No scheduled order date,'-
"February 21, 2026",4AJ7Q7XBR6,,Bodega Boise,1007 West Main Street,Bodega Boise,Boise,ID,83702.0,United States,Hello? I Can't Do This Anymore Tote Bag,Natural,,,Shipped,3.0,10.0,20.0,"February 25, 2026",No scheduled order date,'-
"February 21, 2026",4AJ7Q7XBR6,,Bodega Boise,1007 West Main Street,Bodega Boise,Boise,ID,83702.0,United States,Radicalized By Basic Decency Floral Tote Bag,Natural,,,Shipped,3.0,10.0,20.0,"February 25, 2026",No scheduled order date,'-
"February 21, 2026",4AJ7Q7XBR6,,Bodega Boise,1007 West Main Street,Bodega Boise,Boise,ID,83702.0,United States,Fueled By Tender Rage Tote Bag,Natural,,,Shipped,3.0,10.0,20.0,"February 25, 2026",No scheduled order date,'-
"February 21, 2026",4AJ7Q7XBR6,,Bodega Boise,1007 West Main Street,Bodega Boise,Boise,ID,83702.0,United States,The Many Faces Of Cats Tote Bag,Natural,,,Shipped,3.0,10.0,20.0,"February 25, 2026",No scheduled order date,'-
"February 21, 2026",4AJ7Q7XBR6,,Bodega Boise,1007 West Main Street,Bodega Boise,Boise,ID,83702.0,United States,Radicalized By Basic Decency Magnet,default,,,Shipped,3.0,2.5,6.5,"February 25, 2026",No scheduled order date,'-
"February 21, 2026",4AJ7Q7XBR6,,Bodega Boise,1007 West Main Street,Bodega Boise,Boise,ID,83702.0,United States,When Cruelty Becomes Normal Compassion Looks Radical Tote Bag,Natural,,,Shipped,3.0,10.0,20.0,"February 25, 2026",No scheduled order date,'-
"February 21, 2026",4AJ7Q7XBR6,,Bodega Boise,1007 West Main Street,Bodega Boise,Boise,ID,83702.0,United States,Public Health Over Corporate Wealth Tote Bag,default,,,Shipped,3.0,10.0,20.0,"February 25, 2026",No scheduled order date,'-
"February 21, 2026",4AJ7Q7XBR6,,Bodega Boise,1007 West Main Street,Bodega Boise,Boise,ID,83702.0,United States,I Closed My Book To Be Here Tote Bag,default,,,Shipped,3.0,10.0,20.0,"February 25, 2026",No scheduled order date,'-
"February 21, 2026",4AJ7Q7XBR6,,Bodega Boise,1007 West Main Street,Bodega Boise,Boise,ID,83702.0,United States,The Hell I Won't Tote Bag,Natural,,,Shipped,3.0,10.0,20.0,"February 25, 2026",No scheduled order date,'-
"February 20, 2026",3KRXUDYCD9,,Edmonds Bowl Ace Hardware,550 5th Avenue South,,Edmonds,WA,98020.0,United States,"I May Be Wrong, But I Doubt It Keychain",default,,,Shipped,3.0,4.5,10.0,"February 24, 2026",No scheduled order date,'-
"February 20, 2026",3KRXUDYCD9,,Edmonds Bowl Ace Hardware,550 5th Avenue South,,Edmonds,WA,98020.0,United States,I've Heard Enough From Old White Men Sticker,default,,,Shipped,6.0,1.75,4.75,"February 24, 2026",No scheduled order date,'-
"February 20, 2026",3KRXUDYCD9,,Edmonds Bowl Ace Hardware,550 5th Avenue South,,Edmonds,WA,98020.0,United States,It's A Good Day To Read Tote Bag,Natural,,,Shipped,3.0,10.0,20.0,"February 24, 2026",No scheduled order date,'-
"February 20, 2026",3KRXUDYCD9,,Edmonds Bowl Ace Hardware,550 5th Avenue South,,Edmonds,WA,98020.0,United States,Call Me When You Get To Hell So I Know You Made It Ok Pixie Glitter Sticker,default,,,Shipped,6.0,1.75,4.75,"February 24, 2026",No scheduled order date,'-
"February 20, 2026",3KRXUDYCD9,,Edmonds Bowl Ace Hardware,550 5th Avenue South,,Edmonds,WA,98020.0,United States,"Due To Not Wanting To, I Will Not Be Sticker",default,,,Shipped,6.0,1.75,4.95,"February 24, 2026",No scheduled order date,'-
"February 20, 2026",3KRXUDYCD9,,Edmonds Bowl Ace Hardware,550 5th Avenue South,,Edmonds,WA,98020.0,United States,I Could Be Meaner Glitter Sticker,default,,,Shipped,6.0,1.75,4.95,"February 24, 2026",No scheduled order date,'-
"February 20, 2026",3KRXUDYCD9,,Edmonds Bowl Ace Hardware,550 5th Avenue South,,Edmonds,WA,98020.0,United States,A Book A Day Keeps Reality Away Glitter Sticker,default,,,Shipped,6.0,1.75,4.95,"February 24, 2026",No scheduled order date,'-
"February 20, 2026",3KRXUDYCD9,,Edmonds Bowl Ace Hardware,550 5th Avenue South,,Edmonds,WA,98020.0,United States,Stable? That's For Horses Glitter Sticker,default,,,Shipped,6.0,1.75,4.95,"February 24, 2026",No scheduled order date,'-
"February 20, 2026",3KRXUDYCD9,,Edmonds Bowl Ace Hardware,550 5th Avenue South,,Edmonds,WA,98020.0,United States,Due To Not Wanting To I Will Not Be Glitter Sticker,default,,,Shipped,6.0,1.75,4.95,"February 24, 2026",No scheduled order date,'-
"February 20, 2026",3KRXUDYCD9,,Edmonds Bowl Ace Hardware,550 5th Avenue South,,Edmonds,WA,98020.0,United States,Today I'm Gonna Give It My Almost Glitter Sticker,default,,,Shipped,6.0,1.75,4.95,"February 24, 2026",No scheduled order date,'-
"February 20, 2026",3KRXUDYCD9,,Edmonds Bowl Ace Hardware,550 5th Avenue South,,Edmonds,WA,98020.0,United States,Disappointments All Of You Sticker,default,,,Shipped,6.0,1.75,4.75,"February 24, 2026",No scheduled order date,'-
"February 20, 2026",3KRXUDYCD9,,Edmonds Bowl Ace Hardware,550 5th Avenue South,,Edmonds,WA,98020.0,United States,"Hey, You Dropped This Holographic Sticker",default,,,Shipped,6.0,1.75,4.75,"February 24, 2026",No scheduled order date,'-
"February 20, 2026",3KRXUDYCD9,,Edmonds Bowl Ace Hardware,550 5th Avenue South,,Edmonds,WA,98020.0,United States,I Never Said That Jesus Sticker,default,,,Shipped,6.0,1.75,4.75,"February 24, 2026",No scheduled order date,'-
"February 20, 2026",3KRXUDYCD9,,Edmonds Bowl Ace Hardware,550 5th Avenue South,,Edmonds,WA,98020.0,United States,Books Because Coping With Reality Is Not An Option At The Moment Glitter Sticker,default,,,Shipped,6.0,1.75,4.75,"February 24, 2026",No scheduled order date,'-
"February 20, 2026",3KRXUDYCD9,,Edmonds Bowl Ace Hardware,550 5th Avenue South,,Edmonds,WA,98020.0,United States,Justifiably Furious Tote Bag,default,,,Shipped,3.0,10.0,20.0,"February 24, 2026",No scheduled order date,'-
"February 20, 2026",3KRXUDYCD9,,Edmonds Bowl Ace Hardware,550 5th Avenue South,,Edmonds,WA,98020.0,United States,Daily Shitstorm Survivors Club Button,default,,,Shipped,5.0,1.0,2.75,"February 24, 2026",No scheduled order date,'-
"February 20, 2026",3KRXUDYCD9,,Edmonds Bowl Ace Hardware,550 5th Avenue South,,Edmonds,WA,98020.0,United States,I've Heard Enough From Old White Men Button,default,,,Shipped,10.0,1.0,2.75,"February 24, 2026",No scheduled order date,'-
"February 20, 2026",3KRXUDYCD9,,Edmonds Bowl Ace Hardware,550 5th Avenue South,,Edmonds,WA,98020.0,United States,Dumpster Fire Response Team Button,default,,,Shipped,15.0,1.0,3.0,"February 24, 2026",No scheduled order date,'-
"February 20, 2026",3KRXUDYCD9,,Edmonds Bowl Ace Hardware,550 5th Avenue South,,Edmonds,WA,98020.0,United States,Pickle Slut Pen,default,,,Shipped,1.0,0.85,2.75,"February 24, 2026",No scheduled order date,'-
"February 20, 2026",3KRXUDYCD9,,Edmonds Bowl Ace Hardware,550 5th Avenue South,,Edmonds,WA,98020.0,United States,I Should Be Frolicking In A Forest But I'm Here. Wtf Pen,default,,,Shipped,5.0,0.85,2.75,"February 24, 2026",No scheduled order date,'-
"February 20, 2026",3KRXUDYCD9,,Edmonds Bowl Ace Hardware,550 5th Avenue South,,Edmonds,WA,98020.0,United States,Do You Have Any Fucks? Not Even One Girl. Go Fish Tote Bag,default,,,Shipped,6.0,10.0,20.0,"February 24, 2026",No scheduled order date,'-
"February 20, 2026",8KDFHAJFN9,,delighted,63 Haywood Street,,Asheville,NC,28801.0,United States,Community Is Resistance Sticker,default,,,Shipped,10.0,1.75,4.75,"February 25, 2026",No scheduled order date,'-
"February 20, 2026",8KDFHAJFN9,,delighted,63 Haywood Street,,Asheville,NC,28801.0,United States,Maybe Books Are Addicted To Me Tote Bag,default,,,Shipped,3.0,10.0,20.0,"February 25, 2026",No scheduled order date,'-
"February 20, 2026",8KDFHAJFN9,,delighted,63 Haywood Street,,Asheville,NC,28801.0,United States,Shoutout To Everyone That Wanted To Read Their Book Today But Had To Adult Instead Glitter Sticker,default,,,Shipped,6.0,1.75,4.75,"February 25, 2026",No scheduled order date,'-
"February 20, 2026",8KDFHAJFN9,,delighted,63 Haywood Street,,Asheville,NC,28801.0,United States,Policy & Change Sticker,default,,,Shipped,6.0,1.75,4.75,"February 25, 2026",No scheduled order date,'-
"February 20, 2026",8KDFHAJFN9,,delighted,63 Haywood Street,,Asheville,NC,28801.0,United States,Caring About People Is Not Political Sticker,default,,,Shipped,10.0,1.75,4.75,"February 25, 2026",No scheduled order date,'-
"February 20, 2026",8KDFHAJFN9,,delighted,63 Haywood Street,,Asheville,NC,28801.0,United States,The Only Minority Destroying This Country Are The Billionaires Sticker,Black,,,Shipped,6.0,1.75,4.75,"February 25, 2026",No scheduled order date,'-
"February 20, 2026",8KDFHAJFN9,,delighted,63 Haywood Street,,Asheville,NC,28801.0,United States,Radicalized By Basic Decency Floral Sticker,default,,,Shipped,10.0,1.75,4.75,"February 25, 2026",No scheduled order date,'-
"February 20, 2026",TBT9NUJWS2,,Rocky Mountain Coffee Roasters,285 Main Street,po box 2390,Frisco,CO,80443.0,United States,Girls Will Be Girls Sticker,default,,,Shipped,6.0,1.75,4.75,"February 24, 2026",No scheduled order date,'-
"February 20, 2026",TBT9NUJWS2,,Rocky Mountain Coffee Roasters,285 Main Street,po box 2390,Frisco,CO,80443.0,United States,Fueled By Tender Rage Sticker,default,,,Shipped,6.0,1.75,4.75,"February 24, 2026",No scheduled order date,'-
"February 20, 2026",TBT9NUJWS2,,Rocky Mountain Coffee Roasters,285 Main Street,po box 2390,Frisco,CO,80443.0,United States,Become Ungovernable Sticker,default,,,Shipped,6.0,1.75,4.25,"February 24, 2026",No scheduled order date,'-
"February 20, 2026",TBT9NUJWS2,,Rocky Mountain Coffee Roasters,285 Main Street,po box 2390,Frisco,CO,80443.0,United States,"Hey, You Dropped This Holographic Sticker",default,,,Shipped,6.0,1.75,4.75,"February 24, 2026",No scheduled order date,'-
"February 20, 2026",TBT9NUJWS2,,Rocky Mountain Coffee Roasters,285 Main Street,po box 2390,Frisco,CO,80443.0,United States,Sorry I Can't Go I'm An Indoor Cat Glitter Sticker,default,,,Shipped,6.0,1.75,4.75,"February 24, 2026",No scheduled order date,'-
"February 20, 2026",TBT9NUJWS2,,Rocky Mountain Coffee Roasters,285 Main Street,po box 2390,Frisco,CO,80443.0,United States,Wheel Of Emotions Magnet,default,,,Shipped,5.0,2.5,5.0,"February 24, 2026",No scheduled order date,'-
"February 20, 2026",TBT9NUJWS2,,Rocky Mountain Coffee Roasters,285 Main Street,po box 2390,Frisco,CO,80443.0,United States,Wheel of Emotions Sticker,default,,,Shipped,6.0,1.75,4.75,"February 24, 2026",No scheduled order date,'-
"February 20, 2026",TBT9NUJWS2,,Rocky Mountain Coffee Roasters,285 Main Street,po box 2390,Frisco,CO,80443.0,United States,Queen Of Books Magnet,default,,,Shipped,5.0,2.5,6.5,"February 24, 2026",No scheduled order date,'-
"February 20, 2026",TBT9NUJWS2,,Rocky Mountain Coffee Roasters,285 Main Street,po box 2390,Frisco,CO,80443.0,United States,Raccoon Fairy Holographic Sticker,default,,,Shipped,6.0,1.75,4.75,"February 24, 2026",No scheduled order date,'-
"February 20, 2026",TBT9NUJWS2,,Rocky Mountain Coffee Roasters,285 Main Street,po box 2390,Frisco,CO,80443.0,United States,Keepin' It Together Because I Don't Have A Choice Magnet,default,,,Shipped,7.0,2.5,5.0,"February 24, 2026",No scheduled order date,'-
"February 20, 2026",TBT9NUJWS2,,Rocky Mountain Coffee Roasters,285 Main Street,po box 2390,Frisco,CO,80443.0,United States,Radicalized By Basic Decency Magnet,default,,,Shipped,1.0,2.5,6.5,"February 24, 2026",No scheduled order date,'-
"February 20, 2026",TBT9NUJWS2,,Rocky Mountain Coffee Roasters,285 Main Street,po box 2390,Frisco,CO,80443.0,United States,Dumpster Fire Sticker,default,,,Shipped,6.0,1.75,4.75,"February 24, 2026",No scheduled order date,'-
"February 20, 2026",TBT9NUJWS2,,Rocky Mountain Coffee Roasters,285 Main Street,po box 2390,Frisco,CO,80443.0,United States,Don't Hate Me Just Because I'm A Little Cooler Sticker,default,,,Shipped,6.0,1.75,4.75,"February 24, 2026",No scheduled order date,'-
"February 20, 2026",TBT9NUJWS2,,Rocky Mountain Coffee Roasters,285 Main Street,po box 2390,Frisco,CO,80443.0,United States,Be Soft But Stay Sharp Glitter Sticker,default,,,Shipped,6.0,1.75,4.95,"February 24, 2026",No scheduled order date,'-
"February 20, 2026",TBT9NUJWS2,,Rocky Mountain Coffee Roasters,285 Main Street,po box 2390,Frisco,CO,80443.0,United States,Radicalized By Basic Decency Floral Sticker,default,,,Shipped,6.0,1.75,4.75,"February 24, 2026",No scheduled order date,'-
"February 19, 2026",KE8U65N2NX,,SeeWhich Books,15 South Hope Street,,Hampton,VA,23663.0,United States,What's More Punk Than The Public Library Sticker,default,,,Shipped,8.0,1.75,4.75,"February 24, 2026",No scheduled order date,'-
"February 19, 2026",KE8U65N2NX,,SeeWhich Books,15 South Hope Street,,Hampton,VA,23663.0,United States,Girls Will Be Girls Sticker,default,,,Shipped,6.0,1.75,4.75,"February 24, 2026",No scheduled order date,'-
"February 19, 2026",KE8U65N2NX,,SeeWhich Books,15 South Hope Street,,Hampton,VA,23663.0,United States,Educate Your Son Sticker,default,,,Shipped,6.0,1.75,4.75,"February 24, 2026",No scheduled order date,'-
"February 19, 2026",KE8U65N2NX,,SeeWhich Books,15 South Hope Street,,Hampton,VA,23663.0,United States,Wheel of Emotions Sticker,default,,,Shipped,6.0,1.75,4.75,"February 24, 2026",No scheduled order date,'-
"February 19, 2026",KE8U65N2NX,,SeeWhich Books,15 South Hope Street,,Hampton,VA,23663.0,United States,I Never Said That Jesus Sticker,default,,,Shipped,6.0,1.75,4.75,"February 24, 2026",No scheduled order date,'-
"February 19, 2026",KE8U65N2NX,,SeeWhich Books,15 South Hope Street,,Hampton,VA,23663.0,United States,Thumbs Up Cat Sticker,default,,,Shipped,6.0,1.75,4.75,"February 24, 2026",No scheduled order date,'-
"February 19, 2026",KE8U65N2NX,,SeeWhich Books,15 South Hope Street,,Hampton,VA,23663.0,United States,When Cruelty Becomes Normal Compassion Looks Radical Sticker,default,,,Shipped,6.0,1.75,4.75,"February 24, 2026",No scheduled order date,'-
"February 19, 2026",KE8U65N2NX,,SeeWhich Books,15 South Hope Street,,Hampton,VA,23663.0,United States,Be Soft But Stay Sharp Glitter Sticker,default,,,Shipped,6.0,1.75,4.95,"February 24, 2026",No scheduled order date,'-
"February 19, 2026",KE8U65N2NX,,SeeWhich Books,15 South Hope Street,,Hampton,VA,23663.0,United States,Community Is Resistance Sticker,default,,,Shipped,6.0,1.75,4.75,"February 24, 2026",No scheduled order date,'-
"February 19, 2026",KE8U65N2NX,,SeeWhich Books,15 South Hope Street,,Hampton,VA,23663.0,United States,My Workout Is Reading In Bed Until My Arm Hurts Mini Glitter Sticker,default,,,Shipped,6.0,1.5,4.25,"February 24, 2026",No scheduled order date,'-
"February 19, 2026",KE8U65N2NX,,SeeWhich Books,15 South Hope Street,,Hampton,VA,23663.0,United States,Overstimulated Sticker (2 styles available),Glitter Vinyl,,,Shipped,6.0,1.75,4.75,"February 24, 2026",No scheduled order date,'-
"February 19, 2026",KE8U65N2NX,,SeeWhich Books,15 South Hope Street,,Hampton,VA,23663.0,United States,Your Anxiety Is A Lying Hoe Glitter Sticker,default,,,Shipped,6.0,1.75,4.75,"February 24, 2026",No scheduled order date,'-
"February 19, 2026",KE8U65N2NX,,SeeWhich Books,15 South Hope Street,,Hampton,VA,23663.0,United States,Dumpster Fire Sticker,default,,,Shipped,6.0,1.75,4.75,"February 24, 2026",No scheduled order date,'-
"February 19, 2026",KE8U65N2NX,,SeeWhich Books,15 South Hope Street,,Hampton,VA,23663.0,United States,Scared Hamster Sticker,default,,,Shipped,6.0,1.75,4.75,"February 24, 2026",No scheduled order date,'-
"February 19, 2026",UQB62N48R7,,CenterPeace,139 West Main Street,,Spindale,NC,28160-1539,United States,For The Fuckteenth Time Pen,default,,,Delivered,6.0,0.85,2.75,"February 20, 2026",No scheduled order date,'-
"February 19, 2026",UQB62N48R7,,CenterPeace,139 West Main Street,,Spindale,NC,28160-1539,United States,"Mini Troll Surprise Packs - 3, 6 or 10!",10 pack,,,Delivered,6.0,4.99,9.99,"February 20, 2026",No scheduled order date,'-
"February 19, 2026",UQB62N48R7,,CenterPeace,139 West Main Street,,Spindale,NC,28160-1539,United States,I Should Be Frolicking In A Forest But I'm Here. Wtf Pen,default,,,Delivered,6.0,0.85,2.75,"February 20, 2026",No scheduled order date,'-
"February 19, 2026",UQB62N48R7,,CenterPeace,139 West Main Street,,Spindale,NC,28160-1539,United States,Dumpster Fire Response Team Member Pen,default,,,Delivered,6.0,0.85,2.75,"February 20, 2026",No scheduled order date,'-
"February 19, 2026",UQB62N48R7,,CenterPeace,139 West Main Street,,Spindale,NC,28160-1539,United States,Currently Dissociating Pen,default,,,Delivered,6.0,0.85,2.75,"February 20, 2026",No scheduled order date,'-
"February 19, 2026",UQB62N48R7,,CenterPeace,139 West Main Street,,Spindale,NC,28160-1539,United States,Disappointed But Not Surprised Pen,default,,,Delivered,6.0,0.85,2.75,"February 20, 2026",No scheduled order date,'-
"February 19, 2026",UQB62N48R7,,CenterPeace,139 West Main Street,,Spindale,NC,28160-1539,United States,I May Be Wrong But I Doubt It Pen,default,,,Delivered,6.0,0.85,2.75,"February 20, 2026",No scheduled order date,'-
"February 19, 2026",UQB62N48R7,,CenterPeace,139 West Main Street,,Spindale,NC,28160-1539,United States,"Sorry I Was Rude, It Was Probably Your Fault Pen",default,,,Delivered,6.0,0.85,2.75,"February 20, 2026",No scheduled order date,'-
"February 19, 2026",UQB62N48R7,,CenterPeace,139 West Main Street,,Spindale,NC,28160-1539,United States,Surprise Mini Troll,default,,,Delivered,10.0,0.6,1.5,"February 20, 2026",No scheduled order date,'-
"February 19, 2026",UQB62N48R7,,CenterPeace,139 West Main Street,,Spindale,NC,28160-1539,United States,"I May Be Laid Back, But I Can Lean Forward Real Fucking Quick Glitter Sticker",default,,,Delivered,6.0,1.75,4.75,"February 20, 2026",No scheduled order date,'-
"February 19, 2026",UQB62N48R7,,CenterPeace,139 West Main Street,,Spindale,NC,28160-1539,United States,"Do You Have Any Fucks? Not Even One, Girl. Go Fish. Sticker",default,,,Delivered,6.0,1.75,4.75,"February 20, 2026",No scheduled order date,'-
"February 19, 2026",UQB62N48R7,,CenterPeace,139 West Main Street,,Spindale,NC,28160-1539,United States,"When You Can Be Anything You Want, An Asshole Seems To Be A Really Odd Choice Glitter Sticker",default,,,Delivered,6.0,1.75,4.75,"February 20, 2026",No scheduled order date,'-
"February 19, 2026",UQB62N48R7,,CenterPeace,139 West Main Street,,Spindale,NC,28160-1539,United States,Disappointments All Of You Sticker,default,,,Delivered,6.0,1.75,4.75,"February 20, 2026",No scheduled order date,'-
"February 19, 2026",UQB62N48R7,,CenterPeace,139 West Main Street,,Spindale,NC,28160-1539,United States,Please Hesitate To Reach Out To Me Sticker (2 colors available),Pink & Red,,,Delivered,6.0,1.75,4.75,"February 20, 2026",No scheduled order date,'-
"February 19, 2026",UQB62N48R7,,CenterPeace,139 West Main Street,,Spindale,NC,28160-1539,United States,"Due To Not Wanting To, I Will Not Be Sticker",default,,,Delivered,6.0,1.75,4.95,"February 20, 2026",No scheduled order date,'-
"February 19, 2026",UQB62N48R7,,CenterPeace,139 West Main Street,,Spindale,NC,28160-1539,United States,Are You Overthinking What I'm Overthinking Holographic Sticker,default,,,Delivered,6.0,1.75,4.75,"February 20, 2026",No scheduled order date,'-
"February 19, 2026",UQB62N48R7,,CenterPeace,139 West Main Street,,Spindale,NC,28160-1539,United States,Pickle Slut Pen,default,,,Delivered,6.0,0.85,2.75,"February 20, 2026",No scheduled order date,'-
"February 19, 2026",UQB62N48R7,,CenterPeace,139 West Main Street,,Spindale,NC,28160-1539,United States,I'd Rather Be Bed Rotting Pen,default,,,Delivered,6.0,0.85,2.75,"February 20, 2026",No scheduled order date,'-
"February 19, 2026",BTH3BEVCES,,Stellar House Gift Shop,232 E. Philadelphia Ave.,,Boyertown,PA,19512.0,United States,"When You Can Be Anything You Want, An Asshole Seems To Be A Really Odd Choice Glitter Sticker",default,,,Shipped,6.0,1.75,4.75,"February 20, 2026",No scheduled order date,'-
"February 19, 2026",BTH3BEVCES,,Stellar House Gift Shop,232 E. Philadelphia Ave.,,Boyertown,PA,19512.0,United States,Just Be A Good Human Glitter Sticker,default,,,Shipped,10.0,1.75,4.75,"February 20, 2026",No scheduled order date,'-
"February 19, 2026",BTH3BEVCES,,Stellar House Gift Shop,232 E. Philadelphia Ave.,,Boyertown,PA,19512.0,United States,"I May Be Laid Back, But I Can Lean Forward Real Fucking Quick Glitter Sticker",default,,,Shipped,6.0,1.75,4.75,"February 20, 2026",No scheduled order date,'-
"February 19, 2026",BTH3BEVCES,,Stellar House Gift Shop,232 E. Philadelphia Ave.,,Boyertown,PA,19512.0,United States,Let's Be Better Humans Sticker,default,,,Shipped,6.0,1.75,6.5,"February 20, 2026",No scheduled order date,'-
"February 19, 2026",BTH3BEVCES,,Stellar House Gift Shop,232 E. Philadelphia Ave.,,Boyertown,PA,19512.0,United States,Currently Dissociating Pen,default,,,Shipped,6.0,0.85,2.75,"February 20, 2026",No scheduled order date,'-
"February 19, 2026",BTH3BEVCES,,Stellar House Gift Shop,232 E. Philadelphia Ave.,,Boyertown,PA,19512.0,United States,Here Against My Will Stylus Click Pen,default,,,Shipped,10.0,2.5,5.75,"February 20, 2026",No scheduled order date,'-
"February 19, 2026",BTH3BEVCES,,Stellar House Gift Shop,232 E. Philadelphia Ave.,,Boyertown,PA,19512.0,United States,Big Fan Of Human Rights Holographic Sticker,default,,,Shipped,6.0,1.75,4.75,"February 20, 2026",No scheduled order date,'-
"February 19, 2026",BTH3BEVCES,,Stellar House Gift Shop,232 E. Philadelphia Ave.,,Boyertown,PA,19512.0,United States,The Only Ice I Like Is The Ice That My Two Gay Boyfriends Skate Around On Sticker,default,,,Shipped,6.0,1.75,4.75,"February 20, 2026",No scheduled order date,'-
"February 19, 2026",BTH3BEVCES,,Stellar House Gift Shop,232 E. Philadelphia Ave.,,Boyertown,PA,19512.0,United States,Peace Sign Hamster Sticker,default,,,Shipped,6.0,1.75,4.75,"February 20, 2026",No scheduled order date,'-
"February 19, 2026",BTH3BEVCES,,Stellar House Gift Shop,232 E. Philadelphia Ave.,,Boyertown,PA,19512.0,United States,"Sorry I Was Rude, It Was Probably Your Fault Pen",default,,,Shipped,10.0,0.85,2.75,"February 20, 2026",No scheduled order date,'-
"February 19, 2026",BTH3BEVCES,,Stellar House Gift Shop,232 E. Philadelphia Ave.,,Boyertown,PA,19512.0,United States,I May Be Wrong But I Doubt It Pen,default,,,Shipped,10.0,0.85,2.75,"February 20, 2026",No scheduled order date,'-
"February 19, 2026",BTH3BEVCES,,Stellar House Gift Shop,232 E. Philadelphia Ave.,,Boyertown,PA,19512.0,United States,Dumpster Fire Response Team Member Pen,default,,,Shipped,10.0,0.85,2.75,"February 20, 2026",No scheduled order date,'-
"February 19, 2026",BTH3BEVCES,,Stellar House Gift Shop,232 E. Philadelphia Ave.,,Boyertown,PA,19512.0,United States,When Cruelty Becomes Normal Compassion Looks Radical Sticker,default,,,Shipped,6.0,1.75,4.75,"February 20, 2026",No scheduled order date,'-
"February 19, 2026",BTH3BEVCES,,Stellar House Gift Shop,232 E. Philadelphia Ave.,,Boyertown,PA,19512.0,United States,I'd Rather Be Bed Rotting Pen,default,,,Shipped,5.0,0.85,2.75,"February 20, 2026",No scheduled order date,'-
"February 19, 2026",VQ4BQH67N6,,Jena Priebe,453 South Spring Street,301.0,Los Angeles,CA,90013.0,United States,I Should Be Frolicking In A Forest But I'm Here. Wtf Pen,default,,,Processing,25.0,0.85,2.75,"March 5, 2026",No scheduled order date,'-
"February 19, 2026",VQ4BQH67N6,,Jena Priebe,453 South Spring Street,301.0,Los Angeles,CA,90013.0,United States,"Bitch, You Stress Me Out Tote Bag",Natural,,,Processing,6.0,10.0,20.0,"March 5, 2026",No scheduled order date,'-
"February 19, 2026",VQ4BQH67N6,,Jena Priebe,453 South Spring Street,301.0,Los Angeles,CA,90013.0,United States,"Mini Troll Surprise Packs - 3, 6 or 10!",10 pack,,,Processing,8.0,4.99,9.99,"March 5, 2026",No scheduled order date,'-
"February 19, 2026",VQ4BQH67N6,,Jena Priebe,453 South Spring Street,301.0,Los Angeles,CA,90013.0,United States,Big Fan of Human Rights Button,default,,,Processing,50.0,1.5,3.0,"March 5, 2026",No scheduled order date,'-
"February 19, 2026",VQ4BQH67N6,,Jena Priebe,453 South Spring Street,301.0,Los Angeles,CA,90013.0,United States,Literacy And Justice For All Tote Bag,default,,,Processing,6.0,10.0,20.0,"March 5, 2026",No scheduled order date,'-
"February 19, 2026",VQ4BQH67N6,,Jena Priebe,453 South Spring Street,301.0,Los Angeles,CA,90013.0,United States,Big Fan Of Human Rights Tote Bag,Natural,,,Processing,6.0,10.0,20.0,"March 5, 2026",No scheduled order date,'-
"February 19, 2026",VQ4BQH67N6,,Jena Priebe,453 South Spring Street,301.0,Los Angeles,CA,90013.0,United States,I Tried To Form A Gang But It Turned Into A Book Club Tote Bag,Canvas,,,Processing,6.0,10.0,20.0,"March 5, 2026",No scheduled order date,'-
"February 16, 2026",9ZXTEDSB44,,The Grove Vintage,175 North Indian Hill Boulevard,100A,Claremont,CA,91711.0,United States,Proud Crybaby Glitter Sticker,default,,,Delivered,30.0,1.75,4.75,"February 19, 2026",No scheduled order date,'-
"February 16, 2026",9ZXTEDSB44,,The Grove Vintage,175 North Indian Hill Boulevard,100A,Claremont,CA,91711.0,United States,The Grass Is Greener Where You Water It Glitter Sticker,default,,,Delivered,30.0,1.75,4.75,"February 19, 2026",No scheduled order date,'-
"February 16, 2026",9ZXTEDSB44,,The Grove Vintage,175 North Indian Hill Boulevard,100A,Claremont,CA,91711.0,United States,Lover Of Cancelled Plans Glitter Sticker,default,,,Delivered,30.0,1.75,4.75,"February 19, 2026",No scheduled order date,'-
"February 16, 2026",9ZXTEDSB44,,The Grove Vintage,175 North Indian Hill Boulevard,100A,Claremont,CA,91711.0,United States,Overstimulated Sticker (2 styles available),Glitter Vinyl,,,Delivered,30.0,1.75,4.75,"February 19, 2026",No scheduled order date,'-
"February 16, 2026",9ZXTEDSB44,,The Grove Vintage,175 North Indian Hill Boulevard,100A,Claremont,CA,91711.0,United States,Publicly Shame Racists Button,default,,,Delivered,15.0,1.25,2.75,"February 19, 2026",No scheduled order date,'-
"February 16, 2026",9ZXTEDSB44,,The Grove Vintage,175 North Indian Hill Boulevard,100A,Claremont,CA,91711.0,United States,What's More Punk Than The Public Library Button,default,,,Delivered,15.0,1.0,2.75,"February 19, 2026",No scheduled order date,'-
"February 16, 2026",9ZXTEDSB44,,The Grove Vintage,175 North Indian Hill Boulevard,100A,Claremont,CA,91711.0,United States,It's A Good Day To Read Button,default,,,Delivered,15.0,1.0,2.75,"February 19, 2026",No scheduled order date,'-
"February 16, 2026",9ZXTEDSB44,,The Grove Vintage,175 North Indian Hill Boulevard,100A,Claremont,CA,91711.0,United States,Big Fan Of Human Rights Holographic Sticker,default,,,Delivered,30.0,1.75,4.75,"February 19, 2026",No scheduled order date,'-
"February 16, 2026",9ZXTEDSB44,,The Grove Vintage,175 North Indian Hill Boulevard,100A,Claremont,CA,91711.0,United States,Your Lack Of Empathy Is Not The Flex You Think It Is Glitter Sticker,default,,,Delivered,30.0,1.75,4.75,"February 19, 2026",No scheduled order date,'-
"February 16, 2026",9ZXTEDSB44,,The Grove Vintage,175 North Indian Hill Boulevard,100A,Claremont,CA,91711.0,United States,Your Anxiety Is A Lying Hoe Glitter Sticker,default,,,Delivered,30.0,1.75,4.75,"February 19, 2026",No scheduled order date,'-
"February 16, 2026",9ZXTEDSB44,,The Grove Vintage,175 North Indian Hill Boulevard,100A,Claremont,CA,91711.0,United States,Be Nice To Me I'm Anxious Glitter Sticker,default,,,Delivered,32.0,1.75,4.75,"February 19, 2026",No scheduled order date,'-
"February 16, 2026",9ZXTEDSB44,,The Grove Vintage,175 North Indian Hill Boulevard,100A,Claremont,CA,91711.0,United States,Princess Fairy Mouse Sticker,default,,,Delivered,30.0,1.75,4.75,"February 19, 2026",No scheduled order date,'-
"February 16, 2026",9ZXTEDSB44,,The Grove Vintage,175 North Indian Hill Boulevard,100A,Claremont,CA,91711.0,United States,Shoutout To Everyone That Wanted To Read Their Book Today But Had To Adult Instead Glitter Sticker,default,,,Delivered,30.0,1.75,4.75,"February 19, 2026",No scheduled order date,'-
"February 16, 2026",9ZXTEDSB44,,The Grove Vintage,175 North Indian Hill Boulevard,100A,Claremont,CA,91711.0,United States,"I May Be Laid Back, But I Can Lean Forward Real Fucking Quick Glitter Sticker",default,,,Delivered,30.0,1.75,4.75,"February 19, 2026",No scheduled order date,'-
"February 16, 2026",9ZXTEDSB44,,The Grove Vintage,175 North Indian Hill Boulevard,100A,Claremont,CA,91711.0,United States,Thumbs Up Cat Sticker,default,,,Delivered,40.0,1.75,4.75,"February 19, 2026",No scheduled order date,'-
"February 16, 2026",9ZXTEDSB44,,The Grove Vintage,175 North Indian Hill Boulevard,100A,Claremont,CA,91711.0,United States,Peace Sign Hamster Sticker,default,,,Delivered,40.0,1.75,4.75,"February 19, 2026",No scheduled order date,'-
"February 16, 2026",9ZXTEDSB44,,The Grove Vintage,175 North Indian Hill Boulevard,100A,Claremont,CA,91711.0,United States,Scared Hamster Sticker,default,,,Delivered,40.0,1.75,4.75,"February 19, 2026",No scheduled order date,'-
"February 16, 2026",9ZXTEDSB44,,The Grove Vintage,175 North Indian Hill Boulevard,100A,Claremont,CA,91711.0,United States,It's A Good Day To Read Glitter Sticker,default,,,Delivered,30.0,1.75,4.75,"February 19, 2026",No scheduled order date,'-
"February 16, 2026",9ZXTEDSB44,,The Grove Vintage,175 North Indian Hill Boulevard,100A,Claremont,CA,91711.0,United States,Some Of You Weren't Paying Attention In History Class And It Shows Pixie Glitter Sticker,default,,,Delivered,30.0,1.75,4.75,"February 19, 2026",No scheduled order date,'-
"February 16, 2026",AJVEKKWG9J,,Mitchell's Book Corner,54 Main Street,,Nantucket,MA,2554.0,United States,Let's Read Banned Books Tote Bag,default,,,Shipped,3.0,10.0,20.0,"February 18, 2026",No scheduled order date,'-
"February 16, 2026",AJVEKKWG9J,,Mitchell's Book Corner,54 Main Street,,Nantucket,MA,2554.0,United States,Caring About People Is Not Political Sticker,default,,,Shipped,6.0,1.75,4.75,"February 18, 2026",No scheduled order date,'-
"February 16, 2026",AJVEKKWG9J,,Mitchell's Book Corner,54 Main Street,,Nantucket,MA,2554.0,United States,Big Fan Of Human Rights Holographic Sticker,default,,,Shipped,6.0,1.75,4.75,"February 18, 2026",No scheduled order date,'-
"February 16, 2026",AJVEKKWG9J,,Mitchell's Book Corner,54 Main Street,,Nantucket,MA,2554.0,United States,Sorry I Can't Go I'm An Indoor Cat Glitter Sticker,default,,,Shipped,6.0,1.75,4.75,"February 18, 2026",No scheduled order date,'-
"February 16, 2026",AJVEKKWG9J,,Mitchell's Book Corner,54 Main Street,,Nantucket,MA,2554.0,United States,More Pride Less Prejudice Tote Bag,Natural,,,Shipped,3.0,10.0,20.0,"February 18, 2026",No scheduled order date,'-
"February 16, 2026",AJVEKKWG9J,,Mitchell's Book Corner,54 Main Street,,Nantucket,MA,2554.0,United States,The Only Ice I Like Is The Ice That My Two Gay Boyfriends Skate Around On Sticker,default,,,Shipped,6.0,1.75,4.75,"February 18, 2026",No scheduled order date,'-
"February 16, 2026",AJVEKKWG9J,,Mitchell's Book Corner,54 Main Street,,Nantucket,MA,2554.0,United States,Maybe Books Are Addicted To Me Tote Bag,default,,,Shipped,3.0,10.0,20.0,"February 18, 2026",No scheduled order date,'-
"February 16, 2026",AJVEKKWG9J,,Mitchell's Book Corner,54 Main Street,,Nantucket,MA,2554.0,United States,Meet Me At The Pink Pony Club Glitter Sticker,default,,,Shipped,6.0,1.75,4.75,"February 18, 2026",No scheduled order date,'-
"February 16, 2026",AJVEKKWG9J,,Mitchell's Book Corner,54 Main Street,,Nantucket,MA,2554.0,United States,Don't Hate Me Just Because I'm A Little Cooler Sticker,default,,,Shipped,6.0,1.75,4.75,"February 18, 2026",No scheduled order date,'-
"February 16, 2026",AJVEKKWG9J,,Mitchell's Book Corner,54 Main Street,,Nantucket,MA,2554.0,United States,Scared Hamster Sticker,default,,,Shipped,6.0,1.75,4.75,"February 18, 2026",No scheduled order date,'-
"February 15, 2026",ZB2ZX88PSU,,Ember and Aura Goods,5628 Winona Avenue,,St. Louis,MO,63109-1562,United States,Keep The Immigrants Deport The Racists Sticker,default,,,Delivered,12.0,1.75,4.75,"February 18, 2026",No scheduled order date,'-
"February 15, 2026",ZB2ZX88PSU,,Ember and Aura Goods,5628 Winona Avenue,,St. Louis,MO,63109-1562,United States,For The Fuckteenth Time Pen,default,,,Delivered,20.0,0.85,2.75,"February 18, 2026",No scheduled order date,'-
"February 15, 2026",ZB2ZX88PSU,,Ember and Aura Goods,5628 Winona Avenue,,St. Louis,MO,63109-1562,United States,Currently Dissociating Pen,default,,,Delivered,20.0,0.85,2.75,"February 18, 2026",No scheduled order date,'-
"February 15, 2026",ZB2ZX88PSU,,Ember and Aura Goods,5628 Winona Avenue,,St. Louis,MO,63109-1562,United States,I Should Be Frolicking In A Forest But I'm Here. Wtf Pen,default,,,Delivered,20.0,0.85,2.75,"February 18, 2026",No scheduled order date,'-
"February 15, 2026",ZB2ZX88PSU,,Ember and Aura Goods,5628 Winona Avenue,,St. Louis,MO,63109-1562,United States,Caring About People Is Not Political Sticker,default,,,Delivered,10.0,1.75,4.75,"February 18, 2026",No scheduled order date,'-
"February 15, 2026",ZB2ZX88PSU,,Ember and Aura Goods,5628 Winona Avenue,,St. Louis,MO,63109-1562,United States,Resist Sticker,default,,,Delivered,15.0,1.75,4.75,"February 18, 2026",No scheduled order date,'-
"February 15, 2026",ZB2ZX88PSU,,Ember and Aura Goods,5628 Winona Avenue,,St. Louis,MO,63109-1562,United States,The Only Minority Destroying This Country Are The Billionaires Sticker,Multi-Colored Font,,,Delivered,12.0,1.75,4.75,"February 18, 2026",No scheduled order date,'-
"February 15, 2026",ZB2ZX88PSU,,Ember and Aura Goods,5628 Winona Avenue,,St. Louis,MO,63109-1562,United States,Be Brave Be Loud And Look Out For Others Sticker,default,,,Delivered,15.0,1.75,4.75,"February 18, 2026",No scheduled order date,'-
"February 15, 2026",ZB2ZX88PSU,,Ember and Aura Goods,5628 Winona Avenue,,St. Louis,MO,63109-1562,United States,When Cruelty Becomes Normal Compassion Looks Radical Sticker,default,,,Delivered,10.0,1.75,4.75,"February 18, 2026",No scheduled order date,'-
"February 15, 2026",NSQVTZNBTB,,Wildmother,15 Mill Street,,Zumbrota,MN,55992.0,United States,The Hell I Won't Sticker,default,,,Delivered,6.0,1.75,4.75,"February 18, 2026",No scheduled order date,'-
"February 15, 2026",NSQVTZNBTB,,Wildmother,15 Mill Street,,Zumbrota,MN,55992.0,United States,Resist Sticker,default,,,Delivered,6.0,1.75,4.75,"February 18, 2026",No scheduled order date,'-
"February 15, 2026",NSQVTZNBTB,,Wildmother,15 Mill Street,,Zumbrota,MN,55992.0,United States,In My Feminine Rage Era Sticker (2 styles available),Glittery Vinyl,,,Delivered,6.0,1.75,4.75,"February 18, 2026",No scheduled order date,'-
"February 15, 2026",NSQVTZNBTB,,Wildmother,15 Mill Street,,Zumbrota,MN,55992.0,United States,Books Are Magic Pixie Glitter Sticker,default,,,Delivered,6.0,1.75,4.75,"February 18, 2026",No scheduled order date,'-
"February 15, 2026",NSQVTZNBTB,,Wildmother,15 Mill Street,,Zumbrota,MN,55992.0,United States,Burn The Patriarchy Sticker,default,,,Delivered,6.0,1.75,4.75,"February 18, 2026",No scheduled order date,'-
"February 15, 2026",NSQVTZNBTB,,Wildmother,15 Mill Street,,Zumbrota,MN,55992.0,United States,Radicalized By Basic Decency Floral Sticker,default,,,Delivered,6.0,1.75,4.75,"February 18, 2026",No scheduled order date,'-
"February 15, 2026",NSQVTZNBTB,,Wildmother,15 Mill Street,,Zumbrota,MN,55992.0,United States,"Do You Have Any Fucks? Not Even One, Girl. Go Fish. Sticker",default,,,Delivered,6.0,1.75,4.75,"February 18, 2026",No scheduled order date,'-
"February 15, 2026",NSQVTZNBTB,,Wildmother,15 Mill Street,,Zumbrota,MN,55992.0,United States,Girls Will Be Girls Sticker,default,,,Delivered,6.0,1.75,4.75,"February 18, 2026",No scheduled order date,'-
"February 15, 2026",NSQVTZNBTB,,Wildmother,15 Mill Street,,Zumbrota,MN,55992.0,United States,54321 Grounding Technique Sticker,default,,,Delivered,6.0,1.75,4.75,"February 18, 2026",No scheduled order date,'-
"February 15, 2026",NSQVTZNBTB,,Wildmother,15 Mill Street,,Zumbrota,MN,55992.0,United States,Resist Sticker,default,,,Delivered,6.0,1.75,4.75,"February 18, 2026",No scheduled order date,'-
"February 15, 2026",NSQVTZNBTB,,Wildmother,15 Mill Street,,Zumbrota,MN,55992.0,United States,What's More Punk Than The Public Library Tote Bag,default,,,Delivered,3.0,10.0,20.0,"February 18, 2026",No scheduled order date,'-
"February 15, 2026",NSQVTZNBTB,,Wildmother,15 Mill Street,,Zumbrota,MN,55992.0,United States,I Support Women's Rights And Wrongs Tote Bag,Red Font,,,Delivered,3.0,10.0,20.0,"February 18, 2026",No scheduled order date,'-
"February 13, 2026",ZMSA3BRQFC,HH02132026,Merit Badge Books,276 Buffalo Street,,Hamburg,NY,14075.0,United States,"Mini Troll Surprise Packs - 3, 6 or 10!",3 pack,,,Shipped,20.0,1.49,2.99,"February 19, 2026",No scheduled order date,'-
"February 13, 2026",ZMSA3BRQFC,HH02132026,Merit Badge Books,276 Buffalo Street,,Hamburg,NY,14075.0,United States,Radicalized By Basic Decency Button,default,,,Shipped,6.0,1.25,2.5,"February 19, 2026",No scheduled order date,'-
"February 13, 2026",ZMSA3BRQFC,HH02132026,Merit Badge Books,276 Buffalo Street,,Hamburg,NY,14075.0,United States,It's A Good Day To Read Button,default,,,Shipped,6.0,1.0,2.75,"February 19, 2026",No scheduled order date,'-
"February 13, 2026",ZMSA3BRQFC,HH02132026,Merit Badge Books,276 Buffalo Street,,Hamburg,NY,14075.0,United States,Fuck Ice Holographic Sticker,default,,,Shipped,6.0,1.75,4.75,"February 19, 2026",No scheduled order date,'-
"February 13, 2026",ZMSA3BRQFC,HH02132026,Merit Badge Books,276 Buffalo Street,,Hamburg,NY,14075.0,United States,Have The Day You Voted For Button,default,,,Shipped,6.0,1.0,2.75,"February 19, 2026",No scheduled order date,'-
"February 13, 2026",ZMSA3BRQFC,HH02132026,Merit Badge Books,276 Buffalo Street,,Hamburg,NY,14075.0,United States,I May Be Wrong But I Doubt It Button,default,,,Shipped,6.0,1.0,2.75,"February 19, 2026",No scheduled order date,'-
"February 13, 2026",ZMSA3BRQFC,HH02132026,Merit Badge Books,276 Buffalo Street,,Hamburg,NY,14075.0,United States,I'd Rather Be Bed Rotting Pen,default,,,Shipped,6.0,0.85,2.75,"February 19, 2026",No scheduled order date,'-
"February 13, 2026",ZMSA3BRQFC,HH02132026,Merit Badge Books,276 Buffalo Street,,Hamburg,NY,14075.0,United States,Don't Be A Dick Sticker,default,,,Shipped,10.0,1.75,4.75,"February 19, 2026",No scheduled order date,'-
"February 13, 2026",ZMSA3BRQFC,HH02132026,Merit Badge Books,276 Buffalo Street,,Hamburg,NY,14075.0,United States,"Sorry If I'm Mean, I'm Overstimulated Right Now Sticker",default,,,Shipped,6.0,1.75,4.75,"February 19, 2026",No scheduled order date,'-
"February 13, 2026",ZMSA3BRQFC,HH02132026,Merit Badge Books,276 Buffalo Street,,Hamburg,NY,14075.0,United States,Community Is Resistance Sticker,default,,,Shipped,6.0,1.75,4.75,"February 19, 2026",No scheduled order date,'-
"February 13, 2026",ZMSA3BRQFC,HH02132026,Merit Badge Books,276 Buffalo Street,,Hamburg,NY,14075.0,United States,What's More Punk Than The Public Library Button,default,,,Shipped,5.0,1.0,2.75,"February 19, 2026",No scheduled order date,'-
"February 13, 2026",ZMSA3BRQFC,HH02132026,Merit Badge Books,276 Buffalo Street,,Hamburg,NY,14075.0,United States,Awake But At What Cost Sticker,default,,,Shipped,6.0,1.75,4.75,"February 19, 2026",No scheduled order date,'-
"February 13, 2026",ZMSA3BRQFC,HH02132026,Merit Badge Books,276 Buffalo Street,,Hamburg,NY,14075.0,United States,Carry Yourself With The Confidence Of A Mediocre White Man Sticker,default,,,Shipped,6.0,1.75,4.75,"February 19, 2026",No scheduled order date,'-
"February 13, 2026",YUFNMCK6BC,,Fish Wife Sweets,648 Myrtle Street,,Half Moon Bay,CA,94019.0,United States,Fuck Ice Holographic Sticker,default,,,Delivered,6.0,1.75,4.75,"February 18, 2026",No scheduled order date,'-
"February 12, 2026",VP4VUPDPUM,,Gratitude,316 N STATION ST,,PORT ARANSAS,TX,78373.0,United States,Big Fan Of Human Rights Holographic Sticker,default,,,Delivered,6.0,1.75,4.75,"February 18, 2026",No scheduled order date,'-
"February 12, 2026",VP4VUPDPUM,,Gratitude,316 N STATION ST,,PORT ARANSAS,TX,78373.0,United States,Your Lack Of Empathy Is Not The Flex You Think It Is Glitter Sticker,default,,,Delivered,6.0,1.75,4.75,"February 18, 2026",No scheduled order date,'-
"February 12, 2026",VP4VUPDPUM,,Gratitude,316 N STATION ST,,PORT ARANSAS,TX,78373.0,United States,Let's Be Better Humans Sticker,default,,,Delivered,6.0,1.75,6.5,"February 18, 2026",No scheduled order date,'-
"February 12, 2026",VP4VUPDPUM,,Gratitude,316 N STATION ST,,PORT ARANSAS,TX,78373.0,United States,Radicalized By Basic Decency Floral Sticker,default,,,Delivered,6.0,1.75,4.75,"February 18, 2026",No scheduled order date,'-
"February 12, 2026",VP4VUPDPUM,,Gratitude,316 N STATION ST,,PORT ARANSAS,TX,78373.0,United States,Just Be A Good Human Glitter Sticker,default,,,Delivered,6.0,1.75,4.75,"February 18, 2026",No scheduled order date,'-
"February 12, 2026",VP4VUPDPUM,,Gratitude,316 N STATION ST,,PORT ARANSAS,TX,78373.0,United States,"When You Can Be Anything You Want, An Asshole Seems To Be A Really Odd Choice Glitter Sticker",default,,,Delivered,6.0,1.75,4.75,"February 18, 2026",No scheduled order date,'-
"February 12, 2026",VP4VUPDPUM,,Gratitude,316 N STATION ST,,PORT ARANSAS,TX,78373.0,United States,Shoutout To Everyone That Wanted To Read Their Book Today But Had To Adult Instead Glitter Sticker,default,,,Delivered,6.0,1.75,4.75,"February 18, 2026",No scheduled order date,'-
"February 12, 2026",VP4VUPDPUM,,Gratitude,316 N STATION ST,,PORT ARANSAS,TX,78373.0,United States,Some Of You Weren't Paying Attention In History Class And It Shows Pixie Glitter Sticker,default,,,Delivered,6.0,1.75,4.75,"February 18, 2026",No scheduled order date,'-
"February 12, 2026",VP4VUPDPUM,,Gratitude,316 N STATION ST,,PORT ARANSAS,TX,78373.0,United States,If They Can Affect Policy They Can Pay Taxes Sticker,default,,,Delivered,2.0,1.75,4.75,"February 18, 2026",No scheduled order date,'-
"February 12, 2026",VP4VUPDPUM,,Gratitude,316 N STATION ST,,PORT ARANSAS,TX,78373.0,United States,The Road To Fascism Is Paved With The People That Told You To Stop Overreacting Holographic Sticker,default,,,Delivered,6.0,1.75,4.75,"February 18, 2026",No scheduled order date,'-
"February 12, 2026",VP4VUPDPUM,,Gratitude,316 N STATION ST,,PORT ARANSAS,TX,78373.0,United States,For The Fuckteenth Time Pen,default,,,Delivered,6.0,0.85,2.75,"February 18, 2026",No scheduled order date,'-
"February 12, 2026",VP4VUPDPUM,,Gratitude,316 N STATION ST,,PORT ARANSAS,TX,78373.0,United States,Currently Dissociating Pen,default,,,Delivered,6.0,0.85,2.75,"February 18, 2026",No scheduled order date,'-
"February 12, 2026",VP4VUPDPUM,,Gratitude,316 N STATION ST,,PORT ARANSAS,TX,78373.0,United States,I Should Be Frolicking In A Forest But I'm Here. Wtf Pen,default,,,Delivered,6.0,0.85,2.75,"February 18, 2026",No scheduled order date,'-
"February 12, 2026",VP4VUPDPUM,,Gratitude,316 N STATION ST,,PORT ARANSAS,TX,78373.0,United States,Caring About People Is Not Political Sticker,default,,,Delivered,6.0,1.75,4.75,"February 18, 2026",No scheduled order date,'-
"February 12, 2026",VP4VUPDPUM,,Gratitude,316 N STATION ST,,PORT ARANSAS,TX,78373.0,United States,"Hey, You Dropped This Holographic Sticker",default,,,Delivered,6.0,1.75,4.75,"February 18, 2026",No scheduled order date,'-
"February 12, 2026",VP4VUPDPUM,,Gratitude,316 N STATION ST,,PORT ARANSAS,TX,78373.0,United States,Have The Day You Voted For Button,default,,,Delivered,6.0,1.0,2.75,"February 18, 2026",No scheduled order date,'-
"February 12, 2026",VP4VUPDPUM,,Gratitude,316 N STATION ST,,PORT ARANSAS,TX,78373.0,United States,Caring About People Is Not Political Button,default,,,Delivered,6.0,1.0,2.75,"February 18, 2026",No scheduled order date,'-
"February 12, 2026",VP4VUPDPUM,,Gratitude,316 N STATION ST,,PORT ARANSAS,TX,78373.0,United States,If Explosive Diarrhea Was A Person Button,default,,,Delivered,6.0,1.0,2.75,"February 18, 2026",No scheduled order date,'-
"February 12, 2026",VP4VUPDPUM,,Gratitude,316 N STATION ST,,PORT ARANSAS,TX,78373.0,United States,Radicalized By Basic Decency Button,default,,,Delivered,6.0,1.25,2.5,"February 18, 2026",No scheduled order date,'-
"February 12, 2026",VP4VUPDPUM,,Gratitude,316 N STATION ST,,PORT ARANSAS,TX,78373.0,United States,When Cruelty Becomes Normal Compassion Looks Radical Sticker,default,,,Delivered,6.0,1.75,4.75,"February 18, 2026",No scheduled order date,'-
"February 11, 2026",UV77SG8JMP,,Edge of Urge,215 e Franklin st,ste 110,Raleigh,NC,27604.0,United States,I May Be Wrong But I Doubt It Pen,default,,,Delivered,12.0,0.85,2.75,"February 14, 2026",No scheduled order date,'-
"February 11, 2026",UV77SG8JMP,,Edge of Urge,215 e Franklin st,ste 110,Raleigh,NC,27604.0,United States,I Should Be Frolicking In A Forest But I'm Here. Wtf Pen,default,,,Delivered,12.0,0.85,2.75,"February 14, 2026",No scheduled order date,'-
"February 11, 2026",UV77SG8JMP,,Edge of Urge,215 e Franklin st,ste 110,Raleigh,NC,27604.0,United States,Dumpster Fire Response Team Member Pen,default,,,Delivered,12.0,0.85,2.75,"February 14, 2026",No scheduled order date,'-
"February 11, 2026",UV77SG8JMP,,Edge of Urge,215 e Franklin st,ste 110,Raleigh,NC,27604.0,United States,I'd Rather Be Bed Rotting Pen,default,,,Delivered,12.0,0.85,2.75,"February 14, 2026",No scheduled order date,'-
"February 11, 2026",UV77SG8JMP,,Edge of Urge,215 e Franklin st,ste 110,Raleigh,NC,27604.0,United States,Princess Fairy Mouse Sticker,default,,,Delivered,12.0,1.75,4.75,"February 14, 2026",No scheduled order date,'-
"February 11, 2026",UV77SG8JMP,,Edge of Urge,215 e Franklin st,ste 110,Raleigh,NC,27604.0,United States,Thumbs Up Cat Sticker,default,,,Delivered,12.0,1.75,4.75,"February 14, 2026",No scheduled order date,'-
"February 11, 2026",UV77SG8JMP,,Edge of Urge,215 e Franklin st,ste 110,Raleigh,NC,27604.0,United States,Strawberry Candy Holographic Sticker,default,,,Delivered,12.0,1.75,4.75,"February 14, 2026",No scheduled order date,'-
"February 11, 2026",UV77SG8JMP,,Edge of Urge,215 e Franklin st,ste 110,Raleigh,NC,27604.0,United States,What's More Punk Than The Public Library Button,default,,,Delivered,8.0,1.0,2.75,"February 14, 2026",No scheduled order date,'-
"February 11, 2026",UV77SG8JMP,,Edge of Urge,215 e Franklin st,ste 110,Raleigh,NC,27604.0,United States,No Human Is Illegal Glitter Sticker,default,,,Delivered,12.0,1.75,4.75,"February 14, 2026",No scheduled order date,'-
"February 11, 2026",UV77SG8JMP,,Edge of Urge,215 e Franklin st,ste 110,Raleigh,NC,27604.0,United States,Fuck Ice Holographic Sticker,default,,,Delivered,12.0,1.75,4.75,"February 14, 2026",No scheduled order date,'-
"February 11, 2026",UV77SG8JMP,,Edge of Urge,215 e Franklin st,ste 110,Raleigh,NC,27604.0,United States,Peace Sign Hamster Sticker,default,,,Delivered,12.0,1.75,4.75,"February 14, 2026",No scheduled order date,'-
"February 11, 2026",UV77SG8JMP,,Edge of Urge,215 e Franklin st,ste 110,Raleigh,NC,27604.0,United States,When Cruelty Becomes Normal Compassion Looks Radical Sticker,default,,,Delivered,12.0,1.75,4.75,"February 14, 2026",No scheduled order date,'-
"February 11, 2026",UV77SG8JMP,,Edge of Urge,215 e Franklin st,ste 110,Raleigh,NC,27604.0,United States,Your Lack Of Empathy Is Not The Flex You Think It Is Glitter Sticker,default,,,Delivered,12.0,1.75,4.75,"February 14, 2026",No scheduled order date,'-
"February 11, 2026",UV77SG8JMP,,Edge of Urge,215 e Franklin st,ste 110,Raleigh,NC,27604.0,United States,Big Fan Of Human Rights Holographic Sticker,default,,,Delivered,12.0,1.75,4.75,"February 14, 2026",No scheduled order date,'-
"February 11, 2026",UV77SG8JMP,,Edge of Urge,215 e Franklin st,ste 110,Raleigh,NC,27604.0,United States,"I May Be Laid Back, But I Can Lean Forward Real Fucking Quick Glitter Sticker",default,,,Delivered,12.0,1.75,4.75,"February 14, 2026",No scheduled order date,'-
"February 11, 2026",UV77SG8JMP,,Edge of Urge,215 e Franklin st,ste 110,Raleigh,NC,27604.0,United States,America Was Built By Immigrants Sticker,default,,,Delivered,12.0,1.75,4.75,"February 14, 2026",No scheduled order date,'-
"February 11, 2026",UV77SG8JMP,,Edge of Urge,215 e Franklin st,ste 110,Raleigh,NC,27604.0,United States,You've Just Buttered Your Last Biscuit Sticker,default,,,Delivered,12.0,1.75,4.75,"February 14, 2026",No scheduled order date,'-
"February 11, 2026",UV77SG8JMP,,Edge of Urge,215 e Franklin st,ste 110,Raleigh,NC,27604.0,United States,When Cruelty Becomes Normal Compassion Looks Radical Tote Bag,Natural,,,Delivered,6.0,10.0,20.0,"February 14, 2026",No scheduled order date,'-
"February 11, 2026",UV77SG8JMP,,Edge of Urge,215 e Franklin st,ste 110,Raleigh,NC,27604.0,United States,"Sorry I Was Rude, It Was Probably Your Fault Pen",default,,,Delivered,12.0,0.85,2.75,"February 14, 2026",No scheduled order date,'-
"February 11, 2026",UV77SG8JMP,,Edge of Urge,215 e Franklin st,ste 110,Raleigh,NC,27604.0,United States,Currently Dissociating Pen,default,,,Delivered,12.0,0.85,2.75,"February 14, 2026",No scheduled order date,'-
"February 11, 2026",UV77SG8JMP,,Edge of Urge,215 e Franklin st,ste 110,Raleigh,NC,27604.0,United States,Disappointed But Not Surprised Pen,default,,,Delivered,12.0,0.85,2.75,"February 14, 2026",No scheduled order date,'-
"February 13, 2026",WDYZCE4BGK,,Salty Pages,2024 Main Street,,Cambria,CA,93428.0,United States,Strawberry Candy Holographic Sticker,default,,,Delivered,6.0,1.75,4.75,"February 18, 2026",No scheduled order date,'-
"February 13, 2026",WDYZCE4BGK,,Salty Pages,2024 Main Street,,Cambria,CA,93428.0,United States,I Don't Struggle With Anxiety; I'm Actually Pretty Good At It Tote Bag,Blue,,,Delivered,3.0,10.0,20.0,"February 18, 2026",No scheduled order date,'-
"February 13, 2026",WDYZCE4BGK,,Salty Pages,2024 Main Street,,Cambria,CA,93428.0,United States,No Human Is Illegal On Stolen Land Tote Bag,default,,,Delivered,3.0,10.0,20.0,"February 18, 2026",No scheduled order date,'-
"February 13, 2026",WDYZCE4BGK,,Salty Pages,2024 Main Street,,Cambria,CA,93428.0,United States,Currently Dissociating Pen,default,,,Delivered,6.0,0.85,2.75,"February 18, 2026",No scheduled order date,'-
"February 13, 2026",WDYZCE4BGK,,Salty Pages,2024 Main Street,,Cambria,CA,93428.0,United States,I Should Be Frolicking In A Forest But I'm Here. Wtf Pen,default,,,Delivered,3.0,0.85,2.75,"February 18, 2026",No scheduled order date,'-
"February 13, 2026",WDYZCE4BGK,,Salty Pages,2024 Main Street,,Cambria,CA,93428.0,United States,Books Because Coping With Reality Is Not An Option At The Moment Glitter Sticker,default,,,Delivered,6.0,1.75,4.75,"February 18, 2026",No scheduled order date,'-
"February 13, 2026",WDYZCE4BGK,,Salty Pages,2024 Main Street,,Cambria,CA,93428.0,United States,Wheel of Emotions Sticker,default,,,Delivered,6.0,1.75,4.75,"February 18, 2026",No scheduled order date,'-
"February 13, 2026",WDYZCE4BGK,,Salty Pages,2024 Main Street,,Cambria,CA,93428.0,United States,I May Be Wrong But I Doubt It Pen,default,,,Delivered,1.0,0.85,2.75,"February 18, 2026",No scheduled order date,'-
"February 13, 2026",WDYZCE4BGK,,Salty Pages,2024 Main Street,,Cambria,CA,93428.0,United States,I Tried To Form A Gang But It Turned Into A Book Club Tote Bag,Canvas,,,Delivered,3.0,10.0,20.0,"February 18, 2026",No scheduled order date,'-
"February 13, 2026",WDYZCE4BGK,,Salty Pages,2024 Main Street,,Cambria,CA,93428.0,United States,Support Local Tote Bag,Natural,,,Delivered,3.0,10.0,20.0,"February 18, 2026",No scheduled order date,'-
"February 10, 2026",VS5ERPN9KN,,The Book Juggler,182 S Main St,,Willits,CA,95490.0,United States,Resist Sticker,default,,,Delivered,6.0,1.75,4.75,"February 14, 2026",No scheduled order date,'-
"February 10, 2026",VS5ERPN9KN,,The Book Juggler,182 S Main St,,Willits,CA,95490.0,United States,Keep The Immigrants Deport The Racists Sticker,default,,,Delivered,6.0,1.75,4.75,"February 14, 2026",No scheduled order date,'-
"February 10, 2026",VS5ERPN9KN,,The Book Juggler,182 S Main St,,Willits,CA,95490.0,United States,The Only Minority Destroying This Country Are The Billionaires Sticker,Black,,,Delivered,6.0,1.75,4.75,"February 14, 2026",No scheduled order date,'-
"February 10, 2026",VS5ERPN9KN,,The Book Juggler,182 S Main St,,Willits,CA,95490.0,United States,Resist Sticker,default,,,Delivered,6.0,1.75,4.75,"February 14, 2026",No scheduled order date,'-
"February 10, 2026",VS5ERPN9KN,,The Book Juggler,182 S Main St,,Willits,CA,95490.0,United States,Radicalized By Basic Decency Floral Sticker,default,,,Delivered,6.0,1.75,4.75,"February 14, 2026",No scheduled order date,'-
"February 10, 2026",VS5ERPN9KN,,The Book Juggler,182 S Main St,,Willits,CA,95490.0,United States,Make Orwell Fiction Again Tote Bag,default,,,Delivered,6.0,10.0,20.0,"February 14, 2026",No scheduled order date,'-
"February 10, 2026",VS5ERPN9KN,,The Book Juggler,182 S Main St,,Willits,CA,95490.0,United States,Radicalized By Basic Decency Floral Tote Bag,Black,,,Delivered,3.0,10.0,20.0,"February 14, 2026",No scheduled order date,'-
"February 10, 2026",VS5ERPN9KN,,The Book Juggler,182 S Main St,,Willits,CA,95490.0,United States,Let's Read Banned Books Tote Bag,default,,,Delivered,6.0,10.0,20.0,"February 14, 2026",No scheduled order date,'-
"February 10, 2026",VS5ERPN9KN,,The Book Juggler,182 S Main St,,Willits,CA,95490.0,United States,The Only Ice I Like Is The Ice That My Two Gay Boyfriends Skate Around On Sticker,default,,,Delivered,6.0,1.75,4.75,"February 14, 2026",No scheduled order date,'-
"February 10, 2026",VS5ERPN9KN,,The Book Juggler,182 S Main St,,Willits,CA,95490.0,United States,Make Orwell Fiction Again Sticker,default,,,Delivered,6.0,1.75,4.75,"February 14, 2026",No scheduled order date,'-
"February 10, 2026",67Y7CTMZD8,,Sisters Books & Nooks,2620 Primrose Lane Southwest,,Cedar Rapids,IA,52404-2452,United States,Lover Of Cancelled Plans Glitter Sticker,default,,,Delivered,6.0,1.75,4.75,"February 14, 2026",No scheduled order date,'-
"February 10, 2026",67Y7CTMZD8,,Sisters Books & Nooks,2620 Primrose Lane Southwest,,Cedar Rapids,IA,52404-2452,United States,Keep The Immigrants Deport The Racists Sticker,default,,,Delivered,6.0,1.75,4.75,"February 14, 2026",No scheduled order date,'-
"February 10, 2026",67Y7CTMZD8,,Sisters Books & Nooks,2620 Primrose Lane Southwest,,Cedar Rapids,IA,52404-2452,United States,Your Lack Of Empathy Is Not The Flex You Think It Is Glitter Sticker,default,,,Delivered,6.0,1.75,4.75,"February 14, 2026",No scheduled order date,'-
"February 10, 2026",67Y7CTMZD8,,Sisters Books & Nooks,2620 Primrose Lane Southwest,,Cedar Rapids,IA,52404-2452,United States,Overstimulated Sticker (2 styles available),Glitter Vinyl,,,Delivered,6.0,1.75,4.75,"February 14, 2026",No scheduled order date,'-
"February 10, 2026",67Y7CTMZD8,,Sisters Books & Nooks,2620 Primrose Lane Southwest,,Cedar Rapids,IA,52404-2452,United States,No One Is Illegal On Stolen Land Sticker,default,,,Delivered,6.0,1.75,4.75,"February 14, 2026",No scheduled order date,'-
"February 10, 2026",67Y7CTMZD8,,Sisters Books & Nooks,2620 Primrose Lane Southwest,,Cedar Rapids,IA,52404-2452,United States,Women Are Born To Serve Men Sticker,default,,,Delivered,6.0,1.75,4.75,"February 14, 2026",No scheduled order date,'-
"February 10, 2026",67Y7CTMZD8,,Sisters Books & Nooks,2620 Primrose Lane Southwest,,Cedar Rapids,IA,52404-2452,United States,Girls Will Be Girls Sticker,default,,,Delivered,6.0,1.75,4.75,"February 14, 2026",No scheduled order date,'-
"February 10, 2026",67Y7CTMZD8,,Sisters Books & Nooks,2620 Primrose Lane Southwest,,Cedar Rapids,IA,52404-2452,United States,When Cruelty Becomes Normal Compassion Looks Radical Sticker,default,,,Delivered,6.0,1.75,4.75,"February 14, 2026",No scheduled order date,'-
"February 10, 2026",67Y7CTMZD8,,Sisters Books & Nooks,2620 Primrose Lane Southwest,,Cedar Rapids,IA,52404-2452,United States,Can I Be Mean Pixie Glitter Sticker,default,,,Delivered,6.0,1.75,4.75,"February 14, 2026",No scheduled order date,'-
"February 10, 2026",67Y7CTMZD8,,Sisters Books & Nooks,2620 Primrose Lane Southwest,,Cedar Rapids,IA,52404-2452,United States,Girls Will Be Girls Sticker,default,,,Delivered,6.0,1.75,4.75,"February 14, 2026",No scheduled order date,'-
"February 8, 2026",NMQAJJQBWE,,The Smokin' Onion,7 homewood dr,,Asheville,NC,28803.0,United States,You've Just Buttered Your Last Biscuit Sticker,default,,,Delivered,6.0,1.75,4.75,"February 10, 2026",No scheduled order date,'-
"February 8, 2026",NMQAJJQBWE,,The Smokin' Onion,7 homewood dr,,Asheville,NC,28803.0,United States,If You Are Neutral In Situations Of Injustice You Have Chosen The Side Of The Oppressors Sticker,default,,,Delivered,6.0,1.75,4.75,"February 10, 2026",No scheduled order date,'-
"February 8, 2026",NMQAJJQBWE,,The Smokin' Onion,7 homewood dr,,Asheville,NC,28803.0,United States,Spooky Liberal Feminist Witch Sticker,default,,,Delivered,6.0,1.75,4.75,"February 10, 2026",No scheduled order date,'-
"February 8, 2026",NMQAJJQBWE,,The Smokin' Onion,7 homewood dr,,Asheville,NC,28803.0,United States,"Hidden ""Fuck Trump"" Floral Sticker",default,,,Delivered,6.0,1.75,4.75,"February 10, 2026",No scheduled order date,'-
"February 8, 2026",NMQAJJQBWE,,The Smokin' Onion,7 homewood dr,,Asheville,NC,28803.0,United States,The Hell I Won't Sticker,default,,,Delivered,6.0,1.75,4.75,"February 10, 2026",No scheduled order date,'-
"February 8, 2026",NMQAJJQBWE,,The Smokin' Onion,7 homewood dr,,Asheville,NC,28803.0,United States,Keep The Immigrants Deport The Racists Sticker,default,,,Delivered,10.0,1.75,4.75,"February 10, 2026",No scheduled order date,'-
"February 8, 2026",NMQAJJQBWE,,The Smokin' Onion,7 homewood dr,,Asheville,NC,28803.0,United States,Your Lack Of Empathy Is Not The Flex You Think It Is Glitter Sticker,default,,,Delivered,6.0,1.75,4.75,"February 10, 2026",No scheduled order date,'-
"February 8, 2026",NMQAJJQBWE,,The Smokin' Onion,7 homewood dr,,Asheville,NC,28803.0,United States,Radical Left Scum Sticker,default,,,Delivered,6.0,1.75,4.75,"February 10, 2026",No scheduled order date,'-
"February 8, 2026",NMQAJJQBWE,,The Smokin' Onion,7 homewood dr,,Asheville,NC,28803.0,United States,Little Ray Of Pitch Black Sticker,default,,,Delivered,6.0,1.75,4.75,"February 10, 2026",No scheduled order date,'-
"February 8, 2026",NMQAJJQBWE,,The Smokin' Onion,7 homewood dr,,Asheville,NC,28803.0,United States,Your Anxiety Is A Lying Hoe Glitter Sticker,default,,,Delivered,6.0,1.75,4.75,"February 10, 2026",No scheduled order date,'-
"February 8, 2026",NMQAJJQBWE,,The Smokin' Onion,7 homewood dr,,Asheville,NC,28803.0,United States,Become Ungovernable Sticker,default,,,Delivered,6.0,1.75,4.25,"February 10, 2026",No scheduled order date,'-
"February 8, 2026",NMQAJJQBWE,,The Smokin' Onion,7 homewood dr,,Asheville,NC,28803.0,United States,Fueled By Tender Rage Sticker,default,,,Delivered,6.0,1.75,4.75,"February 10, 2026",No scheduled order date,'-
"February 8, 2026",NMQAJJQBWE,,The Smokin' Onion,7 homewood dr,,Asheville,NC,28803.0,United States,Radicalized By Basic Decency Floral Sticker,default,,,Delivered,10.0,1.75,4.75,"February 10, 2026",No scheduled order date,'-
"February 8, 2026",NMQAJJQBWE,,The Smokin' Onion,7 homewood dr,,Asheville,NC,28803.0,United States,What's More Punk Than The Public Library Button,default,,,Delivered,3.0,1.0,2.75,"February 10, 2026",No scheduled order date,'-
"February 8, 2026",NMQAJJQBWE,,The Smokin' Onion,7 homewood dr,,Asheville,NC,28803.0,United States,Manifesting The Revolution Sticker,default,,,Delivered,6.0,1.75,4.75,"February 10, 2026",No scheduled order date,'-
"February 8, 2026",NMQAJJQBWE,,The Smokin' Onion,7 homewood dr,,Asheville,NC,28803.0,United States,Radicalized By Basic Decency Button,default,,,Delivered,3.0,1.25,2.5,"February 10, 2026",No scheduled order date,'-
"February 8, 2026",NMQAJJQBWE,,The Smokin' Onion,7 homewood dr,,Asheville,NC,28803.0,United States,The Only Minority Destroying This Country Are The Billionaires Sticker,Black,,,Delivered,6.0,1.75,4.75,"February 10, 2026",No scheduled order date,'-
"February 8, 2026",FPAN28DB2X,,Canary Books,1403 Third St S,,Nampa,ID,83651.0,United States,Radicalized By Basic Decency Floral Tote Bag,Black,,,Delivered,3.0,10.0,20.0,"February 11, 2026",No scheduled order date,'-
"February 8, 2026",FPAN28DB2X,,Canary Books,1403 Third St S,,Nampa,ID,83651.0,United States,More Pride Less Prejudice Tote Bag,Natural,,,Delivered,3.0,10.0,20.0,"February 11, 2026",No scheduled order date,'-
"February 8, 2026",FPAN28DB2X,,Canary Books,1403 Third St S,,Nampa,ID,83651.0,United States,Girls Will Be Girls Tote Bag,Natural,,,Delivered,3.0,10.0,20.0,"February 11, 2026",No scheduled order date,'-
"February 8, 2026",FPAN28DB2X,,Canary Books,1403 Third St S,,Nampa,ID,83651.0,United States,I May Be Wrong But I Doubt It Pen,default,,,Delivered,5.0,0.85,2.75,"February 11, 2026",No scheduled order date,'-
"February 8, 2026",FPAN28DB2X,,Canary Books,1403 Third St S,,Nampa,ID,83651.0,United States,Currently Dissociating Pen,default,,,Delivered,5.0,0.85,2.75,"February 11, 2026",No scheduled order date,'-
"February 8, 2026",FPAN28DB2X,,Canary Books,1403 Third St S,,Nampa,ID,83651.0,United States,"Sorry I Was Rude, It Was Probably Your Fault Pen",default,,,Delivered,5.0,0.85,2.75,"February 11, 2026",No scheduled order date,'-
"February 8, 2026",FPAN28DB2X,,Canary Books,1403 Third St S,,Nampa,ID,83651.0,United States,Disappointed But Not Surprised Pen,default,,,Delivered,5.0,0.85,2.75,"February 11, 2026",No scheduled order date,'-
"February 8, 2026",FPAN28DB2X,,Canary Books,1403 Third St S,,Nampa,ID,83651.0,United States,Let's Read Banned Books Tote Bag,default,,,Delivered,3.0,10.0,20.0,"February 11, 2026",No scheduled order date,'-
"February 8, 2026",FPAN28DB2X,,Canary Books,1403 Third St S,,Nampa,ID,83651.0,United States,Big Fan Of Human Rights Tote Bag,Natural,,,Delivered,3.0,10.0,20.0,"February 11, 2026",No scheduled order date,'-
"February 8, 2026",FPAN28DB2X,,Canary Books,1403 Third St S,,Nampa,ID,83651.0,United States,I Closed My Book To Be Here Tote Bag,default,,,Delivered,3.0,10.0,20.0,"February 11, 2026",No scheduled order date,'-
"February 8, 2026",FPAN28DB2X,,Canary Books,1403 Third St S,,Nampa,ID,83651.0,United States,Do You Have Any Fucks? Not Even One Girl. Go Fish Tote Bag,default,,,Delivered,3.0,10.0,20.0,"February 11, 2026",No scheduled order date,'-
"February 8, 2026",FPAN28DB2X,,Canary Books,1403 Third St S,,Nampa,ID,83651.0,United States,The Hell I Won't Tote Bag,Natural,,,Delivered,3.0,10.0,20.0,"February 11, 2026",No scheduled order date,'-
"February 8, 2026",FPAN28DB2X,,Canary Books,1403 Third St S,,Nampa,ID,83651.0,United States,What's More Punk Than The Public Library Tote Bag,default,,,Delivered,3.0,10.0,20.0,"February 11, 2026",No scheduled order date,'-
"February 7, 2026",9782KP4Q3P,,Artsy Fartsy WI,1717 Monroe Street,,Madison,WI,53711.0,United States,Radicalized By Basic Decency Button,default,,,Delivered,20.0,1.25,2.5,"February 11, 2026",No scheduled order date,'-
"February 7, 2026",9782KP4Q3P,,Artsy Fartsy WI,1717 Monroe Street,,Madison,WI,53711.0,United States,Big Fan Of Human Rights Holographic Sticker,default,,,Delivered,12.0,1.75,4.75,"February 11, 2026",No scheduled order date,'-
"February 7, 2026",9782KP4Q3P,,Artsy Fartsy WI,1717 Monroe Street,,Madison,WI,53711.0,United States,I Brake For Thrift Shops Bumper Sticker,default,,,Delivered,6.0,3.5,9.0,"February 11, 2026",No scheduled order date,'-
"February 7, 2026",9782KP4Q3P,,Artsy Fartsy WI,1717 Monroe Street,,Madison,WI,53711.0,United States,Big Fan Of Human Rights Tote Bag,Natural,,,Delivered,10.0,10.0,20.0,"February 11, 2026",No scheduled order date,'-
"February 7, 2026",9782KP4Q3P,,Artsy Fartsy WI,1717 Monroe Street,,Madison,WI,53711.0,United States,No Human Is Illegal Glitter Sticker,default,,,Delivered,12.0,1.75,4.75,"February 11, 2026",No scheduled order date,'-
"February 7, 2026",9782KP4Q3P,,Artsy Fartsy WI,1717 Monroe Street,,Madison,WI,53711.0,United States,You Just Got Passed By 3 Raccoons In A Trench Coat Bumper Sticker,default,,,Delivered,6.0,3.5,9.0,"February 11, 2026",No scheduled order date,'-
"February 7, 2026",9782KP4Q3P,,Artsy Fartsy WI,1717 Monroe Street,,Madison,WI,53711.0,United States,Big Fan of Human Rights Button,default,,,Delivered,20.0,1.5,3.0,"February 11, 2026",No scheduled order date,'-
"February 6, 2026",EQWX6D7JHN,,Skylight Books,1818 North Vermont Avenue,,Los Angeles,CA,90027.0,United States,I Tried To Form A Gang But It Turned Into A Book Club Tote Bag,Canvas,,,Delivered,5.0,10.0,20.0,"February 11, 2026",No scheduled order date,'-
"February 6, 2026",EQWX6D7JHN,,Skylight Books,1818 North Vermont Avenue,,Los Angeles,CA,90027.0,United States,Stop Brain Rot Read A Book Tote Bag,Natural,,,Delivered,5.0,10.0,20.0,"February 11, 2026",No scheduled order date,'-
"February 6, 2026",EQWX6D7JHN,,Skylight Books,1818 North Vermont Avenue,,Los Angeles,CA,90027.0,United States,Be The Person Levar Burton Knew You Could Be Tote Bag,default,,,Delivered,3.0,10.0,20.0,"February 11, 2026",No scheduled order date,'-
"February 6, 2026",EQWX6D7JHN,,Skylight Books,1818 North Vermont Avenue,,Los Angeles,CA,90027.0,United States,You've Just Buttered Your Last Biscuit Sticker,default,,,Delivered,6.0,1.75,4.75,"February 11, 2026",No scheduled order date,'-
"February 6, 2026",EQWX6D7JHN,,Skylight Books,1818 North Vermont Avenue,,Los Angeles,CA,90027.0,United States,Dream Job? I Do Not Dream Of Labor Glitter Sticker,default,,,Delivered,6.0,1.75,4.75,"February 11, 2026",No scheduled order date,'-
"February 6, 2026",EQWX6D7JHN,,Skylight Books,1818 North Vermont Avenue,,Los Angeles,CA,90027.0,United States,Sorry I Can't Go I'm An Indoor Cat Glitter Sticker,default,,,Delivered,6.0,1.75,4.75,"February 11, 2026",No scheduled order date,'-
"February 6, 2026",EQWX6D7JHN,,Skylight Books,1818 North Vermont Avenue,,Los Angeles,CA,90027.0,United States,Compost The Patriarchy Sticker,default,,,Delivered,6.0,1.75,4.75,"February 11, 2026",No scheduled order date,'-
"February 6, 2026",EQWX6D7JHN,,Skylight Books,1818 North Vermont Avenue,,Los Angeles,CA,90027.0,United States,Leaving Reality Entering Fiction Tote Bag,default,,,Delivered,5.0,10.0,20.0,"February 11, 2026",No scheduled order date,'-
"February 6, 2026",DF4M75WD7C,,Dandelion,247 E Market St,9.0,Sandusky,OH,44870.0,United States,Read Banned Books Sticker,default,,,Delivered,6.0,1.75,4.75,"February 11, 2026",No scheduled order date,'-
"February 6, 2026",DF4M75WD7C,,Dandelion,247 E Market St,9.0,Sandusky,OH,44870.0,United States,Girls Will Be Girls Sticker,default,,,Delivered,6.0,1.75,4.75,"February 11, 2026",No scheduled order date,'-
"February 6, 2026",DF4M75WD7C,,Dandelion,247 E Market St,9.0,Sandusky,OH,44870.0,United States,Big Fan of Human Rights Button,default,,,Delivered,6.0,1.5,3.0,"February 11, 2026",No scheduled order date,'-
"February 6, 2026",DF4M75WD7C,,Dandelion,247 E Market St,9.0,Sandusky,OH,44870.0,United States,Let's Read Banned Books Tote Bag,default,,,Delivered,3.0,10.0,20.0,"February 11, 2026",No scheduled order date,'-
"February 6, 2026",DF4M75WD7C,,Dandelion,247 E Market St,9.0,Sandusky,OH,44870.0,United States,Read Banned Books Tote Bag,default,,,Delivered,3.0,10.0,20.0,"February 11, 2026",No scheduled order date,'-
"February 6, 2026",DF4M75WD7C,,Dandelion,247 E Market St,9.0,Sandusky,OH,44870.0,United States,Girls Will Be Girls Tote Bag,Black,,,Delivered,3.0,10.0,20.0,"February 11, 2026",No scheduled order date,'-
"February 6, 2026",DF4M75WD7C,,Dandelion,247 E Market St,9.0,Sandusky,OH,44870.0,United States,Support Local Tote Bag,Natural,,,Delivered,3.0,10.0,20.0,"February 11, 2026",No scheduled order date,'-
"February 6, 2026",HM2VP3HS6P,,Cedar Chest,150 Main Street,,Northampton,MA,1060.0,United States,Fueled By Tender Rage Sticker,default,,,Delivered,6.0,1.75,4.75,"February 11, 2026",No scheduled order date,'-
"February 6, 2026",HM2VP3HS6P,,Cedar Chest,150 Main Street,,Northampton,MA,1060.0,United States,Emotional Support Water Bottle (Blue) Sticker,default,,,Delivered,6.0,1.75,4.75,"February 11, 2026",No scheduled order date,'-
"February 6, 2026",HM2VP3HS6P,,Cedar Chest,150 Main Street,,Northampton,MA,1060.0,United States,Fuck Ice Holographic Sticker,default,,,Delivered,6.0,1.75,4.75,"February 11, 2026",No scheduled order date,'-
"February 6, 2026",HM2VP3HS6P,,Cedar Chest,150 Main Street,,Northampton,MA,1060.0,United States,The Many Faces Of Cats Tote Bag,Natural,,,Delivered,3.0,10.0,20.0,"February 11, 2026",No scheduled order date,'-
"February 6, 2026",HM2VP3HS6P,,Cedar Chest,150 Main Street,,Northampton,MA,1060.0,United States,Women Don't Owe You Shit Tote Bag,Natural,,,Delivered,3.0,10.0,20.0,"February 11, 2026",No scheduled order date,'-
"February 6, 2026",HM2VP3HS6P,,Cedar Chest,150 Main Street,,Northampton,MA,1060.0,United States,Be Nice To Me I'm Anxious Tote Bag,Natural,,,Delivered,3.0,10.0,20.0,"February 11, 2026",No scheduled order date,'-
"February 6, 2026",HM2VP3HS6P,,Cedar Chest,150 Main Street,,Northampton,MA,1060.0,United States,Fueled By Tender Rage Tote Bag,Natural,,,Delivered,3.0,10.0,20.0,"February 11, 2026",No scheduled order date,'-
"February 6, 2026",HM2VP3HS6P,,Cedar Chest,150 Main Street,,Northampton,MA,1060.0,United States,When Cruelty Becomes Normal Compassion Looks Radical Tote Bag,Natural,,,Delivered,3.0,10.0,20.0,"February 11, 2026",No scheduled order date,'-
"February 6, 2026",HM2VP3HS6P,,Cedar Chest,150 Main Street,,Northampton,MA,1060.0,United States,Stop People Pleasing. People Are Never Pleased Tote Bag,Natural,,,Delivered,3.0,10.0,20.0,"February 11, 2026",No scheduled order date,'-
"February 6, 2026",HM2VP3HS6P,,Cedar Chest,150 Main Street,,Northampton,MA,1060.0,United States,When Cruelty Becomes Normal Compassion Looks Radical Sticker,default,,,Delivered,6.0,1.75,4.75,"February 11, 2026",No scheduled order date,'-
"February 6, 2026",HM2VP3HS6P,,Cedar Chest,150 Main Street,,Northampton,MA,1060.0,United States,Dumpster Fire Response Team Member Pen,default,,,Delivered,10.0,0.85,2.75,"February 11, 2026",No scheduled order date,'-
"February 6, 2026",HM2VP3HS6P,,Cedar Chest,150 Main Street,,Northampton,MA,1060.0,United States,Currently Dissociating Pen,default,,,Delivered,10.0,0.85,2.75,"February 11, 2026",No scheduled order date,'-
"February 6, 2026",HM2VP3HS6P,,Cedar Chest,150 Main Street,,Northampton,MA,1060.0,United States,"Sorry I Was Rude, It Was Probably Your Fault Pen",default,,,Delivered,10.0,0.85,2.75,"February 11, 2026",No scheduled order date,'-
"February 6, 2026",HM2VP3HS6P,,Cedar Chest,150 Main Street,,Northampton,MA,1060.0,United States,I'd Rather Be Bed Rotting Pen,default,,,Delivered,10.0,0.85,2.75,"February 11, 2026",No scheduled order date,'-
"February 6, 2026",HM2VP3HS6P,,Cedar Chest,150 Main Street,,Northampton,MA,1060.0,United States,For The Fuckteenth Time Pen,default,,,Delivered,10.0,0.85,2.75,"February 11, 2026",No scheduled order date,'-
"February 6, 2026",HM2VP3HS6P,,Cedar Chest,150 Main Street,,Northampton,MA,1060.0,United States,Stay Salty Melt Ice Tote Bag,Black,,,Delivered,3.0,10.0,20.0,"February 11, 2026",No scheduled order date,'-
"February 6, 2026",HM2VP3HS6P,,Cedar Chest,150 Main Street,,Northampton,MA,1060.0,United States,Love Thy Neighbor Abolish Ice Tote Bag,Natural,,,Delivered,3.0,10.0,20.0,"February 11, 2026",No scheduled order date,'-
"February 6, 2026",HM2VP3HS6P,,Cedar Chest,150 Main Street,,Northampton,MA,1060.0,United States,This Place Sucks. I'm Outta Here. Tote Bag,Natural,,,Delivered,3.0,10.0,20.0,"February 11, 2026",No scheduled order date,'-
"February 6, 2026",K4P6VB8V8W,,Roost & Company,40 Front Street,,Salem,MA,1970.0,United States,Big Fan Of Human Rights Holographic Sticker,default,,,Delivered,12.0,1.75,4.75,"February 10, 2026",No scheduled order date,'-
"February 6, 2026",K4P6VB8V8W,,Roost & Company,40 Front Street,,Salem,MA,1970.0,United States,The Only Ice I Like Is The Ice That My Two Gay Boyfriends Skate Around On Sticker,default,,,Delivered,12.0,1.75,4.75,"February 10, 2026",No scheduled order date,'-
"February 6, 2026",K4P6VB8V8W,,Roost & Company,40 Front Street,,Salem,MA,1970.0,United States,Let's Be Better Humans Sticker,default,,,Delivered,12.0,1.75,6.5,"February 10, 2026",No scheduled order date,'-
"February 6, 2026",K4P6VB8V8W,,Roost & Company,40 Front Street,,Salem,MA,1970.0,United States,Fuck Ice Holographic Sticker,default,,,Delivered,24.0,1.75,4.75,"February 10, 2026",No scheduled order date,'-
"February 6, 2026",K4P6VB8V8W,,Roost & Company,40 Front Street,,Salem,MA,1970.0,United States,No One Is Illegal On Stolen Land Sticker,default,,,Delivered,18.0,1.75,4.75,"February 10, 2026",No scheduled order date,'-
"February 6, 2026",K4P6VB8V8W,,Roost & Company,40 Front Street,,Salem,MA,1970.0,United States,Radicalized By Basic Decency Button,default,,,Delivered,12.0,1.25,2.5,"February 10, 2026",No scheduled order date,'-
"February 6, 2026",K4P6VB8V8W,,Roost & Company,40 Front Street,,Salem,MA,1970.0,United States,No Human Is Illegal Glitter Sticker,default,,,Delivered,12.0,1.75,4.75,"February 10, 2026",No scheduled order date,'-
"February 6, 2026",K4P6VB8V8W,,Roost & Company,40 Front Street,,Salem,MA,1970.0,United States,Caring About People Is Not Political Button,default,,,Delivered,18.0,1.0,2.75,"February 10, 2026",No scheduled order date,'-
"February 6, 2026",K4P6VB8V8W,,Roost & Company,40 Front Street,,Salem,MA,1970.0,United States,Big Fan of Human Rights Button,default,,,Delivered,14.0,1.5,3.0,"February 10, 2026",No scheduled order date,'-
"February 6, 2026",K4P6VB8V8W,,Roost & Company,40 Front Street,,Salem,MA,1970.0,United States,Caring About People Is Not Political Sticker,default,,,Delivered,6.0,1.75,4.75,"February 10, 2026",No scheduled order date,'-
"February 6, 2026",K4P6VB8V8W,,Roost & Company,40 Front Street,,Salem,MA,1970.0,United States,When Cruelty Becomes Normal Compassion Looks Radical Sticker,default,,,Delivered,6.0,1.75,4.75,"February 10, 2026",No scheduled order date,'-
"February 6, 2026",K4P6VB8V8W,,Roost & Company,40 Front Street,,Salem,MA,1970.0,United States,Radicalized By Basic Decency Floral Sticker,default,,,Delivered,6.0,1.75,4.75,"February 10, 2026",No scheduled order date,'-
"February 6, 2026",K4P6VB8V8W,,Roost & Company,40 Front Street,,Salem,MA,1970.0,United States,Strawberry Candy Holographic Sticker,default,,,Delivered,6.0,1.75,4.75,"February 10, 2026",No scheduled order date,'-
"February 6, 2026",K4P6VB8V8W,,Roost & Company,40 Front Street,,Salem,MA,1970.0,United States,America Was Built By Immigrants Sticker,default,,,Delivered,12.0,1.75,4.75,"February 10, 2026",No scheduled order date,'-
"February 6, 2026",K4P6VB8V8W,,Roost & Company,40 Front Street,,Salem,MA,1970.0,United States,Sorry I Can't Go I'm An Indoor Cat Glitter Sticker,default,,,Delivered,6.0,1.75,4.75,"February 10, 2026",No scheduled order date,'-
"February 6, 2026",K4P6VB8V8W,,Roost & Company,40 Front Street,,Salem,MA,1970.0,United States,"When You Can Be Anything You Want, An Asshole Seems To Be A Really Odd Choice Glitter Sticker",default,,,Delivered,6.0,1.75,4.75,"February 10, 2026",No scheduled order date,'-
"February 6, 2026",K4P6VB8V8W,,Roost & Company,40 Front Street,,Salem,MA,1970.0,United States,Raccoon Fairy Holographic Sticker,default,,,Delivered,6.0,1.75,4.75,"February 10, 2026",No scheduled order date,'-
"February 6, 2026",SEEJVJJHXC,,Onalaska Smokes 4 Less,1220 Crossing Meadows Drive,#280,Onalaska,WI,54650.0,United States,May They Burn In Hell Glitter Sticker,default,,,Delivered,6.0,1.75,4.75,"February 10, 2026",No scheduled order date,'-
"February 6, 2026",SEEJVJJHXC,,Onalaska Smokes 4 Less,1220 Crossing Meadows Drive,#280,Onalaska,WI,54650.0,United States,Surprise Mini Troll,default,,,Delivered,5.0,0.6,1.5,"February 10, 2026",No scheduled order date,'-
"February 6, 2026",SEEJVJJHXC,,Onalaska Smokes 4 Less,1220 Crossing Meadows Drive,#280,Onalaska,WI,54650.0,United States,"Do You Have Any Fucks? Not Even One, Girl. Go Fish. Sticker",default,,,Delivered,6.0,1.75,4.75,"February 10, 2026",No scheduled order date,'-
"February 6, 2026",SEEJVJJHXC,,Onalaska Smokes 4 Less,1220 Crossing Meadows Drive,#280,Onalaska,WI,54650.0,United States,Strawberry Candy Holographic Sticker,default,,,Delivered,6.0,1.75,4.75,"February 10, 2026",No scheduled order date,'-
"February 6, 2026",SEEJVJJHXC,,Onalaska Smokes 4 Less,1220 Crossing Meadows Drive,#280,Onalaska,WI,54650.0,United States,You've Just Buttered Your Last Biscuit Sticker,default,,,Delivered,6.0,1.75,4.75,"February 10, 2026",No scheduled order date,'-
"February 6, 2026",SEEJVJJHXC,,Onalaska Smokes 4 Less,1220 Crossing Meadows Drive,#280,Onalaska,WI,54650.0,United States,"Hey, You Dropped This Holographic Sticker",default,,,Delivered,6.0,1.75,4.75,"February 10, 2026",No scheduled order date,'-
"February 6, 2026",SEEJVJJHXC,,Onalaska Smokes 4 Less,1220 Crossing Meadows Drive,#280,Onalaska,WI,54650.0,United States,I Can Do All Things Through SPITE Which Strengthens Me Glitter Sticker,default,,,Delivered,6.0,1.75,4.75,"February 10, 2026",No scheduled order date,'-
"February 6, 2026",SEEJVJJHXC,,Onalaska Smokes 4 Less,1220 Crossing Meadows Drive,#280,Onalaska,WI,54650.0,United States,Radicalized By Basic Decency Magnet,default,,,Delivered,3.0,2.5,6.5,"February 10, 2026",No scheduled order date,'-
"February 6, 2026",SEEJVJJHXC,,Onalaska Smokes 4 Less,1220 Crossing Meadows Drive,#280,Onalaska,WI,54650.0,United States,Wheel Of Emotions Magnet,default,,,Delivered,3.0,2.5,5.0,"February 10, 2026",No scheduled order date,'-
"February 6, 2026",SEEJVJJHXC,,Onalaska Smokes 4 Less,1220 Crossing Meadows Drive,#280,Onalaska,WI,54650.0,United States,"Mini Troll Surprise Packs - 3, 6 or 10!",10 pack,,,Delivered,2.0,4.99,9.99,"February 10, 2026",No scheduled order date,'-
"February 6, 2026",SEEJVJJHXC,,Onalaska Smokes 4 Less,1220 Crossing Meadows Drive,#280,Onalaska,WI,54650.0,United States,Fuck Ice Holographic Sticker,default,,,Delivered,6.0,1.75,4.75,"February 10, 2026",No scheduled order date,'-
"February 6, 2026",SEEJVJJHXC,,Onalaska Smokes 4 Less,1220 Crossing Meadows Drive,#280,Onalaska,WI,54650.0,United States,On My Way To Get More Trinkets And Knick Knacks Glitter Sticker,default,,,Delivered,6.0,1.75,4.75,"February 10, 2026",No scheduled order date,'-
"February 6, 2026",SEEJVJJHXC,,Onalaska Smokes 4 Less,1220 Crossing Meadows Drive,#280,Onalaska,WI,54650.0,United States,Don't Be A Dick Sticker,default,,,Delivered,6.0,1.75,4.75,"February 10, 2026",No scheduled order date,'-
"February 6, 2026",SEEJVJJHXC,,Onalaska Smokes 4 Less,1220 Crossing Meadows Drive,#280,Onalaska,WI,54650.0,United States,Princess Fairy Mouse Sticker,default,,,Delivered,6.0,1.75,4.75,"February 10, 2026",No scheduled order date,'-
"February 6, 2026",SEEJVJJHXC,,Onalaska Smokes 4 Less,1220 Crossing Meadows Drive,#280,Onalaska,WI,54650.0,United States,"I May Be Laid Back, But I Can Lean Forward Real Fucking Quick Glitter Sticker",default,,,Delivered,6.0,1.75,4.75,"February 10, 2026",No scheduled order date,'-
"February 6, 2026",SEEJVJJHXC,,Onalaska Smokes 4 Less,1220 Crossing Meadows Drive,#280,Onalaska,WI,54650.0,United States,Radicalized By Basic Decency Floral Sticker,default,,,Delivered,6.0,1.75,4.75,"February 10, 2026",No scheduled order date,'-
"February 5, 2026",SZ62YYUTM9,,Greedy Reads,1744 Aliceanna Street,,Baltimore,MD,21231.0,United States,Dream Job? I Do Not Dream Of Labor Glitter Sticker,default,,,Delivered,10.0,1.75,4.75,"February 10, 2026",No scheduled order date,'-
"February 5, 2026",SZ62YYUTM9,,Greedy Reads,1744 Aliceanna Street,,Baltimore,MD,21231.0,United States,No Worries If Not Totally Cool Either Way Sticker,default,,,Delivered,10.0,1.75,4.75,"February 10, 2026",No scheduled order date,'-
"February 5, 2026",SZ62YYUTM9,,Greedy Reads,1744 Aliceanna Street,,Baltimore,MD,21231.0,United States,I May Be Wrong But I Doubt It Button,default,,,Delivered,20.0,1.0,2.75,"February 10, 2026",No scheduled order date,'-
"February 5, 2026",SZ62YYUTM9,,Greedy Reads,1744 Aliceanna Street,,Baltimore,MD,21231.0,United States,Leave Trans Kids Alone You Fucking Weirdo Glitter Sticker,default,,,Delivered,12.0,1.75,4.75,"February 10, 2026",No scheduled order date,'-
"February 5, 2026",SZ62YYUTM9,,Greedy Reads,1744 Aliceanna Street,,Baltimore,MD,21231.0,United States,Lost In A Book Don't Send Help Glitter Sticker,default,,,Delivered,12.0,1.75,4.75,"February 10, 2026",No scheduled order date,'-
"February 5, 2026",SZ62YYUTM9,,Greedy Reads,1744 Aliceanna Street,,Baltimore,MD,21231.0,United States,Big Fan of Human Rights Button,default,,,Delivered,30.0,1.5,3.0,"February 10, 2026",No scheduled order date,'-
"February 5, 2026",SZ62YYUTM9,,Greedy Reads,1744 Aliceanna Street,,Baltimore,MD,21231.0,United States,Publicly Shame Racists Button,default,,,Delivered,20.0,1.25,2.75,"February 10, 2026",No scheduled order date,'-
"February 5, 2026",SZ62YYUTM9,,Greedy Reads,1744 Aliceanna Street,,Baltimore,MD,21231.0,United States,It's A Good Day To Read Button,default,,,Delivered,20.0,1.0,2.75,"February 10, 2026",No scheduled order date,'-
"February 5, 2026",BZED7DXEZJ,,Caspian Books,1611 W 12TH ST,,TRACY,CA,95376.0,United States,Cats Against Capitalism Sticker,default,,,Delivered,6.0,1.75,4.75,"February 10, 2026",No scheduled order date,'-
"February 5, 2026",BZED7DXEZJ,,Caspian Books,1611 W 12TH ST,,TRACY,CA,95376.0,United States,You Don't Have To Experience Something To Have Empathy For Others Holographic Sticker,default,,,Delivered,6.0,1.75,4.75,"February 10, 2026",No scheduled order date,'-
"February 5, 2026",BZED7DXEZJ,,Caspian Books,1611 W 12TH ST,,TRACY,CA,95376.0,United States,Hot Girls Take Their Meds Holographic Sticker,default,,,Delivered,6.0,1.75,4.75,"February 10, 2026",No scheduled order date,'-
"February 5, 2026",BZED7DXEZJ,,Caspian Books,1611 W 12TH ST,,TRACY,CA,95376.0,United States,When Cruelty Becomes Normal Compassion Looks Radical Sticker,default,,,Delivered,6.0,1.75,4.75,"February 10, 2026",No scheduled order date,'-
"February 5, 2026",BZED7DXEZJ,,Caspian Books,1611 W 12TH ST,,TRACY,CA,95376.0,United States,Big Fan Of Human Rights Holographic Sticker,default,,,Delivered,6.0,1.75,4.75,"February 10, 2026",No scheduled order date,'-
"February 5, 2026",BZED7DXEZJ,,Caspian Books,1611 W 12TH ST,,TRACY,CA,95376.0,United States,Your Lack Of Empathy Is Not The Flex You Think It Is Glitter Sticker,default,,,Delivered,6.0,1.75,4.75,"February 10, 2026",No scheduled order date,'-
"February 5, 2026",BZED7DXEZJ,,Caspian Books,1611 W 12TH ST,,TRACY,CA,95376.0,United States,Be Nice To Me I'm Anxious Glitter Sticker,default,,,Delivered,6.0,1.75,4.75,"February 10, 2026",No scheduled order date,'-
"February 5, 2026",BZED7DXEZJ,,Caspian Books,1611 W 12TH ST,,TRACY,CA,95376.0,United States,Lover Of Cancelled Plans Glitter Sticker,default,,,Delivered,6.0,1.75,4.75,"February 10, 2026",No scheduled order date,'-
"February 5, 2026",BZED7DXEZJ,,Caspian Books,1611 W 12TH ST,,TRACY,CA,95376.0,United States,Shoutout To Everyone That Wanted To Read Their Book Today But Had To Adult Instead Glitter Sticker,default,,,Delivered,6.0,1.75,4.75,"February 10, 2026",No scheduled order date,'-
"February 5, 2026",BZED7DXEZJ,,Caspian Books,1611 W 12TH ST,,TRACY,CA,95376.0,United States,Just A Girl Who Loves Books Glitter Sticker,default,,,Delivered,6.0,1.75,4.75,"February 10, 2026",No scheduled order date,'-
"February 5, 2026",BZED7DXEZJ,,Caspian Books,1611 W 12TH ST,,TRACY,CA,95376.0,United States,I Can't Go On..I Need A Snack Pls Glitter Sticker,default,,,Delivered,6.0,1.75,4.75,"February 10, 2026",No scheduled order date,'-
"February 5, 2026",BZED7DXEZJ,,Caspian Books,1611 W 12TH ST,,TRACY,CA,95376.0,United States,"When You Can Be Anything You Want, An Asshole Seems To Be A Really Odd Choice Glitter Sticker",default,,,Delivered,6.0,1.75,4.75,"February 10, 2026",No scheduled order date,'-
"February 5, 2026",BZED7DXEZJ,,Caspian Books,1611 W 12TH ST,,TRACY,CA,95376.0,United States,I Love It When Women Glitter Sticker,default,,,Delivered,6.0,1.75,4.75,"February 10, 2026",No scheduled order date,'-
"February 5, 2026",TNJGBP3EM5,,Navarro Official,1557 Meridian Avenue,Apt 106,Miami Beach,FL,33139.0,United States,The Only Ice I Like Is The Ice That My Two Gay Boyfriends Skate Around On Tote Bag,Natural,,,Delivered,3.0,10.0,20.0,"February 11, 2026",No scheduled order date,'-
"February 5, 2026",TNJGBP3EM5,,Navarro Official,1557 Meridian Avenue,Apt 106,Miami Beach,FL,33139.0,United States,Fueled By Tender Rage Tote Bag,Natural,,,Delivered,3.0,10.0,20.0,"February 11, 2026",No scheduled order date,'-
"February 5, 2026",TNJGBP3EM5,,Navarro Official,1557 Meridian Avenue,Apt 106,Miami Beach,FL,33139.0,United States,Let's Read Banned Books Tote Bag,default,,,Delivered,3.0,10.0,20.0,"February 11, 2026",No scheduled order date,'-
"February 5, 2026",TNJGBP3EM5,,Navarro Official,1557 Meridian Avenue,Apt 106,Miami Beach,FL,33139.0,United States,Have The Day You Voted For Tote Bag,default,,,Delivered,3.0,10.0,20.0,"February 11, 2026",No scheduled order date,'-
"February 5, 2026",SU8R5P942S,,Zandbroz Variety,209 South Phillips Avenue,,Sioux Falls,SD,57104.0,United States,Disappointed But Not Surprised Pen,default,,,Delivered,12.0,0.85,2.75,"February 10, 2026",No scheduled order date,'-
"February 5, 2026",SU8R5P942S,,Zandbroz Variety,209 South Phillips Avenue,,Sioux Falls,SD,57104.0,United States,It's A Good Day To Read Button,default,,,Delivered,6.0,1.0,2.75,"February 10, 2026",No scheduled order date,'-
"February 5, 2026",SU8R5P942S,,Zandbroz Variety,209 South Phillips Avenue,,Sioux Falls,SD,57104.0,United States,Radicalized By Basic Decency Button,default,,,Delivered,6.0,1.25,2.5,"February 10, 2026",No scheduled order date,'-
"February 5, 2026",SU8R5P942S,,Zandbroz Variety,209 South Phillips Avenue,,Sioux Falls,SD,57104.0,United States,Big Fan of Human Rights Button,default,,,Delivered,6.0,1.5,3.0,"February 10, 2026",No scheduled order date,'-
"February 5, 2026",SU8R5P942S,,Zandbroz Variety,209 South Phillips Avenue,,Sioux Falls,SD,57104.0,United States,Publicly Shame Racists Button,default,,,Delivered,6.0,1.25,2.75,"February 10, 2026",No scheduled order date,'-
"February 5, 2026",SU8R5P942S,,Zandbroz Variety,209 South Phillips Avenue,,Sioux Falls,SD,57104.0,United States,What's More Punk Than The Public Library Button,default,,,Delivered,6.0,1.0,2.75,"February 10, 2026",No scheduled order date,'-
"February 5, 2026",SU8R5P942S,,Zandbroz Variety,209 South Phillips Avenue,,Sioux Falls,SD,57104.0,United States,America Was Built By Immigrants Sticker,default,,,Delivered,6.0,1.75,4.75,"February 10, 2026",No scheduled order date,'-
"February 5, 2026",SU8R5P942S,,Zandbroz Variety,209 South Phillips Avenue,,Sioux Falls,SD,57104.0,United States,Caring About People Is Not Political Button,default,,,Delivered,6.0,1.0,2.75,"February 10, 2026",No scheduled order date,'-
"February 5, 2026",SU8R5P942S,,Zandbroz Variety,209 South Phillips Avenue,,Sioux Falls,SD,57104.0,United States,Build This Wall Sticker,default,,,Delivered,6.0,1.75,4.75,"February 10, 2026",No scheduled order date,'-
"February 5, 2026",SU8R5P942S,,Zandbroz Variety,209 South Phillips Avenue,,Sioux Falls,SD,57104.0,United States,Regulate Dick Not Jane Button,default,,,Delivered,6.0,1.25,2.75,"February 10, 2026",No scheduled order date,'-
"February 5, 2026",SU8R5P942S,,Zandbroz Variety,209 South Phillips Avenue,,Sioux Falls,SD,57104.0,United States,If Explosive Diarrhea Was A Person Glitter Sticker,Glittery,,,Delivered,12.0,1.75,4.75,"February 10, 2026",No scheduled order date,'-
"February 5, 2026",SU8R5P942S,,Zandbroz Variety,209 South Phillips Avenue,,Sioux Falls,SD,57104.0,United States,Pickle Slut Pen,default,,,Delivered,12.0,0.85,2.75,"February 10, 2026",No scheduled order date,'-
"February 5, 2026",SU8R5P942S,,Zandbroz Variety,209 South Phillips Avenue,,Sioux Falls,SD,57104.0,United States,For The Fuckteenth Time Pen,default,,,Delivered,12.0,0.85,2.75,"February 10, 2026",No scheduled order date,'-
"February 5, 2026",SU8R5P942S,,Zandbroz Variety,209 South Phillips Avenue,,Sioux Falls,SD,57104.0,United States,Currently Dissociating Pen,default,,,Delivered,12.0,0.85,2.75,"February 10, 2026",No scheduled order date,'-
"February 5, 2026",SU8R5P942S,,Zandbroz Variety,209 South Phillips Avenue,,Sioux Falls,SD,57104.0,United States,I May Be Wrong But I Doubt It Pen,default,,,Delivered,12.0,0.85,2.75,"February 10, 2026",No scheduled order date,'-
"February 5, 2026",SU8R5P942S,,Zandbroz Variety,209 South Phillips Avenue,,Sioux Falls,SD,57104.0,United States,"Sorry I Was Rude, It Was Probably Your Fault Pen",default,,,Delivered,12.0,0.85,2.75,"February 10, 2026",No scheduled order date,'-
"February 4, 2026",P274XJDJF5,,The Record Exchange,1105 West Idaho Street,,Boise,ID,83702.0,United States,This Place Sucks. I'm Outta Here. Tote Bag,Natural,,,Delivered,3.0,10.0,20.0,"February 11, 2026",No scheduled order date,'-
"February 4, 2026",P274XJDJF5,,The Record Exchange,1105 West Idaho Street,,Boise,ID,83702.0,United States,America Was Built By Immigrants Sticker,default,,,Delivered,9.0,1.75,4.75,"February 11, 2026",No scheduled order date,'-
"February 4, 2026",P274XJDJF5,,The Record Exchange,1105 West Idaho Street,,Boise,ID,83702.0,United States,Resist Sticker,default,,,Delivered,9.0,1.75,4.75,"February 11, 2026",No scheduled order date,'-
"February 4, 2026",P274XJDJF5,,The Record Exchange,1105 West Idaho Street,,Boise,ID,83702.0,United States,Burn The Patriarchy Sticker,default,,,Delivered,9.0,1.75,4.75,"February 11, 2026",No scheduled order date,'-
"February 4, 2026",P274XJDJF5,,The Record Exchange,1105 West Idaho Street,,Boise,ID,83702.0,United States,Community Is Resistance Sticker,default,,,Delivered,9.0,1.75,4.75,"February 11, 2026",No scheduled order date,'-
"February 4, 2026",P274XJDJF5,,The Record Exchange,1105 West Idaho Street,,Boise,ID,83702.0,United States,Awake But At What Cost Sticker,default,,,Delivered,6.0,1.75,4.75,"February 11, 2026",No scheduled order date,'-
"February 4, 2026",P274XJDJF5,,The Record Exchange,1105 West Idaho Street,,Boise,ID,83702.0,United States,Dumpster Fire Response Team Button,default,,,Delivered,4.0,1.0,3.0,"February 11, 2026",No scheduled order date,'-
"February 4, 2026",P274XJDJF5,,The Record Exchange,1105 West Idaho Street,,Boise,ID,83702.0,United States,Spooky Liberal Feminist Witch Sticker,default,,,Delivered,6.0,1.75,4.75,"February 11, 2026",No scheduled order date,'-
"February 4, 2026",P274XJDJF5,,The Record Exchange,1105 West Idaho Street,,Boise,ID,83702.0,United States,"Anyway, Here's Wonderwall Sticker",default,,,Delivered,6.0,1.75,4.75,"February 11, 2026",No scheduled order date,'-
"February 4, 2026",P274XJDJF5,,The Record Exchange,1105 West Idaho Street,,Boise,ID,83702.0,United States,Justifiably Furious Tote Bag,default,,,Delivered,3.0,10.0,20.0,"February 11, 2026",No scheduled order date,'-
"February 4, 2026",P274XJDJF5,,The Record Exchange,1105 West Idaho Street,,Boise,ID,83702.0,United States,Dream Job? I Do Not Dream Of Labor Glitter Sticker,default,,,Delivered,6.0,1.75,4.75,"February 11, 2026",No scheduled order date,'-
"February 4, 2026",P274XJDJF5,,The Record Exchange,1105 West Idaho Street,,Boise,ID,83702.0,United States,Radical Left Scum Sticker,default,,,Delivered,6.0,1.75,4.75,"February 11, 2026",No scheduled order date,'-
"February 4, 2026",P274XJDJF5,,The Record Exchange,1105 West Idaho Street,,Boise,ID,83702.0,United States,The Hell I Won't Tote Bag,Natural,,,Delivered,3.0,10.0,20.0,"February 11, 2026",No scheduled order date,'-
"February 4, 2026",P274XJDJF5,,The Record Exchange,1105 West Idaho Street,,Boise,ID,83702.0,United States,The Many Faces Of Cats Tote Bag,Natural,,,Delivered,3.0,10.0,20.0,"February 11, 2026",No scheduled order date,'-
"February 4, 2026",PQFV2KQ562,,Karma Records of Warsaw,919 E WINONA AVE,Suite 1,Warsaw,IN,46580.0,United States,Daily Shitstorm Survivors Club Button,default,,,Delivered,3.0,1.0,2.75,"February 10, 2026",No scheduled order date,'-
"February 4, 2026",PQFV2KQ562,,Karma Records of Warsaw,919 E WINONA AVE,Suite 1,Warsaw,IN,46580.0,United States,What's More Punk Than The Public Library Button,default,,,Delivered,3.0,1.0,2.75,"February 10, 2026",No scheduled order date,'-
"February 4, 2026",PQFV2KQ562,,Karma Records of Warsaw,919 E WINONA AVE,Suite 1,Warsaw,IN,46580.0,United States,Publicly Shame Racists Button,default,,,Delivered,3.0,1.25,2.75,"February 10, 2026",No scheduled order date,'-
"February 4, 2026",PQFV2KQ562,,Karma Records of Warsaw,919 E WINONA AVE,Suite 1,Warsaw,IN,46580.0,United States,Radicalized By Basic Decency Button,default,,,Delivered,3.0,1.25,2.5,"February 10, 2026",No scheduled order date,'-
"February 4, 2026",PQFV2KQ562,,Karma Records of Warsaw,919 E WINONA AVE,Suite 1,Warsaw,IN,46580.0,United States,Burn The Patriarchy Sticker,default,,,Delivered,6.0,1.75,4.75,"February 10, 2026",No scheduled order date,'-
"February 4, 2026",PQFV2KQ562,,Karma Records of Warsaw,919 E WINONA AVE,Suite 1,Warsaw,IN,46580.0,United States,I Didn't Survive A Pandemic For This Shit Glitter Sticker,default,,,Delivered,6.0,1.75,4.75,"February 10, 2026",No scheduled order date,'-
"February 4, 2026",PQFV2KQ562,,Karma Records of Warsaw,919 E WINONA AVE,Suite 1,Warsaw,IN,46580.0,United States,If You Support Fascism We Can't Be Friends Glitter Sticker,default,,,Delivered,6.0,1.75,4.75,"February 10, 2026",No scheduled order date,'-
"February 4, 2026",PQFV2KQ562,,Karma Records of Warsaw,919 E WINONA AVE,Suite 1,Warsaw,IN,46580.0,United States,Big Fan Of Human Rights Holographic Sticker,default,,,Delivered,6.0,1.75,4.75,"February 10, 2026",No scheduled order date,'-
"February 4, 2026",PQFV2KQ562,,Karma Records of Warsaw,919 E WINONA AVE,Suite 1,Warsaw,IN,46580.0,United States,Compost The Patriarchy Sticker,default,,,Delivered,6.0,1.75,4.75,"February 10, 2026",No scheduled order date,'-
"February 4, 2026",PQFV2KQ562,,Karma Records of Warsaw,919 E WINONA AVE,Suite 1,Warsaw,IN,46580.0,United States,The Only Minority Destroying This Country Are The Billionaires Sticker,Black,,,Delivered,6.0,1.75,4.75,"February 10, 2026",No scheduled order date,'-
"February 4, 2026",PQFV2KQ562,,Karma Records of Warsaw,919 E WINONA AVE,Suite 1,Warsaw,IN,46580.0,United States,Fight Oligarchy Sticker,default,,,Delivered,6.0,1.75,4.75,"February 10, 2026",No scheduled order date,'-
"February 4, 2026",PQFV2KQ562,,Karma Records of Warsaw,919 E WINONA AVE,Suite 1,Warsaw,IN,46580.0,United States,Fuck Ice Holographic Sticker,default,,,Delivered,6.0,1.75,4.75,"February 10, 2026",No scheduled order date,'-
"February 4, 2026",PQFV2KQ562,,Karma Records of Warsaw,919 E WINONA AVE,Suite 1,Warsaw,IN,46580.0,United States,Only You Can Prevent Fascism Sticker,default,,,Delivered,6.0,1.75,4.75,"February 10, 2026",No scheduled order date,'-
"February 4, 2026",PQFV2KQ562,,Karma Records of Warsaw,919 E WINONA AVE,Suite 1,Warsaw,IN,46580.0,United States,You Just Got Passed By 3 Raccoons In A Trench Coat Bumper Sticker,default,,,Delivered,3.0,3.5,9.0,"February 10, 2026",No scheduled order date,'-
"February 4, 2026",PQFV2KQ562,,Karma Records of Warsaw,919 E WINONA AVE,Suite 1,Warsaw,IN,46580.0,United States,Fueled By Tender Rage Sticker,default,,,Delivered,6.0,1.75,4.75,"February 10, 2026",No scheduled order date,'-
"February 4, 2026",PQFV2KQ562,,Karma Records of Warsaw,919 E WINONA AVE,Suite 1,Warsaw,IN,46580.0,United States,Slut For Farmer's Market Glitter Sticker,default,,,Delivered,6.0,1.75,4.75,"February 10, 2026",No scheduled order date,'-
"February 4, 2026",PQFV2KQ562,,Karma Records of Warsaw,919 E WINONA AVE,Suite 1,Warsaw,IN,46580.0,United States,The Hell I Won't Sticker,default,,,Delivered,6.0,1.75,4.75,"February 10, 2026",No scheduled order date,'-
"February 4, 2026",PQFV2KQ562,,Karma Records of Warsaw,919 E WINONA AVE,Suite 1,Warsaw,IN,46580.0,United States,When Cruelty Becomes Normal Compassion Looks Radical Sticker,default,,,Delivered,6.0,1.75,4.75,"February 10, 2026",No scheduled order date,'-
"February 3, 2026",6RUTJG83GN,,Edmonds Bowl Ace Hardware,550 5th Avenue South,,Edmonds,WA,98020.0,United States,I May Be Wrong But I Doubt It Pen,default,,,Delivered,20.0,0.85,2.75,"February 11, 2026",No scheduled order date,'-
"February 3, 2026",6RUTJG83GN,,Edmonds Bowl Ace Hardware,550 5th Avenue South,,Edmonds,WA,98020.0,United States,"Sorry I Was Rude, It Was Probably Your Fault Pen",default,,,Delivered,20.0,0.85,2.75,"February 11, 2026",No scheduled order date,'-
"February 3, 2026",6RUTJG83GN,,Edmonds Bowl Ace Hardware,550 5th Avenue South,,Edmonds,WA,98020.0,United States,Have The Day You Voted For Button,default,,,Delivered,20.0,1.0,2.75,"February 11, 2026",No scheduled order date,'-
"February 3, 2026",6RUTJG83GN,,Edmonds Bowl Ace Hardware,550 5th Avenue South,,Edmonds,WA,98020.0,United States,Please Hesitate To Reach Out To Me Sticker (2 colors available),Pink & Red,,,Delivered,10.0,1.75,4.75,"February 11, 2026",No scheduled order date,'-
"February 3, 2026",6RUTJG83GN,,Edmonds Bowl Ace Hardware,550 5th Avenue South,,Edmonds,WA,98020.0,United States,"Do You Have Any Fucks? Not Even One, Girl. Go Fish. Sticker",default,,,Delivered,10.0,1.75,4.75,"February 11, 2026",No scheduled order date,'-
"February 3, 2026",6RUTJG83GN,,Edmonds Bowl Ace Hardware,550 5th Avenue South,,Edmonds,WA,98020.0,United States,Awake But At What Cost Sticker,default,,,Delivered,6.0,1.75,4.75,"February 11, 2026",No scheduled order date,'-
"February 3, 2026",6RUTJG83GN,,Edmonds Bowl Ace Hardware,550 5th Avenue South,,Edmonds,WA,98020.0,United States,Fuck Ice Holographic Sticker,default,,,Delivered,6.0,1.75,4.75,"February 11, 2026",No scheduled order date,'-
"February 3, 2026",6RUTJG83GN,,Edmonds Bowl Ace Hardware,550 5th Avenue South,,Edmonds,WA,98020.0,United States,Please Don't Hit Me IDK How Insurance Works Bumper Sticker,default,,,Delivered,20.0,2.5,7.25,"February 11, 2026",No scheduled order date,'-
"February 3, 2026",6RUTJG83GN,,Edmonds Bowl Ace Hardware,550 5th Avenue South,,Edmonds,WA,98020.0,United States,I've Heard Enough From Old White Men Button,default,,,Delivered,7.0,1.0,2.75,"February 11, 2026",No scheduled order date,'-
"February 3, 2026",6RUTJG83GN,,Edmonds Bowl Ace Hardware,550 5th Avenue South,,Edmonds,WA,98020.0,United States,Radicalized By Basic Decency Button,default,,,Delivered,10.0,1.25,2.5,"February 11, 2026",No scheduled order date,'-
"February 3, 2026",6RUTJG83GN,,Edmonds Bowl Ace Hardware,550 5th Avenue South,,Edmonds,WA,98020.0,United States,Sorry I Can't Go I'm An Indoor Cat Glitter Sticker,default,,,Delivered,6.0,1.75,4.75,"February 11, 2026",No scheduled order date,'-
"February 3, 2026",6RUTJG83GN,,Edmonds Bowl Ace Hardware,550 5th Avenue South,,Edmonds,WA,98020.0,United States,Educate Your Son Sticker,default,,,Delivered,6.0,1.75,4.75,"February 11, 2026",No scheduled order date,'-
"February 3, 2026",6RUTJG83GN,,Edmonds Bowl Ace Hardware,550 5th Avenue South,,Edmonds,WA,98020.0,United States,Emotional Support Co-Worker Sticker,default,,,Delivered,6.0,1.75,4.75,"February 11, 2026",No scheduled order date,'-
"February 3, 2026",6RUTJG83GN,,Edmonds Bowl Ace Hardware,550 5th Avenue South,,Edmonds,WA,98020.0,United States,Have The Day You Voted For Tote Bag,default,,,Delivered,3.0,10.0,20.0,"February 11, 2026",No scheduled order date,'-
"February 3, 2026",6RUTJG83GN,,Edmonds Bowl Ace Hardware,550 5th Avenue South,,Edmonds,WA,98020.0,United States,Do You Have Any Fucks? Not Even One Girl. Go Fish Tote Bag,default,,,Delivered,3.0,10.0,20.0,"February 11, 2026",No scheduled order date,'-
"February 3, 2026",6RUTJG83GN,,Edmonds Bowl Ace Hardware,550 5th Avenue South,,Edmonds,WA,98020.0,United States,Publicly Shame Racists Button,default,,,Delivered,5.0,1.25,2.75,"February 11, 2026",No scheduled order date,'-
"February 3, 2026",6RUTJG83GN,,Edmonds Bowl Ace Hardware,550 5th Avenue South,,Edmonds,WA,98020.0,United States,Big Fan of Human Rights Button,default,,,Delivered,10.0,1.5,3.0,"February 11, 2026",No scheduled order date,'-
"February 3, 2026",6RUTJG83GN,,Edmonds Bowl Ace Hardware,550 5th Avenue South,,Edmonds,WA,98020.0,United States,I Took My Medication To Be Here Button,default,,,Delivered,5.0,1.0,2.75,"February 11, 2026",No scheduled order date,'-
"February 3, 2026",6RUTJG83GN,,Edmonds Bowl Ace Hardware,550 5th Avenue South,,Edmonds,WA,98020.0,United States,"I May Be Wrong, But I Doubt It Keychain",default,,,Delivered,5.0,4.5,10.0,"February 11, 2026",No scheduled order date,'-
"February 3, 2026",6RUTJG83GN,,Edmonds Bowl Ace Hardware,550 5th Avenue South,,Edmonds,WA,98020.0,United States,I May Be Wrong But I Doubt It Button,default,,,Delivered,9.0,1.0,2.75,"February 11, 2026",No scheduled order date,'-
"February 3, 2026",6RUTJG83GN,,Edmonds Bowl Ace Hardware,550 5th Avenue South,,Edmonds,WA,98020.0,United States,Surprise Mini Troll,default,,,Delivered,25.0,0.6,1.5,"February 11, 2026",No scheduled order date,'-
"February 3, 2026",6RUTJG83GN,,Edmonds Bowl Ace Hardware,550 5th Avenue South,,Edmonds,WA,98020.0,United States,Currently Dissociating Pen,default,,,Delivered,20.0,0.85,2.75,"February 11, 2026",No scheduled order date,'-
"February 3, 2026",6RUTJG83GN,,Edmonds Bowl Ace Hardware,550 5th Avenue South,,Edmonds,WA,98020.0,United States,Dumpster Fire Response Team Member Pen,default,,,Delivered,20.0,0.85,2.75,"February 11, 2026",No scheduled order date,'-
"February 3, 2026",6RUTJG83GN,,Edmonds Bowl Ace Hardware,550 5th Avenue South,,Edmonds,WA,98020.0,United States,Disappointed But Not Surprised Pen,default,,,Delivered,16.0,0.85,2.75,"February 11, 2026",No scheduled order date,'-
"February 2, 2026",8KKNUYSW2S,,Token 249,249 Northampton Street,,Easton,PA,18042.0,United States,Pathetic Sticker,default,,,Delivered,6.0,1.75,4.75,"February 11, 2026",No scheduled order date,'-
"February 2, 2026",8KKNUYSW2S,,Token 249,249 Northampton Street,,Easton,PA,18042.0,United States,Fuck Ice Holographic Sticker,default,,,Delivered,6.0,1.75,4.75,"February 11, 2026",No scheduled order date,'-
"February 2, 2026",8KKNUYSW2S,,Token 249,249 Northampton Street,,Easton,PA,18042.0,United States,Radicalized By Basic Decency Floral Tote Bag,Black,,,Delivered,3.0,10.0,20.0,"February 11, 2026",No scheduled order date,'-
"February 2, 2026",8KKNUYSW2S,,Token 249,249 Northampton Street,,Easton,PA,18042.0,United States,Big Fan Of Human Rights Tote Bag,Natural,,,Delivered,3.0,10.0,20.0,"February 11, 2026",No scheduled order date,'-
"February 2, 2026",8KKNUYSW2S,,Token 249,249 Northampton Street,,Easton,PA,18042.0,United States,Dumpster Fire Response Team Member Pen,default,,,Delivered,12.0,0.85,2.75,"February 11, 2026",No scheduled order date,'-
"February 2, 2026",8KKNUYSW2S,,Token 249,249 Northampton Street,,Easton,PA,18042.0,United States,Surprise Mini Troll,default,,,Delivered,24.0,0.6,1.5,"February 11, 2026",No scheduled order date,'-
"February 2, 2026",8KKNUYSW2S,,Token 249,249 Northampton Street,,Easton,PA,18042.0,United States,For The Fuckteenth Time Pen,default,,,Delivered,12.0,0.85,2.75,"February 11, 2026",No scheduled order date,'-
"February 2, 2026",8KKNUYSW2S,,Token 249,249 Northampton Street,,Easton,PA,18042.0,United States,I'd Rather Be Bed Rotting Pen,default,,,Delivered,12.0,0.85,2.75,"February 11, 2026",No scheduled order date,'-
"February 2, 2026",8KKNUYSW2S,,Token 249,249 Northampton Street,,Easton,PA,18042.0,United States,Radicalized By Basic Decency Floral Sticker,default,,,Delivered,6.0,1.75,4.75,"February 11, 2026",No scheduled order date,'-
"February 2, 2026",8KKNUYSW2S,,Token 249,249 Northampton Street,,Easton,PA,18042.0,United States,Girl Power Tote Bag,Natural,,,Delivered,3.0,10.0,20.0,"February 11, 2026",No scheduled order date,'-
"February 2, 2026",9GR7DCU28U,,Treasureology,56260 Pershing Street,,Mishawaka,IN,46545.0,United States,"Do You Have Any Fucks? Not Even One, Girl. Go Fish. Sticker",default,,,Delivered,10.0,1.75,4.75,"February 5, 2026",No scheduled order date,'-
"February 2, 2026",9GR7DCU28U,,Treasureology,56260 Pershing Street,,Mishawaka,IN,46545.0,United States,What's More Punk Than The Public Library Sticker,default,,,Delivered,6.0,1.75,4.75,"February 5, 2026",No scheduled order date,'-
"February 2, 2026",9GR7DCU28U,,Treasureology,56260 Pershing Street,,Mishawaka,IN,46545.0,United States,No Human Is Illegal Glitter Sticker,default,,,Delivered,6.0,1.75,4.75,"February 5, 2026",No scheduled order date,'-
"February 2, 2026",9GR7DCU28U,,Treasureology,56260 Pershing Street,,Mishawaka,IN,46545.0,United States,When Cruelty Becomes Normal Compassion Looks Radical Sticker,default,,,Delivered,10.0,1.75,4.75,"February 5, 2026",No scheduled order date,'-
"February 2, 2026",9GR7DCU28U,,Treasureology,56260 Pershing Street,,Mishawaka,IN,46545.0,United States,Disappointments All Of You Sticker,default,,,Delivered,10.0,1.75,4.75,"February 5, 2026",No scheduled order date,'-
"February 2, 2026",9GR7DCU28U,,Treasureology,56260 Pershing Street,,Mishawaka,IN,46545.0,United States,Shoutout To Everyone That Wanted To Read Their Book Today But Had To Adult Instead Glitter Sticker,default,,,Delivered,6.0,1.75,4.75,"February 5, 2026",No scheduled order date,'-
"February 2, 2026",9GR7DCU28U,,Treasureology,56260 Pershing Street,,Mishawaka,IN,46545.0,United States,Spooky Liberal Feminist Witch Sticker,default,,,Delivered,6.0,1.75,4.75,"February 5, 2026",No scheduled order date,'-
"February 2, 2026",9GR7DCU28U,,Treasureology,56260 Pershing Street,,Mishawaka,IN,46545.0,United States,Are You Overthinking What I'm Overthinking Holographic Sticker,default,,,Delivered,6.0,1.75,4.75,"February 5, 2026",No scheduled order date,'-
"February 2, 2026",9GR7DCU28U,,Treasureology,56260 Pershing Street,,Mishawaka,IN,46545.0,United States,Emotional Support Water Bottle (Blue) Sticker,default,,,Delivered,6.0,1.75,4.75,"February 5, 2026",No scheduled order date,'-
"February 2, 2026",9GR7DCU28U,,Treasureology,56260 Pershing Street,,Mishawaka,IN,46545.0,United States,Radical Left Scum Sticker,default,,,Delivered,10.0,1.75,4.75,"February 5, 2026",No scheduled order date,'-
"February 2, 2026",9GR7DCU28U,,Treasureology,56260 Pershing Street,,Mishawaka,IN,46545.0,United States,Your Lack Of Empathy Is Not The Flex You Think It Is Glitter Sticker,default,,,Delivered,10.0,1.75,4.75,"February 5, 2026",No scheduled order date,'-
"February 2, 2026",9GR7DCU28U,,Treasureology,56260 Pershing Street,,Mishawaka,IN,46545.0,United States,Fuck Ice Holographic Sticker,default,,,Delivered,10.0,1.75,4.75,"February 5, 2026",No scheduled order date,'-
"February 2, 2026",9GR7DCU28U,,Treasureology,56260 Pershing Street,,Mishawaka,IN,46545.0,United States,America Was Built By Immigrants Sticker,default,,,Delivered,10.0,1.75,4.75,"February 5, 2026",No scheduled order date,'-
"February 2, 2026",9GR7DCU28U,,Treasureology,56260 Pershing Street,,Mishawaka,IN,46545.0,United States,Be Brave Be Loud And Look Out For Others Sticker,default,,,Delivered,10.0,1.75,4.75,"February 5, 2026",No scheduled order date,'-
"February 2, 2026",9GR7DCU28U,,Treasureology,56260 Pershing Street,,Mishawaka,IN,46545.0,United States,Resist Sticker,default,,,Delivered,10.0,1.75,4.75,"February 5, 2026",No scheduled order date,'-
"February 2, 2026",9GR7DCU28U,,Treasureology,56260 Pershing Street,,Mishawaka,IN,46545.0,United States,No One Is Illegal On Stolen Land Bumper Sticker,default,,,Delivered,8.0,3.75,9.0,"February 5, 2026",No scheduled order date,'-
"February 2, 2026",9GR7DCU28U,,Treasureology,56260 Pershing Street,,Mishawaka,IN,46545.0,United States,Have The Day You Voted For Bumper Sticker (2 colors available),Yellow Background,,,Delivered,8.0,2.5,8.0,"February 5, 2026",No scheduled order date,'-
"February 2, 2026",9GR7DCU28U,,Treasureology,56260 Pershing Street,,Mishawaka,IN,46545.0,United States,I Brake For Thrift Shops Bumper Sticker,default,,,Delivered,6.0,3.5,9.0,"February 5, 2026",No scheduled order date,'-
"February 2, 2026",9GR7DCU28U,,Treasureology,56260 Pershing Street,,Mishawaka,IN,46545.0,United States,"Pro Choice, Pro Love, Pro Science, Pro Women Sticker",default,,,Delivered,6.0,1.75,4.75,"February 5, 2026",No scheduled order date,'-
"February 2, 2026",9GR7DCU28U,,Treasureology,56260 Pershing Street,,Mishawaka,IN,46545.0,United States,I Never Said That Jesus Sticker,default,,,Delivered,6.0,1.75,4.75,"February 5, 2026",No scheduled order date,'-
"February 2, 2026",9GR7DCU28U,,Treasureology,56260 Pershing Street,,Mishawaka,IN,46545.0,United States,Let's Be Better Humans Sticker,default,,,Delivered,6.0,1.75,6.5,"February 5, 2026",No scheduled order date,'-
"February 2, 2026",9GR7DCU28U,,Treasureology,56260 Pershing Street,,Mishawaka,IN,46545.0,United States,"I May Be Laid Back, But I Can Lean Forward Real Fucking Quick Glitter Sticker",default,,,Delivered,6.0,1.75,4.75,"February 5, 2026",No scheduled order date,'-
"February 2, 2026",9GR7DCU28U,,Treasureology,56260 Pershing Street,,Mishawaka,IN,46545.0,United States,You Just Got Passed By 3 Raccoons In A Trench Coat Bumper Sticker,default,,,Delivered,3.0,3.5,9.0,"February 5, 2026",No scheduled order date,'-
"February 2, 2026",9GR7DCU28U,,Treasureology,56260 Pershing Street,,Mishawaka,IN,46545.0,United States,I'm No Gynecologist But I Know A Cunt When I See One Glitter Sticker,default,,,Delivered,6.0,1.75,4.75,"February 5, 2026",No scheduled order date,'-
"February 1, 2026",ZSM7SD5UZC,,Fish Wife Sweets,648 Myrtle Street,,Half Moon Bay,CA,94019.0,United States,Build This Wall Sticker,default,,,Delivered,6.0,1.75,4.75,"February 10, 2026",No scheduled order date,'-
"February 1, 2026",ZSM7SD5UZC,,Fish Wife Sweets,648 Myrtle Street,,Half Moon Bay,CA,94019.0,United States,Big Fan Of Human Rights Holographic Sticker,default,,,Delivered,6.0,1.75,4.75,"February 10, 2026",No scheduled order date,'-
"February 1, 2026",ZSM7SD5UZC,,Fish Wife Sweets,648 Myrtle Street,,Half Moon Bay,CA,94019.0,United States,Some Of You Weren't Paying Attention In History Class And It Shows Pixie Glitter Sticker,default,,,Delivered,6.0,1.75,4.75,"February 10, 2026",No scheduled order date,'-
"February 1, 2026",ZSM7SD5UZC,,Fish Wife Sweets,648 Myrtle Street,,Half Moon Bay,CA,94019.0,United States,Policy & Change Sticker,default,,,Delivered,6.0,1.75,4.75,"February 10, 2026",No scheduled order date,'-
"February 1, 2026",ZSM7SD5UZC,,Fish Wife Sweets,648 Myrtle Street,,Half Moon Bay,CA,94019.0,United States,Resist Sticker,default,,,Delivered,6.0,1.75,4.75,"February 10, 2026",No scheduled order date,'-
"February 1, 2026",ZSM7SD5UZC,,Fish Wife Sweets,648 Myrtle Street,,Half Moon Bay,CA,94019.0,United States,Just Be A Good Human Glitter Sticker,default,,,Delivered,6.0,1.75,4.75,"February 10, 2026",No scheduled order date,'-
"February 1, 2026",ZSM7SD5UZC,,Fish Wife Sweets,648 Myrtle Street,,Half Moon Bay,CA,94019.0,United States,Fuck Ice Holographic Sticker,default,,,Delivered,6.0,1.75,4.75,"February 10, 2026",No scheduled order date,'-
"February 1, 2026",ZSM7SD5UZC,,Fish Wife Sweets,648 Myrtle Street,,Half Moon Bay,CA,94019.0,United States,The Only Ice I Like Is The Ice That My Two Gay Boyfriends Skate Around On Sticker,default,,,Delivered,6.0,1.75,4.75,"February 10, 2026",No scheduled order date,'-
"February 1, 2026",ZSM7SD5UZC,,Fish Wife Sweets,648 Myrtle Street,,Half Moon Bay,CA,94019.0,United States,Diet Coke Slut Glitter Sticker,default,,,Delivered,6.0,1.75,4.75,"February 10, 2026",No scheduled order date,'-
"February 1, 2026",ZSM7SD5UZC,,Fish Wife Sweets,648 Myrtle Street,,Half Moon Bay,CA,94019.0,United States,Radical Left Scum Sticker,default,,,Delivered,6.0,1.75,4.75,"February 10, 2026",No scheduled order date,'-
"February 1, 2026",ZSM7SD5UZC,,Fish Wife Sweets,648 Myrtle Street,,Half Moon Bay,CA,94019.0,United States,Stay Salty Melt Ice Tote Bag,Black,,,Delivered,3.0,10.0,20.0,"February 10, 2026",No scheduled order date,'-
"February 1, 2026",ZSM7SD5UZC,,Fish Wife Sweets,648 Myrtle Street,,Half Moon Bay,CA,94019.0,United States,If Explosive Diarrhea Was A Person Glitter Sticker,Glittery,,,Delivered,6.0,1.75,4.75,"February 10, 2026",No scheduled order date,'-
"February 1, 2026",ZSM7SD5UZC,,Fish Wife Sweets,648 Myrtle Street,,Half Moon Bay,CA,94019.0,United States,The Only Minority Destroying This Country Are The Billionaires Sticker,Black,,,Delivered,6.0,1.75,4.75,"February 10, 2026",No scheduled order date,'-
"February 1, 2026",ZSM7SD5UZC,,Fish Wife Sweets,648 Myrtle Street,,Half Moon Bay,CA,94019.0,United States,Spooky Liberal Feminist Witch Sticker,default,,,Delivered,6.0,1.75,4.75,"February 10, 2026",No scheduled order date,'-
"February 1, 2026",ZSM7SD5UZC,,Fish Wife Sweets,648 Myrtle Street,,Half Moon Bay,CA,94019.0,United States,F*ck Them Boats Orca Sticker,default,,,Delivered,6.0,1.75,4.25,"February 10, 2026",No scheduled order date,'-
"January 30, 2026",2D4UHEAZ7F,,Tandem Brick Gallery,2722 Ingersoll Ave.,,Des Moines,IA,50312.0,United States,It's A Good Day To Read Button,default,,,Delivered,8.0,1.0,2.75,"February 6, 2026",No scheduled order date,'-
"January 30, 2026",2D4UHEAZ7F,,Tandem Brick Gallery,2722 Ingersoll Ave.,,Des Moines,IA,50312.0,United States,Love Thy Neighbor Abolish Ice Tote Bag,Black,,,Delivered,3.0,10.0,20.0,"February 6, 2026",No scheduled order date,'-
"January 30, 2026",2D4UHEAZ7F,,Tandem Brick Gallery,2722 Ingersoll Ave.,,Des Moines,IA,50312.0,United States,You Did It Glitter Sticker,default,,,Delivered,6.0,1.75,4.75,"February 6, 2026",No scheduled order date,'-
"January 30, 2026",2D4UHEAZ7F,,Tandem Brick Gallery,2722 Ingersoll Ave.,,Des Moines,IA,50312.0,United States,If Explosive Diarrhea Was A Person Magnet,default,,,Delivered,6.0,2.5,6.5,"February 6, 2026",No scheduled order date,'-
"January 30, 2026",2D4UHEAZ7F,,Tandem Brick Gallery,2722 Ingersoll Ave.,,Des Moines,IA,50312.0,United States,When Cruelty Becomes Normal Compassion Looks Radical Sticker,default,,,Delivered,6.0,1.75,4.75,"February 6, 2026",No scheduled order date,'-
"January 30, 2026",2D4UHEAZ7F,,Tandem Brick Gallery,2722 Ingersoll Ave.,,Des Moines,IA,50312.0,United States,Caring About People Is Not Political Sticker,default,,,Delivered,6.0,1.75,4.75,"February 6, 2026",No scheduled order date,'-
"January 30, 2026",2D4UHEAZ7F,,Tandem Brick Gallery,2722 Ingersoll Ave.,,Des Moines,IA,50312.0,United States,I May Be Wrong But I Doubt It Pen,default,,,Delivered,6.0,0.85,2.75,"February 6, 2026",No scheduled order date,'-
"January 30, 2026",2D4UHEAZ7F,,Tandem Brick Gallery,2722 Ingersoll Ave.,,Des Moines,IA,50312.0,United States,For The Fuckteenth Time Pen,default,,,Delivered,6.0,0.85,2.75,"February 6, 2026",No scheduled order date,'-
"January 30, 2026",2D4UHEAZ7F,,Tandem Brick Gallery,2722 Ingersoll Ave.,,Des Moines,IA,50312.0,United States,Pickle Slut Pen,default,,,Delivered,6.0,0.85,2.75,"February 6, 2026",No scheduled order date,'-
"January 30, 2026",2D4UHEAZ7F,,Tandem Brick Gallery,2722 Ingersoll Ave.,,Des Moines,IA,50312.0,United States,More Pride Less Prejudice Tote Bag,Natural,,,Delivered,3.0,10.0,20.0,"February 6, 2026",No scheduled order date,'-
"January 30, 2026",2D4UHEAZ7F,,Tandem Brick Gallery,2722 Ingersoll Ave.,,Des Moines,IA,50312.0,United States,America Was Built By Immigrants Sticker,default,,,Delivered,6.0,1.75,4.75,"February 6, 2026",No scheduled order date,'-
"January 30, 2026",2D4UHEAZ7F,,Tandem Brick Gallery,2722 Ingersoll Ave.,,Des Moines,IA,50312.0,United States,Literacy and Justice For All Sticker,default,,,Delivered,6.0,1.75,4.75,"February 6, 2026",No scheduled order date,'-
"January 30, 2026",2D4UHEAZ7F,,Tandem Brick Gallery,2722 Ingersoll Ave.,,Des Moines,IA,50312.0,United States,Stay Salty Melt Ice Tote Bag,Black,,,Delivered,3.0,10.0,20.0,"February 6, 2026",No scheduled order date,'-
"January 30, 2026",XXFGV32Q2X,,Becomingdiva @ the Hairitage Salon,1029 Nanette LN,,Paso Robles,CA,93446.0,United States,Radicalized By Basic Decency Floral Sticker,default,,,Delivered,6.0,1.75,4.75,"February 5, 2026",No scheduled order date,'-
"January 30, 2026",XXFGV32Q2X,,Becomingdiva @ the Hairitage Salon,1029 Nanette LN,,Paso Robles,CA,93446.0,United States,No One Is Illegal On Stolen Land Sticker,default,,,Delivered,6.0,1.75,4.75,"February 5, 2026",No scheduled order date,'-
"January 30, 2026",XXFGV32Q2X,,Becomingdiva @ the Hairitage Salon,1029 Nanette LN,,Paso Robles,CA,93446.0,United States,Radicalized By Basic Decency Button,default,,,Delivered,2.0,1.25,2.5,"February 5, 2026",No scheduled order date,'-
"January 30, 2026",XXFGV32Q2X,,Becomingdiva @ the Hairitage Salon,1029 Nanette LN,,Paso Robles,CA,93446.0,United States,I've Heard Enough From Old White Men Button,default,,,Delivered,2.0,1.0,2.75,"February 5, 2026",No scheduled order date,'-
"January 30, 2026",XXFGV32Q2X,,Becomingdiva @ the Hairitage Salon,1029 Nanette LN,,Paso Robles,CA,93446.0,United States,"Hidden ""Fuck Trump"" Floral Pixie Glitter Sticker",default,,,Delivered,6.0,1.75,4.75,"February 5, 2026",No scheduled order date,'-
"January 30, 2026",XXFGV32Q2X,,Becomingdiva @ the Hairitage Salon,1029 Nanette LN,,Paso Robles,CA,93446.0,United States,Caring About People Is Not Political Sticker,default,,,Delivered,6.0,1.75,4.75,"February 5, 2026",No scheduled order date,'-
"January 30, 2026",XXFGV32Q2X,,Becomingdiva @ the Hairitage Salon,1029 Nanette LN,,Paso Robles,CA,93446.0,United States,America Was Built By Immigrants Sticker,default,,,Delivered,6.0,1.75,4.75,"February 5, 2026",No scheduled order date,'-
"January 30, 2026",XXFGV32Q2X,,Becomingdiva @ the Hairitage Salon,1029 Nanette LN,,Paso Robles,CA,93446.0,United States,When Cruelty Becomes Normal Compassion Looks Radical Sticker,default,,,Delivered,6.0,1.75,4.75,"February 5, 2026",No scheduled order date,'-
"January 30, 2026",XXFGV32Q2X,,Becomingdiva @ the Hairitage Salon,1029 Nanette LN,,Paso Robles,CA,93446.0,United States,Don't Hate Me Just Because I'm A Little Cooler Sticker,default,,,Delivered,6.0,1.75,4.75,"February 5, 2026",No scheduled order date,'-
"January 30, 2026",XXFGV32Q2X,,Becomingdiva @ the Hairitage Salon,1029 Nanette LN,,Paso Robles,CA,93446.0,United States,Keep The Immigrants Deport The Racists Sticker,default,,,Delivered,6.0,1.75,4.75,"February 5, 2026",No scheduled order date,'-
"January 30, 2026",XXFGV32Q2X,,Becomingdiva @ the Hairitage Salon,1029 Nanette LN,,Paso Robles,CA,93446.0,United States,The Road To Fascism Is Paved With The People That Told You To Stop Overreacting Holographic Sticker,default,,,Delivered,6.0,1.75,4.75,"February 5, 2026",No scheduled order date,'-
"January 30, 2026",XXFGV32Q2X,,Becomingdiva @ the Hairitage Salon,1029 Nanette LN,,Paso Robles,CA,93446.0,United States,Proud Crybaby Glitter Sticker,default,,,Delivered,6.0,1.75,4.75,"February 5, 2026",No scheduled order date,'-
"January 30, 2026",XXFGV32Q2X,,Becomingdiva @ the Hairitage Salon,1029 Nanette LN,,Paso Robles,CA,93446.0,United States,I've Heard Enough From Old White Men Sticker,default,,,Delivered,6.0,1.75,4.75,"February 5, 2026",No scheduled order date,'-
"January 30, 2026",XXFGV32Q2X,,Becomingdiva @ the Hairitage Salon,1029 Nanette LN,,Paso Robles,CA,93446.0,United States,Regulate Dick Not Jane Button,default,,,Delivered,2.0,1.25,2.75,"February 5, 2026",No scheduled order date,'-
"January 30, 2026",XXFGV32Q2X,,Becomingdiva @ the Hairitage Salon,1029 Nanette LN,,Paso Robles,CA,93446.0,United States,Sad Girls Against The System Sticker,default,,,Delivered,6.0,1.75,4.75,"February 5, 2026",No scheduled order date,'-
"January 30, 2026",XXFGV32Q2X,,Becomingdiva @ the Hairitage Salon,1029 Nanette LN,,Paso Robles,CA,93446.0,United States,Publicly Shame Racists Button,default,,,Delivered,2.0,1.25,2.75,"February 5, 2026",No scheduled order date,'-
"January 30, 2026",B33G7T5ZTZ,,Julia’s Shoppe,25 North Main Street,,Richfield,UT,84701-2552,United States,Big Fan of Human Rights Button,default,,,Shipped,6.0,1.5,3.0,"February 13, 2026",No scheduled order date,'-
"January 30, 2026",B33G7T5ZTZ,,Julia’s Shoppe,25 North Main Street,,Richfield,UT,84701-2552,United States,Be Brave Be Loud And Look Out For Others Sticker,default,,,Shipped,12.0,1.75,4.75,"February 13, 2026",No scheduled order date,'-
"January 30, 2026",B33G7T5ZTZ,,Julia’s Shoppe,25 North Main Street,,Richfield,UT,84701-2552,United States,Let's Be Better Humans Sticker,default,,,Shipped,12.0,1.75,6.5,"February 13, 2026",No scheduled order date,'-
"January 30, 2026",B33G7T5ZTZ,,Julia’s Shoppe,25 North Main Street,,Richfield,UT,84701-2552,United States,Dumpster Fire Response Team Button,default,,,Shipped,6.0,1.0,3.0,"February 13, 2026",No scheduled order date,'-
"January 30, 2026",B33G7T5ZTZ,,Julia’s Shoppe,25 North Main Street,,Richfield,UT,84701-2552,United States,Dumpster Fire Response Team Team Leader Sticker,default,,,Shipped,12.0,1.75,4.75,"February 13, 2026",No scheduled order date,'-
"January 30, 2026",B33G7T5ZTZ,,Julia’s Shoppe,25 North Main Street,,Richfield,UT,84701-2552,United States,Just Be A Good Human Glitter Sticker,default,,,Shipped,12.0,1.75,4.75,"February 13, 2026",No scheduled order date,'-
"January 30, 2026",B33G7T5ZTZ,,Julia’s Shoppe,25 North Main Street,,Richfield,UT,84701-2552,United States,Radicalized By Basic Decency Button,default,,,Shipped,6.0,1.25,2.5,"February 13, 2026",No scheduled order date,'-
"January 30, 2026",B33G7T5ZTZ,,Julia’s Shoppe,25 North Main Street,,Richfield,UT,84701-2552,United States,Caring About People Is Not Political Sticker,default,,,Shipped,12.0,1.75,4.75,"February 13, 2026",No scheduled order date,'-
"January 30, 2026",RHZXSMQQ92,,Charmers Cafe,1500 West Jarvis Avenue,,Chicago,IL,60626.0,United States,Resist Sticker,default,,,Delivered,6.0,1.75,4.75,"February 5, 2026",No scheduled order date,'-
"January 30, 2026",RHZXSMQQ92,,Charmers Cafe,1500 West Jarvis Avenue,,Chicago,IL,60626.0,United States,Smash The Oligarchy Sticker,default,,,Delivered,6.0,1.75,4.75,"February 5, 2026",No scheduled order date,'-
"January 30, 2026",RHZXSMQQ92,,Charmers Cafe,1500 West Jarvis Avenue,,Chicago,IL,60626.0,United States,Black Cat Middle Finger Sticker,default,,,Delivered,6.0,1.75,4.75,"February 5, 2026",No scheduled order date,'-
"January 30, 2026",RHZXSMQQ92,,Charmers Cafe,1500 West Jarvis Avenue,,Chicago,IL,60626.0,United States,Carry Yourself With The Confidence Of A Mediocre White Man Sticker,default,,,Delivered,6.0,1.75,4.75,"February 5, 2026",No scheduled order date,'-
"January 30, 2026",RHZXSMQQ92,,Charmers Cafe,1500 West Jarvis Avenue,,Chicago,IL,60626.0,United States,The Only Ice I Like Is The Ice That My Two Gay Boyfriends Skate Around On Sticker,default,,,Delivered,6.0,1.75,4.75,"February 5, 2026",No scheduled order date,'-
"January 30, 2026",RHZXSMQQ92,,Charmers Cafe,1500 West Jarvis Avenue,,Chicago,IL,60626.0,United States,Lover Of Cancelled Plans Glitter Sticker,default,,,Delivered,6.0,1.75,4.75,"February 5, 2026",No scheduled order date,'-
"January 30, 2026",RHZXSMQQ92,,Charmers Cafe,1500 West Jarvis Avenue,,Chicago,IL,60626.0,United States,Are You Overthinking What I'm Overthinking Holographic Sticker,default,,,Delivered,6.0,1.75,4.75,"February 5, 2026",No scheduled order date,'-
"January 30, 2026",RHZXSMQQ92,,Charmers Cafe,1500 West Jarvis Avenue,,Chicago,IL,60626.0,United States,Girl Dinner Sticker (Glitter or White Available),Multicolor,,,Delivered,6.0,1.75,4.75,"February 5, 2026",No scheduled order date,'-
"January 29, 2026",NJ8XZJ3D25,,The Lady Jane Shop,117 South Main Street,,Harrisonburg,VA,22801.0,United States,Publicly Shame Racists Button,default,,,Delivered,8.0,1.25,2.75,"February 6, 2026",No scheduled order date,'-
"January 29, 2026",NJ8XZJ3D25,,The Lady Jane Shop,117 South Main Street,,Harrisonburg,VA,22801.0,United States,Community Is Resistance Sticker,default,,,Delivered,8.0,1.75,4.75,"February 6, 2026",No scheduled order date,'-
"January 29, 2026",NJ8XZJ3D25,,The Lady Jane Shop,117 South Main Street,,Harrisonburg,VA,22801.0,United States,Radicalized By Basic Decency Magnet,default,,,Delivered,5.0,2.5,6.5,"February 6, 2026",No scheduled order date,'-
"January 29, 2026",NJ8XZJ3D25,,The Lady Jane Shop,117 South Main Street,,Harrisonburg,VA,22801.0,United States,Radicalized By Basic Decency Button,default,,,Delivered,12.0,1.25,2.5,"February 6, 2026",No scheduled order date,'-
"January 29, 2026",NJ8XZJ3D25,,The Lady Jane Shop,117 South Main Street,,Harrisonburg,VA,22801.0,United States,Be Brave Be Loud And Look Out For Others Sticker,default,,,Delivered,6.0,1.75,4.75,"February 6, 2026",No scheduled order date,'-
"January 29, 2026",NJ8XZJ3D25,,The Lady Jane Shop,117 South Main Street,,Harrisonburg,VA,22801.0,United States,You've Just Buttered Your Last Biscuit Sticker,default,,,Delivered,6.0,1.75,4.75,"February 6, 2026",No scheduled order date,'-
"January 29, 2026",NJ8XZJ3D25,,The Lady Jane Shop,117 South Main Street,,Harrisonburg,VA,22801.0,United States,"Do You Have Any Fucks? Not Even One, Girl. Go Fish. Sticker",default,,,Delivered,15.0,1.75,4.75,"February 6, 2026",No scheduled order date,'-
"January 29, 2026",NJ8XZJ3D25,,The Lady Jane Shop,117 South Main Street,,Harrisonburg,VA,22801.0,United States,What's More Punk Than The Public Library Button,default,,,Delivered,12.0,1.0,2.75,"February 6, 2026",No scheduled order date,'-
"January 29, 2026",NJ8XZJ3D25,,The Lady Jane Shop,117 South Main Street,,Harrisonburg,VA,22801.0,United States,What's More Punk Than The Public Library Sticker,default,,,Delivered,6.0,1.75,4.75,"February 6, 2026",No scheduled order date,'-
"January 29, 2026",NJ8XZJ3D25,,The Lady Jane Shop,117 South Main Street,,Harrisonburg,VA,22801.0,United States,I Can't Go On..I Need A Snack Pls Glitter Sticker,default,,,Delivered,6.0,1.75,4.75,"February 6, 2026",No scheduled order date,'-
"January 29, 2026",NJ8XZJ3D25,,The Lady Jane Shop,117 South Main Street,,Harrisonburg,VA,22801.0,United States,Let's Be Better Humans Sticker,default,,,Delivered,6.0,1.75,6.5,"February 6, 2026",No scheduled order date,'-
"January 29, 2026",NJ8XZJ3D25,,The Lady Jane Shop,117 South Main Street,,Harrisonburg,VA,22801.0,United States,Caring About People Is Not Political Button,default,,,Delivered,10.0,1.0,2.75,"February 6, 2026",No scheduled order date,'-
"January 29, 2026",NJ8XZJ3D25,,The Lady Jane Shop,117 South Main Street,,Harrisonburg,VA,22801.0,United States,Big Fan of Human Rights Button,default,,,Delivered,8.0,1.5,3.0,"February 6, 2026",No scheduled order date,'-
"January 29, 2026",NJ8XZJ3D25,,The Lady Jane Shop,117 South Main Street,,Harrisonburg,VA,22801.0,United States,Awake But At What Cost Sticker,default,,,Delivered,6.0,1.75,4.75,"February 6, 2026",No scheduled order date,'-
"January 29, 2026",NJ8XZJ3D25,,The Lady Jane Shop,117 South Main Street,,Harrisonburg,VA,22801.0,United States,Shoutout To Everyone That Wanted To Read Their Book Today But Had To Adult Instead Glitter Sticker,default,,,Delivered,6.0,1.75,4.75,"February 6, 2026",No scheduled order date,'-
"January 29, 2026",NJ8XZJ3D25,,The Lady Jane Shop,117 South Main Street,,Harrisonburg,VA,22801.0,United States,Just A Girl Who Loves Books Glitter Sticker,default,,,Delivered,10.0,1.75,4.75,"February 6, 2026",No scheduled order date,'-
"January 29, 2026",NJ8XZJ3D25,,The Lady Jane Shop,117 South Main Street,,Harrisonburg,VA,22801.0,United States,Spooky Liberal Feminist Witch Sticker,default,,,Delivered,10.0,1.75,4.75,"February 6, 2026",No scheduled order date,'-
"January 29, 2026",NJ8XZJ3D25,,The Lady Jane Shop,117 South Main Street,,Harrisonburg,VA,22801.0,United States,Radicalized By Basic Decency Floral Sticker,default,,,Delivered,15.0,1.75,4.75,"February 6, 2026",No scheduled order date,'-
"January 29, 2026",NJ8XZJ3D25,,The Lady Jane Shop,117 South Main Street,,Harrisonburg,VA,22801.0,United States,Girl Dinner Sticker (Glitter or White Available),White,,,Delivered,6.0,1.75,4.75,"February 6, 2026",No scheduled order date,'-
"January 29, 2026",95ARJVKPGH,,Daughters Coffee & Books,5410 North Carolina 55,Suite AF,Durham,NC,27713.0,United States,"Sorry I Was Rude, It Was Probably Your Fault Pen",default,,,Delivered,8.0,0.85,2.75,"February 6, 2026",No scheduled order date,'-
"January 29, 2026",95ARJVKPGH,,Daughters Coffee & Books,5410 North Carolina 55,Suite AF,Durham,NC,27713.0,United States,Disappointed But Not Surprised Pen,default,,,Delivered,8.0,0.85,2.75,"February 6, 2026",No scheduled order date,'-
"January 29, 2026",95ARJVKPGH,,Daughters Coffee & Books,5410 North Carolina 55,Suite AF,Durham,NC,27713.0,United States,Currently Dissociating Pen,default,,,Delivered,8.0,0.85,2.75,"February 6, 2026",No scheduled order date,'-
"January 29, 2026",95ARJVKPGH,,Daughters Coffee & Books,5410 North Carolina 55,Suite AF,Durham,NC,27713.0,United States,I Can't Go On..I Need A Snack Pls Glitter Sticker,default,,,Delivered,6.0,1.75,4.75,"February 6, 2026",No scheduled order date,'-
"January 29, 2026",95ARJVKPGH,,Daughters Coffee & Books,5410 North Carolina 55,Suite AF,Durham,NC,27713.0,United States,"Do You Have Any Fucks? Not Even One, Girl. Go Fish. Sticker",default,,,Delivered,6.0,1.75,4.75,"February 6, 2026",No scheduled order date,'-
"January 29, 2026",95ARJVKPGH,,Daughters Coffee & Books,5410 North Carolina 55,Suite AF,Durham,NC,27713.0,United States,Sorry I Can't Go I'm An Indoor Cat Glitter Sticker,default,,,Delivered,6.0,1.75,4.75,"February 6, 2026",No scheduled order date,'-
"January 29, 2026",95ARJVKPGH,,Daughters Coffee & Books,5410 North Carolina 55,Suite AF,Durham,NC,27713.0,United States,Fuck Ice Holographic Sticker,default,,,Delivered,6.0,1.75,4.75,"February 6, 2026",No scheduled order date,'-
"January 29, 2026",95ARJVKPGH,,Daughters Coffee & Books,5410 North Carolina 55,Suite AF,Durham,NC,27713.0,United States,Compost The Patriarchy Sticker,default,,,Delivered,6.0,1.75,4.75,"February 6, 2026",No scheduled order date,'-
"January 29, 2026",95ARJVKPGH,,Daughters Coffee & Books,5410 North Carolina 55,Suite AF,Durham,NC,27713.0,United States,Books Because Coping With Reality Is Not An Option At The Moment Glitter Sticker,default,,,Delivered,6.0,1.75,4.75,"February 6, 2026",No scheduled order date,'-
"January 29, 2026",95ARJVKPGH,,Daughters Coffee & Books,5410 North Carolina 55,Suite AF,Durham,NC,27713.0,United States,Spooky Liberal Feminist Witch Sticker,default,,,Delivered,6.0,1.75,4.75,"February 6, 2026",No scheduled order date,'-
"January 29, 2026",95ARJVKPGH,,Daughters Coffee & Books,5410 North Carolina 55,Suite AF,Durham,NC,27713.0,United States,Please Hesitate To Reach Out To Me Sticker (2 colors available),Black & White,,,Delivered,6.0,1.75,4.75,"February 6, 2026",No scheduled order date,'-
"January 29, 2026",95ARJVKPGH,,Daughters Coffee & Books,5410 North Carolina 55,Suite AF,Durham,NC,27713.0,United States,I Should Be Frolicking In A Forest But I'm Here. Wtf Pen,default,,,Delivered,8.0,0.85,2.75,"February 6, 2026",No scheduled order date,'-
"January 29, 2026",95ARJVKPGH,,Daughters Coffee & Books,5410 North Carolina 55,Suite AF,Durham,NC,27713.0,United States,I May Be Wrong But I Doubt It Pen,default,,,Delivered,8.0,0.85,2.75,"February 6, 2026",No scheduled order date,'-
"January 29, 2026",95ARJVKPGH,,Daughters Coffee & Books,5410 North Carolina 55,Suite AF,Durham,NC,27713.0,United States,Radicalized By Basic Decency Floral Sticker,default,,,Delivered,6.0,1.75,4.75,"February 6, 2026",No scheduled order date,'-
"January 29, 2026",95ARJVKPGH,,Daughters Coffee & Books,5410 North Carolina 55,Suite AF,Durham,NC,27713.0,United States,What's More Punk Than The Public Library Button,default,,,Delivered,6.0,1.0,2.75,"February 6, 2026",No scheduled order date,'-
"January 29, 2026",95ARJVKPGH,,Daughters Coffee & Books,5410 North Carolina 55,Suite AF,Durham,NC,27713.0,United States,Caring About People Is Not Political Sticker,default,,,Delivered,6.0,1.75,4.75,"February 6, 2026",No scheduled order date,'-
"January 28, 2026",KNS3WV6GBN,,The H.A.M. Gift Shop,115 Lincoln Avenue,,Ashburnham,MA,1430.0,United States,"Sorry If I'm Mean, I'm Overstimulated Right Now Sticker",default,,,Delivered,6.0,1.75,4.75,"February 6, 2026",No scheduled order date,'-
"January 28, 2026",KNS3WV6GBN,,The H.A.M. Gift Shop,115 Lincoln Avenue,,Ashburnham,MA,1430.0,United States,Radicalized By Basic Decency Floral Sticker,default,,,Delivered,6.0,1.75,4.75,"February 6, 2026",No scheduled order date,'-
"January 28, 2026",KNS3WV6GBN,,The H.A.M. Gift Shop,115 Lincoln Avenue,,Ashburnham,MA,1430.0,United States,If You Are Neutral In Situations Of Injustice You Have Chosen The Side Of The Oppressors Sticker,default,,,Delivered,6.0,1.75,4.75,"February 6, 2026",No scheduled order date,'-
"January 28, 2026",KNS3WV6GBN,,The H.A.M. Gift Shop,115 Lincoln Avenue,,Ashburnham,MA,1430.0,United States,"Hello, I Want To Go To The Bookstore Tote Bag",Natural,,,Delivered,3.0,10.0,20.0,"February 6, 2026",No scheduled order date,'-
"January 28, 2026",KNS3WV6GBN,,The H.A.M. Gift Shop,115 Lincoln Avenue,,Ashburnham,MA,1430.0,United States,The Only Ice I Like Is The Ice That My Two Gay Boyfriends Skate Around On Sticker,default,,,Delivered,6.0,1.75,4.75,"February 6, 2026",No scheduled order date,'-
"January 28, 2026",KNS3WV6GBN,,The H.A.M. Gift Shop,115 Lincoln Avenue,,Ashburnham,MA,1430.0,United States,Big Fan Of Human Rights Holographic Sticker,default,,,Delivered,6.0,1.75,4.75,"February 6, 2026",No scheduled order date,'-
"January 28, 2026",KNS3WV6GBN,,The H.A.M. Gift Shop,115 Lincoln Avenue,,Ashburnham,MA,1430.0,United States,When Cruelty Becomes Normal Compassion Looks Radical Sticker,default,,,Delivered,6.0,1.75,4.75,"February 6, 2026",No scheduled order date,'-
"January 28, 2026",KNS3WV6GBN,,The H.A.M. Gift Shop,115 Lincoln Avenue,,Ashburnham,MA,1430.0,United States,"Do You Have Any Fucks? Not Even One, Girl. Go Fish. Sticker",default,,,Delivered,6.0,1.75,4.75,"February 6, 2026",No scheduled order date,'-
"January 28, 2026",KNS3WV6GBN,,The H.A.M. Gift Shop,115 Lincoln Avenue,,Ashburnham,MA,1430.0,United States,Be Brave Be Loud And Look Out For Others Sticker,default,,,Delivered,6.0,1.75,4.75,"February 6, 2026",No scheduled order date,'-
"January 27, 2026",P6U9EAQMGK,,Pop's Poboys / Doc’s Pop In,734 Jefferson Street,,Lafayette,LA,70501.0,United States,Surprise Mini Troll,default,,,Delivered,10.0,0.6,1.5,"February 6, 2026",No scheduled order date,'-
"January 27, 2026",P6U9EAQMGK,,Pop's Poboys / Doc’s Pop In,734 Jefferson Street,,Lafayette,LA,70501.0,United States,I May Be Wrong But I Doubt It Pen,default,,,Delivered,5.0,0.85,2.75,"February 6, 2026",No scheduled order date,'-
"January 27, 2026",P6U9EAQMGK,,Pop's Poboys / Doc’s Pop In,734 Jefferson Street,,Lafayette,LA,70501.0,United States,I'd Rather Be Bed Rotting Pen,default,,,Delivered,10.0,0.85,2.75,"February 6, 2026",No scheduled order date,'-
"January 27, 2026",P6U9EAQMGK,,Pop's Poboys / Doc’s Pop In,734 Jefferson Street,,Lafayette,LA,70501.0,United States,The Hell I Won't Sticker,default,,,Delivered,6.0,1.75,4.75,"February 6, 2026",No scheduled order date,'-
"January 27, 2026",P6U9EAQMGK,,Pop's Poboys / Doc’s Pop In,734 Jefferson Street,,Lafayette,LA,70501.0,United States,Thumbs Up Cat Sticker,default,,,Delivered,6.0,1.75,4.75,"February 6, 2026",No scheduled order date,'-
"January 27, 2026",P6U9EAQMGK,,Pop's Poboys / Doc’s Pop In,734 Jefferson Street,,Lafayette,LA,70501.0,United States,I Hate It Here Sticker,default,,,Delivered,6.0,1.75,3.5,"February 6, 2026",No scheduled order date,'-
"January 27, 2026",P6U9EAQMGK,,Pop's Poboys / Doc’s Pop In,734 Jefferson Street,,Lafayette,LA,70501.0,United States,Dumpster Fire Response Team Button,default,,,Delivered,5.0,1.0,3.0,"February 6, 2026",No scheduled order date,'-
"January 27, 2026",P6U9EAQMGK,,Pop's Poboys / Doc’s Pop In,734 Jefferson Street,,Lafayette,LA,70501.0,United States,Disappointed But Not Surprised Pen,default,,,Delivered,5.0,0.85,2.75,"February 6, 2026",No scheduled order date,'-
"January 27, 2026",P6U9EAQMGK,,Pop's Poboys / Doc’s Pop In,734 Jefferson Street,,Lafayette,LA,70501.0,United States,"Sorry I Was Rude, It Was Probably Your Fault Pen",default,,,Delivered,5.0,0.85,2.75,"February 6, 2026",No scheduled order date,'-
"January 27, 2026",P6U9EAQMGK,,Pop's Poboys / Doc’s Pop In,734 Jefferson Street,,Lafayette,LA,70501.0,United States,Dumpster Fire Response Team Member Pen,default,,,Delivered,10.0,0.85,2.75,"February 6, 2026",No scheduled order date,'-
"January 27, 2026",P6U9EAQMGK,,Pop's Poboys / Doc’s Pop In,734 Jefferson Street,,Lafayette,LA,70501.0,United States,Pickle Slut Pen,default,,,Delivered,5.0,0.85,2.75,"February 6, 2026",No scheduled order date,'-
"January 27, 2026",P6U9EAQMGK,,Pop's Poboys / Doc’s Pop In,734 Jefferson Street,,Lafayette,LA,70501.0,United States,Currently Dissociating Pen,default,,,Delivered,1.0,0.85,2.75,"February 6, 2026",No scheduled order date,'-
"January 27, 2026",6E5558RDYY,,Distant Lands,96 Camberley Place,,Penfield,NY,14526.0,United States,I'd Rather Be Bed Rotting Pen,default,,,Delivered,25.0,0.85,2.75,"February 6, 2026",No scheduled order date,'-
"January 27, 2026",6E5558RDYY,,Distant Lands,96 Camberley Place,,Penfield,NY,14526.0,United States,I Should Be Frolicking In A Forest But I'm Here. Wtf Pen,default,,,Delivered,25.0,0.85,2.75,"February 6, 2026",No scheduled order date,'-
"January 27, 2026",6E5558RDYY,,Distant Lands,96 Camberley Place,,Penfield,NY,14526.0,United States,Pickle Slut Pen,default,,,Delivered,15.0,0.85,2.75,"February 6, 2026",No scheduled order date,'-
"January 27, 2026",6E5558RDYY,,Distant Lands,96 Camberley Place,,Penfield,NY,14526.0,United States,Currently Dissociating Pen,default,,,Delivered,20.0,0.85,2.75,"February 6, 2026",No scheduled order date,'-
"January 27, 2026",6E5558RDYY,,Distant Lands,96 Camberley Place,,Penfield,NY,14526.0,United States,Dumpster Fire Response Team Member Pen,default,,,Delivered,15.0,0.85,2.75,"February 6, 2026",No scheduled order date,'-
"January 27, 2026",6E5558RDYY,,Distant Lands,96 Camberley Place,,Penfield,NY,14526.0,United States,I May Be Wrong But I Doubt It Pen,default,,,Delivered,20.0,0.85,2.75,"February 6, 2026",No scheduled order date,'-
"January 26, 2026",5WVHF4MQG6,,Cozy Calico Books,2728 Omisol Road,,Woodbridge,VA,22192-3829,United States,Wheel of Emotions Sticker,default,,,Delivered,6.0,1.75,4.75,"February 6, 2026",No scheduled order date,'-
"January 26, 2026",5WVHF4MQG6,,Cozy Calico Books,2728 Omisol Road,,Woodbridge,VA,22192-3829,United States,Become Ungovernable Sticker,default,,,Delivered,6.0,1.75,4.25,"February 6, 2026",No scheduled order date,'-
"January 26, 2026",5WVHF4MQG6,,Cozy Calico Books,2728 Omisol Road,,Woodbridge,VA,22192-3829,United States,Don't Be Sad You're Making Everyone Uncomfortable Glitter Sticker,default,,,Delivered,6.0,1.75,4.75,"February 6, 2026",No scheduled order date,'-
"January 26, 2026",5WVHF4MQG6,,Cozy Calico Books,2728 Omisol Road,,Woodbridge,VA,22192-3829,United States,You Are Good Enough Not The Best But You'll Do Tote Bag,default,,,Delivered,3.0,10.0,20.0,"February 6, 2026",No scheduled order date,'-
"January 26, 2026",5WVHF4MQG6,,Cozy Calico Books,2728 Omisol Road,,Woodbridge,VA,22192-3829,United States,Dream Job? I Do Not Dream Of Labor Glitter Sticker,default,,,Delivered,6.0,1.75,4.75,"February 6, 2026",No scheduled order date,'-
"January 26, 2026",5WVHF4MQG6,,Cozy Calico Books,2728 Omisol Road,,Woodbridge,VA,22192-3829,United States,Burn The Patriarchy Sticker,default,,,Delivered,6.0,1.75,4.75,"February 6, 2026",No scheduled order date,'-
"January 26, 2026",5WVHF4MQG6,,Cozy Calico Books,2728 Omisol Road,,Woodbridge,VA,22192-3829,United States,Community Is Resistance Sticker,default,,,Delivered,6.0,1.75,4.75,"February 6, 2026",No scheduled order date,'-
"January 26, 2026",5WVHF4MQG6,,Cozy Calico Books,2728 Omisol Road,,Woodbridge,VA,22192-3829,United States,Justifiably Furious Tote Bag,default,,,Delivered,3.0,10.0,20.0,"February 6, 2026",No scheduled order date,'-
"January 26, 2026",5WVHF4MQG6,,Cozy Calico Books,2728 Omisol Road,,Woodbridge,VA,22192-3829,United States,Books Are Magic Pixie Glitter Sticker,default,,,Delivered,6.0,1.75,4.75,"February 6, 2026",No scheduled order date,'-
"January 26, 2026",5WVHF4MQG6,,Cozy Calico Books,2728 Omisol Road,,Woodbridge,VA,22192-3829,United States,Literacy and Justice For All Sticker,default,,,Delivered,6.0,1.75,4.75,"February 6, 2026",No scheduled order date,'-
"January 26, 2026",5WVHF4MQG6,,Cozy Calico Books,2728 Omisol Road,,Woodbridge,VA,22192-3829,United States,Be Nice To Me I'm Anxious Glitter Sticker,default,,,Delivered,6.0,1.75,4.75,"February 6, 2026",No scheduled order date,'-
"January 26, 2026",5WVHF4MQG6,,Cozy Calico Books,2728 Omisol Road,,Woodbridge,VA,22192-3829,United States,Dumpster Fire Sticker,default,,,Delivered,6.0,1.75,4.75,"February 6, 2026",No scheduled order date,'-
"January 26, 2026",5WVHF4MQG6,,Cozy Calico Books,2728 Omisol Road,,Woodbridge,VA,22192-3829,United States,Empathy: The Original Superpower Tote Bag,Natural,,,Delivered,3.0,10.0,20.0,"February 6, 2026",No scheduled order date,'-
"January 26, 2026",5WVHF4MQG6,,Cozy Calico Books,2728 Omisol Road,,Woodbridge,VA,22192-3829,United States,You Did It Glitter Sticker,default,,,Delivered,6.0,1.75,4.75,"February 6, 2026",No scheduled order date,'-
"January 26, 2026",5WVHF4MQG6,,Cozy Calico Books,2728 Omisol Road,,Woodbridge,VA,22192-3829,United States,I Can Do All Things Through SPITE Which Strengthens Me Glitter Sticker,default,,,Delivered,6.0,1.75,4.75,"February 6, 2026",No scheduled order date,'-
"January 26, 2026",GWAN5QSUVD,,Sweetwater Boutique,28225 Colorado 74,,Evergreen,CO,80439-7553,United States,When Cruelty Becomes Normal Compassion Looks Radical Sticker,default,,,Delivered,10.0,1.75,4.75,"January 28, 2026",No scheduled order date,'-
"January 26, 2026",GWAN5QSUVD,,Sweetwater Boutique,28225 Colorado 74,,Evergreen,CO,80439-7553,United States,Community Is Resistance Sticker,default,,,Delivered,10.0,1.75,4.75,"January 28, 2026",No scheduled order date,'-
"January 26, 2026",GWAN5QSUVD,,Sweetwater Boutique,28225 Colorado 74,,Evergreen,CO,80439-7553,United States,Caring About People Is Not Political Sticker,default,,,Delivered,15.0,1.75,4.75,"January 28, 2026",No scheduled order date,'-
"January 26, 2026",GWAN5QSUVD,,Sweetwater Boutique,28225 Colorado 74,,Evergreen,CO,80439-7553,United States,Let's Be Better Humans Sticker,default,,,Delivered,15.0,1.75,6.5,"January 28, 2026",No scheduled order date,'-
"January 26, 2026",GWAN5QSUVD,,Sweetwater Boutique,28225 Colorado 74,,Evergreen,CO,80439-7553,United States,Radicalized By Basic Decency Floral Sticker,default,,,Delivered,15.0,1.75,4.75,"January 28, 2026",No scheduled order date,'-
"January 26, 2026",XAUSVZ8WQA,,Roost & Company,40 Front Street,,Salem,MA,1970.0,United States,Caring About People Is Not Political Button,default,,,Delivered,12.0,1.0,2.75,"January 28, 2026",No scheduled order date,'-
"January 26, 2026",XAUSVZ8WQA,,Roost & Company,40 Front Street,,Salem,MA,1970.0,United States,Radicalized By Basic Decency Button,default,,,Delivered,12.0,1.25,2.5,"January 28, 2026",No scheduled order date,'-
"January 26, 2026",XAUSVZ8WQA,,Roost & Company,40 Front Street,,Salem,MA,1970.0,United States,Caring About People Is Not Political Sticker,default,,,Delivered,12.0,1.75,4.75,"January 28, 2026",No scheduled order date,'-
"January 26, 2026",XAUSVZ8WQA,,Roost & Company,40 Front Street,,Salem,MA,1970.0,United States,Be Brave Be Loud And Look Out For Others Sticker,default,,,Delivered,12.0,1.75,4.75,"January 28, 2026",No scheduled order date,'-
"January 26, 2026",XAUSVZ8WQA,,Roost & Company,40 Front Street,,Salem,MA,1970.0,United States,Radicalized By Basic Decency Floral Sticker,default,,,Delivered,12.0,1.75,4.75,"January 28, 2026",No scheduled order date,'-
"January 26, 2026",XAUSVZ8WQA,,Roost & Company,40 Front Street,,Salem,MA,1970.0,United States,Fuck Ice Holographic Sticker,default,,,Delivered,12.0,1.75,4.75,"January 28, 2026",No scheduled order date,'-
"January 26, 2026",XAUSVZ8WQA,,Roost & Company,40 Front Street,,Salem,MA,1970.0,United States,Big Fan of Human Rights Button,default,,,Delivered,12.0,1.5,3.0,"January 28, 2026",No scheduled order date,'-
"January 26, 2026",XAUSVZ8WQA,,Roost & Company,40 Front Street,,Salem,MA,1970.0,United States,When Cruelty Becomes Normal Compassion Looks Radical Sticker,default,,,Delivered,12.0,1.75,4.75,"January 28, 2026",No scheduled order date,'-
"January 26, 2026",XAUSVZ8WQA,,Roost & Company,40 Front Street,,Salem,MA,1970.0,United States,When Cruelty Becomes Normal Compassion Looks Radical Tote Bag,Natural,,,Delivered,6.0,10.0,20.0,"January 28, 2026",No scheduled order date,'-
"January 26, 2026",XAUSVZ8WQA,,Roost & Company,40 Front Street,,Salem,MA,1970.0,United States,Policy & Change Sticker,default,,,Delivered,24.0,1.75,4.75,"January 28, 2026",No scheduled order date,'-
"January 26, 2026",XAUSVZ8WQA,,Roost & Company,40 Front Street,,Salem,MA,1970.0,United States,Radicalized By Basic Decency Floral Tote Bag,Black,,,Delivered,3.0,10.0,20.0,"January 28, 2026",No scheduled order date,'-
"January 26, 2026",XAUSVZ8WQA,,Roost & Company,40 Front Street,,Salem,MA,1970.0,United States,Community Is Resistance Sticker,default,,,Delivered,12.0,1.75,4.75,"January 28, 2026",No scheduled order date,'-
"January 26, 2026",TVXB6MTECG,,Grunge House,5913 Chippewa Trail,,Fort Smith,AR,72904.0,United States,I Brake For Thrift Shops Bumper Sticker,default,,,Delivered,5.0,3.5,9.0,"January 28, 2026",No scheduled order date,'-
"January 26, 2026",TVXB6MTECG,,Grunge House,5913 Chippewa Trail,,Fort Smith,AR,72904.0,United States,"I May Be Wrong, But I Doubt It Keychain",default,,,Delivered,4.0,4.5,10.0,"January 28, 2026",No scheduled order date,'-
"January 26, 2026",TVXB6MTECG,,Grunge House,5913 Chippewa Trail,,Fort Smith,AR,72904.0,United States,Black Cat Middle Finger Sticker,default,,,Delivered,6.0,1.75,4.75,"January 28, 2026",No scheduled order date,'-
"January 26, 2026",TVXB6MTECG,,Grunge House,5913 Chippewa Trail,,Fort Smith,AR,72904.0,United States,I Love It When Women Glitter Sticker,default,,,Delivered,6.0,1.75,4.75,"January 28, 2026",No scheduled order date,'-
"January 26, 2026",TVXB6MTECG,,Grunge House,5913 Chippewa Trail,,Fort Smith,AR,72904.0,United States,Spooky Liberal Feminist Witch Sticker,default,,,Delivered,6.0,1.75,4.75,"January 28, 2026",No scheduled order date,'-
"January 26, 2026",TVXB6MTECG,,Grunge House,5913 Chippewa Trail,,Fort Smith,AR,72904.0,United States,Fuck Ice Holographic Sticker,default,,,Delivered,6.0,1.75,4.75,"January 28, 2026",No scheduled order date,'-
"January 26, 2026",TVXB6MTECG,,Grunge House,5913 Chippewa Trail,,Fort Smith,AR,72904.0,United States,Pro-Choice. Pro-Feminism. Pro Cats Glitter Sticker,default,,,Delivered,6.0,1.75,4.75,"January 28, 2026",No scheduled order date,'-
"January 26, 2026",TVXB6MTECG,,Grunge House,5913 Chippewa Trail,,Fort Smith,AR,72904.0,United States,Born In The 1900's Sticker,default,,,Delivered,6.0,1.75,4.75,"January 28, 2026",No scheduled order date,'-
"January 26, 2026",TVXB6MTECG,,Grunge House,5913 Chippewa Trail,,Fort Smith,AR,72904.0,United States,"Pro Choice, Pro Love, Pro Science, Pro Women Sticker",default,,,Delivered,6.0,1.75,4.75,"January 28, 2026",No scheduled order date,'-
"January 26, 2026",TVXB6MTECG,,Grunge House,5913 Chippewa Trail,,Fort Smith,AR,72904.0,United States,What's More Punk Than The Public Library Sticker,default,,,Delivered,6.0,1.75,4.75,"January 28, 2026",No scheduled order date,'-
"January 26, 2026",TVXB6MTECG,,Grunge House,5913 Chippewa Trail,,Fort Smith,AR,72904.0,United States,If Explosive Diarrhea Was A Person Glitter Sticker,Glittery,,,Delivered,6.0,1.75,4.75,"January 28, 2026",No scheduled order date,'-
"January 26, 2026",TVXB6MTECG,,Grunge House,5913 Chippewa Trail,,Fort Smith,AR,72904.0,United States,"I May Be Laid Back, But I Can Lean Forward Real Fucking Quick Glitter Sticker",default,,,Delivered,6.0,1.75,4.75,"January 28, 2026",No scheduled order date,'-
"January 25, 2026",Z9Z32RN8S9,,SeeWhich Books,15 South Hope Street,,Hampton,VA,23663.0,United States,Vasectomies Prevent Abortions Sticker,default,,,Delivered,6.0,1.75,4.75,"January 28, 2026",No scheduled order date,'-
"January 25, 2026",Z9Z32RN8S9,,SeeWhich Books,15 South Hope Street,,Hampton,VA,23663.0,United States,What's More Punk Than The Public Library Sticker,default,,,Delivered,6.0,1.75,4.75,"January 28, 2026",No scheduled order date,'-
"January 25, 2026",Z9Z32RN8S9,,SeeWhich Books,15 South Hope Street,,Hampton,VA,23663.0,United States,Awake But At What Cost Sticker,default,,,Delivered,6.0,1.75,4.75,"January 28, 2026",No scheduled order date,'-
"January 25, 2026",Z9Z32RN8S9,,SeeWhich Books,15 South Hope Street,,Hampton,VA,23663.0,United States,Wheel of Emotions Sticker,default,,,Delivered,6.0,1.75,4.75,"January 28, 2026",No scheduled order date,'-
"January 25, 2026",Z9Z32RN8S9,,SeeWhich Books,15 South Hope Street,,Hampton,VA,23663.0,United States,Thumbs Up Cat Sticker,default,,,Delivered,6.0,1.75,4.75,"January 28, 2026",No scheduled order date,'-
"January 25, 2026",Z9Z32RN8S9,,SeeWhich Books,15 South Hope Street,,Hampton,VA,23663.0,United States,Billionaires Are Bad People Glitter Sticker ( 2 styles available),White Background,,,Delivered,6.0,1.75,4.75,"January 28, 2026",No scheduled order date,'-
"January 25, 2026",Z9Z32RN8S9,,SeeWhich Books,15 South Hope Street,,Hampton,VA,23663.0,United States,Educate Your Son Sticker,default,,,Delivered,6.0,1.75,4.75,"January 28, 2026",No scheduled order date,'-
"January 25, 2026",Z9Z32RN8S9,,SeeWhich Books,15 South Hope Street,,Hampton,VA,23663.0,United States,Girls Will Be Girls Sticker,default,,,Delivered,6.0,1.75,4.75,"January 28, 2026",No scheduled order date,'-
"January 25, 2026",Z9Z32RN8S9,,SeeWhich Books,15 South Hope Street,,Hampton,VA,23663.0,United States,I May Be Wrong But I Doubt It Pen,default,,,Delivered,5.0,0.85,2.75,"January 28, 2026",No scheduled order date,'-
"January 25, 2026",Z9Z32RN8S9,,SeeWhich Books,15 South Hope Street,,Hampton,VA,23663.0,United States,Currently Dissociating Pen,default,,,Delivered,5.0,0.85,2.75,"January 28, 2026",No scheduled order date,'-
"January 25, 2026",Z9Z32RN8S9,,SeeWhich Books,15 South Hope Street,,Hampton,VA,23663.0,United States,Dumpster Fire Response Team Member Pen,default,,,Delivered,5.0,0.85,2.75,"January 28, 2026",No scheduled order date,'-
"January 25, 2026",Z9Z32RN8S9,,SeeWhich Books,15 South Hope Street,,Hampton,VA,23663.0,United States,"I May Be Laid Back, But I Can Lean Forward Real Fucking Quick Glitter Sticker",default,,,Delivered,6.0,1.75,4.75,"January 28, 2026",No scheduled order date,'-
"January 25, 2026",Z9Z32RN8S9,,SeeWhich Books,15 South Hope Street,,Hampton,VA,23663.0,United States,I Never Said That Jesus Sticker,default,,,Delivered,6.0,1.75,4.75,"January 28, 2026",No scheduled order date,'-
"January 25, 2026",Z9Z32RN8S9,,SeeWhich Books,15 South Hope Street,,Hampton,VA,23663.0,United States,The Only Minority Destroying This Country Are The Billionaires Sticker,Black,,,Delivered,6.0,1.75,4.75,"January 28, 2026",No scheduled order date,'-
"January 25, 2026",VGB4WECAEG,,Weirdo Wonderland,415 Howe AVE,Box# 115,Shelton,CT,6484.0,United States,Radicalized By Basic Decency Floral Tote Bag,Black,,,Delivered,5.0,10.0,20.0,"January 29, 2026",No scheduled order date,'-
"January 25, 2026",VGB4WECAEG,,Weirdo Wonderland,415 Howe AVE,Box# 115,Shelton,CT,6484.0,United States,Radicalized By Basic Decency Button,default,,,Delivered,5.0,1.25,2.5,"January 29, 2026",No scheduled order date,'-
"January 25, 2026",VGB4WECAEG,,Weirdo Wonderland,415 Howe AVE,Box# 115,Shelton,CT,6484.0,United States,Make Orwell Fiction Again Sticker,default,,,Delivered,6.0,1.75,4.75,"January 29, 2026",No scheduled order date,'-
"January 25, 2026",VGB4WECAEG,,Weirdo Wonderland,415 Howe AVE,Box# 115,Shelton,CT,6484.0,United States,Make Orwell Fiction Again Tote Bag,default,,,Delivered,3.0,10.0,20.0,"January 29, 2026",No scheduled order date,'-
"January 25, 2026",ZFQW9FTD63,,Frankie’s,184 S Main St,,Thiensville,WI,53092.0,United States,Big Fan of Human Rights Button,default,,,Delivered,12.0,1.5,3.0,"February 3, 2026",No scheduled order date,'-
"January 25, 2026",ZFQW9FTD63,,Frankie’s,184 S Main St,,Thiensville,WI,53092.0,United States,Have The Day You Voted For Button,default,,,Delivered,12.0,1.0,2.75,"February 3, 2026",No scheduled order date,'-
"January 25, 2026",ZFQW9FTD63,,Frankie’s,184 S Main St,,Thiensville,WI,53092.0,United States,Fuck Ice Holographic Sticker,default,,,Delivered,6.0,1.75,4.75,"February 3, 2026",No scheduled order date,'-
"January 25, 2026",ZFQW9FTD63,,Frankie’s,184 S Main St,,Thiensville,WI,53092.0,United States,Just Be A Good Human Glitter Sticker,default,,,Delivered,6.0,1.75,4.75,"February 3, 2026",No scheduled order date,'-
"January 25, 2026",ZFQW9FTD63,,Frankie’s,184 S Main St,,Thiensville,WI,53092.0,United States,If You Are Neutral In Situations Of Injustice You Have Chosen The Side Of The Oppressors Sticker,default,,,Delivered,6.0,1.75,4.75,"February 3, 2026",No scheduled order date,'-
"January 25, 2026",ZFQW9FTD63,,Frankie’s,184 S Main St,,Thiensville,WI,53092.0,United States,Overstimulated Sticker (2 styles available),Glitter Vinyl,,,Delivered,6.0,1.75,4.75,"February 3, 2026",No scheduled order date,'-
"January 25, 2026",ZFQW9FTD63,,Frankie’s,184 S Main St,,Thiensville,WI,53092.0,United States,Girls Will Be Girls Sticker,default,,,Delivered,6.0,1.75,4.75,"February 3, 2026",No scheduled order date,'-
"January 25, 2026",ZFQW9FTD63,,Frankie’s,184 S Main St,,Thiensville,WI,53092.0,United States,No Human Is Illegal Glitter Sticker,default,,,Delivered,6.0,1.75,4.75,"February 3, 2026",No scheduled order date,'-
"January 25, 2026",ZFQW9FTD63,,Frankie’s,184 S Main St,,Thiensville,WI,53092.0,United States,No One Is Illegal On Stolen Land Sticker,default,,,Delivered,6.0,1.75,4.75,"February 3, 2026",No scheduled order date,'-
"January 25, 2026",ZFQW9FTD63,,Frankie’s,184 S Main St,,Thiensville,WI,53092.0,United States,Radicalized By Basic Decency Floral Sticker,default,,,Delivered,6.0,1.75,4.75,"February 3, 2026",No scheduled order date,'-
"January 25, 2026",ZFQW9FTD63,,Frankie’s,184 S Main St,,Thiensville,WI,53092.0,United States,Radicalized By Basic Decency Button,default,,,Delivered,12.0,1.25,2.5,"February 3, 2026",No scheduled order date,'-
"January 25, 2026",ZFQW9FTD63,,Frankie’s,184 S Main St,,Thiensville,WI,53092.0,United States,Currently Dissociating Pen,default,,,Delivered,10.0,0.85,2.75,"February 3, 2026",No scheduled order date,'-
"January 25, 2026",ZFQW9FTD63,,Frankie’s,184 S Main St,,Thiensville,WI,53092.0,United States,"I May Be Laid Back, But I Can Lean Forward Real Fucking Quick Glitter Sticker",default,,,Delivered,6.0,1.75,4.75,"February 3, 2026",No scheduled order date,'-
"January 25, 2026",ZFQW9FTD63,,Frankie’s,184 S Main St,,Thiensville,WI,53092.0,United States,Just A Girl Who Loves Books Glitter Sticker,default,,,Delivered,6.0,1.75,4.75,"February 3, 2026",No scheduled order date,'-
"January 25, 2026",ZFQW9FTD63,,Frankie’s,184 S Main St,,Thiensville,WI,53092.0,United States,"Sorry If I'm Mean, I'm Overstimulated Right Now Sticker",default,,,Delivered,6.0,1.75,4.75,"February 3, 2026",No scheduled order date,'-
"January 25, 2026",ZFQW9FTD63,,Frankie’s,184 S Main St,,Thiensville,WI,53092.0,United States,I Love Not Camping Holographic Sticker,default,,,Delivered,6.0,1.5,3.0,"February 3, 2026",No scheduled order date,'-
"January 25, 2026",ZFQW9FTD63,,Frankie’s,184 S Main St,,Thiensville,WI,53092.0,United States,I've Heard Enough From Old White Men Button,default,,,Delivered,6.0,1.0,2.75,"February 3, 2026",No scheduled order date,'-
"January 25, 2026",ZFQW9FTD63,,Frankie’s,184 S Main St,,Thiensville,WI,53092.0,United States,I Should Be Frolicking In A Forest But I'm Here. Wtf Pen,default,,,Delivered,10.0,0.85,2.75,"February 3, 2026",No scheduled order date,'-
"January 24, 2026",ZJZE3KQJWU,,A Little Happy,707 Saluda Avenue,,Columbia,SC,29205.0,United States,Can I Be Mean Pixie Glitter Sticker,default,,,Delivered,6.0,1.75,4.75,"January 28, 2026",No scheduled order date,'-
"January 24, 2026",ZJZE3KQJWU,,A Little Happy,707 Saluda Avenue,,Columbia,SC,29205.0,United States,Girl Dinner Sticker (Glitter or White Available),White,,,Delivered,6.0,1.75,4.75,"January 28, 2026",No scheduled order date,'-
"January 24, 2026",ZJZE3KQJWU,,A Little Happy,707 Saluda Avenue,,Columbia,SC,29205.0,United States,Pickles Heart Glitter Sticker,default,,,Delivered,6.0,1.75,4.75,"January 28, 2026",No scheduled order date,'-
"January 24, 2026",ZJZE3KQJWU,,A Little Happy,707 Saluda Avenue,,Columbia,SC,29205.0,United States,Awake But At What Cost Sticker,default,,,Delivered,6.0,1.75,4.75,"January 28, 2026",No scheduled order date,'-
"January 24, 2026",ZJZE3KQJWU,,A Little Happy,707 Saluda Avenue,,Columbia,SC,29205.0,United States,I'd Rather Be Bed Rotting Pen,default,,,Delivered,4.0,0.85,2.75,"January 28, 2026",No scheduled order date,'-
"January 24, 2026",ZJZE3KQJWU,,A Little Happy,707 Saluda Avenue,,Columbia,SC,29205.0,United States,Your Anxiety Is A Lying Hoe Glitter Sticker,default,,,Delivered,6.0,1.75,4.75,"January 28, 2026",No scheduled order date,'-
"January 24, 2026",ZJZE3KQJWU,,A Little Happy,707 Saluda Avenue,,Columbia,SC,29205.0,United States,Be Nice To Me I'm Anxious Glitter Sticker,default,,,Delivered,6.0,1.75,4.75,"January 28, 2026",No scheduled order date,'-
"January 24, 2026",ZJZE3KQJWU,,A Little Happy,707 Saluda Avenue,,Columbia,SC,29205.0,United States,Your Lack Of Empathy Is Not The Flex You Think It Is Glitter Sticker,default,,,Delivered,6.0,1.75,4.75,"January 28, 2026",No scheduled order date,'-
"January 24, 2026",ZJZE3KQJWU,,A Little Happy,707 Saluda Avenue,,Columbia,SC,29205.0,United States,"Mini Troll Surprise Packs - 3, 6 or 10!",10 pack,,,Delivered,3.0,4.99,9.99,"January 28, 2026",No scheduled order date,'-
"January 24, 2026",ZJZE3KQJWU,,A Little Happy,707 Saluda Avenue,,Columbia,SC,29205.0,United States,"I May Be Wrong, But I Doubt It Keychain",default,,,Delivered,4.0,4.5,10.0,"January 28, 2026",No scheduled order date,'-
"January 24, 2026",ZJZE3KQJWU,,A Little Happy,707 Saluda Avenue,,Columbia,SC,29205.0,United States,On My Way To Get More Trinkets And Knick Knacks Glitter Sticker,default,,,Delivered,6.0,1.75,4.75,"January 28, 2026",No scheduled order date,'-
"January 24, 2026",ZJZE3KQJWU,,A Little Happy,707 Saluda Avenue,,Columbia,SC,29205.0,United States,I May Be Wrong But I Doubt It Pen,default,,,Delivered,4.0,0.85,2.75,"January 28, 2026",No scheduled order date,'-
"January 24, 2026",ZJZE3KQJWU,,A Little Happy,707 Saluda Avenue,,Columbia,SC,29205.0,United States,Disappointed But Not Surprised Pen,default,,,Delivered,4.0,0.85,2.75,"January 28, 2026",No scheduled order date,'-
"January 24, 2026",ZJZE3KQJWU,,A Little Happy,707 Saluda Avenue,,Columbia,SC,29205.0,United States,Pickle Slut Pen,default,,,Delivered,4.0,0.85,2.75,"January 28, 2026",No scheduled order date,'-
"January 24, 2026",ZJZE3KQJWU,,A Little Happy,707 Saluda Avenue,,Columbia,SC,29205.0,United States,"Sorry I Was Rude, It Was Probably Your Fault Pen",default,,,Delivered,4.0,0.85,2.75,"January 28, 2026",No scheduled order date,'-
"January 24, 2026",ZJZE3KQJWU,,A Little Happy,707 Saluda Avenue,,Columbia,SC,29205.0,United States,Currently Dissociating Pen,default,,,Delivered,4.0,0.85,2.75,"January 28, 2026",No scheduled order date,'-
"January 24, 2026",ZJZE3KQJWU,,A Little Happy,707 Saluda Avenue,,Columbia,SC,29205.0,United States,Dumpster Fire Response Team Member Pen,default,,,Delivered,4.0,0.85,2.75,"January 28, 2026",No scheduled order date,'-
"January 24, 2026",ZJZE3KQJWU,,A Little Happy,707 Saluda Avenue,,Columbia,SC,29205.0,United States,"Do You Have Any Fucks? Not Even One, Girl. Go Fish. Sticker",default,,,Delivered,6.0,1.75,4.75,"January 28, 2026",No scheduled order date,'-
"January 24, 2026",ZJZE3KQJWU,,A Little Happy,707 Saluda Avenue,,Columbia,SC,29205.0,United States,Sorry I Can't Go I'm An Indoor Cat Glitter Sticker,default,,,Delivered,6.0,1.75,4.75,"January 28, 2026",No scheduled order date,'-
"January 23, 2026",QNCAVMVDPR,,Roadrunner Bookshop,13560 Cottontail Drive,,Falcon,CO,80831.0,United States,The Hell I Won't Sticker,default,,,Delivered,6.0,1.75,4.75,"January 29, 2026",No scheduled order date,'-
"January 23, 2026",QNCAVMVDPR,,Roadrunner Bookshop,13560 Cottontail Drive,,Falcon,CO,80831.0,United States,Read Banned Books Tote Bag,default,,,Delivered,3.0,10.0,20.0,"January 29, 2026",No scheduled order date,'-
"January 23, 2026",QNCAVMVDPR,,Roadrunner Bookshop,13560 Cottontail Drive,,Falcon,CO,80831.0,United States,I Closed My Book To Be Here Tote Bag,default,,,Delivered,3.0,10.0,20.0,"January 29, 2026",No scheduled order date,'-
"January 23, 2026",QNCAVMVDPR,,Roadrunner Bookshop,13560 Cottontail Drive,,Falcon,CO,80831.0,United States,Literacy And Justice For All Tote Bag,default,,,Delivered,3.0,10.0,20.0,"January 29, 2026",No scheduled order date,'-
"January 23, 2026",QNCAVMVDPR,,Roadrunner Bookshop,13560 Cottontail Drive,,Falcon,CO,80831.0,United States,I Never Said That Jesus Sticker,default,,,Delivered,6.0,1.75,4.75,"January 29, 2026",No scheduled order date,'-
"January 23, 2026",QNCAVMVDPR,,Roadrunner Bookshop,13560 Cottontail Drive,,Falcon,CO,80831.0,United States,"Sorry, I'm Fully Booked Tonight! Tote Bag",Green Font,,,Delivered,3.0,10.0,20.0,"January 29, 2026",No scheduled order date,'-
"January 23, 2026",QNCAVMVDPR,,Roadrunner Bookshop,13560 Cottontail Drive,,Falcon,CO,80831.0,United States,Let's Be Better Humans Sticker,default,,,Delivered,6.0,1.75,6.5,"January 29, 2026",No scheduled order date,'-
"January 23, 2026",QNCAVMVDPR,,Roadrunner Bookshop,13560 Cottontail Drive,,Falcon,CO,80831.0,United States,Read Banned Books Sticker,default,,,Delivered,6.0,1.75,4.75,"January 29, 2026",No scheduled order date,'-
"January 23, 2026",73P9Z9TGZZ,,Cedar Chest,150 Main Street,,Northampton,MA,1060.0,United States,I'm Gonna Do It Okay?! But Just Let Me Cry First Tote Bag,Natural,,,Delivered,3.0,10.0,20.0,"January 29, 2026",No scheduled order date,'-
"January 23, 2026",73P9Z9TGZZ,,Cedar Chest,150 Main Street,,Northampton,MA,1060.0,United States,"Do You Have Any Fucks? Not Even One, Girl. Go Fish. Sticker",default,,,Delivered,6.0,1.75,4.75,"January 29, 2026",No scheduled order date,'-
"January 23, 2026",73P9Z9TGZZ,,Cedar Chest,150 Main Street,,Northampton,MA,1060.0,United States,If You Are Neutral In Situations Of Injustice You Have Chosen The Side Of The Oppressors Sticker,default,,,Delivered,6.0,1.75,4.75,"January 29, 2026",No scheduled order date,'-
"January 23, 2026",73P9Z9TGZZ,,Cedar Chest,150 Main Street,,Northampton,MA,1060.0,United States,More Pride Less Prejudice Tote Bag,Natural,,,Delivered,3.0,10.0,20.0,"January 29, 2026",No scheduled order date,'-
"January 23, 2026",73P9Z9TGZZ,,Cedar Chest,150 Main Street,,Northampton,MA,1060.0,United States,Smash The Oligarchy Sticker,default,,,Delivered,6.0,1.75,4.75,"January 29, 2026",No scheduled order date,'-
"January 23, 2026",73P9Z9TGZZ,,Cedar Chest,150 Main Street,,Northampton,MA,1060.0,United States,Thumbs Up Cat Sticker,default,,,Delivered,6.0,1.75,4.75,"January 29, 2026",No scheduled order date,'-
"January 23, 2026",73P9Z9TGZZ,,Cedar Chest,150 Main Street,,Northampton,MA,1060.0,United States,Girls Will Be Girls Sticker,default,,,Delivered,6.0,1.75,4.75,"January 29, 2026",No scheduled order date,'-
"January 23, 2026",73P9Z9TGZZ,,Cedar Chest,150 Main Street,,Northampton,MA,1060.0,United States,Sorry I Can't Go I'm An Indoor Cat Glitter Sticker,default,,,Delivered,6.0,1.75,4.75,"January 29, 2026",No scheduled order date,'-
"January 23, 2026",73P9Z9TGZZ,,Cedar Chest,150 Main Street,,Northampton,MA,1060.0,United States,Disappointed But Not Surprised Pen,default,,,Delivered,10.0,0.85,2.75,"January 29, 2026",No scheduled order date,'-
"January 23, 2026",73P9Z9TGZZ,,Cedar Chest,150 Main Street,,Northampton,MA,1060.0,United States,Just A Girl Who Loves Books Glitter Sticker,default,,,Delivered,6.0,1.75,4.75,"January 29, 2026",No scheduled order date,'-
"January 23, 2026",73P9Z9TGZZ,,Cedar Chest,150 Main Street,,Northampton,MA,1060.0,United States,Girl Dinner Sticker (Glitter or White Available),Multicolor,,,Delivered,6.0,1.75,4.75,"January 29, 2026",No scheduled order date,'-
"January 23, 2026",73P9Z9TGZZ,,Cedar Chest,150 Main Street,,Northampton,MA,1060.0,United States,Dumpster Fire Response Team Member Pen,default,,,Delivered,1.0,0.85,2.75,"January 29, 2026",No scheduled order date,'-
"January 23, 2026",73P9Z9TGZZ,,Cedar Chest,150 Main Street,,Northampton,MA,1060.0,United States,Currently Dissociating Pen,default,,,Delivered,1.0,0.85,2.75,"January 29, 2026",No scheduled order date,'-
"January 23, 2026",73P9Z9TGZZ,,Cedar Chest,150 Main Street,,Northampton,MA,1060.0,United States,"Sorry I Was Rude, It Was Probably Your Fault Pen",default,,,Delivered,1.0,0.85,2.75,"January 29, 2026",No scheduled order date,'-
"January 23, 2026",73P9Z9TGZZ,,Cedar Chest,150 Main Street,,Northampton,MA,1060.0,United States,Radicalized By Basic Decency Floral Sticker,default,,,Delivered,6.0,1.75,4.75,"January 29, 2026",No scheduled order date,'-
"January 23, 2026",73P9Z9TGZZ,,Cedar Chest,150 Main Street,,Northampton,MA,1060.0,United States,The Only Minority Destroying This Country Are The Billionaires Sticker,Black,,,Delivered,6.0,1.75,4.75,"January 29, 2026",No scheduled order date,'-
"January 23, 2026",73P9Z9TGZZ,,Cedar Chest,150 Main Street,,Northampton,MA,1060.0,United States,Be Brave Be Loud And Look Out For Others Sticker,default,,,Delivered,6.0,1.75,4.75,"January 29, 2026",No scheduled order date,'-
"January 23, 2026",73P9Z9TGZZ,,Cedar Chest,150 Main Street,,Northampton,MA,1060.0,United States,Be Nice To Me I'm Anxious Glitter Sticker,default,,,Delivered,6.0,1.75,4.75,"January 29, 2026",No scheduled order date,'-
"January 23, 2026",73P9Z9TGZZ,,Cedar Chest,150 Main Street,,Northampton,MA,1060.0,United States,Caring About People Is Not Political Sticker,default,,,Delivered,6.0,1.75,4.75,"January 29, 2026",No scheduled order date,'-
"January 23, 2026",73P9Z9TGZZ,,Cedar Chest,150 Main Street,,Northampton,MA,1060.0,United States,Community Is Resistance Sticker,default,,,Delivered,6.0,1.75,4.75,"January 29, 2026",No scheduled order date,'-
"January 23, 2026",73P9Z9TGZZ,,Cedar Chest,150 Main Street,,Northampton,MA,1060.0,United States,Burn The Patriarchy Sticker,default,,,Delivered,6.0,1.75,4.75,"January 29, 2026",No scheduled order date,'-
"January 23, 2026",73P9Z9TGZZ,,Cedar Chest,150 Main Street,,Northampton,MA,1060.0,United States,Radicalized By Basic Decency Floral Tote Bag,Black,,,Delivered,3.0,10.0,20.0,"January 29, 2026",No scheduled order date,'-
"January 23, 2026",73P9Z9TGZZ,,Cedar Chest,150 Main Street,,Northampton,MA,1060.0,United States,Spooky Liberal Feminist Witch Sticker,default,,,Delivered,6.0,1.75,4.75,"January 29, 2026",No scheduled order date,'-
"January 23, 2026",73P9Z9TGZZ,,Cedar Chest,150 Main Street,,Northampton,MA,1060.0,United States,Do You Have Any Fucks? Not Even One Girl. Go Fish Tote Bag,default,,,Delivered,3.0,10.0,20.0,"January 29, 2026",No scheduled order date,'-
"January 23, 2026",GP78PYP99Y,,Gather & Collect,501 Pennsylvania Avenue,,Glen Ellyn,IL,60137.0,United States,Regulate Dick Not Jane Button,default,,,Delivered,18.0,1.25,2.75,"January 29, 2026",No scheduled order date,'-
"January 23, 2026",GP78PYP99Y,,Gather & Collect,501 Pennsylvania Avenue,,Glen Ellyn,IL,60137.0,United States,What's More Punk Than The Public Library Sticker,default,,,Delivered,12.0,1.75,4.75,"January 29, 2026",No scheduled order date,'-
"January 23, 2026",GP78PYP99Y,,Gather & Collect,501 Pennsylvania Avenue,,Glen Ellyn,IL,60137.0,United States,Dumpster Fire Response Team Member Pen,default,,,Delivered,18.0,0.85,2.75,"January 29, 2026",No scheduled order date,'-
"January 23, 2026",GP78PYP99Y,,Gather & Collect,501 Pennsylvania Avenue,,Glen Ellyn,IL,60137.0,United States,If Explosive Diarrhea Was A Person Button,default,,,Delivered,36.0,1.0,2.75,"January 29, 2026",No scheduled order date,'-
"January 23, 2026",GP78PYP99Y,,Gather & Collect,501 Pennsylvania Avenue,,Glen Ellyn,IL,60137.0,United States,Community Is Resistance Sticker,default,,,Delivered,16.0,1.75,4.75,"January 29, 2026",No scheduled order date,'-
"January 23, 2026",GP78PYP99Y,,Gather & Collect,501 Pennsylvania Avenue,,Glen Ellyn,IL,60137.0,United States,What's More Punk Than The Public Library Button,default,,,Delivered,18.0,1.0,2.75,"January 29, 2026",No scheduled order date,'-
"January 23, 2026",GP78PYP99Y,,Gather & Collect,501 Pennsylvania Avenue,,Glen Ellyn,IL,60137.0,United States,Read Banned Books Tote Bag,default,,,Delivered,3.0,10.0,20.0,"January 29, 2026",No scheduled order date,'-
"January 23, 2026",GP78PYP99Y,,Gather & Collect,501 Pennsylvania Avenue,,Glen Ellyn,IL,60137.0,United States,Public Service Announcement Say No To Hate Tote Bag,Black,,,Delivered,3.0,10.0,20.0,"January 29, 2026",No scheduled order date,'-
"January 23, 2026",GP78PYP99Y,,Gather & Collect,501 Pennsylvania Avenue,,Glen Ellyn,IL,60137.0,United States,Free Societies Protect Public Education Tote Bag,Natural,,,Delivered,3.0,10.0,20.0,"January 29, 2026",No scheduled order date,'-
"January 23, 2026",GP78PYP99Y,,Gather & Collect,501 Pennsylvania Avenue,,Glen Ellyn,IL,60137.0,United States,You've Just Buttered Your Last Biscuit Tote Bag,default,,,Delivered,6.0,10.0,20.0,"January 29, 2026",No scheduled order date,'-
"January 23, 2026",GP78PYP99Y,,Gather & Collect,501 Pennsylvania Avenue,,Glen Ellyn,IL,60137.0,United States,Disappointed But Not Surprised Pen,default,,,Delivered,35.0,0.85,2.75,"January 29, 2026",No scheduled order date,'-
"January 23, 2026",GP78PYP99Y,,Gather & Collect,501 Pennsylvania Avenue,,Glen Ellyn,IL,60137.0,United States,On My Way To Get More Trinkets And Knick Knacks Glitter Sticker,default,,,Delivered,6.0,1.75,4.75,"January 29, 2026",No scheduled order date,'-
"January 23, 2026",GP78PYP99Y,,Gather & Collect,501 Pennsylvania Avenue,,Glen Ellyn,IL,60137.0,United States,Disappointments All Of You Sticker,default,,,Delivered,12.0,1.75,4.75,"January 29, 2026",No scheduled order date,'-
"January 23, 2026",GP78PYP99Y,,Gather & Collect,501 Pennsylvania Avenue,,Glen Ellyn,IL,60137.0,United States,Be Brave Be Loud And Look Out For Others Sticker,default,,,Delivered,12.0,1.75,4.75,"January 29, 2026",No scheduled order date,'-
"January 23, 2026",GP78PYP99Y,,Gather & Collect,501 Pennsylvania Avenue,,Glen Ellyn,IL,60137.0,United States,Have The Day You Voted For Button,default,,,Delivered,18.0,1.0,2.75,"January 29, 2026",No scheduled order date,'-
"January 23, 2026",GP78PYP99Y,,Gather & Collect,501 Pennsylvania Avenue,,Glen Ellyn,IL,60137.0,United States,Caring About People Is Not Political Button,default,,,Delivered,24.0,1.0,2.75,"January 29, 2026",No scheduled order date,'-
"January 23, 2026",GP78PYP99Y,,Gather & Collect,501 Pennsylvania Avenue,,Glen Ellyn,IL,60137.0,United States,You've Just Buttered Your Last Biscuit Sticker,default,,,Delivered,12.0,1.75,4.75,"January 29, 2026",No scheduled order date,'-
"January 23, 2026",6N3YEZ5BBV,,VAIN,4513 California Avenue Southwest,,Seattle,WA,98116.0,United States,Black Cat Middle Finger Sticker,default,,,Delivered,8.0,1.75,4.75,"January 28, 2026",No scheduled order date,'-
"January 23, 2026",6N3YEZ5BBV,,VAIN,4513 California Avenue Southwest,,Seattle,WA,98116.0,United States,Girls Will Be Girls Sticker,default,,,Delivered,6.0,1.75,4.75,"January 28, 2026",No scheduled order date,'-
"January 23, 2026",6N3YEZ5BBV,,VAIN,4513 California Avenue Southwest,,Seattle,WA,98116.0,United States,Educate Your Son Sticker,default,,,Delivered,6.0,1.75,4.75,"January 28, 2026",No scheduled order date,'-
"January 23, 2026",6N3YEZ5BBV,,VAIN,4513 California Avenue Southwest,,Seattle,WA,98116.0,United States,"Pro Choice, Pro Love, Pro Science, Pro Women Sticker",default,,,Delivered,6.0,1.75,4.75,"January 28, 2026",No scheduled order date,'-
"January 23, 2026",6N3YEZ5BBV,,VAIN,4513 California Avenue Southwest,,Seattle,WA,98116.0,United States,No One Is Illegal On Stolen Land Sticker,default,,,Delivered,6.0,1.75,4.75,"January 28, 2026",No scheduled order date,'-
"January 23, 2026",6N3YEZ5BBV,,VAIN,4513 California Avenue Southwest,,Seattle,WA,98116.0,United States,Radicalized By Basic Decency Floral Sticker,default,,,Delivered,6.0,1.75,4.75,"January 28, 2026",No scheduled order date,'-
"January 23, 2026",6N3YEZ5BBV,,VAIN,4513 California Avenue Southwest,,Seattle,WA,98116.0,United States,Pickles Heart Glitter Sticker,default,,,Delivered,6.0,1.75,4.75,"January 28, 2026",No scheduled order date,'-
"January 23, 2026",6N3YEZ5BBV,,VAIN,4513 California Avenue Southwest,,Seattle,WA,98116.0,United States,Girls Will Be Girls Sticker,default,,,Delivered,6.0,1.75,4.75,"January 28, 2026",No scheduled order date,'-
"January 23, 2026",6N3YEZ5BBV,,VAIN,4513 California Avenue Southwest,,Seattle,WA,98116.0,United States,Fuck The Patriarchy Sticker,default,,,Delivered,6.0,1.75,4.25,"January 28, 2026",No scheduled order date,'-
"January 23, 2026",6N3YEZ5BBV,,VAIN,4513 California Avenue Southwest,,Seattle,WA,98116.0,United States,Sorry I Can't Go I'm An Indoor Cat Glitter Sticker,default,,,Delivered,6.0,1.75,4.75,"January 28, 2026",No scheduled order date,'-
"January 23, 2026",6N3YEZ5BBV,,VAIN,4513 California Avenue Southwest,,Seattle,WA,98116.0,United States,F*ck Them Boats Orca Sticker,default,,,Delivered,8.0,1.75,4.25,"January 28, 2026",No scheduled order date,'-
"January 23, 2026",6N3YEZ5BBV,,VAIN,4513 California Avenue Southwest,,Seattle,WA,98116.0,United States,Don't Be A Dick Sticker,default,,,Delivered,8.0,1.75,4.75,"January 28, 2026",No scheduled order date,'-
"January 23, 2026",6N3YEZ5BBV,,VAIN,4513 California Avenue Southwest,,Seattle,WA,98116.0,United States,Pathetic Sticker,default,,,Delivered,8.0,1.75,4.75,"January 28, 2026",No scheduled order date,'-
"January 23, 2026",6N3YEZ5BBV,,VAIN,4513 California Avenue Southwest,,Seattle,WA,98116.0,United States,Burn The Patriarchy Sticker,default,,,Delivered,8.0,1.75,4.75,"January 28, 2026",No scheduled order date,'-
"January 23, 2026",6N3YEZ5BBV,,VAIN,4513 California Avenue Southwest,,Seattle,WA,98116.0,United States,Let's Be Better Humans Sticker,default,,,Delivered,8.0,1.75,6.5,"January 28, 2026",No scheduled order date,'-
"January 23, 2026",6N3YEZ5BBV,,VAIN,4513 California Avenue Southwest,,Seattle,WA,98116.0,United States,Resist Sticker,default,,,Delivered,8.0,1.75,4.75,"January 28, 2026",No scheduled order date,'-
"January 23, 2026",6N3YEZ5BBV,,VAIN,4513 California Avenue Southwest,,Seattle,WA,98116.0,United States,The Only Minority Destroying This Country Are The Billionaires Sticker,Black,,,Delivered,8.0,1.75,4.75,"January 28, 2026",No scheduled order date,'-
"January 23, 2026",KXGFS6K32U,,WomanMade Products,91 Fall Street,,Seneca Falls,NY,13148.0,United States,Big Fan Of Human Rights Tote Bag,Natural,,,Delivered,3.0,10.0,20.0,"January 29, 2026","April 10, 2026",'-
"January 23, 2026",KXGFS6K32U,,WomanMade Products,91 Fall Street,,Seneca Falls,NY,13148.0,United States,Community Is Resistance Sticker,default,,,Delivered,6.0,1.75,4.75,"January 29, 2026","April 10, 2026",'-
"January 23, 2026",KXGFS6K32U,,WomanMade Products,91 Fall Street,,Seneca Falls,NY,13148.0,United States,Let's Be Better Humans Sticker,default,,,Delivered,6.0,1.75,6.5,"January 29, 2026","April 10, 2026",'-
"January 23, 2026",KXGFS6K32U,,WomanMade Products,91 Fall Street,,Seneca Falls,NY,13148.0,United States,Girls Will Be Girls Sticker,default,,,Delivered,6.0,1.75,4.75,"January 29, 2026","April 10, 2026",'-
"January 23, 2026",KXGFS6K32U,,WomanMade Products,91 Fall Street,,Seneca Falls,NY,13148.0,United States,Educate Your Son Sticker,default,,,Delivered,6.0,1.75,4.75,"January 29, 2026","April 10, 2026",'-
"January 23, 2026",KXGFS6K32U,,WomanMade Products,91 Fall Street,,Seneca Falls,NY,13148.0,United States,Resist Sticker,default,,,Delivered,6.0,1.75,4.75,"January 29, 2026","April 10, 2026",'-
"January 23, 2026",KXGFS6K32U,,WomanMade Products,91 Fall Street,,Seneca Falls,NY,13148.0,United States,Manifesting The Revolution Sticker,default,,,Delivered,6.0,1.75,4.75,"January 29, 2026","April 10, 2026",'-
"January 23, 2026",KXGFS6K32U,,WomanMade Products,91 Fall Street,,Seneca Falls,NY,13148.0,United States,Cool Girls Know History Sticker,default,,,Delivered,6.0,1.75,4.25,"January 29, 2026","April 10, 2026",'-
"January 23, 2026",KXGFS6K32U,,WomanMade Products,91 Fall Street,,Seneca Falls,NY,13148.0,United States,The Only Minority Destroying This Country Are The Billionaires Sticker,Black,,,Delivered,6.0,1.75,4.75,"January 29, 2026","April 10, 2026",'-
"January 23, 2026",KXGFS6K32U,,WomanMade Products,91 Fall Street,,Seneca Falls,NY,13148.0,United States,"Pro Choice, Pro Love, Pro Science, Pro Women Sticker",default,,,Delivered,6.0,1.75,4.75,"January 29, 2026","April 10, 2026",'-
"January 23, 2026",KXGFS6K32U,,WomanMade Products,91 Fall Street,,Seneca Falls,NY,13148.0,United States,Read Banned Books Tote Bag,default,,,Delivered,3.0,10.0,20.0,"January 29, 2026","April 10, 2026",'-
"January 23, 2026",KXGFS6K32U,,WomanMade Products,91 Fall Street,,Seneca Falls,NY,13148.0,United States,No One Is Illegal On Stolen Land Sticker,default,,,Delivered,6.0,1.75,4.75,"January 29, 2026","April 10, 2026",'-
"January 23, 2026",KXGFS6K32U,,WomanMade Products,91 Fall Street,,Seneca Falls,NY,13148.0,United States,Read Banned Books Sticker,default,,,Delivered,6.0,1.75,4.75,"January 29, 2026","April 10, 2026",'-
"January 23, 2026",KXGFS6K32U,,WomanMade Products,91 Fall Street,,Seneca Falls,NY,13148.0,United States,Justifiably Furious Tote Bag,default,,,Delivered,3.0,10.0,20.0,"January 29, 2026","April 10, 2026",'-
"January 23, 2026",KXGFS6K32U,,WomanMade Products,91 Fall Street,,Seneca Falls,NY,13148.0,United States,Read Books And Fight The Patriarchy Tote Bag,default,,,Delivered,3.0,10.0,20.0,"January 29, 2026","April 10, 2026",'-
"January 23, 2026",KXGFS6K32U,,WomanMade Products,91 Fall Street,,Seneca Falls,NY,13148.0,United States,Caring About People Is Not Political Tote Bag,default,,,Delivered,3.0,10.0,20.0,"January 29, 2026","April 10, 2026",'-
"January 23, 2026",KXGFS6K32U,,WomanMade Products,91 Fall Street,,Seneca Falls,NY,13148.0,United States,Spooky Liberal Feminist Witch Tote Bag,Natural w/Black Font,,,Delivered,3.0,10.0,20.0,"January 29, 2026","April 10, 2026",'-
"January 23, 2026",VKQ6R9WMRF,,Whimsy's Books,204 Estill Street,,Berea,KY,40403.0,United States,"Do You Have Any Fucks? Not Even One, Girl. Go Fish. Sticker",default,,,Delivered,6.0,1.75,4.75,"January 28, 2026",No scheduled order date,'-
"January 23, 2026",VKQ6R9WMRF,,Whimsy's Books,204 Estill Street,,Berea,KY,40403.0,United States,Radicalized By Basic Decency Floral Sticker,default,,,Delivered,6.0,1.75,4.75,"January 28, 2026",No scheduled order date,'-
"January 23, 2026",VKQ6R9WMRF,,Whimsy's Books,204 Estill Street,,Berea,KY,40403.0,United States,Compost The Patriarchy Sticker,default,,,Delivered,6.0,1.75,4.75,"January 28, 2026",No scheduled order date,'-
"January 23, 2026",VKQ6R9WMRF,,Whimsy's Books,204 Estill Street,,Berea,KY,40403.0,United States,Caring About People Is Not Political Sticker,default,,,Delivered,6.0,1.75,4.75,"January 28, 2026",No scheduled order date,'-
"January 23, 2026",VKQ6R9WMRF,,Whimsy's Books,204 Estill Street,,Berea,KY,40403.0,United States,Community Is Resistance Sticker,default,,,Delivered,8.0,1.75,4.75,"January 28, 2026",No scheduled order date,'-
"January 23, 2026",VKQ6R9WMRF,,Whimsy's Books,204 Estill Street,,Berea,KY,40403.0,United States,Be Brave Be Loud And Look Out For Others Sticker,default,,,Delivered,6.0,1.75,4.75,"January 28, 2026",No scheduled order date,'-
"January 23, 2026",VKQ6R9WMRF,,Whimsy's Books,204 Estill Street,,Berea,KY,40403.0,United States,Resist Floral Sticker,default,,,Delivered,6.0,1.75,4.75,"January 28, 2026",No scheduled order date,'-
"January 23, 2026",VKQ6R9WMRF,,Whimsy's Books,204 Estill Street,,Berea,KY,40403.0,United States,Just Be A Good Human Glitter Sticker,default,,,Delivered,6.0,1.75,4.75,"January 28, 2026",No scheduled order date,'-
"January 23, 2026",VKQ6R9WMRF,,Whimsy's Books,204 Estill Street,,Berea,KY,40403.0,United States,Shoutout To Everyone That Wanted To Read Their Book Today But Had To Adult Instead Glitter Sticker,default,,,Delivered,6.0,1.75,4.75,"January 28, 2026",No scheduled order date,'-
"January 23, 2026",VKQ6R9WMRF,,Whimsy's Books,204 Estill Street,,Berea,KY,40403.0,United States,The Hell I Won't Sticker,default,,,Delivered,6.0,1.75,4.75,"January 28, 2026",No scheduled order date,'-
"January 23, 2026",VKQ6R9WMRF,,Whimsy's Books,204 Estill Street,,Berea,KY,40403.0,United States,No Human Is Illegal Glitter Sticker,default,,,Delivered,6.0,1.75,4.75,"January 28, 2026",No scheduled order date,'-
"January 23, 2026",VKQ6R9WMRF,,Whimsy's Books,204 Estill Street,,Berea,KY,40403.0,United States,Literacy and Justice For All Sticker,default,,,Delivered,6.0,1.75,4.75,"January 28, 2026",No scheduled order date,'-
"January 23, 2026",9U6PZJ7NK9,,"I Love Books, Inc.",380 Delaware Ave,,DELMAR,NY,12054.0,United States,Girl Power Glitter Sticker,default,,,Delivered,6.0,1.75,4.75,"January 29, 2026",No scheduled order date,'-
"January 23, 2026",9U6PZJ7NK9,,"I Love Books, Inc.",380 Delaware Ave,,DELMAR,NY,12054.0,United States,Be Nice To Me I'm Anxious Glitter Sticker,default,,,Delivered,6.0,1.75,4.75,"January 29, 2026",No scheduled order date,'-
"January 23, 2026",9U6PZJ7NK9,,"I Love Books, Inc.",380 Delaware Ave,,DELMAR,NY,12054.0,United States,Lover Of Cancelled Plans Glitter Sticker,default,,,Delivered,6.0,1.75,4.75,"January 29, 2026",No scheduled order date,'-
"January 23, 2026",9U6PZJ7NK9,,"I Love Books, Inc.",380 Delaware Ave,,DELMAR,NY,12054.0,United States,Publicly Shame Racists Button,default,,,Delivered,3.0,1.25,2.75,"January 29, 2026",No scheduled order date,'-
"January 23, 2026",9U6PZJ7NK9,,"I Love Books, Inc.",380 Delaware Ave,,DELMAR,NY,12054.0,United States,Your Lack Of Empathy Is Not The Flex You Think It Is Glitter Sticker,default,,,Delivered,6.0,1.75,4.75,"January 29, 2026",No scheduled order date,'-
"January 23, 2026",9U6PZJ7NK9,,"I Love Books, Inc.",380 Delaware Ave,,DELMAR,NY,12054.0,United States,Girls Will Be Girls Sticker,default,,,Delivered,6.0,1.75,4.75,"January 29, 2026",No scheduled order date,'-
"January 23, 2026",9U6PZJ7NK9,,"I Love Books, Inc.",380 Delaware Ave,,DELMAR,NY,12054.0,United States,Shoutout To Everyone That Wanted To Read Their Book Today But Had To Adult Instead Glitter Sticker,default,,,Delivered,6.0,1.75,4.75,"January 29, 2026",No scheduled order date,'-
"January 23, 2026",9U6PZJ7NK9,,"I Love Books, Inc.",380 Delaware Ave,,DELMAR,NY,12054.0,United States,Manifesting The Revolution Sticker,default,,,Delivered,6.0,1.75,4.75,"January 29, 2026",No scheduled order date,'-
"January 23, 2026",9U6PZJ7NK9,,"I Love Books, Inc.",380 Delaware Ave,,DELMAR,NY,12054.0,United States,The Bookstore So Many Books So Little Time Glitter Sticker,default,,,Delivered,6.0,1.75,4.75,"January 29, 2026",No scheduled order date,'-
"January 23, 2026",9U6PZJ7NK9,,"I Love Books, Inc.",380 Delaware Ave,,DELMAR,NY,12054.0,United States,Awake But At What Cost Sticker,default,,,Delivered,6.0,1.75,4.75,"January 29, 2026",No scheduled order date,'-
"January 23, 2026",9U6PZJ7NK9,,"I Love Books, Inc.",380 Delaware Ave,,DELMAR,NY,12054.0,United States,No One Is Illegal On Stolen Land Sticker,default,,,Delivered,6.0,1.75,4.75,"January 29, 2026",No scheduled order date,'-
"January 23, 2026",9U6PZJ7NK9,,"I Love Books, Inc.",380 Delaware Ave,,DELMAR,NY,12054.0,United States,On My Way To Get More Trinkets And Knick Knacks Glitter Sticker,default,,,Delivered,6.0,1.75,4.75,"January 29, 2026",No scheduled order date,'-
"January 23, 2026",9U6PZJ7NK9,,"I Love Books, Inc.",380 Delaware Ave,,DELMAR,NY,12054.0,United States,The Road To Fascism Is Paved With The People That Told You To Stop Overreacting Holographic Sticker,default,,,Delivered,6.0,1.75,4.75,"January 29, 2026",No scheduled order date,'-
"January 23, 2026",9U6PZJ7NK9,,"I Love Books, Inc.",380 Delaware Ave,,DELMAR,NY,12054.0,United States,Leaving Reality Entering Fiction Tote Bag,default,,,Delivered,3.0,10.0,20.0,"January 29, 2026",No scheduled order date,'-
"January 23, 2026",9U6PZJ7NK9,,"I Love Books, Inc.",380 Delaware Ave,,DELMAR,NY,12054.0,United States,Please Hesitate To Reach Out To Me Sticker (2 colors available),Pink & Red,,,Delivered,6.0,1.75,4.75,"January 29, 2026",No scheduled order date,'-
"January 23, 2026",9U6PZJ7NK9,,"I Love Books, Inc.",380 Delaware Ave,,DELMAR,NY,12054.0,United States,Free Societies Protect Public Education Tote Bag,Natural,,,Delivered,3.0,10.0,20.0,"January 29, 2026",No scheduled order date,'-
"January 23, 2026",9U6PZJ7NK9,,"I Love Books, Inc.",380 Delaware Ave,,DELMAR,NY,12054.0,United States,Wheel of Emotions Sticker,default,,,Delivered,6.0,1.75,4.75,"January 29, 2026",No scheduled order date,'-
"January 23, 2026",9U6PZJ7NK9,,"I Love Books, Inc.",380 Delaware Ave,,DELMAR,NY,12054.0,United States,The Hell I Won't Sticker,default,,,Delivered,6.0,1.75,4.75,"January 29, 2026",No scheduled order date,'-
"January 23, 2026",9U6PZJ7NK9,,"I Love Books, Inc.",380 Delaware Ave,,DELMAR,NY,12054.0,United States,Caring About People Is Not Political Button,default,,,Delivered,5.0,1.0,2.75,"January 29, 2026",No scheduled order date,'-
"January 23, 2026",9U6PZJ7NK9,,"I Love Books, Inc.",380 Delaware Ave,,DELMAR,NY,12054.0,United States,Make Orwell Fiction Again Sticker,default,,,Delivered,6.0,1.75,4.75,"January 29, 2026",No scheduled order date,'-
"January 23, 2026",9U6PZJ7NK9,,"I Love Books, Inc.",380 Delaware Ave,,DELMAR,NY,12054.0,United States,Strawberry Candy Holographic Sticker,default,,,Delivered,6.0,1.75,4.75,"January 29, 2026",No scheduled order date,'-
"January 23, 2026",9U6PZJ7NK9,,"I Love Books, Inc.",380 Delaware Ave,,DELMAR,NY,12054.0,United States,Raccoon Fairy Holographic Sticker,default,,,Delivered,6.0,1.75,4.75,"January 29, 2026",No scheduled order date,'-
"January 23, 2026",9U6PZJ7NK9,,"I Love Books, Inc.",380 Delaware Ave,,DELMAR,NY,12054.0,United States,No Human Is Illegal Glitter Sticker,default,,,Delivered,6.0,1.75,4.75,"January 29, 2026",No scheduled order date,'-
"January 23, 2026",9U6PZJ7NK9,,"I Love Books, Inc.",380 Delaware Ave,,DELMAR,NY,12054.0,United States,Pickles Heart Glitter Sticker,default,,,Delivered,6.0,1.75,4.75,"January 29, 2026",No scheduled order date,'-
"January 23, 2026",9U6PZJ7NK9,,"I Love Books, Inc.",380 Delaware Ave,,DELMAR,NY,12054.0,United States,"Sorry If I'm Mean, I'm Overstimulated Right Now Sticker",default,,,Delivered,6.0,1.75,4.75,"January 29, 2026",No scheduled order date,'-
"January 23, 2026",9U6PZJ7NK9,,"I Love Books, Inc.",380 Delaware Ave,,DELMAR,NY,12054.0,United States,For The Fuckteenth Time Pen,default,,,Delivered,2.0,0.85,2.75,"January 29, 2026",No scheduled order date,'-
"January 23, 2026",9U6PZJ7NK9,,"I Love Books, Inc.",380 Delaware Ave,,DELMAR,NY,12054.0,United States,Princess Fairy Mouse Sticker,default,,,Delivered,6.0,1.75,4.75,"January 29, 2026",No scheduled order date,'-
"January 23, 2026",9U6PZJ7NK9,,"I Love Books, Inc.",380 Delaware Ave,,DELMAR,NY,12054.0,United States,"When You Can Be Anything You Want, An Asshole Seems To Be A Really Odd Choice Glitter Sticker",default,,,Delivered,6.0,1.75,4.75,"January 29, 2026",No scheduled order date,'-
"January 23, 2026",9U6PZJ7NK9,,"I Love Books, Inc.",380 Delaware Ave,,DELMAR,NY,12054.0,United States,Surprise Mini Troll,default,,,Delivered,20.0,0.6,1.5,"January 29, 2026",No scheduled order date,'-
"January 23, 2026",9U6PZJ7NK9,,"I Love Books, Inc.",380 Delaware Ave,,DELMAR,NY,12054.0,United States,If You Are Neutral In Situations Of Injustice Tote Bag,default,,,Delivered,3.0,10.0,20.0,"January 29, 2026",No scheduled order date,'-
"January 23, 2026",9U6PZJ7NK9,,"I Love Books, Inc.",380 Delaware Ave,,DELMAR,NY,12054.0,United States,Girl Dinner Sticker (Glitter or White Available),White,,,Delivered,6.0,1.75,4.75,"January 29, 2026",No scheduled order date,'-
"January 23, 2026",9U6PZJ7NK9,,"I Love Books, Inc.",380 Delaware Ave,,DELMAR,NY,12054.0,United States,I Can't Go On..I Need A Snack Pls Glitter Sticker,default,,,Delivered,6.0,1.75,4.75,"January 29, 2026",No scheduled order date,'-
"January 23, 2026",9U6PZJ7NK9,,"I Love Books, Inc.",380 Delaware Ave,,DELMAR,NY,12054.0,United States,Just Be A Good Human Glitter Sticker,default,,,Delivered,6.0,1.75,4.75,"January 29, 2026",No scheduled order date,'-
"January 23, 2026",9U6PZJ7NK9,,"I Love Books, Inc.",380 Delaware Ave,,DELMAR,NY,12054.0,United States,"Hey, You Dropped This Holographic Sticker",default,,,Delivered,6.0,1.75,4.75,"January 29, 2026",No scheduled order date,'-
"January 23, 2026",9U6PZJ7NK9,,"I Love Books, Inc.",380 Delaware Ave,,DELMAR,NY,12054.0,United States,"Pro Choice, Pro Love, Pro Science, Pro Women Sticker",default,,,Delivered,6.0,1.75,4.75,"January 29, 2026",No scheduled order date,'-
"January 23, 2026",9U6PZJ7NK9,,"I Love Books, Inc.",380 Delaware Ave,,DELMAR,NY,12054.0,United States,Books Are Magic Pixie Glitter Sticker,default,,,Delivered,6.0,1.75,4.75,"January 29, 2026",No scheduled order date,'-
"January 23, 2026",VQBX4MZ5U4,,La Playa Books,1026 Rosecrans Street,,San Diego,CA,92106.0,United States,Caring About People Is Not Political Sticker,default,,,Delivered,6.0,1.75,4.75,"January 28, 2026",No scheduled order date,'-
"January 23, 2026",VQBX4MZ5U4,,La Playa Books,1026 Rosecrans Street,,San Diego,CA,92106.0,United States,Meet Me At The Pink Pony Club Glitter Sticker,default,,,Delivered,6.0,1.75,4.75,"January 28, 2026",No scheduled order date,'-
"January 23, 2026",VQBX4MZ5U4,,La Playa Books,1026 Rosecrans Street,,San Diego,CA,92106.0,United States,Read Books And Fight The Patriarchy Tote Bag,default,,,Delivered,3.0,10.0,20.0,"January 28, 2026",No scheduled order date,'-
"January 23, 2026",VQBX4MZ5U4,,La Playa Books,1026 Rosecrans Street,,San Diego,CA,92106.0,United States,Don't Tread On Me Sticker,default,,,Delivered,6.0,1.75,4.75,"January 28, 2026",No scheduled order date,'-
"January 23, 2026",VQBX4MZ5U4,,La Playa Books,1026 Rosecrans Street,,San Diego,CA,92106.0,United States,Free Societies Protect Public Education Tote Bag,Natural,,,Delivered,3.0,10.0,20.0,"January 28, 2026",No scheduled order date,'-
"January 23, 2026",VQBX4MZ5U4,,La Playa Books,1026 Rosecrans Street,,San Diego,CA,92106.0,United States,Shoutout To Everyone That Wanted To Read Their Book Today But Had To Adult Instead Glitter Sticker,default,,,Delivered,6.0,1.75,4.75,"January 28, 2026",No scheduled order date,'-
"January 23, 2026",VQBX4MZ5U4,,La Playa Books,1026 Rosecrans Street,,San Diego,CA,92106.0,United States,"I May Be Wrong, But I Doubt It Keychain",default,,,Delivered,1.0,4.5,10.0,"January 28, 2026",No scheduled order date,'-
"January 23, 2026",VQBX4MZ5U4,,La Playa Books,1026 Rosecrans Street,,San Diego,CA,92106.0,United States,Nope Not Today Button,default,,,Delivered,3.0,1.0,2.75,"January 28, 2026",No scheduled order date,'-
"January 23, 2026",VQBX4MZ5U4,,La Playa Books,1026 Rosecrans Street,,San Diego,CA,92106.0,United States,It's A Good Day To Read Button,default,,,Delivered,6.0,1.0,2.75,"January 28, 2026",No scheduled order date,'-
"January 23, 2026",VQBX4MZ5U4,,La Playa Books,1026 Rosecrans Street,,San Diego,CA,92106.0,United States,I Tried To Form A Gang But It Turned Into A Book Club Tote Bag,Canvas,,,Delivered,6.0,10.0,20.0,"January 28, 2026",No scheduled order date,'-
"January 23, 2026",VQBX4MZ5U4,,La Playa Books,1026 Rosecrans Street,,San Diego,CA,92106.0,United States,I've Heard Enough From Old White Men Button,default,,,Delivered,3.0,1.0,2.75,"January 28, 2026",No scheduled order date,'-
"January 23, 2026",VQBX4MZ5U4,,La Playa Books,1026 Rosecrans Street,,San Diego,CA,92106.0,United States,What's More Punk Than The Public Library Button,default,,,Delivered,6.0,1.0,2.75,"January 28, 2026",No scheduled order date,'-
"January 23, 2026",VQBX4MZ5U4,,La Playa Books,1026 Rosecrans Street,,San Diego,CA,92106.0,United States,Oops I Bought Another Book Tote Bag,Black,,,Delivered,3.0,10.0,20.0,"January 28, 2026",No scheduled order date,'-
"January 23, 2026",VQBX4MZ5U4,,La Playa Books,1026 Rosecrans Street,,San Diego,CA,92106.0,United States,Currently Dissociating Pen,default,,,Delivered,10.0,0.85,2.75,"January 28, 2026",No scheduled order date,'-
"January 23, 2026",VQBX4MZ5U4,,La Playa Books,1026 Rosecrans Street,,San Diego,CA,92106.0,United States,For The Fuckteenth Time Pen,default,,,Delivered,6.0,0.85,2.75,"January 28, 2026",No scheduled order date,'-
"January 23, 2026",VQBX4MZ5U4,,La Playa Books,1026 Rosecrans Street,,San Diego,CA,92106.0,United States,Radicalized By Basic Decency Button,default,,,Delivered,6.0,1.25,2.5,"January 28, 2026",No scheduled order date,'-
"January 23, 2026",VQBX4MZ5U4,,La Playa Books,1026 Rosecrans Street,,San Diego,CA,92106.0,United States,Dumpster Fire Response Team Member Pen,default,,,Delivered,6.0,0.85,2.75,"January 28, 2026",No scheduled order date,'-
"January 23, 2026",VQBX4MZ5U4,,La Playa Books,1026 Rosecrans Street,,San Diego,CA,92106.0,United States,"Sorry I Was Rude, It Was Probably Your Fault Pen",default,,,Delivered,3.0,0.85,2.75,"January 28, 2026",No scheduled order date,'-
"January 23, 2026",VQBX4MZ5U4,,La Playa Books,1026 Rosecrans Street,,San Diego,CA,92106.0,United States,Have The Day You Voted For Button,default,,,Delivered,6.0,1.0,2.75,"January 28, 2026",No scheduled order date,'-
"January 23, 2026",VQBX4MZ5U4,,La Playa Books,1026 Rosecrans Street,,San Diego,CA,92106.0,United States,Community Is Resistance Sticker,default,,,Delivered,6.0,1.75,4.75,"January 28, 2026",No scheduled order date,'-
"January 23, 2026",VQBX4MZ5U4,,La Playa Books,1026 Rosecrans Street,,San Diego,CA,92106.0,United States,Educate Your Son Sticker,default,,,Delivered,6.0,1.75,4.75,"January 28, 2026",No scheduled order date,'-
"January 23, 2026",VQBX4MZ5U4,,La Playa Books,1026 Rosecrans Street,,San Diego,CA,92106.0,United States,Stop Brain Rot Read A Book Tote Bag,Natural,,,Delivered,3.0,10.0,20.0,"January 28, 2026",No scheduled order date,'-
"January 23, 2026",VQBX4MZ5U4,,La Playa Books,1026 Rosecrans Street,,San Diego,CA,92106.0,United States,"I May Be Laid Back, But I Can Lean Forward Real Fucking Quick Glitter Sticker",default,,,Delivered,6.0,1.75,4.75,"January 28, 2026",No scheduled order date,'-
"January 23, 2026",VQBX4MZ5U4,,La Playa Books,1026 Rosecrans Street,,San Diego,CA,92106.0,United States,F*ck Them Boats Orca Sticker,default,,,Delivered,6.0,1.75,4.25,"January 28, 2026",No scheduled order date,'-
"January 23, 2026",VQBX4MZ5U4,,La Playa Books,1026 Rosecrans Street,,San Diego,CA,92106.0,United States,Books Because Coping With Reality Is Not An Option At The Moment Glitter Sticker,default,,,Delivered,6.0,1.75,4.75,"January 28, 2026",No scheduled order date,'-
"January 23, 2026",VQBX4MZ5U4,,La Playa Books,1026 Rosecrans Street,,San Diego,CA,92106.0,United States,Just A Girl Who Loves Books Glitter Sticker,default,,,Delivered,6.0,1.75,4.75,"January 28, 2026",No scheduled order date,'-
"January 23, 2026",VQBX4MZ5U4,,La Playa Books,1026 Rosecrans Street,,San Diego,CA,92106.0,United States,The Road To Fascism Is Paved With The People That Told You To Stop Overreacting Holographic Sticker,default,,,Delivered,6.0,1.75,4.75,"January 28, 2026",No scheduled order date,'-
"January 23, 2026",VQBX4MZ5U4,,La Playa Books,1026 Rosecrans Street,,San Diego,CA,92106.0,United States,If Explosive Diarrhea Was A Person Glitter Sticker,Glittery,,,Delivered,6.0,1.75,4.75,"January 28, 2026",No scheduled order date,'-
"January 23, 2026",VQBX4MZ5U4,,La Playa Books,1026 Rosecrans Street,,San Diego,CA,92106.0,United States,Be The Light You Want To See In The World Sticker (2 styles available),Glittery Vinyl,,,Delivered,6.0,1.75,4.75,"January 28, 2026",No scheduled order date,'-
"January 23, 2026",VQBX4MZ5U4,,La Playa Books,1026 Rosecrans Street,,San Diego,CA,92106.0,United States,The Only Minority Destroying This Country Are The Billionaires Sticker,Black,,,Delivered,6.0,1.75,4.75,"January 28, 2026",No scheduled order date,'-
"January 23, 2026",VQBX4MZ5U4,,La Playa Books,1026 Rosecrans Street,,San Diego,CA,92106.0,United States,I Didn't Survive A Pandemic For This Shit Glitter Sticker,default,,,Delivered,6.0,1.75,4.75,"January 28, 2026",No scheduled order date,'-
"January 23, 2026",VQBX4MZ5U4,,La Playa Books,1026 Rosecrans Street,,San Diego,CA,92106.0,United States,Mansplain Survivor Holographic Sticker,default,,,Delivered,6.0,1.75,4.75,"January 28, 2026",No scheduled order date,'-
"January 23, 2026",VQBX4MZ5U4,,La Playa Books,1026 Rosecrans Street,,San Diego,CA,92106.0,United States,Public Health Over Corporate Wealth Tote Bag,default,,,Delivered,3.0,10.0,20.0,"January 28, 2026",No scheduled order date,'-
"January 23, 2026",VQBX4MZ5U4,,La Playa Books,1026 Rosecrans Street,,San Diego,CA,92106.0,United States,No One Is Illegal On Stolen Land Sticker,default,,,Delivered,6.0,1.75,4.75,"January 28, 2026",No scheduled order date,'-
"January 23, 2026",VQBX4MZ5U4,,La Playa Books,1026 Rosecrans Street,,San Diego,CA,92106.0,United States,"Hidden ""Fuck Trump"" Floral Sticker",default,,,Delivered,6.0,1.75,4.75,"January 28, 2026",No scheduled order date,'-
"January 23, 2026",VQBX4MZ5U4,,La Playa Books,1026 Rosecrans Street,,San Diego,CA,92106.0,United States,"Hidden ""Fuck Trump"" Floral Pixie Glitter Sticker",default,,,Delivered,6.0,1.75,4.75,"January 28, 2026",No scheduled order date,'-
"January 23, 2026",UDNXQDCAVY,,Artisans New London,11 Pleasant Street,,New London,NH,3257.0,United States,Girls Will Be Girls Sticker,default,,,Delivered,6.0,1.75,4.75,"January 28, 2026",No scheduled order date,'-
"January 23, 2026",UDNXQDCAVY,,Artisans New London,11 Pleasant Street,,New London,NH,3257.0,United States,Let's Be Better Humans Sticker,default,,,Delivered,6.0,1.75,6.5,"January 28, 2026",No scheduled order date,'-
"January 23, 2026",UDNXQDCAVY,,Artisans New London,11 Pleasant Street,,New London,NH,3257.0,United States,Policy & Change Sticker,default,,,Delivered,6.0,1.75,4.75,"January 28, 2026",No scheduled order date,'-
"January 23, 2026",UDNXQDCAVY,,Artisans New London,11 Pleasant Street,,New London,NH,3257.0,United States,"Pro Choice, Pro Love, Pro Science, Pro Women Sticker",default,,,Delivered,6.0,1.75,4.75,"January 28, 2026",No scheduled order date,'-
"January 23, 2026",UDNXQDCAVY,,Artisans New London,11 Pleasant Street,,New London,NH,3257.0,United States,Daily Shitstorm Survivors Club Sticker,default,,,Delivered,6.0,1.75,4.75,"January 28, 2026",No scheduled order date,'-
"January 23, 2026",UDNXQDCAVY,,Artisans New London,11 Pleasant Street,,New London,NH,3257.0,United States,The Only Minority Destroying This Country Are The Billionaires Sticker,Black,,,Delivered,6.0,1.75,4.75,"January 28, 2026",No scheduled order date,'-
"January 23, 2026",UDNXQDCAVY,,Artisans New London,11 Pleasant Street,,New London,NH,3257.0,United States,Black Cat Middle Finger Sticker,default,,,Delivered,6.0,1.75,4.75,"January 28, 2026",No scheduled order date,'-
"January 23, 2026",UDNXQDCAVY,,Artisans New London,11 Pleasant Street,,New London,NH,3257.0,United States,Educate Organize Revolt Sticker,default,,,Delivered,6.0,1.75,4.75,"January 28, 2026",No scheduled order date,'-
"January 23, 2026",UDNXQDCAVY,,Artisans New London,11 Pleasant Street,,New London,NH,3257.0,United States,Caring About People Is Not Political Sticker,default,,,Delivered,6.0,1.75,4.75,"January 28, 2026",No scheduled order date,'-
"January 23, 2026",UDNXQDCAVY,,Artisans New London,11 Pleasant Street,,New London,NH,3257.0,United States,I Never Said That Jesus Sticker,default,,,Delivered,6.0,1.75,4.75,"January 28, 2026",No scheduled order date,'-
"January 23, 2026",UDNXQDCAVY,,Artisans New London,11 Pleasant Street,,New London,NH,3257.0,United States,Be Brave Be Loud And Look Out For Others Sticker,default,,,Delivered,6.0,1.75,4.75,"January 28, 2026",No scheduled order date,'-
"January 23, 2026",UDNXQDCAVY,,Artisans New London,11 Pleasant Street,,New London,NH,3257.0,United States,"I May Be Laid Back, But I Can Lean Forward Real Fucking Quick Glitter Sticker",default,,,Delivered,6.0,1.75,4.75,"January 28, 2026",No scheduled order date,'-
"January 22, 2026",K5Z2RNEF2U,,Black Sheep Salvage,2337 North Smithsonian Drive,,Florence,AZ,85132-6709,United States,"Mini Troll Surprise Packs - 3, 6 or 10!",10 pack,,,Delivered,21.0,4.99,9.99,"January 29, 2026",No scheduled order date,'-
"January 22, 2026",HU27NRQV8X,3659.0,Spiral Circle,750 North Thornton Avenue,,Orlando,FL,32803.0,United States,Daily Shitstorm Survivors Club Button,default,,,Delivered,6.0,1.0,2.75,"January 28, 2026",No scheduled order date,'-
"January 22, 2026",HU27NRQV8X,3659.0,Spiral Circle,750 North Thornton Avenue,,Orlando,FL,32803.0,United States,Radicalized By Basic Decency Floral Sticker,default,,,Delivered,6.0,1.75,4.75,"January 28, 2026",No scheduled order date,'-
"January 22, 2026",HU27NRQV8X,3659.0,Spiral Circle,750 North Thornton Avenue,,Orlando,FL,32803.0,United States,Caring About People Is Not Political Sticker,default,,,Delivered,6.0,1.75,4.75,"January 28, 2026",No scheduled order date,'-
"January 22, 2026",HU27NRQV8X,3659.0,Spiral Circle,750 North Thornton Avenue,,Orlando,FL,32803.0,United States,The Road To Fascism Is Paved With The People That Told You To Stop Overreacting Holographic Sticker,default,,,Delivered,6.0,1.75,4.75,"January 28, 2026",No scheduled order date,'-
"January 22, 2026",HU27NRQV8X,3659.0,Spiral Circle,750 North Thornton Avenue,,Orlando,FL,32803.0,United States,Wheel of Emotions Sticker,default,,,Delivered,6.0,1.75,4.75,"January 28, 2026",No scheduled order date,'-
"January 22, 2026",HU27NRQV8X,3659.0,Spiral Circle,750 North Thornton Avenue,,Orlando,FL,32803.0,United States,No Human Is Illegal Glitter Sticker,default,,,Delivered,6.0,1.75,4.75,"January 28, 2026",No scheduled order date,'-
"January 22, 2026",HU27NRQV8X,3659.0,Spiral Circle,750 North Thornton Avenue,,Orlando,FL,32803.0,United States,Be Brave Be Loud And Look Out For Others Sticker,default,,,Delivered,6.0,1.75,4.75,"January 28, 2026",No scheduled order date,'-
"January 22, 2026",HU27NRQV8X,3659.0,Spiral Circle,750 North Thornton Avenue,,Orlando,FL,32803.0,United States,54321 Grounding Technique Sticker,default,,,Delivered,6.0,1.75,4.75,"January 28, 2026",No scheduled order date,'-
"January 22, 2026",HU27NRQV8X,3659.0,Spiral Circle,750 North Thornton Avenue,,Orlando,FL,32803.0,United States,Strawberry Candy Holographic Sticker,default,,,Delivered,6.0,1.75,4.75,"January 28, 2026",No scheduled order date,'-
"January 22, 2026",HU27NRQV8X,3659.0,Spiral Circle,750 North Thornton Avenue,,Orlando,FL,32803.0,United States,Manifesting The Revolution Sticker,default,,,Delivered,6.0,1.75,4.75,"January 28, 2026",No scheduled order date,'-
"January 22, 2026",HU27NRQV8X,3659.0,Spiral Circle,750 North Thornton Avenue,,Orlando,FL,32803.0,United States,Just Be A Good Human Glitter Sticker,default,,,Delivered,6.0,1.75,4.75,"January 28, 2026",No scheduled order date,'-
"January 22, 2026",HU27NRQV8X,3659.0,Spiral Circle,750 North Thornton Avenue,,Orlando,FL,32803.0,United States,America Was Built By Immigrants Sticker,default,,,Delivered,6.0,1.75,4.75,"January 28, 2026",No scheduled order date,'-
"January 22, 2026",HU27NRQV8X,3659.0,Spiral Circle,750 North Thornton Avenue,,Orlando,FL,32803.0,United States,Books Are Magic Pixie Glitter Sticker,default,,,Delivered,6.0,1.75,4.75,"January 28, 2026",No scheduled order date,'-
"January 22, 2026",HU27NRQV8X,3659.0,Spiral Circle,750 North Thornton Avenue,,Orlando,FL,32803.0,United States,No One Is Illegal On Stolen Land Sticker,default,,,Delivered,6.0,1.75,4.75,"January 28, 2026",No scheduled order date,'-
"January 22, 2026",HU27NRQV8X,3659.0,Spiral Circle,750 North Thornton Avenue,,Orlando,FL,32803.0,United States,Have The Day You Voted For Sticker,White Background,,,Delivered,6.0,1.75,4.75,"January 28, 2026",No scheduled order date,'-
"January 22, 2026",HU27NRQV8X,3659.0,Spiral Circle,750 North Thornton Avenue,,Orlando,FL,32803.0,United States,You Already Know The Answer Holographic Sticker,default,,,Delivered,6.0,1.75,4.75,"January 28, 2026",No scheduled order date,'-
"January 22, 2026",HU27NRQV8X,3659.0,Spiral Circle,750 North Thornton Avenue,,Orlando,FL,32803.0,United States,If You Are Neutral In Situations Of Injustice You Have Chosen The Side Of The Oppressors Sticker,default,,,Delivered,6.0,1.75,4.75,"January 28, 2026",No scheduled order date,'-
"January 22, 2026",HU27NRQV8X,3659.0,Spiral Circle,750 North Thornton Avenue,,Orlando,FL,32803.0,United States,Spooky Liberal Feminist Witch Sticker,default,,,Delivered,6.0,1.75,4.75,"January 28, 2026",No scheduled order date,'-
"January 22, 2026",HU27NRQV8X,3659.0,Spiral Circle,750 North Thornton Avenue,,Orlando,FL,32803.0,United States,Shoutout To Everyone That Wanted To Read Their Book Today But Had To Adult Instead Glitter Sticker,default,,,Delivered,6.0,1.75,4.75,"January 28, 2026",No scheduled order date,'-
"January 22, 2026",HU27NRQV8X,3659.0,Spiral Circle,750 North Thornton Avenue,,Orlando,FL,32803.0,United States,Resist Sticker,default,,,Delivered,6.0,1.75,4.75,"January 28, 2026",No scheduled order date,'-
"January 22, 2026",HU27NRQV8X,3659.0,Spiral Circle,750 North Thornton Avenue,,Orlando,FL,32803.0,United States,If You Support Fascism We Can't Be Friends Glitter Sticker,default,,,Delivered,6.0,1.75,4.75,"January 28, 2026",No scheduled order date,'-
"January 22, 2026",HU27NRQV8X,3659.0,Spiral Circle,750 North Thornton Avenue,,Orlando,FL,32803.0,United States,Big Fan of Human Rights Button,default,,,Delivered,6.0,1.5,3.0,"January 28, 2026",No scheduled order date,'-
"January 22, 2026",HU27NRQV8X,3659.0,Spiral Circle,750 North Thornton Avenue,,Orlando,FL,32803.0,United States,Publicly Shame Racists Button,default,,,Delivered,6.0,1.25,2.75,"January 28, 2026",No scheduled order date,'-
"January 22, 2026",864YH9U2FX,,Jena Priebe,453 South Spring Street,301.0,Los Angeles,CA,90013.0,United States,Pay Me Like A White Man Glitter Sticker,default,,,Delivered,12.0,1.75,4.75,"February 3, 2026",No scheduled order date,'-
"January 22, 2026",864YH9U2FX,,Jena Priebe,453 South Spring Street,301.0,Los Angeles,CA,90013.0,United States,Pickles Heart Glitter Sticker,default,,,Delivered,12.0,1.75,4.75,"February 3, 2026",No scheduled order date,'-
"January 22, 2026",864YH9U2FX,,Jena Priebe,453 South Spring Street,301.0,Los Angeles,CA,90013.0,United States,The Hell I Won't Sticker,default,,,Delivered,12.0,1.75,4.75,"February 3, 2026",No scheduled order date,'-
"January 22, 2026",864YH9U2FX,,Jena Priebe,453 South Spring Street,301.0,Los Angeles,CA,90013.0,United States,"Do You Have Any Fucks? Not Even One, Girl. Go Fish. Sticker",default,,,Delivered,12.0,1.75,4.75,"February 3, 2026",No scheduled order date,'-
"January 22, 2026",864YH9U2FX,,Jena Priebe,453 South Spring Street,301.0,Los Angeles,CA,90013.0,United States,"Hey, You Dropped This Holographic Sticker",default,,,Delivered,12.0,1.75,4.75,"February 3, 2026",No scheduled order date,'-
"January 22, 2026",864YH9U2FX,,Jena Priebe,453 South Spring Street,301.0,Los Angeles,CA,90013.0,United States,Currently Dissociating Pen,default,,,Delivered,25.0,0.85,2.75,"February 3, 2026",No scheduled order date,'-
"January 22, 2026",864YH9U2FX,,Jena Priebe,453 South Spring Street,301.0,Los Angeles,CA,90013.0,United States,"Sorry I Was Rude, It Was Probably Your Fault Pen",default,,,Delivered,25.0,0.85,2.75,"February 3, 2026",No scheduled order date,'-
"January 22, 2026",864YH9U2FX,,Jena Priebe,453 South Spring Street,301.0,Los Angeles,CA,90013.0,United States,For The Fuckteenth Time Pen,default,,,Delivered,25.0,0.85,2.75,"February 3, 2026",No scheduled order date,'-
"January 22, 2026",864YH9U2FX,,Jena Priebe,453 South Spring Street,301.0,Los Angeles,CA,90013.0,United States,Big Fan of Human Rights Button,default,,,Delivered,25.0,1.5,3.0,"February 3, 2026",No scheduled order date,'-
"January 22, 2026",864YH9U2FX,,Jena Priebe,453 South Spring Street,301.0,Los Angeles,CA,90013.0,United States,I Tried To Form A Gang But It Turned Into A Book Club Tote Bag,Canvas,,,Delivered,6.0,10.0,20.0,"February 3, 2026",No scheduled order date,'-
"January 22, 2026",864YH9U2FX,,Jena Priebe,453 South Spring Street,301.0,Los Angeles,CA,90013.0,United States,You've Just Buttered Your Last Biscuit Sticker,default,,,Delivered,12.0,1.75,4.75,"February 3, 2026",No scheduled order date,'-
"January 22, 2026",864YH9U2FX,,Jena Priebe,453 South Spring Street,301.0,Los Angeles,CA,90013.0,United States,The Road To Fascism Is Paved With The People That Told You To Stop Overreacting Holographic Sticker,default,,,Delivered,12.0,1.75,4.75,"February 3, 2026",No scheduled order date,'-
"January 22, 2026",864YH9U2FX,,Jena Priebe,453 South Spring Street,301.0,Los Angeles,CA,90013.0,United States,Keep That Mean Shit To Yourself Sticker,default,,,Delivered,12.0,1.75,4.75,"February 3, 2026",No scheduled order date,'-
"January 22, 2026",864YH9U2FX,,Jena Priebe,453 South Spring Street,301.0,Los Angeles,CA,90013.0,United States,I'm No Gynecologist But I Know A Cunt When I See One Glitter Sticker,default,,,Delivered,12.0,1.75,4.75,"February 3, 2026",No scheduled order date,'-
"January 22, 2026",864YH9U2FX,,Jena Priebe,453 South Spring Street,301.0,Los Angeles,CA,90013.0,United States,Pickle Slut Pen,default,,,Delivered,25.0,0.85,2.75,"February 3, 2026",No scheduled order date,'-
"January 22, 2026",9X5JZHHW7H,,Content Bookstore,314 Division Street South,,Northfield,MN,55057.0,United States,Radicalized By Basic Decency Floral Sticker,default,,,Delivered,6.0,1.75,4.75,"January 28, 2026",No scheduled order date,'-
"January 22, 2026",9X5JZHHW7H,,Content Bookstore,314 Division Street South,,Northfield,MN,55057.0,United States,Caring About People Is Not Political Sticker,default,,,Delivered,6.0,1.75,4.75,"January 28, 2026",No scheduled order date,'-
"January 22, 2026",9X5JZHHW7H,,Content Bookstore,314 Division Street South,,Northfield,MN,55057.0,United States,Strawberry Candy Holographic Sticker,default,,,Delivered,6.0,1.75,4.75,"January 28, 2026",No scheduled order date,'-
"January 22, 2026",9X5JZHHW7H,,Content Bookstore,314 Division Street South,,Northfield,MN,55057.0,United States,Radicalized By Basic Decency Floral Tote Bag,Black,,,Delivered,3.0,10.0,20.0,"January 28, 2026",No scheduled order date,'-
"January 22, 2026",9X5JZHHW7H,,Content Bookstore,314 Division Street South,,Northfield,MN,55057.0,United States,Awake But At What Cost Sticker,default,,,Delivered,6.0,1.75,4.75,"January 28, 2026",No scheduled order date,'-
"January 22, 2026",9X5JZHHW7H,,Content Bookstore,314 Division Street South,,Northfield,MN,55057.0,United States,I Love Not Camping Holographic Sticker,default,,,Delivered,6.0,1.5,3.0,"January 28, 2026",No scheduled order date,'-
"January 22, 2026",9X5JZHHW7H,,Content Bookstore,314 Division Street South,,Northfield,MN,55057.0,United States,The Bookstore So Many Books So Little Time Glitter Sticker,default,,,Delivered,6.0,1.75,4.75,"January 28, 2026",No scheduled order date,'-
"January 22, 2026",9X5JZHHW7H,,Content Bookstore,314 Division Street South,,Northfield,MN,55057.0,United States,No One Is Illegal On Stolen Land Sticker,default,,,Delivered,6.0,1.75,4.75,"January 28, 2026",No scheduled order date,'-
"January 22, 2026",9X5JZHHW7H,,Content Bookstore,314 Division Street South,,Northfield,MN,55057.0,United States,America Was Built By Immigrants Sticker,default,,,Delivered,6.0,1.75,4.75,"January 28, 2026",No scheduled order date,'-
"January 22, 2026",9X5JZHHW7H,,Content Bookstore,314 Division Street South,,Northfield,MN,55057.0,United States,The Only Minority Destroying This Country Are The Billionaires Sticker,Black,,,Delivered,6.0,1.75,4.75,"January 28, 2026",No scheduled order date,'-
"January 22, 2026",9X5JZHHW7H,,Content Bookstore,314 Division Street South,,Northfield,MN,55057.0,United States,Women Are Born To Serve Men Sticker,default,,,Delivered,6.0,1.75,4.75,"January 28, 2026",No scheduled order date,'-
"January 22, 2026",9X5JZHHW7H,,Content Bookstore,314 Division Street South,,Northfield,MN,55057.0,United States,Girls Will Be Girls Sticker,default,,,Delivered,6.0,1.75,4.75,"January 28, 2026",No scheduled order date,'-
"January 22, 2026",9X5JZHHW7H,,Content Bookstore,314 Division Street South,,Northfield,MN,55057.0,United States,I Never Said That Jesus Sticker,default,,,Delivered,6.0,1.75,4.75,"January 28, 2026",No scheduled order date,'-
"January 22, 2026",9X5JZHHW7H,,Content Bookstore,314 Division Street South,,Northfield,MN,55057.0,United States,"Hidden ""Fuck Trump"" Floral Pixie Glitter Sticker",default,,,Delivered,6.0,1.75,4.75,"January 28, 2026",No scheduled order date,'-
"January 22, 2026",9X5JZHHW7H,,Content Bookstore,314 Division Street South,,Northfield,MN,55057.0,United States,Have The Day You Voted For Button,default,,,Delivered,8.0,1.0,2.75,"January 28, 2026",No scheduled order date,'-
"January 22, 2026",9X5JZHHW7H,,Content Bookstore,314 Division Street South,,Northfield,MN,55057.0,United States,Radicalized By Basic Decency Button,default,,,Delivered,8.0,1.25,2.5,"January 28, 2026",No scheduled order date,'-
"January 22, 2026",9X5JZHHW7H,,Content Bookstore,314 Division Street South,,Northfield,MN,55057.0,United States,I've Heard Enough From Old White Men Button,default,,,Delivered,8.0,1.0,2.75,"January 28, 2026",No scheduled order date,'-
"January 22, 2026",9X5JZHHW7H,,Content Bookstore,314 Division Street South,,Northfield,MN,55057.0,United States,"I May Be Laid Back, But I Can Lean Forward Real Fucking Quick Glitter Sticker",default,,,Delivered,6.0,1.75,4.75,"January 28, 2026",No scheduled order date,'-
"January 22, 2026",T4UYC3SF2N,,the bohemian peddler,185 SE E street,,Madras,OR,97741.0,United States,Burn The Patriarchy Sticker,default,,,Delivered,6.0,1.75,4.75,"February 3, 2026",No scheduled order date,'-
"January 22, 2026",T4UYC3SF2N,,the bohemian peddler,185 SE E street,,Madras,OR,97741.0,United States,Disappointments All Of You Sticker,default,,,Delivered,6.0,1.75,4.75,"February 3, 2026",No scheduled order date,'-
"January 22, 2026",T4UYC3SF2N,,the bohemian peddler,185 SE E street,,Madras,OR,97741.0,United States,Make Orwell Fiction Again Sticker,default,,,Delivered,6.0,1.75,4.75,"February 3, 2026",No scheduled order date,'-
"January 22, 2026",T4UYC3SF2N,,the bohemian peddler,185 SE E street,,Madras,OR,97741.0,United States,Raccoon Fairy Holographic Sticker,default,,,Delivered,6.0,1.75,4.75,"February 3, 2026",No scheduled order date,'-
"January 22, 2026",T4UYC3SF2N,,the bohemian peddler,185 SE E street,,Madras,OR,97741.0,United States,Disappointed But Not Surprised Pen,default,,,Delivered,30.0,0.85,2.75,"February 3, 2026",No scheduled order date,'-
"January 22, 2026",T4UYC3SF2N,,the bohemian peddler,185 SE E street,,Madras,OR,97741.0,United States,"Sorry I Was Rude, It Was Probably Your Fault Pen",default,,,Delivered,30.0,0.85,2.75,"February 3, 2026",No scheduled order date,'-
"January 22, 2026",T4UYC3SF2N,,the bohemian peddler,185 SE E street,,Madras,OR,97741.0,United States,Currently Dissociating Pen,default,,,Delivered,30.0,0.85,2.75,"February 3, 2026",No scheduled order date,'-
"January 22, 2026",T4UYC3SF2N,,the bohemian peddler,185 SE E street,,Madras,OR,97741.0,United States,I May Be Wrong But I Doubt It Pen,default,,,Delivered,30.0,0.85,2.75,"February 3, 2026",No scheduled order date,'-
"January 22, 2026",T4UYC3SF2N,,the bohemian peddler,185 SE E street,,Madras,OR,97741.0,United States,I Should Be Frolicking In A Forest But I'm Here. Wtf Pen,default,,,Delivered,30.0,0.85,2.75,"February 3, 2026",No scheduled order date,'-
"January 22, 2026",T4UYC3SF2N,,the bohemian peddler,185 SE E street,,Madras,OR,97741.0,United States,Dumpster Fire Response Team Member Pen,default,,,Delivered,30.0,0.85,2.75,"February 3, 2026",No scheduled order date,'-
"January 22, 2026",T4UYC3SF2N,,the bohemian peddler,185 SE E street,,Madras,OR,97741.0,United States,I Never Said That Jesus Sticker,default,,,Delivered,6.0,1.75,4.75,"February 3, 2026",No scheduled order date,'-
"January 22, 2026",T4UYC3SF2N,,the bohemian peddler,185 SE E street,,Madras,OR,97741.0,United States,For The Fuckteenth Time Pen,default,,,Delivered,30.0,0.85,2.75,"February 3, 2026",No scheduled order date,'-
"January 22, 2026",SDEHCR87YE,,Gallery Bookshop & Bookwinkles,319 Kasten Street,Box 270,Mendocino,CA,95460.0,United States,Girls Will Be Girls Sticker,default,,,Delivered,12.0,1.75,4.75,"January 29, 2026",No scheduled order date,'-
"January 22, 2026",SDEHCR87YE,,Gallery Bookshop & Bookwinkles,319 Kasten Street,Box 270,Mendocino,CA,95460.0,United States,Girls Will Be Girls Sticker,default,,,Delivered,6.0,1.75,4.75,"January 29, 2026",No scheduled order date,'-
"January 22, 2026",SDEHCR87YE,,Gallery Bookshop & Bookwinkles,319 Kasten Street,Box 270,Mendocino,CA,95460.0,United States,In My Feminine Rage Era Sticker (2 styles available),Glittery Vinyl,,,Delivered,6.0,1.75,4.75,"January 29, 2026",No scheduled order date,'-
"January 22, 2026",SDEHCR87YE,,Gallery Bookshop & Bookwinkles,319 Kasten Street,Box 270,Mendocino,CA,95460.0,United States,Flock Around and Find Out Tote Bag,default,,,Delivered,3.0,10.0,20.0,"January 29, 2026",No scheduled order date,'-
"January 22, 2026",SDEHCR87YE,,Gallery Bookshop & Bookwinkles,319 Kasten Street,Box 270,Mendocino,CA,95460.0,United States,I Closed My Book To Be Here Tote Bag,default,,,Delivered,3.0,10.0,20.0,"January 29, 2026",No scheduled order date,'-
"January 22, 2026",SDEHCR87YE,,Gallery Bookshop & Bookwinkles,319 Kasten Street,Box 270,Mendocino,CA,95460.0,United States,Make Orwell Fiction Again Tote Bag,default,,,Delivered,3.0,10.0,20.0,"January 29, 2026",No scheduled order date,'-
"January 22, 2026",SDEHCR87YE,,Gallery Bookshop & Bookwinkles,319 Kasten Street,Box 270,Mendocino,CA,95460.0,United States,You've Just Buttered Your Last Biscuit Sticker,default,,,Delivered,12.0,1.75,4.75,"January 29, 2026",No scheduled order date,'-
"January 22, 2026",SDEHCR87YE,,Gallery Bookshop & Bookwinkles,319 Kasten Street,Box 270,Mendocino,CA,95460.0,United States,F*ck Them Boats Orca Sticker,default,,,Delivered,12.0,1.75,4.25,"January 29, 2026",No scheduled order date,'-
"January 22, 2026",SDEHCR87YE,,Gallery Bookshop & Bookwinkles,319 Kasten Street,Box 270,Mendocino,CA,95460.0,United States,Black Cat Middle Finger Sticker,default,,,Delivered,12.0,1.75,4.75,"January 29, 2026",No scheduled order date,'-
"January 22, 2026",SDEHCR87YE,,Gallery Bookshop & Bookwinkles,319 Kasten Street,Box 270,Mendocino,CA,95460.0,United States,Thumbs Up Cat Sticker,default,,,Delivered,12.0,1.75,4.75,"January 29, 2026",No scheduled order date,'-
"January 22, 2026",SDEHCR87YE,,Gallery Bookshop & Bookwinkles,319 Kasten Street,Box 270,Mendocino,CA,95460.0,United States,Awake But At What Cost Sticker,default,,,Delivered,12.0,1.75,4.75,"January 29, 2026",No scheduled order date,'-
"January 22, 2026",SDEHCR87YE,,Gallery Bookshop & Bookwinkles,319 Kasten Street,Box 270,Mendocino,CA,95460.0,United States,Sorry I Can't Go I'm An Indoor Cat Glitter Sticker,default,,,Delivered,12.0,1.75,4.75,"January 29, 2026",No scheduled order date,'-
"January 22, 2026",SDEHCR87YE,,Gallery Bookshop & Bookwinkles,319 Kasten Street,Box 270,Mendocino,CA,95460.0,United States,Radicalized By Basic Decency Floral Sticker,default,,,Delivered,12.0,1.75,4.75,"January 29, 2026",No scheduled order date,'-
"January 22, 2026",SDEHCR87YE,,Gallery Bookshop & Bookwinkles,319 Kasten Street,Box 270,Mendocino,CA,95460.0,United States,Make Orwell Fiction Again Sticker,default,,,Delivered,12.0,1.75,4.75,"January 29, 2026",No scheduled order date,'-
"January 22, 2026",SDEHCR87YE,,Gallery Bookshop & Bookwinkles,319 Kasten Street,Box 270,Mendocino,CA,95460.0,United States,Please Hesitate To Reach Out To Me Sticker (2 colors available),Pink & Red,,,Delivered,12.0,1.75,4.75,"January 29, 2026",No scheduled order date,'-
"January 21, 2026",ZDYC2PYEWU,,Sweet Surrender,6439 Ming Avenue,,Bakersfield,CA,93309.0,United States,"Mini Troll Surprise Packs - 3, 6 or 10!",10 pack,,,Delivered,24.0,4.99,9.99,"January 29, 2026",No scheduled order date,'-
"January 21, 2026",SQJK5JKQPP,,Book Nerd,2211 Northwest Military Highway,#118,Castle Hills,TX,78213.0,United States,Radicalized By Basic Decency Floral Sticker,default,,,Delivered,15.0,1.75,4.75,"January 29, 2026",No scheduled order date,'-
"January 21, 2026",SQJK5JKQPP,,Book Nerd,2211 Northwest Military Highway,#118,Castle Hills,TX,78213.0,United States,Tell Me A Time In History When It Was The Good Guys Banning Books Tote Bag,default,,,Delivered,15.0,10.0,20.0,"January 29, 2026",No scheduled order date,'-
"January 21, 2026",SQJK5JKQPP,,Book Nerd,2211 Northwest Military Highway,#118,Castle Hills,TX,78213.0,United States,Awake But At What Cost Sticker,default,,,Delivered,10.0,1.75,4.75,"January 29, 2026",No scheduled order date,'-
"January 21, 2026",SQJK5JKQPP,,Book Nerd,2211 Northwest Military Highway,#118,Castle Hills,TX,78213.0,United States,Girls Will Be Girls Sticker,default,,,Delivered,10.0,1.75,4.75,"January 29, 2026",No scheduled order date,'-
"January 21, 2026",SQJK5JKQPP,,Book Nerd,2211 Northwest Military Highway,#118,Castle Hills,TX,78213.0,United States,Burn The Patriarchy Sticker,default,,,Delivered,10.0,1.75,4.75,"January 29, 2026",No scheduled order date,'-
"January 21, 2026",SQJK5JKQPP,,Book Nerd,2211 Northwest Military Highway,#118,Castle Hills,TX,78213.0,United States,I Can Do All Things Through SPITE Which Strengthens Me Glitter Sticker,default,,,Delivered,10.0,1.75,4.75,"January 29, 2026",No scheduled order date,'-
"January 21, 2026",SQJK5JKQPP,,Book Nerd,2211 Northwest Military Highway,#118,Castle Hills,TX,78213.0,United States,No One Is Illegal On Stolen Land Sticker,default,,,Delivered,10.0,1.75,4.75,"January 29, 2026",No scheduled order date,'-
"January 21, 2026",SQJK5JKQPP,,Book Nerd,2211 Northwest Military Highway,#118,Castle Hills,TX,78213.0,United States,"Sorry If I'm Mean, I'm Overstimulated Right Now Sticker",default,,,Delivered,10.0,1.75,4.75,"January 29, 2026",No scheduled order date,'-
"January 21, 2026",SQJK5JKQPP,,Book Nerd,2211 Northwest Military Highway,#118,Castle Hills,TX,78213.0,United States,Let's Be Better Humans Sticker,default,,,Delivered,10.0,1.75,6.5,"January 29, 2026",No scheduled order date,'-
"January 21, 2026",SQJK5JKQPP,,Book Nerd,2211 Northwest Military Highway,#118,Castle Hills,TX,78213.0,United States,Sorry I Can't Go I'm An Indoor Cat Glitter Sticker,default,,,Delivered,10.0,1.75,4.75,"January 29, 2026",No scheduled order date,'-
"January 21, 2026",SQJK5JKQPP,,Book Nerd,2211 Northwest Military Highway,#118,Castle Hills,TX,78213.0,United States,No Human Is Illegal Glitter Sticker,default,,,Delivered,10.0,1.75,4.75,"January 29, 2026",No scheduled order date,'-
"January 21, 2026",SQJK5JKQPP,,Book Nerd,2211 Northwest Military Highway,#118,Castle Hills,TX,78213.0,United States,Caring About People Is Not Political Sticker,default,,,Delivered,10.0,1.75,4.75,"January 29, 2026",No scheduled order date,'-
"January 21, 2026",SQJK5JKQPP,,Book Nerd,2211 Northwest Military Highway,#118,Castle Hills,TX,78213.0,United States,Make Orwell Fiction Again Sticker,default,,,Delivered,10.0,1.75,4.75,"January 29, 2026",No scheduled order date,'-
"January 21, 2026",SQJK5JKQPP,,Book Nerd,2211 Northwest Military Highway,#118,Castle Hills,TX,78213.0,United States,Shoutout To Everyone That Wanted To Read Their Book Today But Had To Adult Instead Glitter Sticker,default,,,Delivered,10.0,1.75,4.75,"January 29, 2026",No scheduled order date,'-
"January 21, 2026",SQJK5JKQPP,,Book Nerd,2211 Northwest Military Highway,#118,Castle Hills,TX,78213.0,United States,Community Is Resistance Sticker,default,,,Delivered,10.0,1.75,4.75,"January 29, 2026",No scheduled order date,'-
"January 21, 2026",W5R6KWW7KC,,Four Seasons Books,114 West German Street,P.O. Box 70,Shepherdstown,WV,25443.0,United States,If You Are Neutral In Situations Of Injustice You Have Chosen The Side Of The Oppressors Sticker,default,,,Delivered,6.0,1.75,4.75,"January 29, 2026",No scheduled order date,'-
"January 21, 2026",W5R6KWW7KC,,Four Seasons Books,114 West German Street,P.O. Box 70,Shepherdstown,WV,25443.0,United States,Carry Yourself With The Confidence Of A Mediocre White Man Sticker,default,,,Delivered,6.0,1.75,4.75,"January 29, 2026",No scheduled order date,'-
"January 21, 2026",W5R6KWW7KC,,Four Seasons Books,114 West German Street,P.O. Box 70,Shepherdstown,WV,25443.0,United States,Policy & Change Sticker,default,,,Delivered,6.0,1.75,4.75,"January 29, 2026",No scheduled order date,'-
"January 21, 2026",W5R6KWW7KC,,Four Seasons Books,114 West German Street,P.O. Box 70,Shepherdstown,WV,25443.0,United States,Make Orwell Fiction Again Sticker,default,,,Delivered,6.0,1.75,4.75,"January 29, 2026",No scheduled order date,'-
"January 21, 2026",W5R6KWW7KC,,Four Seasons Books,114 West German Street,P.O. Box 70,Shepherdstown,WV,25443.0,United States,Queen Of Books Magnet,default,,,Delivered,3.0,2.5,6.5,"January 29, 2026",No scheduled order date,'-
"January 21, 2026",W5R6KWW7KC,,Four Seasons Books,114 West German Street,P.O. Box 70,Shepherdstown,WV,25443.0,United States,Fueled By Tender Rage Tote Bag,Natural,,,Delivered,3.0,10.0,20.0,"January 29, 2026",No scheduled order date,'-
"January 21, 2026",W5R6KWW7KC,,Four Seasons Books,114 West German Street,P.O. Box 70,Shepherdstown,WV,25443.0,United States,Justifiably Furious Tote Bag,default,,,Delivered,3.0,10.0,20.0,"January 29, 2026",No scheduled order date,'-
"January 21, 2026",W5R6KWW7KC,,Four Seasons Books,114 West German Street,P.O. Box 70,Shepherdstown,WV,25443.0,United States,Let's Read Banned Books Tote Bag,default,,,Delivered,3.0,10.0,20.0,"January 29, 2026",No scheduled order date,'-
"January 21, 2026",W5R6KWW7KC,,Four Seasons Books,114 West German Street,P.O. Box 70,Shepherdstown,WV,25443.0,United States,Public Health Over Corporate Wealth Tote Bag,default,,,Delivered,3.0,10.0,20.0,"January 29, 2026",No scheduled order date,'-
"January 21, 2026",W5R6KWW7KC,,Four Seasons Books,114 West German Street,P.O. Box 70,Shepherdstown,WV,25443.0,United States,Girl Dinner Sticker (Glitter or White Available),White,,,Delivered,6.0,1.75,4.75,"January 29, 2026",No scheduled order date,'-
"January 21, 2026",W5R6KWW7KC,,Four Seasons Books,114 West German Street,P.O. Box 70,Shepherdstown,WV,25443.0,United States,If You Are Neutral In Situations Of Injustice Tote Bag,default,,,Delivered,3.0,10.0,20.0,"January 29, 2026",No scheduled order date,'-
"January 21, 2026",W5R6KWW7KC,,Four Seasons Books,114 West German Street,P.O. Box 70,Shepherdstown,WV,25443.0,United States,Radicalized By Basic Decency Floral Tote Bag,Black,,,Delivered,3.0,10.0,20.0,"January 29, 2026",No scheduled order date,'-
"January 21, 2026",W5R6KWW7KC,,Four Seasons Books,114 West German Street,P.O. Box 70,Shepherdstown,WV,25443.0,United States,Shoutout To Everyone That Wanted To Read Their Book Today But Had To Adult Instead Glitter Sticker,default,,,Delivered,6.0,1.75,4.75,"January 29, 2026",No scheduled order date,'-
"January 21, 2026",W5R6KWW7KC,,Four Seasons Books,114 West German Street,P.O. Box 70,Shepherdstown,WV,25443.0,United States,Burn The Patriarchy Sticker,default,,,Delivered,6.0,1.75,4.75,"January 29, 2026",No scheduled order date,'-
"January 21, 2026",W5R6KWW7KC,,Four Seasons Books,114 West German Street,P.O. Box 70,Shepherdstown,WV,25443.0,United States,The Hell I Won't Sticker,default,,,Delivered,6.0,1.75,4.75,"January 29, 2026",No scheduled order date,'-
"January 21, 2026",W5R6KWW7KC,,Four Seasons Books,114 West German Street,P.O. Box 70,Shepherdstown,WV,25443.0,United States,"When You Can Be Anything You Want, An Asshole Seems To Be A Really Odd Choice Glitter Sticker",default,,,Delivered,6.0,1.75,4.75,"January 29, 2026",No scheduled order date,'-
"January 21, 2026",W5R6KWW7KC,,Four Seasons Books,114 West German Street,P.O. Box 70,Shepherdstown,WV,25443.0,United States,Keep The Immigrants Deport The Racists Sticker,default,,,Delivered,6.0,1.75,4.75,"January 29, 2026",No scheduled order date,'-
"January 21, 2026",W5R6KWW7KC,,Four Seasons Books,114 West German Street,P.O. Box 70,Shepherdstown,WV,25443.0,United States,Only You Can Prevent Fascism Sticker,default,,,Delivered,6.0,1.75,4.75,"January 29, 2026",No scheduled order date,'-
"January 21, 2026",HZZZFHPP7P,,Odds And Ends Emporium,1604 South Cascade Avenue,Suite 170,Colorado Springs,CO,80905.0,United States,For The Fuckteenth Time Pen,default,,,Delivered,6.0,0.85,2.75,"February 3, 2026",No scheduled order date,'-
"January 21, 2026",HZZZFHPP7P,,Odds And Ends Emporium,1604 South Cascade Avenue,Suite 170,Colorado Springs,CO,80905.0,United States,Disappointed But Not Surprised Pen,default,,,Delivered,10.0,0.85,2.75,"February 3, 2026",No scheduled order date,'-
"January 21, 2026",HZZZFHPP7P,,Odds And Ends Emporium,1604 South Cascade Avenue,Suite 170,Colorado Springs,CO,80905.0,United States,Currently Dissociating Pen,default,,,Delivered,10.0,0.85,2.75,"February 3, 2026",No scheduled order date,'-
"January 21, 2026",HZZZFHPP7P,,Odds And Ends Emporium,1604 South Cascade Avenue,Suite 170,Colorado Springs,CO,80905.0,United States,Emotional Support Water Bottle Sticker,default,,,Delivered,8.0,1.75,3.75,"February 3, 2026",No scheduled order date,'-
"January 21, 2026",HZZZFHPP7P,,Odds And Ends Emporium,1604 South Cascade Avenue,Suite 170,Colorado Springs,CO,80905.0,United States,Girl Dinner Sticker (Glitter or White Available),White,,,Delivered,8.0,1.75,4.75,"February 3, 2026",No scheduled order date,'-
"January 21, 2026",HZZZFHPP7P,,Odds And Ends Emporium,1604 South Cascade Avenue,Suite 170,Colorado Springs,CO,80905.0,United States,Disappointments All Of You Sticker,default,,,Delivered,6.0,1.75,4.75,"February 3, 2026",No scheduled order date,'-
"January 21, 2026",HZZZFHPP7P,,Odds And Ends Emporium,1604 South Cascade Avenue,Suite 170,Colorado Springs,CO,80905.0,United States,Girls Will Be Girls Sticker,default,,,Delivered,6.0,1.75,4.75,"February 3, 2026",No scheduled order date,'-
"January 21, 2026",HZZZFHPP7P,,Odds And Ends Emporium,1604 South Cascade Avenue,Suite 170,Colorado Springs,CO,80905.0,United States,Diet Coke Slut Glitter Sticker,default,,,Delivered,6.0,1.75,4.75,"February 3, 2026",No scheduled order date,'-
"January 21, 2026",HZZZFHPP7P,,Odds And Ends Emporium,1604 South Cascade Avenue,Suite 170,Colorado Springs,CO,80905.0,United States,You've Just Buttered Your Last Biscuit Sticker,default,,,Delivered,6.0,1.75,4.75,"February 3, 2026",No scheduled order date,'-
"January 21, 2026",HZZZFHPP7P,,Odds And Ends Emporium,1604 South Cascade Avenue,Suite 170,Colorado Springs,CO,80905.0,United States,Girls Will Be Girls Sticker,default,,,Delivered,6.0,1.75,4.75,"February 3, 2026",No scheduled order date,'-
"January 21, 2026",HZZZFHPP7P,,Odds And Ends Emporium,1604 South Cascade Avenue,Suite 170,Colorado Springs,CO,80905.0,United States,What's More Punk Than The Public Library Sticker,default,,,Delivered,6.0,1.75,4.75,"February 3, 2026",No scheduled order date,'-
"January 21, 2026",HZZZFHPP7P,,Odds And Ends Emporium,1604 South Cascade Avenue,Suite 170,Colorado Springs,CO,80905.0,United States,"Hey, You Dropped This Holographic Sticker",default,,,Delivered,6.0,1.75,4.75,"February 3, 2026",No scheduled order date,'-
"January 21, 2026",HZZZFHPP7P,,Odds And Ends Emporium,1604 South Cascade Avenue,Suite 170,Colorado Springs,CO,80905.0,United States,Vasectomies Prevent Abortions Sticker,default,,,Delivered,6.0,1.75,4.75,"February 3, 2026",No scheduled order date,'-
"January 21, 2026",HZZZFHPP7P,,Odds And Ends Emporium,1604 South Cascade Avenue,Suite 170,Colorado Springs,CO,80905.0,United States,Awake But At What Cost Sticker,default,,,Delivered,6.0,1.75,4.75,"February 3, 2026",No scheduled order date,'-
"January 21, 2026",HZZZFHPP7P,,Odds And Ends Emporium,1604 South Cascade Avenue,Suite 170,Colorado Springs,CO,80905.0,United States,Only You Can Prevent Fascism Sticker,default,,,Delivered,6.0,1.75,4.75,"February 3, 2026",No scheduled order date,'-
"January 21, 2026",HZZZFHPP7P,,Odds And Ends Emporium,1604 South Cascade Avenue,Suite 170,Colorado Springs,CO,80905.0,United States,Compost The Patriarchy Sticker,default,,,Delivered,6.0,1.75,4.75,"February 3, 2026",No scheduled order date,'-
"January 21, 2026",HZZZFHPP7P,,Odds And Ends Emporium,1604 South Cascade Avenue,Suite 170,Colorado Springs,CO,80905.0,United States,No Worries If Not Totally Cool Either Way Sticker,default,,,Delivered,6.0,1.75,4.75,"February 3, 2026",No scheduled order date,'-
"January 21, 2026",HZZZFHPP7P,,Odds And Ends Emporium,1604 South Cascade Avenue,Suite 170,Colorado Springs,CO,80905.0,United States,Dumpster Fire Response Team Member Pen,default,,,Delivered,10.0,0.85,2.75,"February 3, 2026",No scheduled order date,'-
"January 21, 2026",HZZZFHPP7P,,Odds And Ends Emporium,1604 South Cascade Avenue,Suite 170,Colorado Springs,CO,80905.0,United States,I May Be Wrong But I Doubt It Pen,default,,,Delivered,10.0,0.85,2.75,"February 3, 2026",No scheduled order date,'-
"January 21, 2026",HZZZFHPP7P,,Odds And Ends Emporium,1604 South Cascade Avenue,Suite 170,Colorado Springs,CO,80905.0,United States,"Sorry I Was Rude, It Was Probably Your Fault Pen",default,,,Delivered,10.0,0.85,2.75,"February 3, 2026",No scheduled order date,'-
"January 21, 2026",4JU5MK6JUN,,Florida Botanical Gardens Gift Shop,12520 Ulmerton Rd,Florida Botanical Gardens Foundation,Largo,FL,33774.0,United States,Radicalized By Basic Decency Floral Sticker,default,,,Delivered,6.0,1.75,4.75,"January 28, 2026",No scheduled order date,'-
"January 21, 2026",4JU5MK6JUN,,Florida Botanical Gardens Gift Shop,12520 Ulmerton Rd,Florida Botanical Gardens Foundation,Largo,FL,33774.0,United States,Manifesting The Revolution Sticker,default,,,Delivered,6.0,1.75,4.75,"January 28, 2026",No scheduled order date,'-
"January 21, 2026",4JU5MK6JUN,,Florida Botanical Gardens Gift Shop,12520 Ulmerton Rd,Florida Botanical Gardens Foundation,Largo,FL,33774.0,United States,You've Just Buttered Your Last Biscuit Sticker,default,,,Delivered,6.0,1.75,4.75,"January 28, 2026",No scheduled order date,'-
"January 21, 2026",4JU5MK6JUN,,Florida Botanical Gardens Gift Shop,12520 Ulmerton Rd,Florida Botanical Gardens Foundation,Largo,FL,33774.0,United States,Caring About People Is Not Political Sticker,default,,,Delivered,6.0,1.75,4.75,"January 28, 2026",No scheduled order date,'-
"January 21, 2026",4JU5MK6JUN,,Florida Botanical Gardens Gift Shop,12520 Ulmerton Rd,Florida Botanical Gardens Foundation,Largo,FL,33774.0,United States,The Hell I Won't Sticker,default,,,Delivered,6.0,1.75,4.75,"January 28, 2026",No scheduled order date,'-
"January 21, 2026",4JU5MK6JUN,,Florida Botanical Gardens Gift Shop,12520 Ulmerton Rd,Florida Botanical Gardens Foundation,Largo,FL,33774.0,United States,54321 Grounding Technique Sticker,default,,,Delivered,6.0,1.75,4.75,"January 28, 2026",No scheduled order date,'-
"January 21, 2026",4JU5MK6JUN,,Florida Botanical Gardens Gift Shop,12520 Ulmerton Rd,Florida Botanical Gardens Foundation,Largo,FL,33774.0,United States,"Hey, You Dropped This Holographic Sticker",default,,,Delivered,6.0,1.75,4.75,"January 28, 2026",No scheduled order date,'-
"January 21, 2026",4JU5MK6JUN,,Florida Botanical Gardens Gift Shop,12520 Ulmerton Rd,Florida Botanical Gardens Foundation,Largo,FL,33774.0,United States,What's More Punk Than The Public Library Sticker,default,,,Delivered,6.0,1.75,4.75,"January 28, 2026",No scheduled order date,'-
"January 21, 2026",4JU5MK6JUN,,Florida Botanical Gardens Gift Shop,12520 Ulmerton Rd,Florida Botanical Gardens Foundation,Largo,FL,33774.0,United States,Meet Me At The Pink Pony Club Glitter Sticker,default,,,Delivered,6.0,1.75,4.75,"January 28, 2026",No scheduled order date,'-
"January 21, 2026",4JU5MK6JUN,,Florida Botanical Gardens Gift Shop,12520 Ulmerton Rd,Florida Botanical Gardens Foundation,Largo,FL,33774.0,United States,Vasectomies Prevent Abortions Sticker,default,,,Delivered,6.0,1.75,4.75,"January 28, 2026",No scheduled order date,'-
"January 21, 2026",4JU5MK6JUN,,Florida Botanical Gardens Gift Shop,12520 Ulmerton Rd,Florida Botanical Gardens Foundation,Largo,FL,33774.0,United States,Policy & Change Sticker,default,,,Delivered,6.0,1.75,4.75,"January 28, 2026",No scheduled order date,'-
"January 21, 2026",4JU5MK6JUN,,Florida Botanical Gardens Gift Shop,12520 Ulmerton Rd,Florida Botanical Gardens Foundation,Largo,FL,33774.0,United States,Educate Organize Revolt Sticker,default,,,Delivered,6.0,1.75,4.75,"January 28, 2026",No scheduled order date,'-
"January 21, 2026",4JU5MK6JUN,,Florida Botanical Gardens Gift Shop,12520 Ulmerton Rd,Florida Botanical Gardens Foundation,Largo,FL,33774.0,United States,I Should Be Frolicking In A Forest But I'm Here. Wtf Pen,default,,,Delivered,25.0,0.85,2.75,"January 28, 2026",No scheduled order date,'-
"January 21, 2026",4JU5MK6JUN,,Florida Botanical Gardens Gift Shop,12520 Ulmerton Rd,Florida Botanical Gardens Foundation,Largo,FL,33774.0,United States,If Explosive Diarrhea Was A Person Glitter Sticker,Glittery,,,Delivered,15.0,1.75,4.75,"January 28, 2026",No scheduled order date,'-
"January 21, 2026",4JU5MK6JUN,,Florida Botanical Gardens Gift Shop,12520 Ulmerton Rd,Florida Botanical Gardens Foundation,Largo,FL,33774.0,United States,Resist Floral Sticker,default,,,Delivered,12.0,1.75,4.75,"January 28, 2026",No scheduled order date,'-
"January 21, 2026",4JU5MK6JUN,,Florida Botanical Gardens Gift Shop,12520 Ulmerton Rd,Florida Botanical Gardens Foundation,Largo,FL,33774.0,United States,I Will Not Tolerate Your Bullshit But I Wish You Peace Sticker,default,,,Delivered,6.0,1.75,4.25,"January 28, 2026",No scheduled order date,'-
"January 21, 2026",4JU5MK6JUN,,Florida Botanical Gardens Gift Shop,12520 Ulmerton Rd,Florida Botanical Gardens Foundation,Largo,FL,33774.0,United States,Girls Will Be Girls Sticker,default,,,Delivered,6.0,1.75,4.75,"January 28, 2026",No scheduled order date,'-
"January 21, 2026",7YKHN8BQGF,,Eagle Eye Book Shop,2076 North Decatur Road,,Decatur,GA,30033.0,United States,Overstimulated Sticker (2 styles available),Glitter Vinyl,,,Delivered,6.0,1.75,4.75,"January 30, 2026",No scheduled order date,'-
"January 21, 2026",7YKHN8BQGF,,Eagle Eye Book Shop,2076 North Decatur Road,,Decatur,GA,30033.0,United States,More Pride Less Prejudice Tote Bag,Natural,,,Delivered,3.0,10.0,20.0,"January 30, 2026",No scheduled order date,'-
"January 21, 2026",7YKHN8BQGF,,Eagle Eye Book Shop,2076 North Decatur Road,,Decatur,GA,30033.0,United States,Mansplain Survivor Holographic Sticker,default,,,Delivered,6.0,1.75,4.75,"January 30, 2026",No scheduled order date,'-
"January 21, 2026",7YKHN8BQGF,,Eagle Eye Book Shop,2076 North Decatur Road,,Decatur,GA,30033.0,United States,Born In The 1900's Sticker,default,,,Delivered,6.0,1.75,4.75,"January 30, 2026",No scheduled order date,'-
"January 21, 2026",7YKHN8BQGF,,Eagle Eye Book Shop,2076 North Decatur Road,,Decatur,GA,30033.0,United States,I'm A Sensitive Little Creature Please Be Nice To Me Sticker,default,,,Delivered,6.0,1.75,4.75,"January 30, 2026",No scheduled order date,'-
"January 21, 2026",7YKHN8BQGF,,Eagle Eye Book Shop,2076 North Decatur Road,,Decatur,GA,30033.0,United States,Meet Me At The Pink Pony Club Glitter Sticker,default,,,Delivered,6.0,1.75,4.75,"January 30, 2026",No scheduled order date,'-
"January 21, 2026",7YKHN8BQGF,,Eagle Eye Book Shop,2076 North Decatur Road,,Decatur,GA,30033.0,United States,I Didn't Survive A Pandemic For This Shit Glitter Sticker,default,,,Delivered,6.0,1.75,4.75,"January 30, 2026",No scheduled order date,'-
"January 21, 2026",7YKHN8BQGF,,Eagle Eye Book Shop,2076 North Decatur Road,,Decatur,GA,30033.0,United States,Educate Organize Revolt Sticker,default,,,Delivered,6.0,1.75,4.75,"January 30, 2026",No scheduled order date,'-
"January 21, 2026",7YKHN8BQGF,,Eagle Eye Book Shop,2076 North Decatur Road,,Decatur,GA,30033.0,United States,Pickles Heart Glitter Sticker,default,,,Delivered,6.0,1.75,4.75,"January 30, 2026",No scheduled order date,'-
"January 21, 2026",7YKHN8BQGF,,Eagle Eye Book Shop,2076 North Decatur Road,,Decatur,GA,30033.0,United States,Books Are Magic Pixie Glitter Sticker,default,,,Delivered,6.0,1.75,4.75,"January 30, 2026",No scheduled order date,'-
"January 21, 2026",7YKHN8BQGF,,Eagle Eye Book Shop,2076 North Decatur Road,,Decatur,GA,30033.0,United States,Vasectomies Prevent Abortions Sticker,default,,,Delivered,6.0,1.75,4.75,"January 30, 2026",No scheduled order date,'-
"January 21, 2026",7YKHN8BQGF,,Eagle Eye Book Shop,2076 North Decatur Road,,Decatur,GA,30033.0,United States,Tell Me A Time In History When It Was The Good Guys Banning Books Tote Bag,default,,,Delivered,3.0,10.0,20.0,"January 30, 2026",No scheduled order date,'-
"January 21, 2026",7YKHN8BQGF,,Eagle Eye Book Shop,2076 North Decatur Road,,Decatur,GA,30033.0,United States,Make Orwell Fiction Again Tote Bag,default,,,Delivered,3.0,10.0,20.0,"January 30, 2026",No scheduled order date,'-
"January 21, 2026",7YKHN8BQGF,,Eagle Eye Book Shop,2076 North Decatur Road,,Decatur,GA,30033.0,United States,Literacy And Justice For All Tote Bag,default,,,Delivered,3.0,10.0,20.0,"January 30, 2026",No scheduled order date,'-
"January 21, 2026",7YKHN8BQGF,,Eagle Eye Book Shop,2076 North Decatur Road,,Decatur,GA,30033.0,United States,Maybe Books Are Addicted To Me Tote Bag,default,,,Delivered,3.0,10.0,20.0,"January 30, 2026",No scheduled order date,'-
"January 21, 2026",7YKHN8BQGF,,Eagle Eye Book Shop,2076 North Decatur Road,,Decatur,GA,30033.0,United States,"Sorry, I'm Fully Booked Tonight! Tote Bag",Black Font,,,Delivered,3.0,10.0,20.0,"January 30, 2026",No scheduled order date,'-
"January 21, 2026",7YKHN8BQGF,,Eagle Eye Book Shop,2076 North Decatur Road,,Decatur,GA,30033.0,United States,I Tried To Form A Gang But It Turned Into A Book Club Tote Bag,Canvas,,,Delivered,3.0,10.0,20.0,"January 30, 2026",No scheduled order date,'-
"January 21, 2026",7YKHN8BQGF,,Eagle Eye Book Shop,2076 North Decatur Road,,Decatur,GA,30033.0,United States,You've Just Buttered Your Last Biscuit Sticker,default,,,Delivered,6.0,1.75,4.75,"January 30, 2026",No scheduled order date,'-
"January 21, 2026",7YKHN8BQGF,,Eagle Eye Book Shop,2076 North Decatur Road,,Decatur,GA,30033.0,United States,Radicalized By Basic Decency Floral Sticker,default,,,Delivered,6.0,1.75,4.75,"January 30, 2026",No scheduled order date,'-
"January 21, 2026",7YKHN8BQGF,,Eagle Eye Book Shop,2076 North Decatur Road,,Decatur,GA,30033.0,United States,"Do You Have Any Fucks? Not Even One, Girl. Go Fish. Sticker",default,,,Delivered,6.0,1.75,4.75,"January 30, 2026",No scheduled order date,'-
"January 21, 2026",7YKHN8BQGF,,Eagle Eye Book Shop,2076 North Decatur Road,,Decatur,GA,30033.0,United States,Petrify the Patriarchy Sticker,default,,,Delivered,6.0,1.75,4.75,"January 30, 2026",No scheduled order date,'-
"January 21, 2026",7YKHN8BQGF,,Eagle Eye Book Shop,2076 North Decatur Road,,Decatur,GA,30033.0,United States,Raccoon Fairy Holographic Sticker,default,,,Delivered,6.0,1.75,4.75,"January 30, 2026",No scheduled order date,'-
"January 21, 2026",7YKHN8BQGF,,Eagle Eye Book Shop,2076 North Decatur Road,,Decatur,GA,30033.0,United States,Policy & Change Sticker,default,,,Delivered,6.0,1.75,4.75,"January 30, 2026",No scheduled order date,'-
"January 21, 2026",7YKHN8BQGF,,Eagle Eye Book Shop,2076 North Decatur Road,,Decatur,GA,30033.0,United States,If You Are Neutral In Situations Of Injustice You Have Chosen The Side Of The Oppressors Sticker,default,,,Delivered,6.0,1.75,4.75,"January 30, 2026",No scheduled order date,'-
"January 21, 2026",7YKHN8BQGF,,Eagle Eye Book Shop,2076 North Decatur Road,,Decatur,GA,30033.0,United States,The Bookstore So Many Books So Little Time Glitter Sticker,default,,,Delivered,6.0,1.75,4.75,"January 30, 2026",No scheduled order date,'-
"January 21, 2026",7YKHN8BQGF,,Eagle Eye Book Shop,2076 North Decatur Road,,Decatur,GA,30033.0,United States,Let's Read Banned Books Tote Bag,default,,,Delivered,3.0,10.0,20.0,"January 30, 2026",No scheduled order date,'-
"January 21, 2026",7YKHN8BQGF,,Eagle Eye Book Shop,2076 North Decatur Road,,Decatur,GA,30033.0,United States,Read Banned Books Sticker,default,,,Delivered,6.0,1.75,4.75,"January 30, 2026",No scheduled order date,'-
"January 21, 2026",7YKHN8BQGF,,Eagle Eye Book Shop,2076 North Decatur Road,,Decatur,GA,30033.0,United States,Books Because Coping With Reality Is Not An Option At The Moment Glitter Sticker,default,,,Delivered,6.0,1.75,4.75,"January 30, 2026",No scheduled order date,'-
"January 21, 2026",7YKHN8BQGF,,Eagle Eye Book Shop,2076 North Decatur Road,,Decatur,GA,30033.0,United States,"Hey, You Dropped This Holographic Sticker",default,,,Delivered,6.0,1.75,4.75,"January 30, 2026",No scheduled order date,'-
"January 21, 2026",EA5Y7X538J,,Two Sparrows Homestead,226 Main Street,Business Suite #2,Beacon,NY,12508.0,United States,Dumpster Fire Response Team Member Pen,default,,,Shipped,12.0,0.85,2.75,"February 3, 2026",No scheduled order date,'-
"January 21, 2026",EA5Y7X538J,,Two Sparrows Homestead,226 Main Street,Business Suite #2,Beacon,NY,12508.0,United States,"Sorry I Was Rude, It Was Probably Your Fault Pen",default,,,Shipped,12.0,0.85,2.75,"February 3, 2026",No scheduled order date,'-
"January 21, 2026",EA5Y7X538J,,Two Sparrows Homestead,226 Main Street,Business Suite #2,Beacon,NY,12508.0,United States,For The Fuckteenth Time Pen,default,,,Shipped,12.0,0.85,2.75,"February 3, 2026",No scheduled order date,'-
"January 21, 2026",EA5Y7X538J,,Two Sparrows Homestead,226 Main Street,Business Suite #2,Beacon,NY,12508.0,United States,I May Be Wrong But I Doubt It Pen,default,,,Shipped,12.0,0.85,2.75,"February 3, 2026",No scheduled order date,'-
"January 21, 2026",EA5Y7X538J,,Two Sparrows Homestead,226 Main Street,Business Suite #2,Beacon,NY,12508.0,United States,Disappointed But Not Surprised Pen,default,,,Shipped,12.0,0.85,2.75,"February 3, 2026",No scheduled order date,'-
"January 21, 2026",EA5Y7X538J,,Two Sparrows Homestead,226 Main Street,Business Suite #2,Beacon,NY,12508.0,United States,Books Because Coping With Reality Is Not An Option At The Moment Glitter Sticker,default,,,Shipped,6.0,1.75,4.75,"February 3, 2026",No scheduled order date,'-
"January 21, 2026",EA5Y7X538J,,Two Sparrows Homestead,226 Main Street,Business Suite #2,Beacon,NY,12508.0,United States,"When You Can Be Anything You Want, An Asshole Seems To Be A Really Odd Choice Glitter Sticker",default,,,Shipped,6.0,1.75,4.75,"February 3, 2026",No scheduled order date,'-
"January 21, 2026",EA5Y7X538J,,Two Sparrows Homestead,226 Main Street,Business Suite #2,Beacon,NY,12508.0,United States,Let's Be Better Humans Sticker,default,,,Shipped,6.0,1.75,6.5,"February 3, 2026",No scheduled order date,'-
"January 21, 2026",EA5Y7X538J,,Two Sparrows Homestead,226 Main Street,Business Suite #2,Beacon,NY,12508.0,United States,"Do You Have Any Fucks? Not Even One, Girl. Go Fish. Sticker",default,,,Shipped,6.0,1.75,4.75,"February 3, 2026",No scheduled order date,'-
"January 21, 2026",EA5Y7X538J,,Two Sparrows Homestead,226 Main Street,Business Suite #2,Beacon,NY,12508.0,United States,"Hey, You Dropped This Holographic Sticker",default,,,Shipped,6.0,1.75,4.75,"February 3, 2026",No scheduled order date,'-
"January 21, 2026",EA5Y7X538J,,Two Sparrows Homestead,226 Main Street,Business Suite #2,Beacon,NY,12508.0,United States,Black Cat Middle Finger Sticker,default,,,Shipped,6.0,1.75,4.75,"February 3, 2026",No scheduled order date,'-
"January 21, 2026",EA5Y7X538J,,Two Sparrows Homestead,226 Main Street,Business Suite #2,Beacon,NY,12508.0,United States,Have You Considered Shutting The Fuck Up Glitter Sticker,default,,,Shipped,6.0,1.75,4.75,"February 3, 2026",No scheduled order date,'-
"January 21, 2026",EA5Y7X538J,,Two Sparrows Homestead,226 Main Street,Business Suite #2,Beacon,NY,12508.0,United States,Dumpster Fire Response Team Team Leader Sticker,default,,,Shipped,6.0,1.75,4.75,"February 3, 2026",No scheduled order date,'-
"January 21, 2026",EA5Y7X538J,,Two Sparrows Homestead,226 Main Street,Business Suite #2,Beacon,NY,12508.0,United States,Don't Hate Me Just Because I'm A Little Cooler Sticker,default,,,Shipped,6.0,1.75,4.75,"February 3, 2026",No scheduled order date,'-
"January 21, 2026",EA5Y7X538J,,Two Sparrows Homestead,226 Main Street,Business Suite #2,Beacon,NY,12508.0,United States,Daily Shitstorm Survivors Club Glitter Sticker,default,,,Shipped,6.0,1.75,4.75,"February 3, 2026",No scheduled order date,'-
"January 21, 2026",EA5Y7X538J,,Two Sparrows Homestead,226 Main Street,Business Suite #2,Beacon,NY,12508.0,United States,Don't Be Sad You're Making Everyone Uncomfortable Glitter Sticker,default,,,Shipped,6.0,1.75,4.75,"February 3, 2026",No scheduled order date,'-
"January 21, 2026",EA5Y7X538J,,Two Sparrows Homestead,226 Main Street,Business Suite #2,Beacon,NY,12508.0,United States,I Want To Leave Glitter Sticker,default,,,Shipped,6.0,1.75,4.25,"February 3, 2026",No scheduled order date,'-
"January 21, 2026",EA5Y7X538J,,Two Sparrows Homestead,226 Main Street,Business Suite #2,Beacon,NY,12508.0,United States,You've Just Buttered Your Last Biscuit Sticker,default,,,Shipped,6.0,1.75,4.75,"February 3, 2026",No scheduled order date,'-
"January 21, 2026",EA5Y7X538J,,Two Sparrows Homestead,226 Main Street,Business Suite #2,Beacon,NY,12508.0,United States,Disappointments All Of You Sticker,default,,,Shipped,6.0,1.75,4.75,"February 3, 2026",No scheduled order date,'-
"January 21, 2026",EA5Y7X538J,,Two Sparrows Homestead,226 Main Street,Business Suite #2,Beacon,NY,12508.0,United States,Currently Dissociating Pen,default,,,Shipped,12.0,0.85,2.75,"February 3, 2026",No scheduled order date,'-
"January 21, 2026",7UQGFWEXDC,,Bookstore1Sarasota,117 South Pineapple Avenue,,Sarasota,FL,34236.0,United States,Dream Job? I Do Not Dream Of Labor Glitter Sticker,default,,,Delivered,6.0,1.75,4.75,"January 28, 2026",No scheduled order date,'-
"January 21, 2026",7UQGFWEXDC,,Bookstore1Sarasota,117 South Pineapple Avenue,,Sarasota,FL,34236.0,United States,If You Support Fascism We Can't Be Friends Glitter Sticker,default,,,Delivered,6.0,1.75,4.75,"January 28, 2026",No scheduled order date,'-
"January 21, 2026",7UQGFWEXDC,,Bookstore1Sarasota,117 South Pineapple Avenue,,Sarasota,FL,34236.0,United States,Please Hesitate To Reach Out To Me Sticker (2 colors available),Pink & Red,,,Delivered,12.0,1.75,4.75,"January 28, 2026",No scheduled order date,'-
"January 21, 2026",7UQGFWEXDC,,Bookstore1Sarasota,117 South Pineapple Avenue,,Sarasota,FL,34236.0,United States,Read Banned Books Tote Bag,default,,,Delivered,12.0,10.0,20.0,"January 28, 2026",No scheduled order date,'-
"January 21, 2026",7UQGFWEXDC,,Bookstore1Sarasota,117 South Pineapple Avenue,,Sarasota,FL,34236.0,United States,Read Banned Books Sticker,default,,,Delivered,12.0,1.75,4.75,"January 28, 2026",No scheduled order date,'-
"January 21, 2026",7UQGFWEXDC,,Bookstore1Sarasota,117 South Pineapple Avenue,,Sarasota,FL,34236.0,United States,Overstimulated Sticker (2 styles available),Glitter Vinyl,,,Delivered,12.0,1.75,4.75,"January 28, 2026",No scheduled order date,'-
"January 21, 2026",ZTXG7V2TQD,,9th & Lucca,68-1780 Hooko Street,,Waikoloa Village,HI,96738.0,United States,"I May Be Wrong, But I Doubt It Keychain",default,,,Delivered,8.0,4.5,10.0,"January 28, 2026",No scheduled order date,'-
"January 21, 2026",ZTXG7V2TQD,,9th & Lucca,68-1780 Hooko Street,,Waikoloa Village,HI,96738.0,United States,"Sorry If I'm Mean, I'm Overstimulated Right Now Sticker",default,,,Delivered,8.0,1.75,4.75,"January 28, 2026",No scheduled order date,'-
"January 21, 2026",ZTXG7V2TQD,,9th & Lucca,68-1780 Hooko Street,,Waikoloa Village,HI,96738.0,United States,If Explosive Diarrhea Was A Person Button,default,,,Delivered,1.0,1.0,2.75,"January 28, 2026",No scheduled order date,'-
"January 21, 2026",ZTXG7V2TQD,,9th & Lucca,68-1780 Hooko Street,,Waikoloa Village,HI,96738.0,United States,Daily Shitstorm Survivors Club Button,default,,,Delivered,10.0,1.0,2.75,"January 28, 2026",No scheduled order date,'-
"January 21, 2026",ZTXG7V2TQD,,9th & Lucca,68-1780 Hooko Street,,Waikoloa Village,HI,96738.0,United States,Dream Job? I Do Not Dream Of Labor Glitter Sticker,default,,,Delivered,8.0,1.75,4.75,"January 28, 2026",No scheduled order date,'-
"January 21, 2026",ZTXG7V2TQD,,9th & Lucca,68-1780 Hooko Street,,Waikoloa Village,HI,96738.0,United States,Keep That Mean Shit To Yourself Sticker,default,,,Delivered,8.0,1.75,4.75,"January 28, 2026",No scheduled order date,'-
"January 21, 2026",ZTXG7V2TQD,,9th & Lucca,68-1780 Hooko Street,,Waikoloa Village,HI,96738.0,United States,For The Fuckteenth Time Pen,default,,,Delivered,12.0,0.85,2.75,"January 28, 2026",No scheduled order date,'-
"January 21, 2026",ZTXG7V2TQD,,9th & Lucca,68-1780 Hooko Street,,Waikoloa Village,HI,96738.0,United States,I May Be Wrong But I Doubt It Pen,default,,,Delivered,12.0,0.85,2.75,"January 28, 2026",No scheduled order date,'-
"January 21, 2026",ZTXG7V2TQD,,9th & Lucca,68-1780 Hooko Street,,Waikoloa Village,HI,96738.0,United States,Disappointed But Not Surprised Pen,default,,,Delivered,12.0,0.85,2.75,"January 28, 2026",No scheduled order date,'-
"January 21, 2026",ZTXG7V2TQD,,9th & Lucca,68-1780 Hooko Street,,Waikoloa Village,HI,96738.0,United States,"Sorry I Was Rude, It Was Probably Your Fault Pen",default,,,Delivered,12.0,0.85,2.75,"January 28, 2026",No scheduled order date,'-
"January 21, 2026",ZTXG7V2TQD,,9th & Lucca,68-1780 Hooko Street,,Waikoloa Village,HI,96738.0,United States,I'd Rather Be Bed Rotting Pen,default,,,Delivered,10.0,0.85,2.75,"January 28, 2026",No scheduled order date,'-
"January 21, 2026",ZTXG7V2TQD,,9th & Lucca,68-1780 Hooko Street,,Waikoloa Village,HI,96738.0,United States,"Do You Have Any Fucks? Not Even One, Girl. Go Fish. Sticker",default,,,Delivered,12.0,1.75,4.75,"January 28, 2026",No scheduled order date,'-
"January 21, 2026",ZTXG7V2TQD,,9th & Lucca,68-1780 Hooko Street,,Waikoloa Village,HI,96738.0,United States,I May Be Wrong But I Doubt It Button,default,,,Delivered,10.0,1.0,2.75,"January 28, 2026",No scheduled order date,'-
"January 21, 2026",ZTXG7V2TQD,,9th & Lucca,68-1780 Hooko Street,,Waikoloa Village,HI,96738.0,United States,F*ck Them Boats Orca Sticker,default,,,Delivered,6.0,1.75,4.25,"January 28, 2026",No scheduled order date,'-
"January 21, 2026",ZTXG7V2TQD,,9th & Lucca,68-1780 Hooko Street,,Waikoloa Village,HI,96738.0,United States,"When You Can Be Anything You Want, An Asshole Seems To Be A Really Odd Choice Glitter Sticker",default,,,Delivered,15.0,1.75,4.75,"January 28, 2026",No scheduled order date,'-
"January 21, 2026",ZTXG7V2TQD,,9th & Lucca,68-1780 Hooko Street,,Waikoloa Village,HI,96738.0,United States,"I May Be Laid Back, But I Can Lean Forward Real Fucking Quick Glitter Sticker",default,,,Delivered,15.0,1.75,4.75,"January 28, 2026",No scheduled order date,'-
"January 21, 2026",6ZNJNEFGZW,,Island Treasure Toys,805 U.S. 1,,Yarmouth Town,ME,4096.0,United States,Emotional Support Co-Worker Sticker,default,,,Delivered,20.0,1.75,4.75,"January 23, 2026",No scheduled order date,'-
"January 21, 2026",6ZNJNEFGZW,,Island Treasure Toys,805 U.S. 1,,Yarmouth Town,ME,4096.0,United States,I'm A Sensitive Little Creature Please Be Nice To Me Sticker,default,,,Delivered,20.0,1.75,4.75,"January 23, 2026",No scheduled order date,'-
"January 21, 2026",6ZNJNEFGZW,,Island Treasure Toys,805 U.S. 1,,Yarmouth Town,ME,4096.0,United States,Peace Sign Hamster Sticker,default,,,Delivered,20.0,1.75,4.75,"January 23, 2026",No scheduled order date,'-
"January 21, 2026",6ZNJNEFGZW,,Island Treasure Toys,805 U.S. 1,,Yarmouth Town,ME,4096.0,United States,Books Are Magic Pixie Glitter Sticker,default,,,Delivered,20.0,1.75,4.75,"January 23, 2026",No scheduled order date,'-
"January 21, 2026",6ZNJNEFGZW,,Island Treasure Toys,805 U.S. 1,,Yarmouth Town,ME,4096.0,United States,You've Just Buttered Your Last Biscuit Sticker,default,,,Delivered,20.0,1.75,4.75,"January 23, 2026",No scheduled order date,'-
"January 21, 2026",6ZNJNEFGZW,,Island Treasure Toys,805 U.S. 1,,Yarmouth Town,ME,4096.0,United States,I Can't Go On..I Need A Snack Pls Glitter Sticker,default,,,Delivered,20.0,1.75,4.75,"January 23, 2026",No scheduled order date,'-
"January 21, 2026",6ZNJNEFGZW,,Island Treasure Toys,805 U.S. 1,,Yarmouth Town,ME,4096.0,United States,Sorry I Can't Go I'm An Indoor Cat Glitter Sticker,default,,,Delivered,20.0,1.75,4.75,"January 23, 2026",No scheduled order date,'-
"January 21, 2026",6ZNJNEFGZW,,Island Treasure Toys,805 U.S. 1,,Yarmouth Town,ME,4096.0,United States,Surprise Mini Troll,default,,,Delivered,200.0,0.6,1.5,"January 23, 2026",No scheduled order date,'-
"January 20, 2026",N2A4FM9DDD,,Library Shop,925 West Washington Street,,San Diego,CA,92103.0,United States,Books Because Coping With Reality Is Not An Option At The Moment Glitter Sticker,default,,,Delivered,6.0,1.75,4.75,"January 29, 2026","February 19, 2026",'-
"January 20, 2026",N2A4FM9DDD,,Library Shop,925 West Washington Street,,San Diego,CA,92103.0,United States,Literacy and Justice For All Sticker,default,,,Delivered,6.0,1.75,4.75,"January 29, 2026","February 19, 2026",'-
"January 20, 2026",N2A4FM9DDD,,Library Shop,925 West Washington Street,,San Diego,CA,92103.0,United States,Trinkets Are My Weakness Pixie Glitter Sticker,default,,,Delivered,6.0,1.75,4.75,"January 29, 2026","February 19, 2026",'-
"January 20, 2026",N2A4FM9DDD,,Library Shop,925 West Washington Street,,San Diego,CA,92103.0,United States,Meet Me At The Pink Pony Club Glitter Sticker,default,,,Delivered,6.0,1.75,4.75,"January 29, 2026","February 19, 2026",'-
"January 20, 2026",N2A4FM9DDD,,Library Shop,925 West Washington Street,,San Diego,CA,92103.0,United States,Pickle Slut Pen,default,,,Delivered,6.0,0.85,2.75,"January 29, 2026","February 19, 2026",'-
"January 20, 2026",N2A4FM9DDD,,Library Shop,925 West Washington Street,,San Diego,CA,92103.0,United States,More Pride Less Prejudice Tote Bag,Natural,,,Delivered,10.0,10.0,20.0,"January 29, 2026","February 19, 2026",'-
"January 20, 2026",N2A4FM9DDD,,Library Shop,925 West Washington Street,,San Diego,CA,92103.0,United States,Radicalized By Basic Decency Floral Tote Bag,Black,,,Delivered,6.0,10.0,20.0,"January 29, 2026","February 19, 2026",'-
"January 20, 2026",N2A4FM9DDD,,Library Shop,925 West Washington Street,,San Diego,CA,92103.0,United States,Radicalized By Basic Decency Floral Sticker,default,,,Delivered,6.0,1.75,4.75,"January 29, 2026","February 19, 2026",'-
"January 20, 2026",N2A4FM9DDD,,Library Shop,925 West Washington Street,,San Diego,CA,92103.0,United States,Oops I Bought Another Book Tote Bag,Black,,,Delivered,3.0,10.0,20.0,"January 29, 2026","February 19, 2026",'-
"January 20, 2026",N2A4FM9DDD,,Library Shop,925 West Washington Street,,San Diego,CA,92103.0,United States,Just A Girl Who Loves Books Glitter Sticker,default,,,Delivered,6.0,1.75,4.75,"January 29, 2026","February 19, 2026",'-
"January 20, 2026",N2A4FM9DDD,,Library Shop,925 West Washington Street,,San Diego,CA,92103.0,United States,Radicalized By Basic Decency Floral Tote Bag,Natural,,,Delivered,3.0,10.0,20.0,"January 29, 2026","February 19, 2026",'-
"January 20, 2026",N2A4FM9DDD,,Library Shop,925 West Washington Street,,San Diego,CA,92103.0,United States,Strawberry Candy Holographic Sticker,default,,,Delivered,6.0,1.75,4.75,"January 29, 2026","February 19, 2026",'-
"January 20, 2026",N2A4FM9DDD,,Library Shop,925 West Washington Street,,San Diego,CA,92103.0,United States,Sorry I Can't Go I'm An Indoor Cat Glitter Sticker,default,,,Delivered,6.0,1.75,4.75,"January 29, 2026","February 19, 2026",'-
"January 20, 2026",XF2YEBTMNE,,Monkey Business,203 South Locust Street Ste M,,Floyd,VA,24091.0,United States,If You Are Neutral In Situations Of Injustice You Have Chosen The Side Of The Oppressors Sticker,default,,,Delivered,6.0,1.75,4.75,"January 27, 2026",No scheduled order date,'-
"January 20, 2026",XF2YEBTMNE,,Monkey Business,203 South Locust Street Ste M,,Floyd,VA,24091.0,United States,You've Just Buttered Your Last Biscuit Sticker,default,,,Delivered,6.0,1.75,4.75,"January 27, 2026",No scheduled order date,'-
"January 20, 2026",XF2YEBTMNE,,Monkey Business,203 South Locust Street Ste M,,Floyd,VA,24091.0,United States,Princess Fairy Mouse Sticker,default,,,Delivered,6.0,1.75,4.75,"January 27, 2026",No scheduled order date,'-
"January 20, 2026",XF2YEBTMNE,,Monkey Business,203 South Locust Street Ste M,,Floyd,VA,24091.0,United States,Big Fan of Human Rights Button,default,,,Delivered,2.0,1.5,3.0,"January 27, 2026",No scheduled order date,'-
"January 20, 2026",XF2YEBTMNE,,Monkey Business,203 South Locust Street Ste M,,Floyd,VA,24091.0,United States,Peace Sign Hamster Sticker,default,,,Delivered,6.0,1.75,4.75,"January 27, 2026",No scheduled order date,'-
"January 20, 2026",XF2YEBTMNE,,Monkey Business,203 South Locust Street Ste M,,Floyd,VA,24091.0,United States,Women Are Born To Serve Men Sticker,default,,,Delivered,6.0,1.75,4.75,"January 27, 2026",No scheduled order date,'-
"January 20, 2026",XF2YEBTMNE,,Monkey Business,203 South Locust Street Ste M,,Floyd,VA,24091.0,United States,"Mini Troll Surprise Packs - 3, 6 or 10!",6 pack,,,Delivered,2.0,2.99,5.99,"January 27, 2026",No scheduled order date,'-
"January 20, 2026",XF2YEBTMNE,,Monkey Business,203 South Locust Street Ste M,,Floyd,VA,24091.0,United States,The Many Faces Of Cats Tote Bag,Natural,,,Delivered,3.0,10.0,20.0,"January 27, 2026",No scheduled order date,'-
"January 20, 2026",XF2YEBTMNE,,Monkey Business,203 South Locust Street Ste M,,Floyd,VA,24091.0,United States,Dumpster Fire Sticker,default,,,Delivered,6.0,1.75,4.75,"January 27, 2026",No scheduled order date,'-
"January 20, 2026",XF2YEBTMNE,,Monkey Business,203 South Locust Street Ste M,,Floyd,VA,24091.0,United States,I Will Not Tolerate Your Bullshit But I Wish You Peace Sticker,default,,,Delivered,6.0,1.75,4.25,"January 27, 2026",No scheduled order date,'-
"January 20, 2026",XF2YEBTMNE,,Monkey Business,203 South Locust Street Ste M,,Floyd,VA,24091.0,United States,What's More Punk Than The Public Library Button,default,,,Delivered,3.0,1.0,2.75,"January 27, 2026",No scheduled order date,'-
"January 20, 2026",XF2YEBTMNE,,Monkey Business,203 South Locust Street Ste M,,Floyd,VA,24091.0,United States,Cowboy Boot & Flowers Glitter Sticker,default,,,Delivered,6.0,1.75,4.25,"January 27, 2026",No scheduled order date,'-
"January 20, 2026",XF2YEBTMNE,,Monkey Business,203 South Locust Street Ste M,,Floyd,VA,24091.0,United States,Capitalism Gave Me IBS Glitter Sticker,default,,,Delivered,6.0,1.75,4.75,"January 27, 2026",No scheduled order date,'-
"January 20, 2026",XF2YEBTMNE,,Monkey Business,203 South Locust Street Ste M,,Floyd,VA,24091.0,United States,Radicalized By Basic Decency Magnet,default,,,Delivered,2.0,2.5,6.5,"January 27, 2026",No scheduled order date,'-
"January 20, 2026",XF2YEBTMNE,,Monkey Business,203 South Locust Street Ste M,,Floyd,VA,24091.0,United States,Daily Shitstorm Survivors Club Button,default,,,Delivered,2.0,1.0,2.75,"January 27, 2026",No scheduled order date,'-
"January 20, 2026",XF2YEBTMNE,,Monkey Business,203 South Locust Street Ste M,,Floyd,VA,24091.0,United States,"I May Be Wrong, But I Doubt It Keychain",default,,,Delivered,2.0,4.5,10.0,"January 27, 2026",No scheduled order date,'-
"January 20, 2026",XF2YEBTMNE,,Monkey Business,203 South Locust Street Ste M,,Floyd,VA,24091.0,United States,Nope Not Today Button,default,,,Delivered,3.0,1.0,2.75,"January 27, 2026",No scheduled order date,'-
"January 20, 2026",XF2YEBTMNE,,Monkey Business,203 South Locust Street Ste M,,Floyd,VA,24091.0,United States,"Hey, You Dropped This Holographic Sticker",default,,,Delivered,6.0,1.75,4.75,"January 27, 2026",No scheduled order date,'-
"January 20, 2026",XF2YEBTMNE,,Monkey Business,203 South Locust Street Ste M,,Floyd,VA,24091.0,United States,Only You Can Prevent Fascism Sticker,default,,,Delivered,6.0,1.75,4.75,"January 27, 2026",No scheduled order date,'-
"January 20, 2026",XF2YEBTMNE,,Monkey Business,203 South Locust Street Ste M,,Floyd,VA,24091.0,United States,Resist Sticker,default,,,Delivered,6.0,1.75,4.75,"January 27, 2026",No scheduled order date,'-
"January 20, 2026",XF2YEBTMNE,,Monkey Business,203 South Locust Street Ste M,,Floyd,VA,24091.0,United States,Be Brave Be Loud And Look Out For Others Sticker,default,,,Delivered,6.0,1.75,4.75,"January 27, 2026",No scheduled order date,'-
"January 20, 2026",XF2YEBTMNE,,Monkey Business,203 South Locust Street Ste M,,Floyd,VA,24091.0,United States,Smash The Oligarchy Sticker,default,,,Delivered,6.0,1.75,4.75,"January 27, 2026",No scheduled order date,'-
"January 20, 2026",XF2YEBTMNE,,Monkey Business,203 South Locust Street Ste M,,Floyd,VA,24091.0,United States,Girl Power Glitter Sticker,default,,,Delivered,6.0,1.75,4.75,"January 27, 2026",No scheduled order date,'-
"January 20, 2026",XF2YEBTMNE,,Monkey Business,203 South Locust Street Ste M,,Floyd,VA,24091.0,United States,Just A Girl Who Loves Books Glitter Sticker,default,,,Delivered,6.0,1.75,4.75,"January 27, 2026",No scheduled order date,'-
"January 20, 2026",XF2YEBTMNE,,Monkey Business,203 South Locust Street Ste M,,Floyd,VA,24091.0,United States,Caring About People Is Not Political Button,default,,,Delivered,3.0,1.0,2.75,"January 27, 2026",No scheduled order date,'-
"January 20, 2026",XF2YEBTMNE,,Monkey Business,203 South Locust Street Ste M,,Floyd,VA,24091.0,United States,I May Be Wrong But I Doubt It Button,default,,,Delivered,3.0,1.0,2.75,"January 27, 2026",No scheduled order date,'-
"January 20, 2026",XF2YEBTMNE,,Monkey Business,203 South Locust Street Ste M,,Floyd,VA,24091.0,United States,Resist Sticker,default,,,Delivered,6.0,1.75,4.75,"January 27, 2026",No scheduled order date,'-
"January 20, 2026",XF2YEBTMNE,,Monkey Business,203 South Locust Street Ste M,,Floyd,VA,24091.0,United States,Manifesting The Revolution Sticker,default,,,Delivered,6.0,1.75,4.75,"January 27, 2026",No scheduled order date,'-
"January 20, 2026",XF2YEBTMNE,,Monkey Business,203 South Locust Street Ste M,,Floyd,VA,24091.0,United States,Burn The Patriarchy Sticker,default,,,Delivered,6.0,1.75,4.75,"January 27, 2026",No scheduled order date,'-
"January 20, 2026",XF2YEBTMNE,,Monkey Business,203 South Locust Street Ste M,,Floyd,VA,24091.0,United States,Girls Will Be Girls Sticker,default,,,Delivered,6.0,1.75,4.75,"January 27, 2026",No scheduled order date,'-
"January 20, 2026",GK64NK6KJU,,Darlybird,275 E Center St,,Provo,UT,84606.0,United States,In My Feminine Rage Era Sticker (2 styles available),Glittery Vinyl,,,Delivered,18.0,1.75,4.75,"January 23, 2026","March 3, 2026",'-
"January 20, 2026",GK64NK6KJU,,Darlybird,275 E Center St,,Provo,UT,84606.0,United States,On My Way To Get More Trinkets And Knick Knacks Glitter Sticker,default,,,Delivered,18.0,1.75,4.75,"January 23, 2026","March 3, 2026",'-
"January 20, 2026",GK64NK6KJU,,Darlybird,275 E Center St,,Provo,UT,84606.0,United States,Just Be A Good Human Glitter Sticker,default,,,Delivered,18.0,1.75,4.75,"January 23, 2026","March 3, 2026",'-
"January 20, 2026",GK64NK6KJU,,Darlybird,275 E Center St,,Provo,UT,84606.0,United States,Community Is Resistance Sticker,default,,,Delivered,18.0,1.75,4.75,"January 23, 2026","March 3, 2026",'-
"January 20, 2026",GK64NK6KJU,,Darlybird,275 E Center St,,Provo,UT,84606.0,United States,Girls Will Be Girls Sticker,default,,,Delivered,18.0,1.75,4.75,"January 23, 2026","March 3, 2026",'-
"January 20, 2026",GK64NK6KJU,,Darlybird,275 E Center St,,Provo,UT,84606.0,United States,Disappointments All Of You Sticker,default,,,Delivered,18.0,1.75,4.75,"January 23, 2026","March 3, 2026",'-
"January 20, 2026",GK64NK6KJU,,Darlybird,275 E Center St,,Provo,UT,84606.0,United States,Princess Fairy Mouse Sticker,default,,,Delivered,18.0,1.75,4.75,"January 23, 2026","March 3, 2026",'-
"January 20, 2026",GK64NK6KJU,,Darlybird,275 E Center St,,Provo,UT,84606.0,United States,Exhausted Empath Holographic Sticker,default,,,Delivered,18.0,2.0,4.75,"January 23, 2026","March 3, 2026",'-
"January 20, 2026",GK64NK6KJU,,Darlybird,275 E Center St,,Provo,UT,84606.0,United States,Strawberry Candy Holographic Sticker,default,,,Delivered,18.0,1.75,4.75,"January 23, 2026","March 3, 2026",'-
"January 20, 2026",GK64NK6KJU,,Darlybird,275 E Center St,,Provo,UT,84606.0,United States,Radicalized By Basic Decency Floral Sticker,default,,,Delivered,18.0,1.75,4.75,"January 23, 2026","March 3, 2026",'-
"January 20, 2026",GK64NK6KJU,,Darlybird,275 E Center St,,Provo,UT,84606.0,United States,Big Fan of Human Rights Button,default,,,Delivered,15.0,1.5,3.0,"January 23, 2026","March 3, 2026",'-
"January 20, 2026",GK64NK6KJU,,Darlybird,275 E Center St,,Provo,UT,84606.0,United States,Caring About People Is Not Political Button,default,,,Delivered,15.0,1.0,2.75,"January 23, 2026","March 3, 2026",'-
"January 20, 2026",GK64NK6KJU,,Darlybird,275 E Center St,,Provo,UT,84606.0,United States,Radicalized By Basic Decency Button,default,,,Delivered,15.0,1.25,2.5,"January 23, 2026","March 3, 2026",'-
"January 20, 2026",GK64NK6KJU,,Darlybird,275 E Center St,,Provo,UT,84606.0,United States,What's More Punk Than The Public Library Button,default,,,Delivered,20.0,1.0,2.75,"January 23, 2026","March 3, 2026",'-
"January 20, 2026",GK64NK6KJU,,Darlybird,275 E Center St,,Provo,UT,84606.0,United States,If You Are Neutral In Situations Of Injustice You Have Chosen The Side Of The Oppressors Sticker,default,,,Delivered,18.0,1.75,4.75,"January 23, 2026","March 3, 2026",'-
"January 20, 2026",GK64NK6KJU,,Darlybird,275 E Center St,,Provo,UT,84606.0,United States,Let's Be Better Humans Sticker,default,,,Delivered,18.0,1.75,6.5,"January 23, 2026","March 3, 2026",'-
"January 20, 2026",GK64NK6KJU,,Darlybird,275 E Center St,,Provo,UT,84606.0,United States,America Was Built By Immigrants Sticker,default,,,Delivered,18.0,1.75,4.75,"January 23, 2026","March 3, 2026",'-
"January 20, 2026",GK64NK6KJU,,Darlybird,275 E Center St,,Provo,UT,84606.0,United States,No Human Is Illegal Glitter Sticker,default,,,Delivered,18.0,1.75,4.75,"January 23, 2026","March 3, 2026",'-
"January 20, 2026",NUH85MZZQ8,,Stella’s Coffee House,5273 W Tyler Rd,,Hart,MI,49420.0,United States,Currently Dissociating Pen,default,,,Delivered,15.0,0.85,2.75,"February 3, 2026",No scheduled order date,'-
"January 20, 2026",NUH85MZZQ8,,Stella’s Coffee House,5273 W Tyler Rd,,Hart,MI,49420.0,United States,I May Be Wrong But I Doubt It Pen,default,,,Delivered,15.0,0.85,2.75,"February 3, 2026",No scheduled order date,'-
"January 20, 2026",NUH85MZZQ8,,Stella’s Coffee House,5273 W Tyler Rd,,Hart,MI,49420.0,United States,Disappointed But Not Surprised Pen,default,,,Delivered,15.0,0.85,2.75,"February 3, 2026",No scheduled order date,'-
"January 20, 2026",NUH85MZZQ8,,Stella’s Coffee House,5273 W Tyler Rd,,Hart,MI,49420.0,United States,I Should Be Frolicking In A Forest But I'm Here. Wtf Pen,default,,,Delivered,15.0,0.85,2.75,"February 3, 2026",No scheduled order date,'-
"January 20, 2026",NUH85MZZQ8,,Stella’s Coffee House,5273 W Tyler Rd,,Hart,MI,49420.0,United States,"Sorry I Was Rude, It Was Probably Your Fault Pen",default,,,Delivered,15.0,0.85,2.75,"February 3, 2026",No scheduled order date,'-
"January 20, 2026",NUH85MZZQ8,,Stella’s Coffee House,5273 W Tyler Rd,,Hart,MI,49420.0,United States,Pickle Slut Pen,default,,,Delivered,1.0,0.85,2.75,"February 3, 2026",No scheduled order date,'-
"January 20, 2026",NUH85MZZQ8,,Stella’s Coffee House,5273 W Tyler Rd,,Hart,MI,49420.0,United States,Dumpster Fire Response Team Button,default,,,Delivered,5.0,1.0,3.0,"February 3, 2026",No scheduled order date,'-
"January 20, 2026",NUH85MZZQ8,,Stella’s Coffee House,5273 W Tyler Rd,,Hart,MI,49420.0,United States,I Brake For Thrift Shops Bumper Sticker,default,,,Delivered,5.0,3.5,9.0,"February 3, 2026",No scheduled order date,'-
"January 20, 2026",NUH85MZZQ8,,Stella’s Coffee House,5273 W Tyler Rd,,Hart,MI,49420.0,United States,What's More Punk Than The Public Library Button,default,,,Delivered,5.0,1.0,2.75,"February 3, 2026",No scheduled order date,'-
"January 20, 2026",NUH85MZZQ8,,Stella’s Coffee House,5273 W Tyler Rd,,Hart,MI,49420.0,United States,I May Be Wrong But I Doubt It Button,default,,,Delivered,5.0,1.0,2.75,"February 3, 2026",No scheduled order date,'-
"January 20, 2026",NUH85MZZQ8,,Stella’s Coffee House,5273 W Tyler Rd,,Hart,MI,49420.0,United States,It's A Good Day To Read Button,default,,,Delivered,5.0,1.0,2.75,"February 3, 2026",No scheduled order date,'-
"January 20, 2026",NUH85MZZQ8,,Stella’s Coffee House,5273 W Tyler Rd,,Hart,MI,49420.0,United States,Here Against My Will Stylus Click Pen,default,,,Delivered,10.0,2.5,5.75,"February 3, 2026",No scheduled order date,'-
"January 20, 2026",NUH85MZZQ8,,Stella’s Coffee House,5273 W Tyler Rd,,Hart,MI,49420.0,United States,Dumpster Fire Response Team Member Pen,default,,,Delivered,15.0,0.85,2.75,"February 3, 2026",No scheduled order date,'-
"January 20, 2026",NUH85MZZQ8,,Stella’s Coffee House,5273 W Tyler Rd,,Hart,MI,49420.0,United States,I'd Rather Be Bed Rotting Pen,default,,,Delivered,15.0,0.85,2.75,"February 3, 2026",No scheduled order date,'-
"January 20, 2026",CS2E6N68KC,,The Postal Palace,4460 Redwood Highway,Ste 16,SAN RAFAEL,CA,94903.0,United States,"Hidden ""Fuck Trump"" Floral Pixie Glitter Sticker",default,,,Delivered,6.0,1.75,4.75,"January 24, 2026",No scheduled order date,'-
"January 20, 2026",CS2E6N68KC,,The Postal Palace,4460 Redwood Highway,Ste 16,SAN RAFAEL,CA,94903.0,United States,I Can't Go On..I Need A Snack Pls Glitter Sticker,default,,,Delivered,6.0,1.75,4.75,"January 24, 2026",No scheduled order date,'-
"January 20, 2026",CS2E6N68KC,,The Postal Palace,4460 Redwood Highway,Ste 16,SAN RAFAEL,CA,94903.0,United States,Emotional Support Co-Worker Glitter Sticker,default,,,Delivered,6.0,1.75,4.75,"January 24, 2026",No scheduled order date,'-
"January 20, 2026",CS2E6N68KC,,The Postal Palace,4460 Redwood Highway,Ste 16,SAN RAFAEL,CA,94903.0,United States,Dream Job? I Do Not Dream Of Labor Glitter Sticker,default,,,Delivered,6.0,1.75,4.75,"January 24, 2026",No scheduled order date,'-
"January 20, 2026",CS2E6N68KC,,The Postal Palace,4460 Redwood Highway,Ste 16,SAN RAFAEL,CA,94903.0,United States,Disappointments All Of You Sticker,default,,,Delivered,6.0,1.75,4.75,"January 24, 2026",No scheduled order date,'-
"January 20, 2026",CS2E6N68KC,,The Postal Palace,4460 Redwood Highway,Ste 16,SAN RAFAEL,CA,94903.0,United States,Caring About People Is Not Political Sticker,default,,,Delivered,6.0,1.75,4.75,"January 24, 2026",No scheduled order date,'-
"January 20, 2026",CS2E6N68KC,,The Postal Palace,4460 Redwood Highway,Ste 16,SAN RAFAEL,CA,94903.0,United States,Sorry I Can't Go I'm An Indoor Cat Glitter Sticker,default,,,Delivered,6.0,1.75,4.75,"January 24, 2026",No scheduled order date,'-
"January 20, 2026",CS2E6N68KC,,The Postal Palace,4460 Redwood Highway,Ste 16,SAN RAFAEL,CA,94903.0,United States,Emotional Support Co-Worker Sticker,default,,,Delivered,6.0,1.75,4.75,"January 24, 2026",No scheduled order date,'-
"January 20, 2026",CS2E6N68KC,,The Postal Palace,4460 Redwood Highway,Ste 16,SAN RAFAEL,CA,94903.0,United States,"Do You Have Any Fucks? Not Even One, Girl. Go Fish. Sticker",default,,,Delivered,6.0,1.75,4.75,"January 24, 2026",No scheduled order date,'-
"January 20, 2026",CS2E6N68KC,,The Postal Palace,4460 Redwood Highway,Ste 16,SAN RAFAEL,CA,94903.0,United States,Black Cat Middle Finger Sticker,default,,,Delivered,6.0,1.75,4.75,"January 24, 2026",No scheduled order date,'-
"January 20, 2026",DUPXSQ6E54,,"Coas Books, Inc.",317 North Main Street,,Las Cruces,NM,88001.0,United States,I Never Said That Jesus Sticker,default,,,Delivered,6.0,1.75,4.75,"January 24, 2026",No scheduled order date,'-
"January 20, 2026",DUPXSQ6E54,,"Coas Books, Inc.",317 North Main Street,,Las Cruces,NM,88001.0,United States,Let's Be Better Humans Sticker,default,,,Delivered,6.0,1.75,6.5,"January 24, 2026",No scheduled order date,'-
"January 20, 2026",DUPXSQ6E54,,"Coas Books, Inc.",317 North Main Street,,Las Cruces,NM,88001.0,United States,Little Ray Of Pitch Black Sticker,default,,,Delivered,6.0,1.75,4.75,"January 24, 2026",No scheduled order date,'-
"January 20, 2026",DUPXSQ6E54,,"Coas Books, Inc.",317 North Main Street,,Las Cruces,NM,88001.0,United States,Some Of You Weren't Paying Attention In History Class And It Shows Pixie Glitter Sticker,default,,,Delivered,6.0,1.75,4.75,"January 24, 2026",No scheduled order date,'-
"January 20, 2026",DUPXSQ6E54,,"Coas Books, Inc.",317 North Main Street,,Las Cruces,NM,88001.0,United States,"Sorry If I'm Mean, I'm Overstimulated Right Now Sticker",default,,,Delivered,6.0,1.75,4.75,"January 24, 2026",No scheduled order date,'-
"January 20, 2026",DUPXSQ6E54,,"Coas Books, Inc.",317 North Main Street,,Las Cruces,NM,88001.0,United States,Just Be A Good Human Glitter Sticker,default,,,Delivered,6.0,1.75,4.75,"January 24, 2026",No scheduled order date,'-
"January 20, 2026",DUPXSQ6E54,,"Coas Books, Inc.",317 North Main Street,,Las Cruces,NM,88001.0,United States,Make Orwell Fiction Again Tote Bag,default,,,Delivered,3.0,10.0,20.0,"January 24, 2026",No scheduled order date,'-
"January 20, 2026",DUPXSQ6E54,,"Coas Books, Inc.",317 North Main Street,,Las Cruces,NM,88001.0,United States,I Can't Go On..I Need A Snack Pls Glitter Sticker,default,,,Delivered,6.0,1.75,4.75,"January 24, 2026",No scheduled order date,'-
"January 20, 2026",DUPXSQ6E54,,"Coas Books, Inc.",317 North Main Street,,Las Cruces,NM,88001.0,United States,Just A Girl Who Loves Books Glitter Sticker,default,,,Delivered,6.0,1.75,4.75,"January 24, 2026",No scheduled order date,'-
"January 20, 2026",DUPXSQ6E54,,"Coas Books, Inc.",317 North Main Street,,Las Cruces,NM,88001.0,United States,You Did It Glitter Sticker,default,,,Delivered,6.0,1.75,4.75,"January 24, 2026",No scheduled order date,'-
"January 20, 2026",N73S9QGMB8,,Bookish,811 W. Roseburg Avenue,,Modesto,CA,95350.0,United States,Big Fan of Human Rights Button,default,,,Delivered,5.0,1.5,3.0,"January 24, 2026",No scheduled order date,'-
"January 20, 2026",N73S9QGMB8,,Bookish,811 W. Roseburg Avenue,,Modesto,CA,95350.0,United States,Radicalized By Basic Decency Button,default,,,Delivered,5.0,1.25,2.5,"January 24, 2026",No scheduled order date,'-
"January 20, 2026",N73S9QGMB8,,Bookish,811 W. Roseburg Avenue,,Modesto,CA,95350.0,United States,Have The Day You Voted For Button,default,,,Delivered,5.0,1.0,2.75,"January 24, 2026",No scheduled order date,'-
"January 20, 2026",N73S9QGMB8,,Bookish,811 W. Roseburg Avenue,,Modesto,CA,95350.0,United States,Caring About People Is Not Political Button,default,,,Delivered,5.0,1.0,2.75,"January 24, 2026",No scheduled order date,'-
"January 20, 2026",N73S9QGMB8,,Bookish,811 W. Roseburg Avenue,,Modesto,CA,95350.0,United States,Resist Sticker,default,,,Delivered,6.0,1.75,4.75,"January 24, 2026",No scheduled order date,'-
"January 20, 2026",N73S9QGMB8,,Bookish,811 W. Roseburg Avenue,,Modesto,CA,95350.0,United States,Radicalized By Basic Decency Floral Sticker,default,,,Delivered,6.0,1.75,4.75,"January 24, 2026",No scheduled order date,'-
"January 20, 2026",N73S9QGMB8,,Bookish,811 W. Roseburg Avenue,,Modesto,CA,95350.0,United States,Sorry I Can't Go I'm An Indoor Cat Glitter Sticker,default,,,Delivered,6.0,1.75,4.75,"January 24, 2026",No scheduled order date,'-
"January 20, 2026",N73S9QGMB8,,Bookish,811 W. Roseburg Avenue,,Modesto,CA,95350.0,United States,No One Is Illegal On Stolen Land Sticker,default,,,Delivered,6.0,1.75,4.75,"January 24, 2026",No scheduled order date,'-
"January 20, 2026",N73S9QGMB8,,Bookish,811 W. Roseburg Avenue,,Modesto,CA,95350.0,United States,Manifesting The Revolution Sticker,default,,,Delivered,6.0,1.75,4.75,"January 24, 2026",No scheduled order date,'-
"January 20, 2026",N73S9QGMB8,,Bookish,811 W. Roseburg Avenue,,Modesto,CA,95350.0,United States,Radicalized By Basic Decency Floral Tote Bag,Black,,,Delivered,3.0,10.0,20.0,"January 24, 2026",No scheduled order date,'-
"January 20, 2026",N73S9QGMB8,,Bookish,811 W. Roseburg Avenue,,Modesto,CA,95350.0,United States,Big Fan Of Human Rights Tote Bag,Natural,,,Delivered,3.0,10.0,20.0,"January 24, 2026",No scheduled order date,'-
"January 20, 2026",N73S9QGMB8,,Bookish,811 W. Roseburg Avenue,,Modesto,CA,95350.0,United States,Maybe Books Are Addicted To Me Tote Bag,default,,,Delivered,3.0,10.0,20.0,"January 24, 2026",No scheduled order date,'-
"January 20, 2026",N73S9QGMB8,,Bookish,811 W. Roseburg Avenue,,Modesto,CA,95350.0,United States,I've Heard Enough From Old White Men Button,default,,,Delivered,5.0,1.0,2.75,"January 24, 2026",No scheduled order date,'-
"January 20, 2026",N73S9QGMB8,,Bookish,811 W. Roseburg Avenue,,Modesto,CA,95350.0,United States,Publicly Shame Racists Button,default,,,Delivered,5.0,1.25,2.75,"January 24, 2026",No scheduled order date,'-
"January 20, 2026",AGVYEY92BX,,Moxy Modern Mercantile,1419 Main Street,MOXY MODERN MERCANTILE,LITTLE ROCK,AR,72202.0,United States,In My Feminine Rage Era Sticker (2 styles available),Glittery Vinyl,,,Delivered,6.0,1.75,4.75,"January 24, 2026",No scheduled order date,'-
"January 20, 2026",AGVYEY92BX,,Moxy Modern Mercantile,1419 Main Street,MOXY MODERN MERCANTILE,LITTLE ROCK,AR,72202.0,United States,I Never Said That Jesus Sticker,default,,,Delivered,12.0,1.75,4.75,"January 24, 2026",No scheduled order date,'-
"January 20, 2026",AGVYEY92BX,,Moxy Modern Mercantile,1419 Main Street,MOXY MODERN MERCANTILE,LITTLE ROCK,AR,72202.0,United States,I Should Be Frolicking In A Forest But I'm Here. Wtf Pen,default,,,Delivered,6.0,0.85,2.75,"January 24, 2026",No scheduled order date,'-
"January 20, 2026",AGVYEY92BX,,Moxy Modern Mercantile,1419 Main Street,MOXY MODERN MERCANTILE,LITTLE ROCK,AR,72202.0,United States,Rebel With A Cause Sticker,default,,,Delivered,6.0,1.75,4.75,"January 24, 2026",No scheduled order date,'-
"January 20, 2026",AGVYEY92BX,,Moxy Modern Mercantile,1419 Main Street,MOXY MODERN MERCANTILE,LITTLE ROCK,AR,72202.0,United States,I May Be Wrong But I Doubt It Pen,default,,,Delivered,6.0,0.85,2.75,"January 24, 2026",No scheduled order date,'-
"January 20, 2026",AGVYEY92BX,,Moxy Modern Mercantile,1419 Main Street,MOXY MODERN MERCANTILE,LITTLE ROCK,AR,72202.0,United States,"Sorry I Was Rude, It Was Probably Your Fault Pen",default,,,Delivered,6.0,0.85,2.75,"January 24, 2026",No scheduled order date,'-
"January 20, 2026",AGVYEY92BX,,Moxy Modern Mercantile,1419 Main Street,MOXY MODERN MERCANTILE,LITTLE ROCK,AR,72202.0,United States,Disappointed But Not Surprised Pen,default,,,Delivered,6.0,0.85,2.75,"January 24, 2026",No scheduled order date,'-
"January 20, 2026",AGVYEY92BX,,Moxy Modern Mercantile,1419 Main Street,MOXY MODERN MERCANTILE,LITTLE ROCK,AR,72202.0,United States,Resist Sticker,default,,,Delivered,12.0,1.75,4.75,"January 24, 2026",No scheduled order date,'-
"January 20, 2026",AGVYEY92BX,,Moxy Modern Mercantile,1419 Main Street,MOXY MODERN MERCANTILE,LITTLE ROCK,AR,72202.0,United States,Pathetic Sticker,default,,,Delivered,6.0,1.75,4.75,"January 24, 2026",No scheduled order date,'-
"January 20, 2026",AGVYEY92BX,,Moxy Modern Mercantile,1419 Main Street,MOXY MODERN MERCANTILE,LITTLE ROCK,AR,72202.0,United States,54321 Grounding Technique Sticker,default,,,Delivered,6.0,1.75,4.75,"January 24, 2026",No scheduled order date,'-
"January 20, 2026",AGVYEY92BX,,Moxy Modern Mercantile,1419 Main Street,MOXY MODERN MERCANTILE,LITTLE ROCK,AR,72202.0,United States,Regulate Dick Not Jane Glitter Sticker,default,,,Delivered,6.0,1.75,4.75,"January 24, 2026",No scheduled order date,'-
"January 20, 2026",AGVYEY92BX,,Moxy Modern Mercantile,1419 Main Street,MOXY MODERN MERCANTILE,LITTLE ROCK,AR,72202.0,United States,Emotional Support Co-Worker Glitter Sticker,default,,,Delivered,6.0,1.75,4.75,"January 24, 2026",No scheduled order date,'-
"January 20, 2026",AGVYEY92BX,,Moxy Modern Mercantile,1419 Main Street,MOXY MODERN MERCANTILE,LITTLE ROCK,AR,72202.0,United States,For The Fuckteenth Time Pen,default,,,Delivered,6.0,0.85,2.75,"January 24, 2026",No scheduled order date,'-
"January 20, 2026",AGVYEY92BX,,Moxy Modern Mercantile,1419 Main Street,MOXY MODERN MERCANTILE,LITTLE ROCK,AR,72202.0,United States,Currently Dissociating Pen,default,,,Delivered,6.0,0.85,2.75,"January 24, 2026",No scheduled order date,'-
"January 20, 2026",AGVYEY92BX,,Moxy Modern Mercantile,1419 Main Street,MOXY MODERN MERCANTILE,LITTLE ROCK,AR,72202.0,United States,Princess Fairy Mouse Sticker,default,,,Delivered,6.0,1.75,4.75,"January 24, 2026",No scheduled order date,'-
"January 20, 2026",AGVYEY92BX,,Moxy Modern Mercantile,1419 Main Street,MOXY MODERN MERCANTILE,LITTLE ROCK,AR,72202.0,United States,"I May Be Laid Back, But I Can Lean Forward Real Fucking Quick Glitter Sticker",default,,,Delivered,12.0,1.75,4.75,"January 24, 2026",No scheduled order date,'-
"January 20, 2026",AGVYEY92BX,,Moxy Modern Mercantile,1419 Main Street,MOXY MODERN MERCANTILE,LITTLE ROCK,AR,72202.0,United States,No Worries If Not Totally Cool Either Way Sticker,default,,,Delivered,6.0,1.75,4.75,"January 24, 2026",No scheduled order date,'-
"January 20, 2026",AGVYEY92BX,,Moxy Modern Mercantile,1419 Main Street,MOXY MODERN MERCANTILE,LITTLE ROCK,AR,72202.0,United States,Be The Light You Want To See In The World Sticker (2 styles available),White Vinyl Background,,,Delivered,6.0,1.75,4.75,"January 24, 2026",No scheduled order date,'-
"January 20, 2026",AGVYEY92BX,,Moxy Modern Mercantile,1419 Main Street,MOXY MODERN MERCANTILE,LITTLE ROCK,AR,72202.0,United States,Radicalized By Basic Decency Button,default,,,Delivered,6.0,1.25,2.5,"January 24, 2026",No scheduled order date,'-
"January 20, 2026",AGVYEY92BX,,Moxy Modern Mercantile,1419 Main Street,MOXY MODERN MERCANTILE,LITTLE ROCK,AR,72202.0,United States,Girls Will Be Girls Sticker,default,,,Delivered,12.0,1.75,4.75,"January 24, 2026",No scheduled order date,'-
"January 20, 2026",AGVYEY92BX,,Moxy Modern Mercantile,1419 Main Street,MOXY MODERN MERCANTILE,LITTLE ROCK,AR,72202.0,United States,America Was Built By Immigrants Sticker,default,,,Delivered,6.0,1.75,4.75,"January 24, 2026",No scheduled order date,'-
"January 20, 2026",AGVYEY92BX,,Moxy Modern Mercantile,1419 Main Street,MOXY MODERN MERCANTILE,LITTLE ROCK,AR,72202.0,United States,No Human Is Illegal Glitter Sticker,default,,,Delivered,6.0,1.75,4.75,"January 24, 2026",No scheduled order date,'-
"January 20, 2026",AGVYEY92BX,,Moxy Modern Mercantile,1419 Main Street,MOXY MODERN MERCANTILE,LITTLE ROCK,AR,72202.0,United States,Radicalized By Basic Decency Floral Sticker,default,,,Delivered,6.0,1.75,4.75,"January 24, 2026",No scheduled order date,'-
"January 20, 2026",AGVYEY92BX,,Moxy Modern Mercantile,1419 Main Street,MOXY MODERN MERCANTILE,LITTLE ROCK,AR,72202.0,United States,"Do You Have Any Fucks? Not Even One, Girl. Go Fish. Sticker",default,,,Delivered,6.0,1.75,4.75,"January 24, 2026",No scheduled order date,'-
"January 20, 2026",AGVYEY92BX,,Moxy Modern Mercantile,1419 Main Street,MOXY MODERN MERCANTILE,LITTLE ROCK,AR,72202.0,United States,You've Just Buttered Your Last Biscuit Sticker,default,,,Delivered,6.0,1.75,4.75,"January 24, 2026",No scheduled order date,'-
"January 20, 2026",AGVYEY92BX,,Moxy Modern Mercantile,1419 Main Street,MOXY MODERN MERCANTILE,LITTLE ROCK,AR,72202.0,United States,Disappointments All Of You Sticker,default,,,Delivered,6.0,1.75,4.75,"January 24, 2026",No scheduled order date,'-
"January 20, 2026",AGVYEY92BX,,Moxy Modern Mercantile,1419 Main Street,MOXY MODERN MERCANTILE,LITTLE ROCK,AR,72202.0,United States,Resist Sticker,default,,,Delivered,6.0,1.75,4.75,"January 24, 2026",No scheduled order date,'-
"January 20, 2026",AGVYEY92BX,,Moxy Modern Mercantile,1419 Main Street,MOXY MODERN MERCANTILE,LITTLE ROCK,AR,72202.0,United States,Girl Power Glitter Sticker,default,,,Delivered,6.0,1.75,4.75,"January 24, 2026",No scheduled order date,'-
"January 20, 2026",AGVYEY92BX,,Moxy Modern Mercantile,1419 Main Street,MOXY MODERN MERCANTILE,LITTLE ROCK,AR,72202.0,United States,Educate Your Son Sticker,default,,,Delivered,6.0,1.75,4.75,"January 24, 2026",No scheduled order date,'-
"January 20, 2026",AGVYEY92BX,,Moxy Modern Mercantile,1419 Main Street,MOXY MODERN MERCANTILE,LITTLE ROCK,AR,72202.0,United States,Literacy and Justice For All Sticker,default,,,Delivered,6.0,1.75,4.75,"January 24, 2026",No scheduled order date,'-
"January 20, 2026",AGVYEY92BX,,Moxy Modern Mercantile,1419 Main Street,MOXY MODERN MERCANTILE,LITTLE ROCK,AR,72202.0,United States,Compost The Patriarchy Sticker,default,,,Delivered,6.0,1.75,4.75,"January 24, 2026",No scheduled order date,'-
"January 20, 2026",AGVYEY92BX,,Moxy Modern Mercantile,1419 Main Street,MOXY MODERN MERCANTILE,LITTLE ROCK,AR,72202.0,United States,Community Is Resistance Sticker,default,,,Delivered,6.0,1.75,4.75,"January 24, 2026",No scheduled order date,'-
"January 20, 2026",AGVYEY92BX,,Moxy Modern Mercantile,1419 Main Street,MOXY MODERN MERCANTILE,LITTLE ROCK,AR,72202.0,United States,Peace Sign Hamster Sticker,default,,,Delivered,6.0,1.75,4.75,"January 24, 2026",No scheduled order date,'-
"January 20, 2026",AGVYEY92BX,,Moxy Modern Mercantile,1419 Main Street,MOXY MODERN MERCANTILE,LITTLE ROCK,AR,72202.0,United States,Black Cat Middle Finger Sticker,default,,,Delivered,6.0,1.75,4.75,"January 24, 2026",No scheduled order date,'-
"January 20, 2026",AGVYEY92BX,,Moxy Modern Mercantile,1419 Main Street,MOXY MODERN MERCANTILE,LITTLE ROCK,AR,72202.0,United States,Dumpster Fire Response Team Member Pen,default,,,Delivered,6.0,0.85,2.75,"January 24, 2026",No scheduled order date,'-
"January 20, 2026",AGVYEY92BX,,Moxy Modern Mercantile,1419 Main Street,MOXY MODERN MERCANTILE,LITTLE ROCK,AR,72202.0,United States,Manifesting The Revolution Sticker,default,,,Delivered,6.0,1.75,4.75,"January 24, 2026",No scheduled order date,'-
"January 20, 2026",AGVYEY92BX,,Moxy Modern Mercantile,1419 Main Street,MOXY MODERN MERCANTILE,LITTLE ROCK,AR,72202.0,United States,Policy & Change Sticker,default,,,Delivered,6.0,1.75,4.75,"January 24, 2026",No scheduled order date,'-
"January 20, 2026",AGVYEY92BX,,Moxy Modern Mercantile,1419 Main Street,MOXY MODERN MERCANTILE,LITTLE ROCK,AR,72202.0,United States,Keep That Mean Shit To Yourself Sticker,default,,,Delivered,6.0,1.75,4.75,"January 24, 2026",No scheduled order date,'-
"January 20, 2026",XEJJPFZMTE,,Mark Twain House & Museum,351 Farmington Avenue,,Hartford,CT,6105.0,United States,Queen Of Books Magnet,default,,,Delivered,12.0,2.5,6.5,"January 23, 2026",No scheduled order date,'-
"January 20, 2026",XEJJPFZMTE,,Mark Twain House & Museum,351 Farmington Avenue,,Hartford,CT,6105.0,United States,Cool Girls Know History Sticker,default,,,Delivered,12.0,1.75,4.25,"January 23, 2026",No scheduled order date,'-
"January 20, 2026",XEJJPFZMTE,,Mark Twain House & Museum,351 Farmington Avenue,,Hartford,CT,6105.0,United States,Books Because Coping With Reality Is Not An Option At The Moment Glitter Sticker,default,,,Delivered,12.0,1.75,4.75,"January 23, 2026",No scheduled order date,'-
"January 20, 2026",XEJJPFZMTE,,Mark Twain House & Museum,351 Farmington Avenue,,Hartford,CT,6105.0,United States,Just A Girl Who Loves Books Glitter Sticker,default,,,Delivered,12.0,1.75,4.75,"January 23, 2026",No scheduled order date,'-
"January 20, 2026",XEJJPFZMTE,,Mark Twain House & Museum,351 Farmington Avenue,,Hartford,CT,6105.0,United States,Literacy And Justice For All Tote Bag,default,,,Delivered,6.0,10.0,20.0,"January 23, 2026",No scheduled order date,'-
"January 20, 2026",XEJJPFZMTE,,Mark Twain House & Museum,351 Farmington Avenue,,Hartford,CT,6105.0,United States,Be The Person Levar Burton Knew You Could Be Tote Bag,default,,,Delivered,6.0,10.0,20.0,"January 23, 2026",No scheduled order date,'-
"January 20, 2026",MRKVZGM6ET,,Octavia’s Bookshelf,1353 North Hill Avenue,,Pasadena,CA,91104-2611,United States,"I May Be Laid Back, But I Can Lean Forward Real Fucking Quick Glitter Sticker",default,,,Delivered,6.0,1.75,4.75,"January 23, 2026",No scheduled order date,'-
"January 20, 2026",MRKVZGM6ET,,Octavia’s Bookshelf,1353 North Hill Avenue,,Pasadena,CA,91104-2611,United States,"Do You Have Any Fucks? Not Even One, Girl. Go Fish. Sticker",default,,,Delivered,6.0,1.75,4.75,"January 23, 2026",No scheduled order date,'-
"January 20, 2026",MRKVZGM6ET,,Octavia’s Bookshelf,1353 North Hill Avenue,,Pasadena,CA,91104-2611,United States,The Only Minority Destroying This Country Are The Billionaires Sticker,Black,,,Delivered,6.0,1.75,4.75,"January 23, 2026",No scheduled order date,'-
"January 20, 2026",MRKVZGM6ET,,Octavia’s Bookshelf,1353 North Hill Avenue,,Pasadena,CA,91104-2611,United States,"When You Can Be Anything You Want, An Asshole Seems To Be A Really Odd Choice Glitter Sticker",default,,,Delivered,6.0,1.75,4.75,"January 23, 2026",No scheduled order date,'-
"January 20, 2026",MRKVZGM6ET,,Octavia’s Bookshelf,1353 North Hill Avenue,,Pasadena,CA,91104-2611,United States,"Sorry If I'm Mean, I'm Overstimulated Right Now Sticker",default,,,Delivered,6.0,1.75,4.75,"January 23, 2026",No scheduled order date,'-
"January 20, 2026",MRKVZGM6ET,,Octavia’s Bookshelf,1353 North Hill Avenue,,Pasadena,CA,91104-2611,United States,Please Hesitate To Reach Out To Me Sticker (2 colors available),Pink & Red,,,Delivered,6.0,1.75,4.75,"January 23, 2026",No scheduled order date,'-
"January 20, 2026",MRKVZGM6ET,,Octavia’s Bookshelf,1353 North Hill Avenue,,Pasadena,CA,91104-2611,United States,If You Support Fascism We Can't Be Friends Glitter Sticker,default,,,Delivered,6.0,1.75,4.75,"January 23, 2026",No scheduled order date,'-
"January 20, 2026",MRKVZGM6ET,,Octavia’s Bookshelf,1353 North Hill Avenue,,Pasadena,CA,91104-2611,United States,Only You Can Prevent Fascism Sticker,default,,,Delivered,6.0,1.75,4.75,"January 23, 2026",No scheduled order date,'-
"January 20, 2026",MRKVZGM6ET,,Octavia’s Bookshelf,1353 North Hill Avenue,,Pasadena,CA,91104-2611,United States,Wheel of Emotions Sticker,default,,,Delivered,7.0,1.75,4.75,"January 23, 2026",No scheduled order date,'-
"January 20, 2026",MRKVZGM6ET,,Octavia’s Bookshelf,1353 North Hill Avenue,,Pasadena,CA,91104-2611,United States,No Worries If Not Totally Cool Either Way Sticker,default,,,Delivered,6.0,1.75,4.75,"January 23, 2026",No scheduled order date,'-
"January 20, 2026",MRKVZGM6ET,,Octavia’s Bookshelf,1353 North Hill Avenue,,Pasadena,CA,91104-2611,United States,Make Orwell Fiction Again Sticker,default,,,Delivered,6.0,1.75,4.75,"January 23, 2026",No scheduled order date,'-
"January 20, 2026",MRKVZGM6ET,,Octavia’s Bookshelf,1353 North Hill Avenue,,Pasadena,CA,91104-2611,United States,I May Be Wrong But I Doubt It Pen,default,,,Delivered,12.0,0.85,2.75,"January 23, 2026",No scheduled order date,'-
"January 20, 2026",MRKVZGM6ET,,Octavia’s Bookshelf,1353 North Hill Avenue,,Pasadena,CA,91104-2611,United States,What's More Punk Than The Public Library Sticker,default,,,Delivered,6.0,1.75,4.75,"January 23, 2026",No scheduled order date,'-
"January 20, 2026",MRKVZGM6ET,,Octavia’s Bookshelf,1353 North Hill Avenue,,Pasadena,CA,91104-2611,United States,Girls Will Be Girls Sticker,default,,,Delivered,6.0,1.75,4.75,"January 23, 2026",No scheduled order date,'-
"January 20, 2026",MUUH3RJ92K,,Hi-Voltage Records,2714 6th Avenue,,Tacoma,WA,98406.0,United States,"Do You Have Any Fucks? Not Even One, Girl. Go Fish. Sticker",default,,,Delivered,20.0,1.75,4.75,"January 23, 2026",No scheduled order date,'-
"January 20, 2026",MUUH3RJ92K,,Hi-Voltage Records,2714 6th Avenue,,Tacoma,WA,98406.0,United States,What's More Punk Than The Public Library Sticker,default,,,Delivered,20.0,1.75,4.75,"January 23, 2026",No scheduled order date,'-
"January 20, 2026",MUUH3RJ92K,,Hi-Voltage Records,2714 6th Avenue,,Tacoma,WA,98406.0,United States,Queen Of Books Magnet,default,,,Delivered,4.0,2.5,6.5,"January 23, 2026",No scheduled order date,'-
"January 20, 2026",MUUH3RJ92K,,Hi-Voltage Records,2714 6th Avenue,,Tacoma,WA,98406.0,United States,Some Of You Weren't Paying Attention In History Class And It Shows Pixie Glitter Sticker,default,,,Delivered,20.0,1.75,4.75,"January 23, 2026",No scheduled order date,'-
"January 20, 2026",7SKENE729G,,Nature's Pantry,436 Blooming Grove Tpke Ste 300,,New Windsor,NY,12553.0,United States,Disappointed But Not Surprised Pen,default,,,Delivered,6.0,0.85,2.75,"January 24, 2026",No scheduled order date,'-
"January 20, 2026",7SKENE729G,,Nature's Pantry,436 Blooming Grove Tpke Ste 300,,New Windsor,NY,12553.0,United States,"Sorry I Was Rude, It Was Probably Your Fault Pen",default,,,Delivered,6.0,0.85,2.75,"January 24, 2026",No scheduled order date,'-
"January 20, 2026",7SKENE729G,,Nature's Pantry,436 Blooming Grove Tpke Ste 300,,New Windsor,NY,12553.0,United States,I May Be Wrong But I Doubt It Pen,default,,,Delivered,6.0,0.85,2.75,"January 24, 2026",No scheduled order date,'-
"January 20, 2026",7SKENE729G,,Nature's Pantry,436 Blooming Grove Tpke Ste 300,,New Windsor,NY,12553.0,United States,Radicalized By Basic Decency Button,default,,,Delivered,2.0,1.25,2.5,"January 24, 2026",No scheduled order date,'-
"January 20, 2026",7SKENE729G,,Nature's Pantry,436 Blooming Grove Tpke Ste 300,,New Windsor,NY,12553.0,United States,Currently Dissociating Pen,default,,,Delivered,6.0,0.85,2.75,"January 24, 2026",No scheduled order date,'-
"January 20, 2026",7SKENE729G,,Nature's Pantry,436 Blooming Grove Tpke Ste 300,,New Windsor,NY,12553.0,United States,Radicalized By Basic Decency Floral Sticker,default,,,Delivered,6.0,1.75,4.75,"January 24, 2026",No scheduled order date,'-
"January 20, 2026",7SKENE729G,,Nature's Pantry,436 Blooming Grove Tpke Ste 300,,New Windsor,NY,12553.0,United States,Dumpster Fire Response Team Member Pen,default,,,Delivered,6.0,0.85,2.75,"January 24, 2026",No scheduled order date,'-
"January 20, 2026",7SKENE729G,,Nature's Pantry,436 Blooming Grove Tpke Ste 300,,New Windsor,NY,12553.0,United States,Compost The Patriarchy Sticker,default,,,Delivered,6.0,1.75,4.75,"January 24, 2026",No scheduled order date,'-
"January 20, 2026",7SKENE729G,,Nature's Pantry,436 Blooming Grove Tpke Ste 300,,New Windsor,NY,12553.0,United States,Caring About People Is Not Political Sticker,default,,,Delivered,6.0,1.75,4.75,"January 24, 2026",No scheduled order date,'-
"January 20, 2026",7SKENE729G,,Nature's Pantry,436 Blooming Grove Tpke Ste 300,,New Windsor,NY,12553.0,United States,Strawberry Candy Holographic Sticker,default,,,Delivered,6.0,1.75,4.75,"January 24, 2026",No scheduled order date,'-
"January 20, 2026",7SKENE729G,,Nature's Pantry,436 Blooming Grove Tpke Ste 300,,New Windsor,NY,12553.0,United States,"Mini Troll Surprise Packs - 3, 6 or 10!",10 pack,,,Delivered,1.0,4.99,9.99,"January 24, 2026",No scheduled order date,'-
"January 20, 2026",7SKENE729G,,Nature's Pantry,436 Blooming Grove Tpke Ste 300,,New Windsor,NY,12553.0,United States,Dumpster Fire Response Team Button,default,,,Delivered,2.0,1.0,3.0,"January 24, 2026",No scheduled order date,'-
"January 20, 2026",7SKENE729G,,Nature's Pantry,436 Blooming Grove Tpke Ste 300,,New Windsor,NY,12553.0,United States,I Can't Go On..I Need A Snack Pls Glitter Sticker,default,,,Delivered,6.0,1.75,4.75,"January 24, 2026",No scheduled order date,'-
"January 20, 2026",7SKENE729G,,Nature's Pantry,436 Blooming Grove Tpke Ste 300,,New Windsor,NY,12553.0,United States,Raccoon Fairy Holographic Sticker,default,,,Delivered,6.0,1.75,4.75,"January 24, 2026",No scheduled order date,'-
"January 20, 2026",7SKENE729G,,Nature's Pantry,436 Blooming Grove Tpke Ste 300,,New Windsor,NY,12553.0,United States,Dumpster Fire Sticker,default,,,Delivered,6.0,1.75,4.75,"January 24, 2026",No scheduled order date,'-
"January 20, 2026",7SKENE729G,,Nature's Pantry,436 Blooming Grove Tpke Ste 300,,New Windsor,NY,12553.0,United States,You Just Got Passed By 3 Raccoons In A Trench Coat Bumper Sticker,default,,,Delivered,3.0,3.5,9.0,"January 24, 2026",No scheduled order date,'-
"January 20, 2026",7SKENE729G,,Nature's Pantry,436 Blooming Grove Tpke Ste 300,,New Windsor,NY,12553.0,United States,What Doesn't Kill You Makes You Funnier Sticker,default,,,Delivered,6.0,1.75,4.75,"January 24, 2026",No scheduled order date,'-
"January 20, 2026",7SKENE729G,,Nature's Pantry,436 Blooming Grove Tpke Ste 300,,New Windsor,NY,12553.0,United States,I Should Be Frolicking In A Forest But I'm Here. Wtf Pen,default,,,Delivered,6.0,0.85,2.75,"January 24, 2026",No scheduled order date,'-
"January 20, 2026",CGNPA7WP5A,,Odd One Out DBA Barbour Shop Creative Services,400 E Main St,,Clayton,NC,27520.0,United States,I May Be Wrong But I Doubt It Pen,default,,,Delivered,10.0,0.85,2.75,"January 23, 2026",No scheduled order date,'-
"January 20, 2026",CGNPA7WP5A,,Odd One Out DBA Barbour Shop Creative Services,400 E Main St,,Clayton,NC,27520.0,United States,"Sorry I Was Rude, It Was Probably Your Fault Pen",default,,,Delivered,10.0,0.85,2.75,"January 23, 2026",No scheduled order date,'-
"January 20, 2026",CGNPA7WP5A,,Odd One Out DBA Barbour Shop Creative Services,400 E Main St,,Clayton,NC,27520.0,United States,For The Fuckteenth Time Pen,default,,,Delivered,10.0,0.85,2.75,"January 23, 2026",No scheduled order date,'-
"January 20, 2026",CGNPA7WP5A,,Odd One Out DBA Barbour Shop Creative Services,400 E Main St,,Clayton,NC,27520.0,United States,Princess Fairy Mouse Sticker,default,,,Delivered,10.0,1.75,4.75,"January 23, 2026",No scheduled order date,'-
"January 20, 2026",CGNPA7WP5A,,Odd One Out DBA Barbour Shop Creative Services,400 E Main St,,Clayton,NC,27520.0,United States,Mansplain Survivor Holographic Sticker,default,,,Delivered,10.0,1.75,4.75,"January 23, 2026",No scheduled order date,'-
"January 20, 2026",CGNPA7WP5A,,Odd One Out DBA Barbour Shop Creative Services,400 E Main St,,Clayton,NC,27520.0,United States,FU Patriarchy Glitter Sticker,default,,,Delivered,10.0,1.75,4.75,"January 23, 2026",No scheduled order date,'-
"January 20, 2026",CGNPA7WP5A,,Odd One Out DBA Barbour Shop Creative Services,400 E Main St,,Clayton,NC,27520.0,United States,I Can't Go On..I Need A Snack Pls Glitter Sticker,default,,,Delivered,10.0,1.75,4.75,"January 23, 2026",No scheduled order date,'-
"January 20, 2026",CGNPA7WP5A,,Odd One Out DBA Barbour Shop Creative Services,400 E Main St,,Clayton,NC,27520.0,United States,Currently Dissociating Pen,default,,,Delivered,10.0,0.85,2.75,"January 23, 2026",No scheduled order date,'-
"January 20, 2026",CGNPA7WP5A,,Odd One Out DBA Barbour Shop Creative Services,400 E Main St,,Clayton,NC,27520.0,United States,Be Brave Be Loud And Look Out For Others Sticker,default,,,Delivered,10.0,1.75,4.75,"January 23, 2026",No scheduled order date,'-
"January 20, 2026",CGNPA7WP5A,,Odd One Out DBA Barbour Shop Creative Services,400 E Main St,,Clayton,NC,27520.0,United States,Don't Be A Dick Sticker,default,,,Delivered,10.0,1.75,4.75,"January 23, 2026",No scheduled order date,'-
"January 20, 2026",CGNPA7WP5A,,Odd One Out DBA Barbour Shop Creative Services,400 E Main St,,Clayton,NC,27520.0,United States,America Was Built By Immigrants Sticker,default,,,Delivered,10.0,1.75,4.75,"January 23, 2026",No scheduled order date,'-
"January 20, 2026",CGNPA7WP5A,,Odd One Out DBA Barbour Shop Creative Services,400 E Main St,,Clayton,NC,27520.0,United States,"I May Be Laid Back, But I Can Lean Forward Real Fucking Quick Glitter Sticker",default,,,Delivered,10.0,1.75,4.75,"January 23, 2026",No scheduled order date,'-
"January 20, 2026",CGNPA7WP5A,,Odd One Out DBA Barbour Shop Creative Services,400 E Main St,,Clayton,NC,27520.0,United States,"Mini Troll Surprise Packs - 3, 6 or 10!",10 pack,,,Delivered,5.0,4.99,9.99,"January 23, 2026",No scheduled order date,'-
"January 20, 2026",CGNPA7WP5A,,Odd One Out DBA Barbour Shop Creative Services,400 E Main St,,Clayton,NC,27520.0,United States,Disappointed But Not Surprised Pen,default,,,Delivered,10.0,0.85,2.75,"January 23, 2026",No scheduled order date,'-
"January 20, 2026",6AQYYH7QEJ,,Self Serve Toys,112 Morningside NE,,Albuquerque,NM,87108.0,United States,Trinkets Are My Weakness Pixie Glitter Sticker,default,,,Delivered,6.0,1.75,4.75,"January 23, 2026",No scheduled order date,'-
"January 20, 2026",6AQYYH7QEJ,,Self Serve Toys,112 Morningside NE,,Albuquerque,NM,87108.0,United States,Fuck The Patriarchy Sticker,default,,,Delivered,6.0,1.75,4.25,"January 23, 2026",No scheduled order date,'-
"January 20, 2026",6AQYYH7QEJ,,Self Serve Toys,112 Morningside NE,,Albuquerque,NM,87108.0,United States,Capitalism Gave Me IBS Glitter Sticker,default,,,Delivered,6.0,1.75,4.75,"January 23, 2026",No scheduled order date,'-
"January 20, 2026",6AQYYH7QEJ,,Self Serve Toys,112 Morningside NE,,Albuquerque,NM,87108.0,United States,In My Feminine Rage Era Sticker (2 styles available),Glittery Vinyl,,,Delivered,6.0,1.75,4.75,"January 23, 2026",No scheduled order date,'-
"January 20, 2026",6AQYYH7QEJ,,Self Serve Toys,112 Morningside NE,,Albuquerque,NM,87108.0,United States,Manifesting The Revolution Sticker,default,,,Delivered,6.0,1.75,4.75,"January 23, 2026",No scheduled order date,'-
"January 20, 2026",6AQYYH7QEJ,,Self Serve Toys,112 Morningside NE,,Albuquerque,NM,87108.0,United States,Radicalized By Basic Decency Floral Sticker,default,,,Delivered,6.0,1.75,4.75,"January 23, 2026",No scheduled order date,'-
"January 20, 2026",6AQYYH7QEJ,,Self Serve Toys,112 Morningside NE,,Albuquerque,NM,87108.0,United States,Community Is Resistance Sticker,default,,,Delivered,6.0,1.75,4.75,"January 23, 2026",No scheduled order date,'-
"January 20, 2026",6AQYYH7QEJ,,Self Serve Toys,112 Morningside NE,,Albuquerque,NM,87108.0,United States,Caring About People Is Not Political Sticker,default,,,Delivered,6.0,1.75,4.75,"January 23, 2026",No scheduled order date,'-
"January 20, 2026",6AQYYH7QEJ,,Self Serve Toys,112 Morningside NE,,Albuquerque,NM,87108.0,United States,"Sorry If I'm Mean, I'm Overstimulated Right Now Sticker",default,,,Delivered,6.0,1.75,4.75,"January 23, 2026",No scheduled order date,'-
"January 20, 2026",6AQYYH7QEJ,,Self Serve Toys,112 Morningside NE,,Albuquerque,NM,87108.0,United States,Leave Trans Kids Alone You Fucking Weirdo Glitter Sticker,default,,,Delivered,6.0,1.75,4.75,"January 23, 2026",No scheduled order date,'-
"January 20, 2026",6AQYYH7QEJ,,Self Serve Toys,112 Morningside NE,,Albuquerque,NM,87108.0,United States,What's More Punk Than The Public Library Sticker,default,,,Delivered,6.0,1.75,4.75,"January 23, 2026",No scheduled order date,'-
"January 20, 2026",6AQYYH7QEJ,,Self Serve Toys,112 Morningside NE,,Albuquerque,NM,87108.0,United States,Girl Dinner Sticker (Glitter or White Available),White,,,Delivered,6.0,1.75,4.75,"January 23, 2026",No scheduled order date,'-
"January 20, 2026",6AQYYH7QEJ,,Self Serve Toys,112 Morningside NE,,Albuquerque,NM,87108.0,United States,The Road To Fascism Is Paved With The People That Told You To Stop Overreacting Holographic Sticker,default,,,Delivered,6.0,1.75,4.75,"January 23, 2026",No scheduled order date,'-
"January 20, 2026",6AQYYH7QEJ,,Self Serve Toys,112 Morningside NE,,Albuquerque,NM,87108.0,United States,I Didn't Survive A Pandemic For This Shit Glitter Sticker,default,,,Delivered,6.0,1.75,4.75,"January 23, 2026",No scheduled order date,'-
"January 20, 2026",6AQYYH7QEJ,,Self Serve Toys,112 Morningside NE,,Albuquerque,NM,87108.0,United States,Girls Will Be Girls Sticker,default,,,Delivered,6.0,1.75,4.75,"January 23, 2026",No scheduled order date,'-
"January 20, 2026",6AQYYH7QEJ,,Self Serve Toys,112 Morningside NE,,Albuquerque,NM,87108.0,United States,Burn The Patriarchy Sticker,default,,,Delivered,6.0,1.75,4.75,"January 23, 2026",No scheduled order date,'-
"January 20, 2026",6AQYYH7QEJ,,Self Serve Toys,112 Morningside NE,,Albuquerque,NM,87108.0,United States,Be Brave Be Loud And Look Out For Others Sticker,default,,,Delivered,6.0,1.75,4.75,"January 23, 2026",No scheduled order date,'-
"January 20, 2026",6AQYYH7QEJ,,Self Serve Toys,112 Morningside NE,,Albuquerque,NM,87108.0,United States,"Pro Choice, Pro Love, Pro Science, Pro Women Sticker",default,,,Delivered,6.0,1.75,4.75,"January 23, 2026",No scheduled order date,'-
"January 20, 2026",6AQYYH7QEJ,,Self Serve Toys,112 Morningside NE,,Albuquerque,NM,87108.0,United States,No Human Is Illegal Glitter Sticker,default,,,Delivered,6.0,1.75,4.75,"January 23, 2026",No scheduled order date,'-
"January 20, 2026",6AQYYH7QEJ,,Self Serve Toys,112 Morningside NE,,Albuquerque,NM,87108.0,United States,If You Support Fascism We Can't Be Friends Glitter Sticker,default,,,Delivered,6.0,1.75,4.75,"January 23, 2026",No scheduled order date,'-
"January 20, 2026",PHS4PD6QWM,HH01202026,Merit Badge Books,276 Buffalo Street,,Hamburg,NY,14075.0,United States,Some Of You Weren't Paying Attention In History Class And It Shows Pixie Glitter Sticker,default,,,Delivered,6.0,1.75,4.75,"January 23, 2026",No scheduled order date,'-
"January 20, 2026",PHS4PD6QWM,HH01202026,Merit Badge Books,276 Buffalo Street,,Hamburg,NY,14075.0,United States,Community Is Resistance Sticker,default,,,Delivered,6.0,1.75,4.75,"January 23, 2026",No scheduled order date,'-
"January 20, 2026",PHS4PD6QWM,HH01202026,Merit Badge Books,276 Buffalo Street,,Hamburg,NY,14075.0,United States,Let's Be Better Humans Sticker,default,,,Delivered,6.0,1.75,6.5,"January 23, 2026",No scheduled order date,'-
"January 20, 2026",PHS4PD6QWM,HH01202026,Merit Badge Books,276 Buffalo Street,,Hamburg,NY,14075.0,United States,Don't Be A Dick Sticker,default,,,Delivered,10.0,1.75,4.75,"January 23, 2026",No scheduled order date,'-
"January 20, 2026",PHS4PD6QWM,HH01202026,Merit Badge Books,276 Buffalo Street,,Hamburg,NY,14075.0,United States,Big Fan of Human Rights Button,default,,,Delivered,6.0,1.5,3.0,"January 23, 2026",No scheduled order date,'-
"January 20, 2026",PHS4PD6QWM,HH01202026,Merit Badge Books,276 Buffalo Street,,Hamburg,NY,14075.0,United States,Literacy And Justice For All Tote Bag,default,,,Delivered,4.0,10.0,20.0,"January 23, 2026",No scheduled order date,'-
"January 20, 2026",PHS4PD6QWM,HH01202026,Merit Badge Books,276 Buffalo Street,,Hamburg,NY,14075.0,United States,"Mini Troll Surprise Packs - 3, 6 or 10!",3 pack,,,Delivered,20.0,1.49,2.99,"January 23, 2026",No scheduled order date,'-
"January 20, 2026",PHS4PD6QWM,HH01202026,Merit Badge Books,276 Buffalo Street,,Hamburg,NY,14075.0,United States,Be Brave Be Loud And Look Out For Others Sticker,default,,,Delivered,10.0,1.75,4.75,"January 23, 2026",No scheduled order date,'-
"January 20, 2026",PHS4PD6QWM,HH01202026,Merit Badge Books,276 Buffalo Street,,Hamburg,NY,14075.0,United States,Literacy and Justice For All Sticker,default,,,Delivered,6.0,1.75,4.75,"January 23, 2026",No scheduled order date,'-
"January 20, 2026",PHS4PD6QWM,HH01202026,Merit Badge Books,276 Buffalo Street,,Hamburg,NY,14075.0,United States,"Sorry If I'm Mean, I'm Overstimulated Right Now Sticker",default,,,Delivered,6.0,1.75,4.75,"January 23, 2026",No scheduled order date,'-
"January 20, 2026",PHS4PD6QWM,HH01202026,Merit Badge Books,276 Buffalo Street,,Hamburg,NY,14075.0,United States,On My Way To Get More Trinkets And Knick Knacks Glitter Sticker,default,,,Delivered,6.0,1.75,4.75,"January 23, 2026",No scheduled order date,'-
"January 20, 2026",PHS4PD6QWM,HH01202026,Merit Badge Books,276 Buffalo Street,,Hamburg,NY,14075.0,United States,Manifesting The Revolution Sticker,default,,,Delivered,6.0,1.75,4.75,"January 23, 2026",No scheduled order date,'-
"January 20, 2026",PHS4PD6QWM,HH01202026,Merit Badge Books,276 Buffalo Street,,Hamburg,NY,14075.0,United States,America Was Built By Immigrants Sticker,default,,,Delivered,6.0,1.75,4.75,"January 23, 2026",No scheduled order date,'-
"January 20, 2026",PHS4PD6QWM,HH01202026,Merit Badge Books,276 Buffalo Street,,Hamburg,NY,14075.0,United States,Caring About People Is Not Political Button,default,,,Delivered,6.0,1.0,2.75,"January 23, 2026",No scheduled order date,'-
"January 20, 2026",S2G5BK452Y,,Burncoat center for arts and wellness,78 Burncoat St,,Worcester,MA,1605.0,United States,America Was Built By Immigrants Sticker,default,,,Delivered,6.0,1.75,4.75,"January 21, 2026",No scheduled order date,'-
"January 20, 2026",S2G5BK452Y,,Burncoat center for arts and wellness,78 Burncoat St,,Worcester,MA,1605.0,United States,I Didn't Survive A Pandemic For This Shit Glitter Sticker,default,,,Delivered,6.0,1.75,4.75,"January 21, 2026",No scheduled order date,'-
"January 20, 2026",S2G5BK452Y,,Burncoat center for arts and wellness,78 Burncoat St,,Worcester,MA,1605.0,United States,No One Is Illegal On Stolen Land Sticker,default,,,Delivered,6.0,1.75,4.75,"January 21, 2026",No scheduled order date,'-
"January 20, 2026",S2G5BK452Y,,Burncoat center for arts and wellness,78 Burncoat St,,Worcester,MA,1605.0,United States,The Only Minority Destroying This Country Are The Billionaires Sticker,Black,,,Delivered,6.0,1.75,4.75,"January 21, 2026",No scheduled order date,'-
"January 20, 2026",S2G5BK452Y,,Burncoat center for arts and wellness,78 Burncoat St,,Worcester,MA,1605.0,United States,"With Love,Go Feast On A Sack Full Of Richards Sticker",default,,,Delivered,6.0,1.75,4.75,"January 21, 2026",No scheduled order date,'-
"January 20, 2026",S2G5BK452Y,,Burncoat center for arts and wellness,78 Burncoat St,,Worcester,MA,1605.0,United States,Just A Girl Who Loves Books Glitter Sticker,default,,,Delivered,6.0,1.75,4.75,"January 21, 2026",No scheduled order date,'-
"January 20, 2026",S2G5BK452Y,,Burncoat center for arts and wellness,78 Burncoat St,,Worcester,MA,1605.0,United States,Regulate Dick Not Jane Glitter Sticker,default,,,Delivered,6.0,1.75,4.75,"January 21, 2026",No scheduled order date,'-
"January 20, 2026",S2G5BK452Y,,Burncoat center for arts and wellness,78 Burncoat St,,Worcester,MA,1605.0,United States,I Will Not Tolerate Your Bullshit But I Wish You Peace Sticker,default,,,Delivered,6.0,1.75,4.25,"January 21, 2026",No scheduled order date,'-
"January 20, 2026",S2G5BK452Y,,Burncoat center for arts and wellness,78 Burncoat St,,Worcester,MA,1605.0,United States,Radicalized By Basic Decency Button,default,,,Delivered,3.0,1.25,2.5,"January 21, 2026",No scheduled order date,'-
"January 20, 2026",S2G5BK452Y,,Burncoat center for arts and wellness,78 Burncoat St,,Worcester,MA,1605.0,United States,Only You Can Prevent Fascism Sticker,default,,,Delivered,6.0,1.75,4.75,"January 21, 2026",No scheduled order date,'-
"January 20, 2026",S2G5BK452Y,,Burncoat center for arts and wellness,78 Burncoat St,,Worcester,MA,1605.0,United States,If Explosive Diarrhea Was A Person Magnet,default,,,Delivered,3.0,2.5,6.5,"January 21, 2026",No scheduled order date,'-
"January 20, 2026",S2G5BK452Y,,Burncoat center for arts and wellness,78 Burncoat St,,Worcester,MA,1605.0,United States,Radicalized By Basic Decency Magnet,default,,,Delivered,3.0,2.5,6.5,"January 21, 2026",No scheduled order date,'-
"January 20, 2026",S2G5BK452Y,,Burncoat center for arts and wellness,78 Burncoat St,,Worcester,MA,1605.0,United States,Big Fan of Human Rights Button,default,,,Delivered,3.0,1.5,3.0,"January 21, 2026",No scheduled order date,'-
"January 20, 2026",S2G5BK452Y,,Burncoat center for arts and wellness,78 Burncoat St,,Worcester,MA,1605.0,United States,Compost The Patriarchy Sticker,default,,,Delivered,6.0,1.75,4.75,"January 21, 2026",No scheduled order date,'-
"January 20, 2026",S2G5BK452Y,,Burncoat center for arts and wellness,78 Burncoat St,,Worcester,MA,1605.0,United States,"Do You Have Any Fucks? Not Even One, Girl. Go Fish. Sticker",default,,,Delivered,6.0,1.75,4.75,"January 21, 2026",No scheduled order date,'-
"January 20, 2026",S2G5BK452Y,,Burncoat center for arts and wellness,78 Burncoat St,,Worcester,MA,1605.0,United States,You've Just Buttered Your Last Biscuit Sticker,default,,,Delivered,6.0,1.75,4.75,"January 21, 2026",No scheduled order date,'-
"January 20, 2026",S2G5BK452Y,,Burncoat center for arts and wellness,78 Burncoat St,,Worcester,MA,1605.0,United States,Caring About People Is Not Political Sticker,default,,,Delivered,6.0,1.75,4.75,"January 21, 2026",No scheduled order date,'-
"January 20, 2026",S2G5BK452Y,,Burncoat center for arts and wellness,78 Burncoat St,,Worcester,MA,1605.0,United States,What's More Punk Than The Public Library Sticker,default,,,Delivered,6.0,1.75,4.75,"January 21, 2026",No scheduled order date,'-
"January 20, 2026",S2G5BK452Y,,Burncoat center for arts and wellness,78 Burncoat St,,Worcester,MA,1605.0,United States,Community Is Resistance Sticker,default,,,Delivered,6.0,1.75,4.75,"January 21, 2026",No scheduled order date,'-
"January 20, 2026",S2G5BK452Y,,Burncoat center for arts and wellness,78 Burncoat St,,Worcester,MA,1605.0,United States,"I May Be Laid Back, But I Can Lean Forward Real Fucking Quick Glitter Sticker",default,,,Delivered,6.0,1.75,4.75,"January 21, 2026",No scheduled order date,'-
"January 20, 2026",S2G5BK452Y,,Burncoat center for arts and wellness,78 Burncoat St,,Worcester,MA,1605.0,United States,"Pro Choice, Pro Love, Pro Science, Pro Women Sticker",default,,,Delivered,6.0,1.75,4.75,"January 21, 2026",No scheduled order date,'-
"January 20, 2026",S2G5BK452Y,,Burncoat center for arts and wellness,78 Burncoat St,,Worcester,MA,1605.0,United States,Peace Sign Hamster Sticker,default,,,Delivered,6.0,1.75,4.75,"January 21, 2026",No scheduled order date,'-
"January 20, 2026",S2G5BK452Y,,Burncoat center for arts and wellness,78 Burncoat St,,Worcester,MA,1605.0,United States,Vasectomies Prevent Abortions Sticker,default,,,Delivered,6.0,1.75,4.75,"January 21, 2026",No scheduled order date,'-
"January 20, 2026",S2G5BK452Y,,Burncoat center for arts and wellness,78 Burncoat St,,Worcester,MA,1605.0,United States,On My Way To Get More Trinkets And Knick Knacks Glitter Sticker,default,,,Delivered,6.0,1.75,4.75,"January 21, 2026",No scheduled order date,'-
"January 20, 2026",S2G5BK452Y,,Burncoat center for arts and wellness,78 Burncoat St,,Worcester,MA,1605.0,United States,Educate Your Son Sticker,default,,,Delivered,6.0,1.75,4.75,"January 21, 2026",No scheduled order date,'-
"January 20, 2026",S2G5BK452Y,,Burncoat center for arts and wellness,78 Burncoat St,,Worcester,MA,1605.0,United States,"Sorry If I'm Mean, I'm Overstimulated Right Now Sticker",default,,,Delivered,6.0,1.75,4.75,"January 21, 2026",No scheduled order date,'-
"January 20, 2026",S2G5BK452Y,,Burncoat center for arts and wellness,78 Burncoat St,,Worcester,MA,1605.0,United States,Little Ray Of Pitch Black Sticker,default,,,Delivered,6.0,1.75,4.75,"January 21, 2026",No scheduled order date,'-
"January 20, 2026",S2G5BK452Y,,Burncoat center for arts and wellness,78 Burncoat St,,Worcester,MA,1605.0,United States,I Brake For Thrift Shops Bumper Sticker,default,,,Delivered,3.0,3.5,9.0,"January 21, 2026",No scheduled order date,'-
"January 20, 2026",AUPG7WVG95,,Mystic Moon,651 PARKWAY,103.0,GATLINBURG,TN,37738.0,United States,The Only Minority Destroying This Country Are The Billionaires Sticker,Black,,,Delivered,10.0,1.75,4.75,"January 21, 2026","February 23, 2026",'-
"January 20, 2026",AUPG7WVG95,,Mystic Moon,651 PARKWAY,103.0,GATLINBURG,TN,37738.0,United States,Build This Wall Sticker,default,,,Delivered,10.0,1.75,4.75,"January 21, 2026","February 23, 2026",'-
"January 20, 2026",AUPG7WVG95,,Mystic Moon,651 PARKWAY,103.0,GATLINBURG,TN,37738.0,United States,Educate Your Son Sticker,default,,,Delivered,10.0,1.75,4.75,"January 21, 2026","February 23, 2026",'-
"January 20, 2026",AUPG7WVG95,,Mystic Moon,651 PARKWAY,103.0,GATLINBURG,TN,37738.0,United States,I Never Said That Jesus Sticker,default,,,Delivered,10.0,1.75,4.75,"January 21, 2026","February 23, 2026",'-
"January 20, 2026",AUPG7WVG95,,Mystic Moon,651 PARKWAY,103.0,GATLINBURG,TN,37738.0,United States,"Pro Choice, Pro Love, Pro Science, Pro Women Sticker",default,,,Delivered,10.0,1.75,4.75,"January 21, 2026","February 23, 2026",'-
"January 20, 2026",HFHGHAYDG5,,grow,709 E 35th Street,,CHARLOTTE,NC,28205.0,United States,Have The Day You Voted For Sticker,Yellow Background,,,Delivered,6.0,1.75,4.75,"January 23, 2026",No scheduled order date,'-
"January 20, 2026",HFHGHAYDG5,,grow,709 E 35th Street,,CHARLOTTE,NC,28205.0,United States,Have The Day You Voted For Tote Bag,default,,,Delivered,6.0,10.0,20.0,"January 23, 2026",No scheduled order date,'-
"January 20, 2026",HFHGHAYDG5,,grow,709 E 35th Street,,CHARLOTTE,NC,28205.0,United States,What's More Punk Than The Public Library Sticker,default,,,Delivered,6.0,1.75,4.75,"January 23, 2026",No scheduled order date,'-
"January 20, 2026",HFHGHAYDG5,,grow,709 E 35th Street,,CHARLOTTE,NC,28205.0,United States,Don't Be A Dick Sticker,default,,,Delivered,8.0,1.75,4.75,"January 23, 2026",No scheduled order date,'-
"January 20, 2026",HFHGHAYDG5,,grow,709 E 35th Street,,CHARLOTTE,NC,28205.0,United States,Educate Your Son Sticker,default,,,Delivered,8.0,1.75,4.75,"January 23, 2026",No scheduled order date,'-
"January 20, 2026",HFHGHAYDG5,,grow,709 E 35th Street,,CHARLOTTE,NC,28205.0,United States,America Was Built By Immigrants Sticker,default,,,Delivered,10.0,1.75,4.75,"January 23, 2026",No scheduled order date,'-
"January 20, 2026",HFHGHAYDG5,,grow,709 E 35th Street,,CHARLOTTE,NC,28205.0,United States,Girls Will Be Girls Sticker,default,,,Delivered,6.0,1.75,4.75,"January 23, 2026",No scheduled order date,'-
"January 20, 2026",HFHGHAYDG5,,grow,709 E 35th Street,,CHARLOTTE,NC,28205.0,United States,I've Heard Enough From Old White Men Sticker,default,,,Delivered,9.0,1.75,4.75,"January 23, 2026",No scheduled order date,'-
"January 20, 2026",HFHGHAYDG5,,grow,709 E 35th Street,,CHARLOTTE,NC,28205.0,United States,Please Hesitate To Reach Out To Me Sticker (2 colors available),Black & White,,,Delivered,6.0,1.75,4.75,"January 23, 2026",No scheduled order date,'-
"January 20, 2026",HFHGHAYDG5,,grow,709 E 35th Street,,CHARLOTTE,NC,28205.0,United States,Please Hesitate To Reach Out To Me Sticker (2 colors available),Pink & Red,,,Delivered,6.0,1.75,4.75,"January 23, 2026",No scheduled order date,'-
"January 20, 2026",HFHGHAYDG5,,grow,709 E 35th Street,,CHARLOTTE,NC,28205.0,United States,Little Ray Of Pitch Black Sticker,default,,,Delivered,6.0,1.75,4.75,"January 23, 2026",No scheduled order date,'-
"January 20, 2026",HFHGHAYDG5,,grow,709 E 35th Street,,CHARLOTTE,NC,28205.0,United States,"Hidden ""Fuck Trump"" Floral Sticker",default,,,Delivered,12.0,1.75,4.75,"January 23, 2026",No scheduled order date,'-
"January 19, 2026",WE47MSEMQM,,epilogue books,10 E Bridge Street,,Rockford,MI,49341.0,United States,Let's Be Better Humans Sticker,default,,,Delivered,6.0,1.75,6.5,"January 21, 2026",No scheduled order date,'-
"January 19, 2026",WE47MSEMQM,,epilogue books,10 E Bridge Street,,Rockford,MI,49341.0,United States,Big Fan Of Human Rights Tote Bag,Natural,,,Delivered,3.0,10.0,20.0,"January 21, 2026",No scheduled order date,'-
"January 19, 2026",WE47MSEMQM,,epilogue books,10 E Bridge Street,,Rockford,MI,49341.0,United States,Tell Me A Time In History When It Was The Good Guys Banning Books Tote Bag,default,,,Delivered,3.0,10.0,20.0,"January 21, 2026",No scheduled order date,'-
"January 19, 2026",WE47MSEMQM,,epilogue books,10 E Bridge Street,,Rockford,MI,49341.0,United States,Don't Be A Dick Sticker,default,,,Delivered,6.0,1.75,4.75,"January 21, 2026",No scheduled order date,'-
"January 19, 2026",WE47MSEMQM,,epilogue books,10 E Bridge Street,,Rockford,MI,49341.0,United States,Have The Day You Voted For Tote Bag,default,,,Delivered,3.0,10.0,20.0,"January 21, 2026",No scheduled order date,'-
"January 19, 2026",WE47MSEMQM,,epilogue books,10 E Bridge Street,,Rockford,MI,49341.0,United States,I Can't Go On..I Need A Snack Pls Glitter Sticker,default,,,Delivered,6.0,1.75,4.75,"January 21, 2026",No scheduled order date,'-
"January 19, 2026",WE47MSEMQM,,epilogue books,10 E Bridge Street,,Rockford,MI,49341.0,United States,"Pro Choice, Pro Love, Pro Science, Pro Women Sticker",default,,,Delivered,6.0,1.75,4.75,"January 21, 2026",No scheduled order date,'-
"January 19, 2026",WE47MSEMQM,,epilogue books,10 E Bridge Street,,Rockford,MI,49341.0,United States,Caring About People Is Not Political Sticker,default,,,Delivered,6.0,1.75,4.75,"January 21, 2026",No scheduled order date,'-
"January 19, 2026",WE47MSEMQM,,epilogue books,10 E Bridge Street,,Rockford,MI,49341.0,United States,Be Brave Be Loud And Look Out For Others Sticker,default,,,Delivered,6.0,1.75,4.75,"January 21, 2026",No scheduled order date,'-
"January 19, 2026",WE47MSEMQM,,epilogue books,10 E Bridge Street,,Rockford,MI,49341.0,United States,I Never Said That Jesus Sticker,default,,,Delivered,6.0,1.75,4.75,"January 21, 2026",No scheduled order date,'-
"January 19, 2026",WE47MSEMQM,,epilogue books,10 E Bridge Street,,Rockford,MI,49341.0,United States,Resist Sticker,default,,,Delivered,6.0,1.75,4.75,"January 21, 2026",No scheduled order date,'-
"January 19, 2026",WE47MSEMQM,,epilogue books,10 E Bridge Street,,Rockford,MI,49341.0,United States,Some Of You Weren't Paying Attention In History Class And It Shows Pixie Glitter Sticker,default,,,Delivered,6.0,1.75,4.75,"January 21, 2026",No scheduled order date,'-
"January 19, 2026",WE47MSEMQM,,epilogue books,10 E Bridge Street,,Rockford,MI,49341.0,United States,Build This Wall Sticker,default,,,Delivered,6.0,1.75,4.75,"January 21, 2026",No scheduled order date,'-
"January 19, 2026",WE47MSEMQM,,epilogue books,10 E Bridge Street,,Rockford,MI,49341.0,United States,The Only Minority Destroying This Country Are The Billionaires Sticker,Black,,,Delivered,6.0,1.75,4.75,"January 21, 2026",No scheduled order date,'-
"January 19, 2026",WE47MSEMQM,,epilogue books,10 E Bridge Street,,Rockford,MI,49341.0,United States,I Didn't Survive A Pandemic For This Shit Glitter Sticker,default,,,Delivered,6.0,1.75,4.75,"January 21, 2026",No scheduled order date,'-
"January 19, 2026",WE47MSEMQM,,epilogue books,10 E Bridge Street,,Rockford,MI,49341.0,United States,If Explosive Diarrhea Was A Person Glitter Sticker,Glittery,,,Delivered,6.0,1.75,4.75,"January 21, 2026",No scheduled order date,'-
"January 19, 2026",WE47MSEMQM,,epilogue books,10 E Bridge Street,,Rockford,MI,49341.0,United States,Let's Read Banned Books Tote Bag,default,,,Delivered,3.0,10.0,20.0,"January 21, 2026",No scheduled order date,'-
"January 19, 2026",WE47MSEMQM,,epilogue books,10 E Bridge Street,,Rockford,MI,49341.0,United States,"Do You Have Any Fucks? Not Even One, Girl. Go Fish. Sticker",default,,,Delivered,6.0,1.75,4.75,"January 21, 2026",No scheduled order date,'-
"January 19, 2026",WE47MSEMQM,,epilogue books,10 E Bridge Street,,Rockford,MI,49341.0,United States,Disappointments All Of You Sticker,default,,,Delivered,6.0,1.75,4.75,"January 21, 2026",No scheduled order date,'-
"January 19, 2026",3UMMF66E7P,,Green Feather Book Company,"300 W. Gray Street, suite 108 & 110",,Norman,OK,73069.0,United States,Awake But At What Cost Sticker,default,,,Delivered,6.0,1.75,4.75,"January 21, 2026",No scheduled order date,'-
"January 19, 2026",3UMMF66E7P,,Green Feather Book Company,"300 W. Gray Street, suite 108 & 110",,Norman,OK,73069.0,United States,Girl Dinner Sticker (Glitter or White Available),Multicolor,,,Delivered,6.0,1.75,4.75,"January 21, 2026",No scheduled order date,'-
"January 19, 2026",3UMMF66E7P,,Green Feather Book Company,"300 W. Gray Street, suite 108 & 110",,Norman,OK,73069.0,United States,Keep The Immigrants Deport The Racists Sticker,default,,,Delivered,6.0,1.75,4.75,"January 21, 2026",No scheduled order date,'-
"January 19, 2026",3UMMF66E7P,,Green Feather Book Company,"300 W. Gray Street, suite 108 & 110",,Norman,OK,73069.0,United States,Vasectomies Prevent Abortions Sticker,default,,,Delivered,6.0,1.75,4.75,"January 21, 2026",No scheduled order date,'-
"January 19, 2026",3UMMF66E7P,,Green Feather Book Company,"300 W. Gray Street, suite 108 & 110",,Norman,OK,73069.0,United States,Read Banned Books Sticker,default,,,Delivered,6.0,1.75,4.75,"January 21, 2026",No scheduled order date,'-
"January 19, 2026",3UMMF66E7P,,Green Feather Book Company,"300 W. Gray Street, suite 108 & 110",,Norman,OK,73069.0,United States,Community Is Resistance Sticker,default,,,Delivered,6.0,1.75,4.75,"January 21, 2026",No scheduled order date,'-
"January 19, 2026",3UMMF66E7P,,Green Feather Book Company,"300 W. Gray Street, suite 108 & 110",,Norman,OK,73069.0,United States,I Never Said That Jesus Sticker,default,,,Delivered,6.0,1.75,4.75,"January 21, 2026",No scheduled order date,'-
"January 19, 2026",3UMMF66E7P,,Green Feather Book Company,"300 W. Gray Street, suite 108 & 110",,Norman,OK,73069.0,United States,Radicalized By Basic Decency Button,default,,,Delivered,5.0,1.25,2.5,"January 21, 2026",No scheduled order date,'-
"January 19, 2026",3UMMF66E7P,,Green Feather Book Company,"300 W. Gray Street, suite 108 & 110",,Norman,OK,73069.0,United States,Have The Day You Voted For Button,default,,,Delivered,5.0,1.0,2.75,"January 21, 2026",No scheduled order date,'-
"January 19, 2026",3UMMF66E7P,,Green Feather Book Company,"300 W. Gray Street, suite 108 & 110",,Norman,OK,73069.0,United States,Regulate Dick Not Jane Glitter Sticker,default,,,Delivered,6.0,1.75,4.75,"January 21, 2026",No scheduled order date,'-
"January 19, 2026",3UMMF66E7P,,Green Feather Book Company,"300 W. Gray Street, suite 108 & 110",,Norman,OK,73069.0,United States,Emotional Support Co-Worker Glitter Sticker,default,,,Delivered,6.0,1.75,4.75,"January 21, 2026",No scheduled order date,'-
"January 19, 2026",3UMMF66E7P,,Green Feather Book Company,"300 W. Gray Street, suite 108 & 110",,Norman,OK,73069.0,United States,It's A Good Day To Read Glitter Sticker,default,,,Delivered,6.0,1.75,4.75,"January 21, 2026",No scheduled order date,'-
"January 19, 2026",3UMMF66E7P,,Green Feather Book Company,"300 W. Gray Street, suite 108 & 110",,Norman,OK,73069.0,United States,Big Fan of Human Rights Button,default,,,Delivered,1.0,1.5,3.0,"January 21, 2026",No scheduled order date,'-
"January 19, 2026",3UMMF66E7P,,Green Feather Book Company,"300 W. Gray Street, suite 108 & 110",,Norman,OK,73069.0,United States,I Won't Agree To Disagree On Human Rights Sticker,default,,,Delivered,6.0,1.75,4.25,"January 21, 2026",No scheduled order date,'-
"January 19, 2026",3UMMF66E7P,,Green Feather Book Company,"300 W. Gray Street, suite 108 & 110",,Norman,OK,73069.0,United States,No One Is Illegal On Stolen Land Sticker,default,,,Delivered,6.0,1.75,4.75,"January 21, 2026",No scheduled order date,'-
"January 19, 2026",3UMMF66E7P,,Green Feather Book Company,"300 W. Gray Street, suite 108 & 110",,Norman,OK,73069.0,United States,Disappointed But Not Surprised Pen,default,,,Delivered,5.0,0.85,2.75,"January 21, 2026",No scheduled order date,'-
"January 19, 2026",3UMMF66E7P,,Green Feather Book Company,"300 W. Gray Street, suite 108 & 110",,Norman,OK,73069.0,United States,For The Fuckteenth Time Pen,default,,,Delivered,5.0,0.85,2.75,"January 21, 2026",No scheduled order date,'-
"January 19, 2026",3UMMF66E7P,,Green Feather Book Company,"300 W. Gray Street, suite 108 & 110",,Norman,OK,73069.0,United States,Pickle Slut Pen,default,,,Delivered,5.0,0.85,2.75,"January 21, 2026",No scheduled order date,'-
"January 19, 2026",3UMMF66E7P,,Green Feather Book Company,"300 W. Gray Street, suite 108 & 110",,Norman,OK,73069.0,United States,I May Be Wrong But I Doubt It Pen,default,,,Delivered,10.0,0.85,2.75,"January 21, 2026",No scheduled order date,'-
"January 19, 2026",3UMMF66E7P,,Green Feather Book Company,"300 W. Gray Street, suite 108 & 110",,Norman,OK,73069.0,United States,"Sorry I Was Rude, It Was Probably Your Fault Pen",default,,,Delivered,5.0,0.85,2.75,"January 21, 2026",No scheduled order date,'-
"January 19, 2026",3UMMF66E7P,,Green Feather Book Company,"300 W. Gray Street, suite 108 & 110",,Norman,OK,73069.0,United States,I'd Rather Be Bed Rotting Pen,default,,,Delivered,5.0,0.85,2.75,"January 21, 2026",No scheduled order date,'-
"January 19, 2026",3UMMF66E7P,,Green Feather Book Company,"300 W. Gray Street, suite 108 & 110",,Norman,OK,73069.0,United States,Dumpster Fire Response Team Member Pen,default,,,Delivered,10.0,0.85,2.75,"January 21, 2026",No scheduled order date,'-
"January 19, 2026",3UMMF66E7P,,Green Feather Book Company,"300 W. Gray Street, suite 108 & 110",,Norman,OK,73069.0,United States,Currently Dissociating Pen,default,,,Delivered,10.0,0.85,2.75,"January 21, 2026",No scheduled order date,'-
"January 19, 2026",3UMMF66E7P,,Green Feather Book Company,"300 W. Gray Street, suite 108 & 110",,Norman,OK,73069.0,United States,Girls Will Be Girls Sticker,default,,,Delivered,6.0,1.75,4.75,"January 21, 2026",No scheduled order date,'-
"January 19, 2026",3UMMF66E7P,,Green Feather Book Company,"300 W. Gray Street, suite 108 & 110",,Norman,OK,73069.0,United States,"I May Be Laid Back, But I Can Lean Forward Real Fucking Quick Glitter Sticker",default,,,Delivered,6.0,1.75,4.75,"January 21, 2026",No scheduled order date,'-
"January 19, 2026",3UMMF66E7P,,Green Feather Book Company,"300 W. Gray Street, suite 108 & 110",,Norman,OK,73069.0,United States,You've Just Buttered Your Last Biscuit Sticker,default,,,Delivered,6.0,1.75,4.75,"January 21, 2026",No scheduled order date,'-
"January 19, 2026",3UMMF66E7P,,Green Feather Book Company,"300 W. Gray Street, suite 108 & 110",,Norman,OK,73069.0,United States,Radicalized By Basic Decency Floral Sticker,default,,,Delivered,6.0,1.75,4.75,"January 21, 2026",No scheduled order date,'-
"January 19, 2026",3UMMF66E7P,,Green Feather Book Company,"300 W. Gray Street, suite 108 & 110",,Norman,OK,73069.0,United States,Caring About People Is Not Political Sticker,default,,,Delivered,6.0,1.75,4.75,"January 21, 2026",No scheduled order date,'-
"January 19, 2026",3UMMF66E7P,,Green Feather Book Company,"300 W. Gray Street, suite 108 & 110",,Norman,OK,73069.0,United States,Let's Be Better Humans Sticker,default,,,Delivered,6.0,1.75,6.5,"January 21, 2026",No scheduled order date,'-
"January 19, 2026",3UMMF66E7P,,Green Feather Book Company,"300 W. Gray Street, suite 108 & 110",,Norman,OK,73069.0,United States,Girls Will Be Girls Sticker,default,,,Delivered,6.0,1.75,4.75,"January 21, 2026",No scheduled order date,'-
"January 19, 2026",3UMMF66E7P,,Green Feather Book Company,"300 W. Gray Street, suite 108 & 110",,Norman,OK,73069.0,United States,Some Of You Weren't Paying Attention In History Class And It Shows Pixie Glitter Sticker,default,,,Delivered,6.0,1.75,4.75,"January 21, 2026",No scheduled order date,'-
"January 19, 2026",3UMMF66E7P,,Green Feather Book Company,"300 W. Gray Street, suite 108 & 110",,Norman,OK,73069.0,United States,Educate Your Son Sticker,default,,,Delivered,6.0,1.75,4.75,"January 21, 2026",No scheduled order date,'-
"January 19, 2026",5GBWMW447V,,Wild Sisters Book Company,3325 Folsom Blvd,,Sacramento,CA,95816.0,United States,Disappointments All Of You Sticker,default,,,Delivered,10.0,1.75,4.75,"January 22, 2026",No scheduled order date,'-
"January 19, 2026",5GBWMW447V,,Wild Sisters Book Company,3325 Folsom Blvd,,Sacramento,CA,95816.0,United States,Read Banned Books Tote Bag,default,,,Delivered,3.0,10.0,20.0,"January 22, 2026",No scheduled order date,'-
"January 19, 2026",5GBWMW447V,,Wild Sisters Book Company,3325 Folsom Blvd,,Sacramento,CA,95816.0,United States,"Sorry, I'm Fully Booked Tonight! Tote Bag",Green Font,,,Delivered,3.0,10.0,20.0,"January 22, 2026",No scheduled order date,'-
"January 19, 2026",5GBWMW447V,,Wild Sisters Book Company,3325 Folsom Blvd,,Sacramento,CA,95816.0,United States,I Should Be Frolicking In A Forest But I'm Here. Wtf Pen,default,,,Delivered,8.0,0.85,2.75,"January 22, 2026",No scheduled order date,'-
"January 19, 2026",5GBWMW447V,,Wild Sisters Book Company,3325 Folsom Blvd,,Sacramento,CA,95816.0,United States,More Pride Less Prejudice Tote Bag,Natural,,,Delivered,3.0,10.0,20.0,"January 22, 2026",No scheduled order date,'-
"January 19, 2026",5GBWMW447V,,Wild Sisters Book Company,3325 Folsom Blvd,,Sacramento,CA,95816.0,United States,Dumpster Fire Response Team Member Pen,default,,,Delivered,8.0,0.85,2.75,"January 22, 2026",No scheduled order date,'-
"January 19, 2026",5GBWMW447V,,Wild Sisters Book Company,3325 Folsom Blvd,,Sacramento,CA,95816.0,United States,I'd Rather Be Bed Rotting Pen,default,,,Delivered,8.0,0.85,2.75,"January 22, 2026",No scheduled order date,'-
"January 19, 2026",5GBWMW447V,,Wild Sisters Book Company,3325 Folsom Blvd,,Sacramento,CA,95816.0,United States,Books Because Coping With Reality Is Not An Option At The Moment Glitter Sticker,default,,,Delivered,6.0,1.75,4.75,"January 22, 2026",No scheduled order date,'-
"January 19, 2026",5GBWMW447V,,Wild Sisters Book Company,3325 Folsom Blvd,,Sacramento,CA,95816.0,United States,For The Fuckteenth Time Pen,default,,,Delivered,8.0,0.85,2.75,"January 22, 2026",No scheduled order date,'-
"January 19, 2026",5GBWMW447V,,Wild Sisters Book Company,3325 Folsom Blvd,,Sacramento,CA,95816.0,United States,Currently Dissociating Pen,default,,,Delivered,8.0,0.85,2.75,"January 22, 2026",No scheduled order date,'-
"January 19, 2026",5GBWMW447V,,Wild Sisters Book Company,3325 Folsom Blvd,,Sacramento,CA,95816.0,United States,Disappointed But Not Surprised Pen,default,,,Delivered,8.0,0.85,2.75,"January 22, 2026",No scheduled order date,'-
"January 19, 2026",5GBWMW447V,,Wild Sisters Book Company,3325 Folsom Blvd,,Sacramento,CA,95816.0,United States,"Sorry I Was Rude, It Was Probably Your Fault Pen",default,,,Delivered,8.0,0.85,2.75,"January 22, 2026",No scheduled order date,'-
"January 19, 2026",5GBWMW447V,,Wild Sisters Book Company,3325 Folsom Blvd,,Sacramento,CA,95816.0,United States,I May Be Wrong But I Doubt It Pen,default,,,Delivered,8.0,0.85,2.75,"January 22, 2026",No scheduled order date,'-
"January 19, 2026",5GBWMW447V,,Wild Sisters Book Company,3325 Folsom Blvd,,Sacramento,CA,95816.0,United States,America Was Built By Immigrants Sticker,default,,,Delivered,6.0,1.75,4.75,"January 22, 2026",No scheduled order date,'-
"January 19, 2026",5GBWMW447V,,Wild Sisters Book Company,3325 Folsom Blvd,,Sacramento,CA,95816.0,United States,Community Is Resistance Sticker,default,,,Delivered,12.0,1.75,4.75,"January 22, 2026",No scheduled order date,'-
"January 19, 2026",AHEEHQDSF2,,Heart Mercantile,601 East 5th Street,,Dayton,OH,45402.0,United States,May They Burn In Hell Glitter Sticker,default,,,Delivered,6.0,1.75,4.75,"January 21, 2026",No scheduled order date,'-
"January 19, 2026",AHEEHQDSF2,,Heart Mercantile,601 East 5th Street,,Dayton,OH,45402.0,United States,Radicalized By Basic Decency Floral Sticker,default,,,Delivered,6.0,1.75,4.75,"January 21, 2026",No scheduled order date,'-
"January 19, 2026",AHEEHQDSF2,,Heart Mercantile,601 East 5th Street,,Dayton,OH,45402.0,United States,The Road To Fascism Is Paved With The People That Told You To Stop Overreacting Holographic Sticker,default,,,Delivered,6.0,1.75,4.75,"January 21, 2026",No scheduled order date,'-
"January 19, 2026",AHEEHQDSF2,,Heart Mercantile,601 East 5th Street,,Dayton,OH,45402.0,United States,Have The Day You Voted For Sticker,Yellow Background,,,Delivered,6.0,1.75,4.75,"January 21, 2026",No scheduled order date,'-
"January 19, 2026",AHEEHQDSF2,,Heart Mercantile,601 East 5th Street,,Dayton,OH,45402.0,United States,If You Support Fascism We Can't Be Friends Glitter Sticker,default,,,Delivered,6.0,1.75,4.75,"January 21, 2026",No scheduled order date,'-
"January 19, 2026",AHEEHQDSF2,,Heart Mercantile,601 East 5th Street,,Dayton,OH,45402.0,United States,I've Heard Enough From Old White Men Sticker,default,,,Delivered,6.0,1.75,4.75,"January 21, 2026",No scheduled order date,'-
"January 19, 2026",AHEEHQDSF2,,Heart Mercantile,601 East 5th Street,,Dayton,OH,45402.0,United States,You Give Me The Ick Glitter Sticker,default,,,Delivered,6.0,1.75,4.75,"January 21, 2026",No scheduled order date,'-
"January 19, 2026",AHEEHQDSF2,,Heart Mercantile,601 East 5th Street,,Dayton,OH,45402.0,United States,Women Are Born To Serve Men Sticker,default,,,Delivered,6.0,1.75,4.75,"January 21, 2026",No scheduled order date,'-
"January 19, 2026",AHEEHQDSF2,,Heart Mercantile,601 East 5th Street,,Dayton,OH,45402.0,United States,Don't Honk At Me My Mom Is Dead Bumper Sticker,default,,,Delivered,6.0,2.5,5.0,"January 21, 2026",No scheduled order date,'-
"January 19, 2026",AHEEHQDSF2,,Heart Mercantile,601 East 5th Street,,Dayton,OH,45402.0,United States,Don't Honk At Me My Dad Is Dead Bumper Sticker,default,,,Delivered,6.0,2.5,5.0,"January 21, 2026",No scheduled order date,'-
"January 19, 2026",AHEEHQDSF2,,Heart Mercantile,601 East 5th Street,,Dayton,OH,45402.0,United States,Disappointed But Not Surprised Pen,default,,,Delivered,10.0,0.8,2.75,"January 21, 2026",No scheduled order date,'-
"January 19, 2026",AHEEHQDSF2,,Heart Mercantile,601 East 5th Street,,Dayton,OH,45402.0,United States,I May Be Wrong But I Doubt It Pen,default,,,Delivered,10.0,0.8,2.75,"January 21, 2026",No scheduled order date,'-
"January 19, 2026",AHEEHQDSF2,,Heart Mercantile,601 East 5th Street,,Dayton,OH,45402.0,United States,I'd Rather Be Bed Rotting Pen,default,,,Delivered,10.0,0.8,2.75,"January 21, 2026",No scheduled order date,'-
"January 19, 2026",AHEEHQDSF2,,Heart Mercantile,601 East 5th Street,,Dayton,OH,45402.0,United States,For The Fuckteenth Time Pen,default,,,Delivered,10.0,0.8,2.75,"January 21, 2026",No scheduled order date,'-
"January 19, 2026",AHEEHQDSF2,,Heart Mercantile,601 East 5th Street,,Dayton,OH,45402.0,United States,Publicly Shame Racists Button,default,,,Delivered,10.0,1.25,2.75,"January 21, 2026",No scheduled order date,'-
"January 19, 2026",AHEEHQDSF2,,Heart Mercantile,601 East 5th Street,,Dayton,OH,45402.0,United States,Thumbs Up Cat Sticker,default,,,Delivered,6.0,1.75,4.75,"January 21, 2026",No scheduled order date,'-
"January 19, 2026",AHEEHQDSF2,,Heart Mercantile,601 East 5th Street,,Dayton,OH,45402.0,United States,I Love Not Camping Holographic Sticker,default,,,Delivered,6.0,1.5,3.0,"January 21, 2026",No scheduled order date,'-
"January 19, 2026",AHEEHQDSF2,,Heart Mercantile,601 East 5th Street,,Dayton,OH,45402.0,United States,Have The Day You Voted For Button,default,,,Delivered,10.0,1.0,2.75,"January 21, 2026",No scheduled order date,'-
"January 19, 2026",AHEEHQDSF2,,Heart Mercantile,601 East 5th Street,,Dayton,OH,45402.0,United States,Resist Sticker,default,,,Delivered,6.0,1.75,4.75,"January 21, 2026",No scheduled order date,'-
"January 19, 2026",AHEEHQDSF2,,Heart Mercantile,601 East 5th Street,,Dayton,OH,45402.0,United States,We All Should Be In Therapy Glitter Sticker,default,,,Delivered,6.0,1.75,4.75,"January 21, 2026",No scheduled order date,'-
"January 19, 2026",AHEEHQDSF2,,Heart Mercantile,601 East 5th Street,,Dayton,OH,45402.0,United States,Educate Your Son Sticker,default,,,Delivered,6.0,1.75,4.75,"January 21, 2026",No scheduled order date,'-
"January 19, 2026",AHEEHQDSF2,,Heart Mercantile,601 East 5th Street,,Dayton,OH,45402.0,United States,America Was Built By Immigrants Sticker,default,,,Delivered,6.0,1.75,4.75,"January 21, 2026",No scheduled order date,'-
"January 19, 2026",AHEEHQDSF2,,Heart Mercantile,601 East 5th Street,,Dayton,OH,45402.0,United States,Resist Sticker,default,,,Delivered,6.0,1.75,4.75,"January 21, 2026",No scheduled order date,'-
"January 19, 2026",GMS2VSR5GF,,Andersonville Galleria,5247 N Clark,,Chicago,IL,60640.0,United States,Public Health Over Corporate Wealth Tote Bag,default,,,Delivered,3.0,10.0,20.0,"January 21, 2026",No scheduled order date,'-
"January 19, 2026",GMS2VSR5GF,,Andersonville Galleria,5247 N Clark,,Chicago,IL,60640.0,United States,Radicalized By Basic Decency Floral Tote Bag,Black,,,Delivered,3.0,10.0,20.0,"January 21, 2026",No scheduled order date,'-
"January 19, 2026",GMS2VSR5GF,,Andersonville Galleria,5247 N Clark,,Chicago,IL,60640.0,United States,Have The Day You Voted For Sticker,Yellow Background,,,Delivered,8.0,1.75,4.75,"January 21, 2026",No scheduled order date,'-
"January 19, 2026",GMS2VSR5GF,,Andersonville Galleria,5247 N Clark,,Chicago,IL,60640.0,United States,Caring About People Is Not Political Sticker,default,,,Delivered,6.0,1.75,4.75,"January 21, 2026",No scheduled order date,'-
"January 19, 2026",GMS2VSR5GF,,Andersonville Galleria,5247 N Clark,,Chicago,IL,60640.0,United States,Manifesting The Revolution Sticker,default,,,Delivered,6.0,1.75,4.75,"January 21, 2026",No scheduled order date,'-
"January 18, 2026",NTZUYCKH28,,"WOO PDX, LLC",8120- 3 North Denver Avenue,,Portland,OR,97217.0,United States,Girls Will Be Girls Sticker,default,,,Delivered,12.0,1.75,4.75,"January 21, 2026",No scheduled order date,'-
"January 18, 2026",NTZUYCKH28,,"WOO PDX, LLC",8120- 3 North Denver Avenue,,Portland,OR,97217.0,United States,Radicalized By Basic Decency Floral Sticker,default,,,Delivered,12.0,1.75,4.75,"January 21, 2026",No scheduled order date,'-
"January 18, 2026",NTZUYCKH28,,"WOO PDX, LLC",8120- 3 North Denver Avenue,,Portland,OR,97217.0,United States,Vasectomies Prevent Abortions Sticker,default,,,Delivered,6.0,1.75,4.75,"January 21, 2026",No scheduled order date,'-
"January 18, 2026",NTZUYCKH28,,"WOO PDX, LLC",8120- 3 North Denver Avenue,,Portland,OR,97217.0,United States,Educate Your Son Sticker,default,,,Delivered,6.0,1.75,4.75,"January 21, 2026",No scheduled order date,'-
"January 18, 2026",NTZUYCKH28,,"WOO PDX, LLC",8120- 3 North Denver Avenue,,Portland,OR,97217.0,United States,I Never Said That Jesus Sticker,default,,,Delivered,6.0,1.75,4.75,"January 21, 2026",No scheduled order date,'-
"January 18, 2026",NTZUYCKH28,,"WOO PDX, LLC",8120- 3 North Denver Avenue,,Portland,OR,97217.0,United States,I Took My Medication To Be Here Button,default,,,Delivered,6.0,1.0,2.75,"January 21, 2026",No scheduled order date,'-
"January 18, 2026",NTZUYCKH28,,"WOO PDX, LLC",8120- 3 North Denver Avenue,,Portland,OR,97217.0,United States,"I May Be Laid Back, But I Can Lean Forward Real Fucking Quick Glitter Sticker",default,,,Delivered,6.0,1.75,4.75,"January 21, 2026",No scheduled order date,'-
"January 18, 2026",NTZUYCKH28,,"WOO PDX, LLC",8120- 3 North Denver Avenue,,Portland,OR,97217.0,United States,Resist Sticker,default,,,Delivered,6.0,1.75,4.75,"January 21, 2026",No scheduled order date,'-
"January 18, 2026",NTZUYCKH28,,"WOO PDX, LLC",8120- 3 North Denver Avenue,,Portland,OR,97217.0,United States,Big Fan of Human Rights Button,default,,,Delivered,6.0,1.5,3.0,"January 21, 2026",No scheduled order date,'-
"January 18, 2026",KF9NKEQ4VW,,Time to Design,1100 W Starview Ct,,Appleton,WI,54913.0,United States,Radicalized By Basic Decency Floral Sticker,default,,,Delivered,9.0,1.75,4.75,"January 21, 2026",No scheduled order date,'-
"January 18, 2026",KF9NKEQ4VW,,Time to Design,1100 W Starview Ct,,Appleton,WI,54913.0,United States,Black Cat Middle Finger Sticker,default,,,Delivered,9.0,1.75,4.75,"January 21, 2026",No scheduled order date,'-
"January 18, 2026",KF9NKEQ4VW,,Time to Design,1100 W Starview Ct,,Appleton,WI,54913.0,United States,Let's Be Better Humans Sticker,default,,,Delivered,9.0,1.75,6.5,"January 21, 2026",No scheduled order date,'-
"January 18, 2026",KF9NKEQ4VW,,Time to Design,1100 W Starview Ct,,Appleton,WI,54913.0,United States,Resist Sticker,default,,,Delivered,6.0,1.75,4.75,"January 21, 2026",No scheduled order date,'-
"January 18, 2026",KF9NKEQ4VW,,Time to Design,1100 W Starview Ct,,Appleton,WI,54913.0,United States,Radicalized By Basic Decency Magnet,default,,,Delivered,2.0,2.5,6.5,"January 21, 2026",No scheduled order date,'-
"January 18, 2026",KF9NKEQ4VW,,Time to Design,1100 W Starview Ct,,Appleton,WI,54913.0,United States,Caring About People Is Not Political Sticker,default,,,Delivered,6.0,1.75,4.75,"January 21, 2026",No scheduled order date,'-
"January 18, 2026",KF9NKEQ4VW,,Time to Design,1100 W Starview Ct,,Appleton,WI,54913.0,United States,"Hidden ""Fuck Trump"" Floral Sticker",default,,,Delivered,6.0,1.75,4.75,"January 21, 2026",No scheduled order date,'-
"January 18, 2026",KF9NKEQ4VW,,Time to Design,1100 W Starview Ct,,Appleton,WI,54913.0,United States,Never Forget Glittery Sticker,default,,,Delivered,6.0,1.75,4.75,"January 21, 2026",No scheduled order date,'-
"January 18, 2026",KF9NKEQ4VW,,Time to Design,1100 W Starview Ct,,Appleton,WI,54913.0,United States,"Do You Have Any Fucks? Not Even One, Girl. Go Fish. Sticker",default,,,Delivered,9.0,1.75,4.75,"January 21, 2026",No scheduled order date,'-
"January 17, 2026",AEXYTG35WM,,Rebel And Rove Llc,299 s Main Street,,Yuma,AZ,85364.0,United States,Let's Be Better Humans Sticker,default,,,Delivered,12.0,1.75,6.5,"January 21, 2026",No scheduled order date,'-
"January 17, 2026",AEXYTG35WM,,Rebel And Rove Llc,299 s Main Street,,Yuma,AZ,85364.0,United States,You've Just Buttered Your Last Biscuit Sticker,default,,,Delivered,12.0,1.75,4.75,"January 21, 2026",No scheduled order date,'-
"January 17, 2026",AEXYTG35WM,,Rebel And Rove Llc,299 s Main Street,,Yuma,AZ,85364.0,United States,Have The Day You Voted For Button,default,,,Delivered,10.0,1.0,2.75,"January 21, 2026",No scheduled order date,'-
"January 17, 2026",AEXYTG35WM,,Rebel And Rove Llc,299 s Main Street,,Yuma,AZ,85364.0,United States,Disappointments All Of You Sticker,default,,,Delivered,12.0,1.75,4.75,"January 21, 2026",No scheduled order date,'-
"January 17, 2026",AEXYTG35WM,,Rebel And Rove Llc,299 s Main Street,,Yuma,AZ,85364.0,United States,Disappointed But Not Surprised Pen,default,,,Delivered,20.0,0.8,2.75,"January 21, 2026",No scheduled order date,'-
"January 17, 2026",AEXYTG35WM,,Rebel And Rove Llc,299 s Main Street,,Yuma,AZ,85364.0,United States,I May Be Wrong But I Doubt It Pen,default,,,Delivered,20.0,0.8,2.75,"January 21, 2026",No scheduled order date,'-
"January 17, 2026",AEXYTG35WM,,Rebel And Rove Llc,299 s Main Street,,Yuma,AZ,85364.0,United States,"Sorry I Was Rude, It Was Probably Your Fault Pen",default,,,Delivered,20.0,0.8,2.75,"January 21, 2026",No scheduled order date,'-
"January 15, 2026",9PURTJ2GBS,,Figgy Studio and Shop,251 Park Ave,Back Door,Rochester,NY,14607.0,United States,Sorry I Can't Go I'm An Indoor Cat Glitter Sticker,default,,,Delivered,6.0,1.75,4.75,"January 16, 2026",No scheduled order date,'-
"January 15, 2026",9PURTJ2GBS,,Figgy Studio and Shop,251 Park Ave,Back Door,Rochester,NY,14607.0,United States,I Didn't Survive A Pandemic For This Shit Glitter Sticker,default,,,Delivered,6.0,1.75,4.75,"January 16, 2026",No scheduled order date,'-
"January 15, 2026",9PURTJ2GBS,,Figgy Studio and Shop,251 Park Ave,Back Door,Rochester,NY,14607.0,United States,If Explosive Diarrhea Was A Person Glitter Sticker,Glittery,,,Delivered,6.0,1.75,4.75,"January 16, 2026",No scheduled order date,'-
"January 15, 2026",9PURTJ2GBS,,Figgy Studio and Shop,251 Park Ave,Back Door,Rochester,NY,14607.0,United States,No Human Is Illegal Glitter Sticker,default,,,Delivered,6.0,1.75,4.75,"January 16, 2026",No scheduled order date,'-
"January 15, 2026",9PURTJ2GBS,,Figgy Studio and Shop,251 Park Ave,Back Door,Rochester,NY,14607.0,United States,Regulate Dick Not Jane Glitter Sticker,default,,,Delivered,6.0,1.75,4.75,"January 16, 2026",No scheduled order date,'-
"January 15, 2026",9PURTJ2GBS,,Figgy Studio and Shop,251 Park Ave,Back Door,Rochester,NY,14607.0,United States,When Did Empathy Become Radical? Glitter Sticker,default,,,Delivered,6.0,1.75,4.75,"January 16, 2026",No scheduled order date,'-
"January 15, 2026",9PURTJ2GBS,,Figgy Studio and Shop,251 Park Ave,Back Door,Rochester,NY,14607.0,United States,"Mini Troll Surprise Packs - 3, 6 or 10!",10 pack,,,Delivered,4.0,4.99,9.99,"January 16, 2026",No scheduled order date,'-
"January 15, 2026",9PURTJ2GBS,,Figgy Studio and Shop,251 Park Ave,Back Door,Rochester,NY,14607.0,United States,"Hidden ""Fuck Trump"" Floral Pixie Glitter Sticker",default,,,Delivered,6.0,1.75,4.75,"January 16, 2026",No scheduled order date,'-
"January 15, 2026",9PURTJ2GBS,,Figgy Studio and Shop,251 Park Ave,Back Door,Rochester,NY,14607.0,United States,"I May Be Laid Back, But I Can Lean Forward Real Fucking Quick Glitter Sticker",default,,,Delivered,6.0,1.75,4.75,"January 16, 2026",No scheduled order date,'-
"January 15, 2026",9PURTJ2GBS,,Figgy Studio and Shop,251 Park Ave,Back Door,Rochester,NY,14607.0,United States,On My Way To Get More Trinkets And Knick Knacks Glitter Sticker,default,,,Delivered,6.0,1.75,4.75,"January 16, 2026",No scheduled order date,'-
"January 15, 2026",9PURTJ2GBS,,Figgy Studio and Shop,251 Park Ave,Back Door,Rochester,NY,14607.0,United States,Trinkets Are My Weakness Pixie Glitter Sticker,default,,,Delivered,6.0,1.75,4.75,"January 16, 2026",No scheduled order date,'-
"January 15, 2026",9PURTJ2GBS,,Figgy Studio and Shop,251 Park Ave,Back Door,Rochester,NY,14607.0,United States,I Can't Go On..I Need A Snack Pls Glitter Sticker,default,,,Delivered,6.0,1.75,4.75,"January 16, 2026",No scheduled order date,'-
"January 15, 2026",GBP4CCJ5D4,,Covet,5140 Wilson Boulevard,,Arlington,VA,22205.0,United States,If You Are Neutral In Situations Of Injustice You Have Chosen The Side Of The Oppressors Sticker,default,,,Delivered,6.0,1.75,4.75,"January 16, 2026",No scheduled order date,'-
"January 15, 2026",GBP4CCJ5D4,,Covet,5140 Wilson Boulevard,,Arlington,VA,22205.0,United States,Books Because Coping With Reality Is Not An Option At The Moment Glitter Sticker,default,,,Delivered,9.0,1.75,4.75,"January 16, 2026",No scheduled order date,'-
"January 15, 2026",GBP4CCJ5D4,,Covet,5140 Wilson Boulevard,,Arlington,VA,22205.0,United States,What's More Punk Than The Public Library Sticker,default,,,Delivered,9.0,1.75,4.75,"January 16, 2026",No scheduled order date,'-
"January 15, 2026",GBP4CCJ5D4,,Covet,5140 Wilson Boulevard,,Arlington,VA,22205.0,United States,Public Health Over Corporate Wealth Tote Bag,default,,,Delivered,6.0,10.0,20.0,"January 16, 2026",No scheduled order date,'-
"January 15, 2026",GBP4CCJ5D4,,Covet,5140 Wilson Boulevard,,Arlington,VA,22205.0,United States,Have The Day You Voted For Sticker,Yellow Background,,,Delivered,12.0,1.75,4.75,"January 16, 2026",No scheduled order date,'-
"January 15, 2026",GBP4CCJ5D4,,Covet,5140 Wilson Boulevard,,Arlington,VA,22205.0,United States,"I May Be Laid Back, But I Can Lean Forward Real Fucking Quick Glitter Sticker",default,,,Delivered,6.0,1.75,4.75,"January 16, 2026",No scheduled order date,'-
"January 15, 2026",GBP4CCJ5D4,,Covet,5140 Wilson Boulevard,,Arlington,VA,22205.0,United States,Big Fan of Human Rights Button,default,,,Delivered,12.0,1.5,3.0,"January 16, 2026",No scheduled order date,'-
"January 15, 2026",GBP4CCJ5D4,,Covet,5140 Wilson Boulevard,,Arlington,VA,22205.0,United States,Resist Sticker,default,,,Delivered,6.0,1.75,4.75,"January 16, 2026",No scheduled order date,'-
"January 15, 2026",GBP4CCJ5D4,,Covet,5140 Wilson Boulevard,,Arlington,VA,22205.0,United States,Big Fan Of Human Rights Tote Bag,Natural,,,Delivered,3.0,10.0,20.0,"January 16, 2026",No scheduled order date,'-
"January 15, 2026",9TZ9H4C8FM,,L.O.F.T. of Asheville,53 Broadway Street,,Asheville,NC,28801.0,United States,Sorry I Can't Go I'm An Indoor Cat Glitter Sticker,default,,,Delivered,24.0,1.75,4.75,"January 16, 2026",No scheduled order date,'-
"January 15, 2026",9TZ9H4C8FM,,L.O.F.T. of Asheville,53 Broadway Street,,Asheville,NC,28801.0,United States,Dumpster Fire Response Team Button,default,,,Delivered,10.0,1.0,3.0,"January 16, 2026",No scheduled order date,'-
"January 15, 2026",9TZ9H4C8FM,,L.O.F.T. of Asheville,53 Broadway Street,,Asheville,NC,28801.0,United States,Daily Shitstorm Survivors Club Button,default,,,Delivered,10.0,1.0,2.75,"January 16, 2026",No scheduled order date,'-
"January 15, 2026",9TZ9H4C8FM,,L.O.F.T. of Asheville,53 Broadway Street,,Asheville,NC,28801.0,United States,It's A Good Day To Read Button,default,,,Delivered,10.0,1.0,2.75,"January 16, 2026",No scheduled order date,'-
"January 15, 2026",9TZ9H4C8FM,,L.O.F.T. of Asheville,53 Broadway Street,,Asheville,NC,28801.0,United States,If Explosive Diarrhea Was A Person Button,default,,,Delivered,10.0,1.0,2.75,"January 16, 2026",No scheduled order date,'-
"January 15, 2026",9TZ9H4C8FM,,L.O.F.T. of Asheville,53 Broadway Street,,Asheville,NC,28801.0,United States,What's More Punk Than The Public Library Button,default,,,Delivered,10.0,1.0,2.75,"January 16, 2026",No scheduled order date,'-
"January 15, 2026",9TZ9H4C8FM,,L.O.F.T. of Asheville,53 Broadway Street,,Asheville,NC,28801.0,United States,I've Heard Enough From Old White Men Button,default,,,Delivered,10.0,1.0,2.75,"January 16, 2026",No scheduled order date,'-
"January 15, 2026",9TZ9H4C8FM,,L.O.F.T. of Asheville,53 Broadway Street,,Asheville,NC,28801.0,United States,America Was Built By Immigrants Sticker,default,,,Delivered,24.0,1.75,4.75,"January 16, 2026",No scheduled order date,'-
"January 15, 2026",9TZ9H4C8FM,,L.O.F.T. of Asheville,53 Broadway Street,,Asheville,NC,28801.0,United States,May They Burn In Hell Glitter Sticker,default,,,Delivered,24.0,1.75,4.75,"January 16, 2026",No scheduled order date,'-
"January 15, 2026",9TZ9H4C8FM,,L.O.F.T. of Asheville,53 Broadway Street,,Asheville,NC,28801.0,United States,If Explosive Diarrhea Was A Person Glitter Sticker,Glittery,,,Delivered,24.0,1.75,4.75,"January 16, 2026",No scheduled order date,'-
"January 15, 2026",9TZ9H4C8FM,,L.O.F.T. of Asheville,53 Broadway Street,,Asheville,NC,28801.0,United States,Have The Day You Voted For Button,default,,,Delivered,10.0,1.0,2.75,"January 16, 2026",No scheduled order date,'-
"January 15, 2026",9TZ9H4C8FM,,L.O.F.T. of Asheville,53 Broadway Street,,Asheville,NC,28801.0,United States,Caring About People Is Not Political Button,default,,,Delivered,10.0,1.0,2.75,"January 16, 2026",No scheduled order date,'-
"January 15, 2026",9TZ9H4C8FM,,L.O.F.T. of Asheville,53 Broadway Street,,Asheville,NC,28801.0,United States,Girl Dinner Sticker (Glitter or White Available),White,,,Delivered,24.0,1.75,4.75,"January 16, 2026",No scheduled order date,'-
"January 15, 2026",5BDH8S9AFH,,Blanco Creek Boutique,1502 South 1st Street,,Tucumcari,NM,88401.0,United States,Don't Be A Dick Sticker,default,,,Delivered,6.0,1.75,4.75,"January 16, 2026",No scheduled order date,'-
"January 15, 2026",5BDH8S9AFH,,Blanco Creek Boutique,1502 South 1st Street,,Tucumcari,NM,88401.0,United States,You've Just Buttered Your Last Biscuit Sticker,default,,,Delivered,6.0,1.75,4.75,"January 16, 2026",No scheduled order date,'-
"January 15, 2026",5BDH8S9AFH,,Blanco Creek Boutique,1502 South 1st Street,,Tucumcari,NM,88401.0,United States,"Do You Have Any Fucks? Not Even One, Girl. Go Fish. Sticker",default,,,Delivered,6.0,1.75,4.75,"January 16, 2026",No scheduled order date,'-
"January 15, 2026",5BDH8S9AFH,,Blanco Creek Boutique,1502 South 1st Street,,Tucumcari,NM,88401.0,United States,The Hell I Won't Sticker,default,,,Delivered,6.0,1.75,4.75,"January 16, 2026",No scheduled order date,'-
"January 15, 2026",5BDH8S9AFH,,Blanco Creek Boutique,1502 South 1st Street,,Tucumcari,NM,88401.0,United States,Little Ray Of Pitch Black Sticker,default,,,Delivered,6.0,1.75,4.75,"January 16, 2026",No scheduled order date,'-
"January 15, 2026",5BDH8S9AFH,,Blanco Creek Boutique,1502 South 1st Street,,Tucumcari,NM,88401.0,United States,Don't Hate Me Just Because I'm A Little Cooler Sticker,default,,,Delivered,6.0,1.75,4.75,"January 16, 2026",No scheduled order date,'-
"January 15, 2026",5BDH8S9AFH,,Blanco Creek Boutique,1502 South 1st Street,,Tucumcari,NM,88401.0,United States,Daily Shitstorm Survivors Club Sticker,default,,,Delivered,6.0,1.75,4.75,"January 16, 2026",No scheduled order date,'-
"January 15, 2026",5BDH8S9AFH,,Blanco Creek Boutique,1502 South 1st Street,,Tucumcari,NM,88401.0,United States,Dumpster Fire Response Team Member Pen,default,,,Delivered,20.0,0.85,2.75,"January 16, 2026",No scheduled order date,'-
"January 15, 2026",5BDH8S9AFH,,Blanco Creek Boutique,1502 South 1st Street,,Tucumcari,NM,88401.0,United States,For The Fuckteenth Time Pen,default,,,Delivered,20.0,0.8,2.75,"January 16, 2026",No scheduled order date,'-
"January 15, 2026",5BDH8S9AFH,,Blanco Creek Boutique,1502 South 1st Street,,Tucumcari,NM,88401.0,United States,Disappointed But Not Surprised Pen,default,,,Delivered,20.0,0.8,2.75,"January 16, 2026",No scheduled order date,'-
"January 15, 2026",5BDH8S9AFH,,Blanco Creek Boutique,1502 South 1st Street,,Tucumcari,NM,88401.0,United States,I May Be Wrong But I Doubt It Pen,default,,,Delivered,20.0,0.8,2.75,"January 16, 2026",No scheduled order date,'-
"January 15, 2026",5BDH8S9AFH,,Blanco Creek Boutique,1502 South 1st Street,,Tucumcari,NM,88401.0,United States,"Sorry I Was Rude, It Was Probably Your Fault Pen",default,,,Delivered,20.0,0.8,2.75,"January 16, 2026",No scheduled order date,'-
"January 15, 2026",5BDH8S9AFH,,Blanco Creek Boutique,1502 South 1st Street,,Tucumcari,NM,88401.0,United States,Girls Will Be Girls Sticker,default,,,Delivered,6.0,1.75,4.75,"January 16, 2026",No scheduled order date,'-
"January 14, 2026",ZZ9SYQBPMY,,Knic•Knackery,5473 Baker Avenue Northwest,,Buffalo,MN,55313.0,United States,We All Do Better When We All Do Better Tote Bag,Natural,,,Delivered,6.0,10.0,20.0,"January 16, 2026",No scheduled order date,'-
"January 14, 2026",ZZ9SYQBPMY,,Knic•Knackery,5473 Baker Avenue Northwest,,Buffalo,MN,55313.0,United States,"Mini Troll Surprise Packs - 3, 6 or 10!",10 pack,,,Delivered,3.0,4.99,9.99,"January 16, 2026",No scheduled order date,'-
"January 14, 2026",ZZ9SYQBPMY,,Knic•Knackery,5473 Baker Avenue Northwest,,Buffalo,MN,55313.0,United States,"With Love,Go Feast On A Sack Full Of Richards Sticker",default,,,Delivered,6.0,1.75,4.75,"January 16, 2026",No scheduled order date,'-
"January 14, 2026",ZZ9SYQBPMY,,Knic•Knackery,5473 Baker Avenue Northwest,,Buffalo,MN,55313.0,United States,54321 Grounding Technique Sticker,default,,,Delivered,6.0,1.75,4.75,"January 16, 2026",No scheduled order date,'-
"January 14, 2026",ZZ9SYQBPMY,,Knic•Knackery,5473 Baker Avenue Northwest,,Buffalo,MN,55313.0,United States,If Explosive Diarrhea Was A Person Glitter Sticker,Vinyl Matte,,,Delivered,8.0,1.75,4.75,"January 16, 2026",No scheduled order date,'-
"January 14, 2026",ZZ9SYQBPMY,,Knic•Knackery,5473 Baker Avenue Northwest,,Buffalo,MN,55313.0,United States,Daily Shitstorm Survivors Club Sticker,default,,,Delivered,10.0,1.75,4.75,"January 16, 2026",No scheduled order date,'-
"January 14, 2026",ZZ9SYQBPMY,,Knic•Knackery,5473 Baker Avenue Northwest,,Buffalo,MN,55313.0,United States,Keep The Immigrants Deport The Racists Sticker,default,,,Delivered,10.0,1.75,4.75,"January 16, 2026",No scheduled order date,'-
"January 14, 2026",ZZ9SYQBPMY,,Knic•Knackery,5473 Baker Avenue Northwest,,Buffalo,MN,55313.0,United States,Radicalized By Basic Decency Floral Sticker,default,,,Delivered,10.0,1.75,4.75,"January 16, 2026",No scheduled order date,'-
"January 14, 2026",ZZ9SYQBPMY,,Knic•Knackery,5473 Baker Avenue Northwest,,Buffalo,MN,55313.0,United States,Radicalized By Basic Decency Button,default,,,Delivered,6.0,1.25,2.5,"January 16, 2026",No scheduled order date,'-
"January 14, 2026",ZZ9SYQBPMY,,Knic•Knackery,5473 Baker Avenue Northwest,,Buffalo,MN,55313.0,United States,Have The Day You Voted For Button,default,,,Delivered,6.0,1.0,2.75,"January 16, 2026",No scheduled order date,'-
"January 14, 2026",ZZ9SYQBPMY,,Knic•Knackery,5473 Baker Avenue Northwest,,Buffalo,MN,55313.0,United States,Resist Sticker,default,,,Delivered,8.0,1.75,4.75,"January 16, 2026",No scheduled order date,'-
"January 14, 2026",ND7WZCT5EU,,Pop's Poboys / Doc’s Pop In,734 Jefferson Street,,Lafayette,LA,70501.0,United States,Disappointed But Not Surprised Pen,default,,,Delivered,5.0,0.8,2.75,"January 16, 2026",No scheduled order date,'-
"January 14, 2026",ND7WZCT5EU,,Pop's Poboys / Doc’s Pop In,734 Jefferson Street,,Lafayette,LA,70501.0,United States,Strawberry Candy Holographic Sticker,default,,,Delivered,6.0,1.75,4.75,"January 16, 2026",No scheduled order date,'-
"January 14, 2026",ND7WZCT5EU,,Pop's Poboys / Doc’s Pop In,734 Jefferson Street,,Lafayette,LA,70501.0,United States,You Did It Glitter Sticker,default,,,Delivered,6.0,1.75,4.75,"January 16, 2026",No scheduled order date,'-
"January 14, 2026",ND7WZCT5EU,,Pop's Poboys / Doc’s Pop In,734 Jefferson Street,,Lafayette,LA,70501.0,United States,Girl Dinner Sticker (Glitter or White Available),White,,,Delivered,6.0,1.75,4.75,"January 16, 2026",No scheduled order date,'-
"January 14, 2026",ND7WZCT5EU,,Pop's Poboys / Doc’s Pop In,734 Jefferson Street,,Lafayette,LA,70501.0,United States,I Never Said That Jesus Sticker,default,,,Delivered,6.0,1.75,4.75,"January 16, 2026",No scheduled order date,'-
"January 14, 2026",ND7WZCT5EU,,Pop's Poboys / Doc’s Pop In,734 Jefferson Street,,Lafayette,LA,70501.0,United States,"I May Be Wrong, But I Doubt It Keychain",default,,,Delivered,5.0,4.5,10.0,"January 16, 2026",No scheduled order date,'-
"January 14, 2026",ND7WZCT5EU,,Pop's Poboys / Doc’s Pop In,734 Jefferson Street,,Lafayette,LA,70501.0,United States,Emotional Support Co-Worker Glitter Sticker,default,,,Delivered,6.0,1.75,4.75,"January 16, 2026",No scheduled order date,'-
"January 14, 2026",ND7WZCT5EU,,Pop's Poboys / Doc’s Pop In,734 Jefferson Street,,Lafayette,LA,70501.0,United States,Let's Be Better Humans Sticker,default,,,Delivered,6.0,1.75,6.5,"January 16, 2026",No scheduled order date,'-
"January 14, 2026",ND7WZCT5EU,,Pop's Poboys / Doc’s Pop In,734 Jefferson Street,,Lafayette,LA,70501.0,United States,Dumpster Fire Response Team Member Pen,default,,,Delivered,5.0,0.85,2.75,"January 16, 2026",No scheduled order date,'-
"January 14, 2026",ND7WZCT5EU,,Pop's Poboys / Doc’s Pop In,734 Jefferson Street,,Lafayette,LA,70501.0,United States,Mansplain Survivor Holographic Sticker,default,,,Delivered,6.0,1.75,4.75,"January 16, 2026",No scheduled order date,'-
"January 14, 2026",ND7WZCT5EU,,Pop's Poboys / Doc’s Pop In,734 Jefferson Street,,Lafayette,LA,70501.0,United States,Little Ray Of Pitch Black Sticker,default,,,Delivered,6.0,1.75,4.75,"January 16, 2026",No scheduled order date,'-
"January 14, 2026",ND7WZCT5EU,,Pop's Poboys / Doc’s Pop In,734 Jefferson Street,,Lafayette,LA,70501.0,United States,Surprise Mini Troll,default,,,Delivered,10.0,0.6,1.5,"January 16, 2026",No scheduled order date,'-
"January 14, 2026",ND7WZCT5EU,,Pop's Poboys / Doc’s Pop In,734 Jefferson Street,,Lafayette,LA,70501.0,United States,"Sorry I Was Rude, It Was Probably Your Fault Pen",default,,,Delivered,5.0,0.8,2.75,"January 16, 2026",No scheduled order date,'-
"January 14, 2026",ND7WZCT5EU,,Pop's Poboys / Doc’s Pop In,734 Jefferson Street,,Lafayette,LA,70501.0,United States,I May Be Wrong But I Doubt It Pen,default,,,Delivered,5.0,0.8,2.75,"January 16, 2026",No scheduled order date,'-
"January 14, 2026",ND7WZCT5EU,,Pop's Poboys / Doc’s Pop In,734 Jefferson Street,,Lafayette,LA,70501.0,United States,Currently Dissociating Pen,default,,,Delivered,5.0,0.85,1.7,"January 16, 2026",No scheduled order date,'-
"January 13, 2026",SCQETR4G76,,Amityville Apothecary,174 Park Avenue,,Amityville,NY,11701.0,United States,Disappointed But Not Surprised Pen,default,,,Delivered,250.0,0.8,2.75,"January 21, 2026",No scheduled order date,'-
"January 13, 2026",SCQETR4G76,,Amityville Apothecary,174 Park Avenue,,Amityville,NY,11701.0,United States,"Sorry I Was Rude, It Was Probably Your Fault Pen",default,,,Delivered,250.0,0.8,2.75,"January 21, 2026",No scheduled order date,'-
"January 13, 2026",SCQETR4G76,,Amityville Apothecary,174 Park Avenue,,Amityville,NY,11701.0,United States,Currently Dissociating Pen,default,,,Delivered,250.0,0.85,1.7,"January 21, 2026",No scheduled order date,'-
"January 13, 2026",SCQETR4G76,,Amityville Apothecary,174 Park Avenue,,Amityville,NY,11701.0,United States,Dumpster Fire Response Team Member Pen,default,,,Delivered,250.0,0.85,2.75,"January 21, 2026",No scheduled order date,'-
"January 13, 2026",SCQETR4G76,,Amityville Apothecary,174 Park Avenue,,Amityville,NY,11701.0,United States,I'd Rather Be Bed Rotting Pen,default,,,Delivered,250.0,0.8,2.75,"January 21, 2026",No scheduled order date,'-
"January 13, 2026",SCQETR4G76,,Amityville Apothecary,174 Park Avenue,,Amityville,NY,11701.0,United States,I May Be Wrong But I Doubt It Pen,default,,,Delivered,250.0,0.8,2.75,"January 21, 2026",No scheduled order date,'-
"January 12, 2026",DSQK55EPMA,,The Analog Stationer,621 Vanderbilt Avenue9177536928,,Brooklyn,NY,11238-3502,United States,I Never Said That Jesus Sticker,default,,,Delivered,20.0,1.75,4.75,"January 14, 2026",No scheduled order date,'-
"January 12, 2026",DSQK55EPMA,,The Analog Stationer,621 Vanderbilt Avenue9177536928,,Brooklyn,NY,11238-3502,United States,Make Orwell Fiction Again Sticker,default,,,Delivered,20.0,1.75,4.75,"January 14, 2026",No scheduled order date,'-
"January 12, 2026",DSQK55EPMA,,The Analog Stationer,621 Vanderbilt Avenue9177536928,,Brooklyn,NY,11238-3502,United States,Strawberry Candy Holographic Sticker,default,,,Delivered,20.0,1.75,4.75,"January 14, 2026",No scheduled order date,'-
"January 12, 2026",DSQK55EPMA,,The Analog Stationer,621 Vanderbilt Avenue9177536928,,Brooklyn,NY,11238-3502,United States,Diet Coke Slut Glitter Sticker,default,,,Delivered,20.0,1.75,4.75,"January 14, 2026",No scheduled order date,'-
"January 12, 2026",DSQK55EPMA,,The Analog Stationer,621 Vanderbilt Avenue9177536928,,Brooklyn,NY,11238-3502,United States,What's More Punk Than The Public Library Sticker,default,,,Delivered,20.0,1.75,4.75,"January 14, 2026",No scheduled order date,'-
"January 12, 2026",DSQK55EPMA,,The Analog Stationer,621 Vanderbilt Avenue9177536928,,Brooklyn,NY,11238-3502,United States,Don't Be A Dick Sticker,default,,,Delivered,20.0,1.75,4.75,"January 14, 2026",No scheduled order date,'-
"January 12, 2026",DSQK55EPMA,,The Analog Stationer,621 Vanderbilt Avenue9177536928,,Brooklyn,NY,11238-3502,United States,America Was Built By Immigrants Sticker,default,,,Delivered,20.0,1.75,4.75,"January 14, 2026",No scheduled order date,'-
"January 12, 2026",DSQK55EPMA,,The Analog Stationer,621 Vanderbilt Avenue9177536928,,Brooklyn,NY,11238-3502,United States,Emotional Support Co-Worker Sticker,default,,,Delivered,20.0,1.75,4.75,"January 14, 2026",No scheduled order date,'-
"January 12, 2026",DSQK55EPMA,,The Analog Stationer,621 Vanderbilt Avenue9177536928,,Brooklyn,NY,11238-3502,United States,Keep That Mean Shit To Yourself Sticker,default,,,Delivered,20.0,1.75,4.75,"January 14, 2026",No scheduled order date,'-
"January 12, 2026",DSQK55EPMA,,The Analog Stationer,621 Vanderbilt Avenue9177536928,,Brooklyn,NY,11238-3502,United States,I Love Not Camping Holographic Sticker,default,,,Delivered,20.0,1.5,3.0,"January 14, 2026",No scheduled order date,'-
"January 12, 2026",DSQK55EPMA,,The Analog Stationer,621 Vanderbilt Avenue9177536928,,Brooklyn,NY,11238-3502,United States,No Worries If Not Totally Cool Either Way Sticker,default,,,Delivered,20.0,1.75,4.75,"January 14, 2026",No scheduled order date,'-
"January 12, 2026",DSQK55EPMA,,The Analog Stationer,621 Vanderbilt Avenue9177536928,,Brooklyn,NY,11238-3502,United States,Please Hesitate To Reach Out To Me Sticker (2 colors available),Black & White,,,Delivered,20.0,1.75,4.75,"January 14, 2026",No scheduled order date,'-
"January 12, 2026",YRM5BNJA28,,Books on Main,416 Main Street,,Murphys,CA,95247.0,United States,Carry Yourself With The Confidence Of A Mediocre White Man Sticker,default,,,Delivered,15.0,1.75,4.75,"January 14, 2026",No scheduled order date,'-
"January 12, 2026",YRM5BNJA28,,Books on Main,416 Main Street,,Murphys,CA,95247.0,United States,"Pro Choice, Pro Love, Pro Science, Pro Women Sticker",default,,,Delivered,15.0,1.75,4.75,"January 14, 2026",No scheduled order date,'-
"January 12, 2026",YRM5BNJA28,,Books on Main,416 Main Street,,Murphys,CA,95247.0,United States,"With Love,Go Feast On A Sack Full Of Richards Sticker",default,,,Delivered,13.0,1.75,4.75,"January 14, 2026",No scheduled order date,'-
"January 12, 2026",YRM5BNJA28,,Books on Main,416 Main Street,,Murphys,CA,95247.0,United States,The Only Minority Destroying This Country Are The Billionaires Sticker,Black,,,Delivered,6.0,1.75,4.75,"January 14, 2026",No scheduled order date,'-
"January 12, 2026",YRM5BNJA28,,Books on Main,416 Main Street,,Murphys,CA,95247.0,United States,I Didn't Survive A Pandemic For This Shit Glitter Sticker,default,,,Delivered,15.0,1.75,4.75,"January 14, 2026",No scheduled order date,'-
"January 12, 2026",YRM5BNJA28,,Books on Main,416 Main Street,,Murphys,CA,95247.0,United States,Have You Considered Shutting The Fuck Up Glitter Sticker,default,,,Delivered,12.0,1.75,4.75,"January 14, 2026",No scheduled order date,'-
"January 12, 2026",YRM5BNJA28,,Books on Main,416 Main Street,,Murphys,CA,95247.0,United States,Radicalized By Basic Decency Floral Sticker,default,,,Delivered,12.0,1.75,4.75,"January 14, 2026",No scheduled order date,'-
"January 12, 2026",YRM5BNJA28,,Books on Main,416 Main Street,,Murphys,CA,95247.0,United States,Disappointments All Of You Sticker,default,,,Delivered,15.0,1.75,4.75,"January 14, 2026",No scheduled order date,'-
"January 12, 2026",YRM5BNJA28,,Books on Main,416 Main Street,,Murphys,CA,95247.0,United States,Burn The Patriarchy Sticker,default,,,Delivered,10.0,1.75,4.75,"January 14, 2026",No scheduled order date,'-
"January 12, 2026",YRM5BNJA28,,Books on Main,416 Main Street,,Murphys,CA,95247.0,United States,I Never Said That Jesus Sticker,default,,,Delivered,12.0,1.75,4.75,"January 14, 2026",No scheduled order date,'-
"January 12, 2026",YRM5BNJA28,,Books on Main,416 Main Street,,Murphys,CA,95247.0,United States,Resist Sticker,default,,,Delivered,15.0,1.75,4.75,"January 14, 2026",No scheduled order date,'-
"January 12, 2026",YRM5BNJA28,,Books on Main,416 Main Street,,Murphys,CA,95247.0,United States,What's More Punk Than The Public Library Sticker,default,,,Delivered,12.0,1.75,4.75,"January 14, 2026",No scheduled order date,'-
"January 12, 2026",YRM5BNJA28,,Books on Main,416 Main Street,,Murphys,CA,95247.0,United States,Manifesting The Revolution Sticker,default,,,Delivered,15.0,1.75,4.75,"January 14, 2026",No scheduled order date,'-
"January 12, 2026",YRM5BNJA28,,Books on Main,416 Main Street,,Murphys,CA,95247.0,United States,Build This Wall Sticker,default,,,Delivered,15.0,1.75,4.75,"January 14, 2026",No scheduled order date,'-
"January 12, 2026",YRM5BNJA28,,Books on Main,416 Main Street,,Murphys,CA,95247.0,United States,Community Is Resistance Sticker,default,,,Delivered,15.0,1.75,4.75,"January 14, 2026",No scheduled order date,'-
"January 12, 2026",YRM5BNJA28,,Books on Main,416 Main Street,,Murphys,CA,95247.0,United States,Keep The Immigrants Deport The Racists Sticker,default,,,Delivered,15.0,1.75,4.75,"January 14, 2026",No scheduled order date,'-
"January 11, 2026",DCGYCTVXC2,,Mellow & Ivy,14827 Lebanon Road,,Old Hickory,TN,37138.0,United States,"I May Be Laid Back, But I Can Lean Forward Real Fucking Quick Glitter Sticker",default,,,Delivered,6.0,1.75,4.75,"January 14, 2026",No scheduled order date,'-
"January 11, 2026",DCGYCTVXC2,,Mellow & Ivy,14827 Lebanon Road,,Old Hickory,TN,37138.0,United States,Trinkets Are My Weakness Pixie Glitter Sticker,default,,,Delivered,6.0,1.75,4.75,"January 14, 2026",No scheduled order date,'-
"January 11, 2026",DCGYCTVXC2,,Mellow & Ivy,14827 Lebanon Road,,Old Hickory,TN,37138.0,United States,May They Burn In Hell Glitter Sticker,default,,,Delivered,6.0,1.75,4.75,"January 14, 2026",No scheduled order date,'-
"January 11, 2026",DCGYCTVXC2,,Mellow & Ivy,14827 Lebanon Road,,Old Hickory,TN,37138.0,United States,Peace Sign Hamster Sticker,default,,,Delivered,6.0,1.75,4.75,"January 14, 2026",No scheduled order date,'-
"January 11, 2026",DCGYCTVXC2,,Mellow & Ivy,14827 Lebanon Road,,Old Hickory,TN,37138.0,United States,We All Should Be In Therapy Glitter Sticker,default,,,Delivered,6.0,1.75,4.75,"January 14, 2026",No scheduled order date,'-
"January 11, 2026",DCGYCTVXC2,,Mellow & Ivy,14827 Lebanon Road,,Old Hickory,TN,37138.0,United States,Caring About People Is Not Political Sticker,default,,,Delivered,6.0,1.75,4.75,"January 14, 2026",No scheduled order date,'-
"January 11, 2026",DCGYCTVXC2,,Mellow & Ivy,14827 Lebanon Road,,Old Hickory,TN,37138.0,United States,"Hey, You Dropped This Holographic Sticker",default,,,Delivered,6.0,1.75,4.75,"January 14, 2026",No scheduled order date,'-
"January 11, 2026",DCGYCTVXC2,,Mellow & Ivy,14827 Lebanon Road,,Old Hickory,TN,37138.0,United States,Resist Sticker,default,,,Delivered,6.0,1.75,4.75,"January 14, 2026",No scheduled order date,'-
"January 11, 2026",DCGYCTVXC2,,Mellow & Ivy,14827 Lebanon Road,,Old Hickory,TN,37138.0,United States,In My Feminine Rage Era Sticker (2 styles available),White Vinyl Background,,,Delivered,6.0,1.75,4.75,"January 14, 2026",No scheduled order date,'-
"January 11, 2026",DCGYCTVXC2,,Mellow & Ivy,14827 Lebanon Road,,Old Hickory,TN,37138.0,United States,Billionaires Are Bad People Glitter Sticker ( 2 styles available),Glitter,,,Delivered,6.0,1.75,4.75,"January 14, 2026",No scheduled order date,'-
"January 11, 2026",DCGYCTVXC2,,Mellow & Ivy,14827 Lebanon Road,,Old Hickory,TN,37138.0,United States,Black Cat Middle Finger Sticker,default,,,Delivered,6.0,1.75,4.75,"January 14, 2026",No scheduled order date,'-
"January 10, 2026",Q2W8Y8JXKM,,Weirdo Wonderland,415 Howe AVE,Box# 115,Shelton,CT,6484.0,United States,Fuck Off I'm Reading Tote Bag,default,,,Delivered,3.0,10.0,20.0,"January 14, 2026",No scheduled order date,'-
"January 10, 2026",Q2W8Y8JXKM,,Weirdo Wonderland,415 Howe AVE,Box# 115,Shelton,CT,6484.0,United States,Radicalized By Basic Decency Floral Sticker,default,,,Delivered,6.0,1.75,4.75,"January 14, 2026",No scheduled order date,'-
"January 10, 2026",Q2W8Y8JXKM,,Weirdo Wonderland,415 Howe AVE,Box# 115,Shelton,CT,6484.0,United States,Make Orwell Fiction Again Tote Bag,default,,,Delivered,3.0,10.0,20.0,"January 14, 2026",No scheduled order date,'-
"January 10, 2026",Q2W8Y8JXKM,,Weirdo Wonderland,415 Howe AVE,Box# 115,Shelton,CT,6484.0,United States,Leaving Reality Entering Fiction Tote Bag,default,,,Delivered,3.0,10.0,20.0,"January 14, 2026",No scheduled order date,'-
"January 10, 2026",Q2W8Y8JXKM,,Weirdo Wonderland,415 Howe AVE,Box# 115,Shelton,CT,6484.0,United States,Radicalized By Basic Decency Floral Tote Bag,Black,,,Delivered,3.0,10.0,20.0,"January 14, 2026",No scheduled order date,'-
"January 10, 2026",Q2W8Y8JXKM,,Weirdo Wonderland,415 Howe AVE,Box# 115,Shelton,CT,6484.0,United States,I'm No Gynecologist But I Know A Cunt When I See One Glitter Sticker,default,,,Delivered,6.0,1.75,4.75,"January 14, 2026",No scheduled order date,'-
"January 10, 2026",HS7YK2P6H7,,Misty mountain too,717 6th st,box 3588,crested butte,CO,81224.0,United States,Don't Be A Dick Sticker,default,,,Delivered,6.0,1.75,4.75,"January 14, 2026",No scheduled order date,'-
"January 10, 2026",HS7YK2P6H7,,Misty mountain too,717 6th st,box 3588,crested butte,CO,81224.0,United States,If Explosive Diarrhea Was A Person Button,default,,,Delivered,1.0,1.0,2.75,"January 14, 2026",No scheduled order date,'-
"January 10, 2026",HS7YK2P6H7,,Misty mountain too,717 6th st,box 3588,crested butte,CO,81224.0,United States,Dumpster Fire Sticker,default,,,Delivered,6.0,1.75,4.75,"January 14, 2026",No scheduled order date,'-
"January 10, 2026",HS7YK2P6H7,,Misty mountain too,717 6th st,box 3588,crested butte,CO,81224.0,United States,Keep That Mean Shit To Yourself Sticker,default,,,Delivered,6.0,1.75,4.75,"January 14, 2026",No scheduled order date,'-
"January 10, 2026",HS7YK2P6H7,,Misty mountain too,717 6th st,box 3588,crested butte,CO,81224.0,United States,"Hidden ""Fuck Trump"" Floral Sticker",default,,,Delivered,6.0,1.75,4.75,"January 14, 2026",No scheduled order date,'-
"January 10, 2026",HS7YK2P6H7,,Misty mountain too,717 6th st,box 3588,crested butte,CO,81224.0,United States,Have You Considered Shutting The Fuck Up Glitter Sticker,default,,,Delivered,6.0,1.75,4.75,"January 14, 2026",No scheduled order date,'-
"January 10, 2026",HS7YK2P6H7,,Misty mountain too,717 6th st,box 3588,crested butte,CO,81224.0,United States,Don't Hate Me Just Because I'm A Little Cooler Sticker,default,,,Delivered,6.0,1.75,4.75,"January 14, 2026",No scheduled order date,'-
"January 10, 2026",HS7YK2P6H7,,Misty mountain too,717 6th st,box 3588,crested butte,CO,81224.0,United States,"Mini Troll Surprise Packs - 3, 6 or 10!",3 pack,,,Delivered,5.0,1.49,2.99,"January 14, 2026",No scheduled order date,'-
"January 10, 2026",HS7YK2P6H7,,Misty mountain too,717 6th st,box 3588,crested butte,CO,81224.0,United States,Be Brave Be Loud And Look Out For Others Sticker,default,,,Delivered,6.0,1.75,4.75,"January 14, 2026",No scheduled order date,'-
"January 10, 2026",HS7YK2P6H7,,Misty mountain too,717 6th st,box 3588,crested butte,CO,81224.0,United States,Let's Be Better Humans Sticker,default,,,Delivered,6.0,1.75,6.5,"January 14, 2026",No scheduled order date,'-
"January 10, 2026",HS7YK2P6H7,,Misty mountain too,717 6th st,box 3588,crested butte,CO,81224.0,United States,Big Fan of Human Rights Button,default,,,Delivered,1.0,1.5,3.0,"January 14, 2026",No scheduled order date,'-
"January 10, 2026",HS7YK2P6H7,,Misty mountain too,717 6th st,box 3588,crested butte,CO,81224.0,United States,Just Be A Good Human Glitter Sticker,default,,,Delivered,6.0,1.75,4.75,"January 14, 2026",No scheduled order date,'-
"January 10, 2026",HS7YK2P6H7,,Misty mountain too,717 6th st,box 3588,crested butte,CO,81224.0,United States,Resist Sticker,default,,,Delivered,6.0,1.75,4.75,"January 14, 2026",No scheduled order date,'-
"January 10, 2026",VURS74DRSC,,Blue Willow Restaurant,2616 North Campbell Avenue,,Tucson,AZ,85719.0,United States,Can I Be Mean Pixie Glitter Sticker,default,,,Delivered,12.0,1.75,4.75,"January 14, 2026",No scheduled order date,'-
"January 10, 2026",VURS74DRSC,,Blue Willow Restaurant,2616 North Campbell Avenue,,Tucson,AZ,85719.0,United States,You Did It Glitter Sticker,default,,,Delivered,12.0,1.75,4.75,"January 14, 2026",No scheduled order date,'-
"January 10, 2026",VURS74DRSC,,Blue Willow Restaurant,2616 North Campbell Avenue,,Tucson,AZ,85719.0,United States,Emotional Support Co-Worker Sticker,default,,,Delivered,12.0,1.75,4.75,"January 14, 2026",No scheduled order date,'-
"January 10, 2026",VURS74DRSC,,Blue Willow Restaurant,2616 North Campbell Avenue,,Tucson,AZ,85719.0,United States,Don't Be Sad You're Making Everyone Uncomfortable Glitter Sticker,default,,,Delivered,12.0,1.75,4.75,"January 14, 2026",No scheduled order date,'-
"January 10, 2026",VURS74DRSC,,Blue Willow Restaurant,2616 North Campbell Avenue,,Tucson,AZ,85719.0,United States,I Can't Go On..I Need A Snack Pls Glitter Sticker,default,,,Delivered,12.0,1.75,4.75,"January 14, 2026",No scheduled order date,'-
"January 10, 2026",VURS74DRSC,,Blue Willow Restaurant,2616 North Campbell Avenue,,Tucson,AZ,85719.0,United States,Girl Dinner Sticker (Glitter or White Available),White,,,Delivered,6.0,1.75,4.75,"January 14, 2026",No scheduled order date,'-
"January 10, 2026",VURS74DRSC,,Blue Willow Restaurant,2616 North Campbell Avenue,,Tucson,AZ,85719.0,United States,America Was Built By Immigrants Sticker,default,,,Delivered,6.0,1.75,4.75,"January 14, 2026",No scheduled order date,'-
"January 10, 2026",VURS74DRSC,,Blue Willow Restaurant,2616 North Campbell Avenue,,Tucson,AZ,85719.0,United States,"Do You Have Any Fucks? Not Even One, Girl. Go Fish. Sticker",default,,,Delivered,6.0,1.75,4.75,"January 14, 2026",No scheduled order date,'-
"January 10, 2026",VURS74DRSC,,Blue Willow Restaurant,2616 North Campbell Avenue,,Tucson,AZ,85719.0,United States,"Hidden ""Fuck Trump"" Floral Pixie Glitter Sticker",default,,,Delivered,12.0,1.75,4.75,"January 14, 2026",No scheduled order date,'-
"January 10, 2026",VURS74DRSC,,Blue Willow Restaurant,2616 North Campbell Avenue,,Tucson,AZ,85719.0,United States,"I May Be Laid Back, But I Can Lean Forward Real Fucking Quick Glitter Sticker",default,,,Delivered,12.0,1.75,4.75,"January 14, 2026",No scheduled order date,'-
"January 10, 2026",VURS74DRSC,,Blue Willow Restaurant,2616 North Campbell Avenue,,Tucson,AZ,85719.0,United States,Burn The Patriarchy Sticker,default,,,Delivered,12.0,1.75,4.75,"January 14, 2026",No scheduled order date,'-
"January 10, 2026",VURS74DRSC,,Blue Willow Restaurant,2616 North Campbell Avenue,,Tucson,AZ,85719.0,United States,Girl Power Glitter Sticker,default,,,Delivered,12.0,1.75,4.75,"January 14, 2026",No scheduled order date,'-
"January 10, 2026",VURS74DRSC,,Blue Willow Restaurant,2616 North Campbell Avenue,,Tucson,AZ,85719.0,United States,I Never Said That Jesus Sticker,default,,,Delivered,12.0,1.75,4.75,"January 14, 2026",No scheduled order date,'-
"January 9, 2026",B57QFRTDBG,,Buffalo Street Books,215 North Cayuga Street,,Ithaca,NY,14850.0,United States,Girl Dinner Sticker (Glitter or White Available),White,,,Delivered,6.0,1.75,4.75,"January 13, 2026",No scheduled order date,'-
"January 9, 2026",B57QFRTDBG,,Buffalo Street Books,215 North Cayuga Street,,Ithaca,NY,14850.0,United States,What's More Punk Than The Public Library Sticker,default,,,Delivered,6.0,1.75,4.75,"January 13, 2026",No scheduled order date,'-
"January 9, 2026",B57QFRTDBG,,Buffalo Street Books,215 North Cayuga Street,,Ithaca,NY,14850.0,United States,Girls Will Be Girls Sticker,default,,,Delivered,6.0,1.75,4.75,"January 13, 2026",No scheduled order date,'-
"January 9, 2026",B57QFRTDBG,,Buffalo Street Books,215 North Cayuga Street,,Ithaca,NY,14850.0,United States,If You Are Neutral In Situations Of Injustice You Have Chosen The Side Of The Oppressors Sticker,default,,,Delivered,6.0,1.75,4.75,"January 13, 2026",No scheduled order date,'-
"January 9, 2026",B57QFRTDBG,,Buffalo Street Books,215 North Cayuga Street,,Ithaca,NY,14850.0,United States,Disappointments All Of You Sticker,default,,,Delivered,6.0,1.75,4.75,"January 13, 2026",No scheduled order date,'-
"January 9, 2026",B57QFRTDBG,,Buffalo Street Books,215 North Cayuga Street,,Ithaca,NY,14850.0,United States,Burn The Patriarchy Sticker,default,,,Delivered,6.0,1.75,4.75,"January 13, 2026",No scheduled order date,'-
"January 9, 2026",B57QFRTDBG,,Buffalo Street Books,215 North Cayuga Street,,Ithaca,NY,14850.0,United States,Awake But At What Cost Sticker,default,,,Delivered,6.0,1.75,4.75,"January 13, 2026",No scheduled order date,'-
"January 9, 2026",B57QFRTDBG,,Buffalo Street Books,215 North Cayuga Street,,Ithaca,NY,14850.0,United States,Only You Can Prevent Fascism Sticker,default,,,Delivered,6.0,1.75,4.75,"January 13, 2026",No scheduled order date,'-
"January 9, 2026",B57QFRTDBG,,Buffalo Street Books,215 North Cayuga Street,,Ithaca,NY,14850.0,United States,Fuck The Patriarchy Sticker,default,,,Delivered,6.0,1.75,4.25,"January 13, 2026",No scheduled order date,'-
"January 9, 2026",B57QFRTDBG,,Buffalo Street Books,215 North Cayuga Street,,Ithaca,NY,14850.0,United States,Cats Against Capitalism Sticker,default,,,Delivered,6.0,1.75,4.75,"January 13, 2026",No scheduled order date,'-
"January 8, 2026",G66B9GUFDH,,The Plant Foundry \| Nursery & Store,3500 Broadway,,Sacramento,CA,95817.0,United States,Compost The Patriarchy Sticker,default,,,Delivered,6.0,1.75,4.75,"January 13, 2026",No scheduled order date,'-
"January 8, 2026",G66B9GUFDH,,The Plant Foundry \| Nursery & Store,3500 Broadway,,Sacramento,CA,95817.0,United States,F*ck Them Boats Orca Sticker,default,,,Delivered,6.0,1.75,4.25,"January 13, 2026",No scheduled order date,'-
"January 8, 2026",G66B9GUFDH,,The Plant Foundry \| Nursery & Store,3500 Broadway,,Sacramento,CA,95817.0,United States,Be The Light You Want To See In The World Sticker (2 styles available),White Vinyl Background,,,Delivered,6.0,1.75,4.75,"January 13, 2026",No scheduled order date,'-
"January 8, 2026",G66B9GUFDH,,The Plant Foundry \| Nursery & Store,3500 Broadway,,Sacramento,CA,95817.0,United States,Fuck The Patriarchy Sticker,default,,,Delivered,6.0,1.75,4.25,"January 13, 2026",No scheduled order date,'-
"January 8, 2026",G66B9GUFDH,,The Plant Foundry \| Nursery & Store,3500 Broadway,,Sacramento,CA,95817.0,United States,Girls Will Be Girls Sticker,default,,,Delivered,6.0,1.75,4.75,"January 13, 2026",No scheduled order date,'-
"January 8, 2026",G66B9GUFDH,,The Plant Foundry \| Nursery & Store,3500 Broadway,,Sacramento,CA,95817.0,United States,The Hell I Won't Sticker,default,,,Delivered,6.0,1.75,4.75,"January 13, 2026",No scheduled order date,'-
"January 8, 2026",G66B9GUFDH,,The Plant Foundry \| Nursery & Store,3500 Broadway,,Sacramento,CA,95817.0,United States,Raccoon Fairy Holographic Sticker,default,,,Delivered,6.0,1.75,4.75,"January 13, 2026",No scheduled order date,'-
"January 8, 2026",G66B9GUFDH,,The Plant Foundry \| Nursery & Store,3500 Broadway,,Sacramento,CA,95817.0,United States,Don't Be A Dick Sticker,default,,,Delivered,6.0,1.75,4.75,"January 13, 2026",No scheduled order date,'-
"January 8, 2026",G66B9GUFDH,,The Plant Foundry \| Nursery & Store,3500 Broadway,,Sacramento,CA,95817.0,United States,Become Ungovernable Sticker,default,,,Delivered,6.0,1.75,4.25,"January 13, 2026",No scheduled order date,'-
"January 8, 2026",G66B9GUFDH,,The Plant Foundry \| Nursery & Store,3500 Broadway,,Sacramento,CA,95817.0,United States,Scared Hamster Sticker,default,,,Delivered,6.0,1.75,4.75,"January 13, 2026",No scheduled order date,'-
"January 8, 2026",AHEJU82RAC,,strawberry moon,312 Elm Street,,Dartmouth,MA,2748.0,United States,It's Frickin Bats Sticker,default,,,Delivered,6.0,1.75,4.75,"January 13, 2026",No scheduled order date,'-
"January 8, 2026",AHEJU82RAC,,strawberry moon,312 Elm Street,,Dartmouth,MA,2748.0,United States,In My Feminine Rage Era Sticker (2 styles available),Glittery Vinyl,,,Delivered,6.0,1.75,4.75,"January 13, 2026",No scheduled order date,'-
"January 8, 2026",AHEJU82RAC,,strawberry moon,312 Elm Street,,Dartmouth,MA,2748.0,United States,SSRI Princess Glitter Sticker,default,,,Delivered,6.0,1.75,4.75,"January 13, 2026",No scheduled order date,'-
"January 8, 2026",AHEJU82RAC,,strawberry moon,312 Elm Street,,Dartmouth,MA,2748.0,United States,I Should Be Frolicking In A Forest But I'm Here. Wtf Pen,default,,,Delivered,6.0,0.85,2.75,"January 13, 2026",No scheduled order date,'-
"January 8, 2026",AHEJU82RAC,,strawberry moon,312 Elm Street,,Dartmouth,MA,2748.0,United States,Currently Dissociating Pen,default,,,Delivered,6.0,0.85,1.7,"January 13, 2026",No scheduled order date,'-
"January 8, 2026",AHEJU82RAC,,strawberry moon,312 Elm Street,,Dartmouth,MA,2748.0,United States,Surprise Mini Troll,default,,,Delivered,12.0,0.6,1.5,"January 13, 2026",No scheduled order date,'-
"January 8, 2026",AHEJU82RAC,,strawberry moon,312 Elm Street,,Dartmouth,MA,2748.0,United States,"Sorry I Was Rude, It Was Probably Your Fault Pen",default,,,Delivered,6.0,0.8,2.75,"January 13, 2026",No scheduled order date,'-
"January 8, 2026",AHEJU82RAC,,strawberry moon,312 Elm Street,,Dartmouth,MA,2748.0,United States,I May Be Wrong But I Doubt It Pen,default,,,Delivered,6.0,0.8,2.75,"January 13, 2026",No scheduled order date,'-
"January 8, 2026",AHEJU82RAC,,strawberry moon,312 Elm Street,,Dartmouth,MA,2748.0,United States,Disappointed But Not Surprised Pen,default,,,Delivered,6.0,0.8,2.75,"January 13, 2026",No scheduled order date,'-
"January 8, 2026",AHEJU82RAC,,strawberry moon,312 Elm Street,,Dartmouth,MA,2748.0,United States,Trinkets Are My Weakness Pixie Glitter Sticker,default,,,Delivered,6.0,1.75,4.75,"January 13, 2026",No scheduled order date,'-
"January 8, 2026",AHEJU82RAC,,strawberry moon,312 Elm Street,,Dartmouth,MA,2748.0,United States,"I May Be Laid Back, But I Can Lean Forward Real Fucking Quick Glitter Sticker",default,,,Delivered,6.0,1.75,4.75,"January 13, 2026",No scheduled order date,'-
"January 8, 2026",AHEJU82RAC,,strawberry moon,312 Elm Street,,Dartmouth,MA,2748.0,United States,You've Just Buttered Your Last Biscuit Sticker,default,,,Delivered,6.0,1.75,4.75,"January 13, 2026",No scheduled order date,'-
"January 8, 2026",AHEJU82RAC,,strawberry moon,312 Elm Street,,Dartmouth,MA,2748.0,United States,Peace Sign Hamster Sticker,default,,,Delivered,6.0,1.75,4.75,"January 13, 2026",No scheduled order date,'-
"January 8, 2026",AHEJU82RAC,,strawberry moon,312 Elm Street,,Dartmouth,MA,2748.0,United States,Girls Will Be Girls Sticker,default,,,Delivered,6.0,1.75,4.75,"January 13, 2026",No scheduled order date,'-
"January 8, 2026",AHEJU82RAC,,strawberry moon,312 Elm Street,,Dartmouth,MA,2748.0,United States,Burn The Patriarchy Sticker,default,,,Delivered,6.0,1.75,4.75,"January 13, 2026",No scheduled order date,'-
"January 8, 2026",AHEJU82RAC,,strawberry moon,312 Elm Street,,Dartmouth,MA,2748.0,United States,Books Are Magic Pixie Glitter Sticker,default,,,Delivered,6.0,1.75,4.75,"January 13, 2026",No scheduled order date,'-
"January 8, 2026",AHEJU82RAC,,strawberry moon,312 Elm Street,,Dartmouth,MA,2748.0,United States,Please Hesitate To Reach Out To Me Sticker (2 colors available),Pink & Red,,,Delivered,6.0,1.75,4.75,"January 13, 2026",No scheduled order date,'-
"January 8, 2026",AHEJU82RAC,,strawberry moon,312 Elm Street,,Dartmouth,MA,2748.0,United States,You Already Know The Answer Holographic Sticker,default,,,Delivered,6.0,1.75,4.75,"January 13, 2026",No scheduled order date,'-
"January 8, 2026",AHEJU82RAC,,strawberry moon,312 Elm Street,,Dartmouth,MA,2748.0,United States,Eat Shit Glitter Sticker,default,,,Delivered,6.0,1.75,4.75,"January 13, 2026",No scheduled order date,'-
"January 8, 2026",AHEJU82RAC,,strawberry moon,312 Elm Street,,Dartmouth,MA,2748.0,United States,"Sorry If I'm Mean, I'm Overstimulated Right Now Sticker",default,,,Delivered,6.0,1.75,4.75,"January 13, 2026",No scheduled order date,'-
"January 8, 2026",AHEJU82RAC,,strawberry moon,312 Elm Street,,Dartmouth,MA,2748.0,United States,I'm No Gynecologist But I Know A Cunt When I See One Glitter Sticker,default,,,Delivered,6.0,1.75,4.75,"January 13, 2026",No scheduled order date,'-
"January 8, 2026",AHEJU82RAC,,strawberry moon,312 Elm Street,,Dartmouth,MA,2748.0,United States,Petrify the Patriarchy Sticker,default,,,Delivered,6.0,1.75,4.75,"January 13, 2026",No scheduled order date,'-
"January 8, 2026",AHEJU82RAC,,strawberry moon,312 Elm Street,,Dartmouth,MA,2748.0,United States,Slut For Books Glitter Sticker,default,,,Delivered,6.0,1.75,4.75,"January 13, 2026",No scheduled order date,'-
"January 8, 2026",AHEJU82RAC,,strawberry moon,312 Elm Street,,Dartmouth,MA,2748.0,United States,I'm Just A Fish Glitter Sticker,default,,,Delivered,6.0,1.75,4.75,"January 13, 2026",No scheduled order date,'-
"January 8, 2026",AHEJU82RAC,,strawberry moon,312 Elm Street,,Dartmouth,MA,2748.0,United States,I'm A Sensitive Little Creature Please Be Nice To Me Sticker,default,,,Delivered,6.0,1.75,4.75,"January 13, 2026",No scheduled order date,'-
"January 8, 2026",AHEJU82RAC,,strawberry moon,312 Elm Street,,Dartmouth,MA,2748.0,United States,On My Way To Get More Trinkets And Knick Knacks Glitter Sticker,default,,,Delivered,6.0,1.75,4.75,"January 13, 2026",No scheduled order date,'-
"January 8, 2026",UFVK3T9KHE,,The Grove Vintage,175 North Indian Hill Boulevard,100A,Claremont,CA,91711.0,United States,Awake But At What Cost Sticker,default,,,Delivered,30.0,1.75,4.75,"January 13, 2026",No scheduled order date,'-
"January 8, 2026",UFVK3T9KHE,,The Grove Vintage,175 North Indian Hill Boulevard,100A,Claremont,CA,91711.0,United States,It's A Good Day To Read Glitter Sticker,default,,,Delivered,30.0,1.75,4.75,"January 13, 2026",No scheduled order date,'-
"January 8, 2026",UFVK3T9KHE,,The Grove Vintage,175 North Indian Hill Boulevard,100A,Claremont,CA,91711.0,United States,Thumbs Up Cat Sticker,default,,,Delivered,40.0,1.75,4.75,"January 13, 2026",No scheduled order date,'-
"January 8, 2026",UFVK3T9KHE,,The Grove Vintage,175 North Indian Hill Boulevard,100A,Claremont,CA,91711.0,United States,Dream Job? I Do Not Dream Of Labor Glitter Sticker,default,,,Delivered,30.0,1.75,4.75,"January 13, 2026",No scheduled order date,'-
"January 8, 2026",UFVK3T9KHE,,The Grove Vintage,175 North Indian Hill Boulevard,100A,Claremont,CA,91711.0,United States,Scared Hamster Sticker,default,,,Delivered,40.0,1.75,4.75,"January 13, 2026",No scheduled order date,'-
"January 8, 2026",UFVK3T9KHE,,The Grove Vintage,175 North Indian Hill Boulevard,100A,Claremont,CA,91711.0,United States,Peace Sign Hamster Sticker,default,,,Delivered,40.0,1.75,4.75,"January 13, 2026",No scheduled order date,'-
"January 8, 2026",UFVK3T9KHE,,The Grove Vintage,175 North Indian Hill Boulevard,100A,Claremont,CA,91711.0,United States,Can I Be Mean Pixie Glitter Sticker,default,,,Delivered,30.0,1.75,4.75,"January 13, 2026",No scheduled order date,'-
"January 8, 2026",UFVK3T9KHE,,The Grove Vintage,175 North Indian Hill Boulevard,100A,Claremont,CA,91711.0,United States,Just A Girl Who Loves Books Glitter Sticker,default,,,Delivered,30.0,1.75,4.75,"January 13, 2026",No scheduled order date,'-
"January 8, 2026",UFVK3T9KHE,,The Grove Vintage,175 North Indian Hill Boulevard,100A,Claremont,CA,91711.0,United States,What's More Punk Than The Public Library Sticker,default,,,Delivered,30.0,1.75,4.75,"January 13, 2026",No scheduled order date,'-
"January 8, 2026",UFVK3T9KHE,,The Grove Vintage,175 North Indian Hill Boulevard,100A,Claremont,CA,91711.0,United States,I Love Not Camping Holographic Sticker,default,,,Delivered,30.0,1.5,3.0,"January 13, 2026",No scheduled order date,'-
"January 8, 2026",UFVK3T9KHE,,The Grove Vintage,175 North Indian Hill Boulevard,100A,Claremont,CA,91711.0,United States,Stop Brain Rot Read A Book Tote Bag,Natural,,,Delivered,3.0,10.0,20.0,"January 13, 2026",No scheduled order date,'-
"January 8, 2026",UFVK3T9KHE,,The Grove Vintage,175 North Indian Hill Boulevard,100A,Claremont,CA,91711.0,United States,Some Of You Weren't Paying Attention In History Class And It Shows Pixie Glitter Sticker,default,,,Delivered,30.0,1.75,4.75,"January 13, 2026",No scheduled order date,'-
"January 8, 2026",UFVK3T9KHE,,The Grove Vintage,175 North Indian Hill Boulevard,100A,Claremont,CA,91711.0,United States,Don't Be A Dick Sticker,default,,,Delivered,30.0,1.75,4.75,"January 13, 2026",No scheduled order date,'-
"January 8, 2026",UFVK3T9KHE,,The Grove Vintage,175 North Indian Hill Boulevard,100A,Claremont,CA,91711.0,United States,On My Way To Get More Trinkets And Knick Knacks Glitter Sticker,default,,,Delivered,30.0,1.75,4.75,"January 13, 2026",No scheduled order date,'-
"January 8, 2026",UFVK3T9KHE,,The Grove Vintage,175 North Indian Hill Boulevard,100A,Claremont,CA,91711.0,United States,Currently Dissociating Pen,default,,,Delivered,30.0,0.85,1.7,"January 13, 2026",No scheduled order date,'-
"January 8, 2026",UFVK3T9KHE,,The Grove Vintage,175 North Indian Hill Boulevard,100A,Claremont,CA,91711.0,United States,I'd Rather Be Bed Rotting Pen,default,,,Delivered,30.0,0.8,2.75,"January 13, 2026",No scheduled order date,'-
"January 8, 2026",UFVK3T9KHE,,The Grove Vintage,175 North Indian Hill Boulevard,100A,Claremont,CA,91711.0,United States,Pickle Slut Pen,default,,,Delivered,30.0,0.8,2.75,"January 13, 2026",No scheduled order date,'-
"January 8, 2026",UFVK3T9KHE,,The Grove Vintage,175 North Indian Hill Boulevard,100A,Claremont,CA,91711.0,United States,Sorry I Can't Go I'm An Indoor Cat Glitter Sticker,default,,,Delivered,30.0,1.75,4.75,"January 13, 2026",No scheduled order date,'-
"January 8, 2026",UFVK3T9KHE,,The Grove Vintage,175 North Indian Hill Boulevard,100A,Claremont,CA,91711.0,United States,Radicalized By Basic Decency Floral Sticker,default,,,Delivered,30.0,1.75,4.75,"January 13, 2026",No scheduled order date,'-
"January 8, 2026",UFVK3T9KHE,,The Grove Vintage,175 North Indian Hill Boulevard,100A,Claremont,CA,91711.0,United States,I'm A Sensitive Little Creature Please Be Nice To Me Sticker,default,,,Delivered,30.0,1.75,4.75,"January 13, 2026",No scheduled order date,'-
"January 8, 2026",UFVK3T9KHE,,The Grove Vintage,175 North Indian Hill Boulevard,100A,Claremont,CA,91711.0,United States,Trinkets Are My Weakness Pixie Glitter Sticker,default,,,Delivered,30.0,1.75,4.75,"January 13, 2026",No scheduled order date,'-
"January 8, 2026",UFVK3T9KHE,,The Grove Vintage,175 North Indian Hill Boulevard,100A,Claremont,CA,91711.0,United States,I Can't Go On..I Need A Snack Pls Glitter Sticker,default,,,Delivered,30.0,1.75,4.75,"January 13, 2026",No scheduled order date,'-
"January 8, 2026",JRCCBT76A9,,Mendo Pack and Ship,45121 Ukiah Street,PO BOX 1877,Mendocino,CA,95460.0,United States,Girls Will Be Girls Sticker,default,,,Delivered,6.0,1.75,4.75,"January 8, 2026",No scheduled order date,'-
"January 8, 2026",JRCCBT76A9,,Mendo Pack and Ship,45121 Ukiah Street,PO BOX 1877,Mendocino,CA,95460.0,United States,Educate Your Son Sticker,default,,,Delivered,6.0,1.75,4.75,"January 8, 2026",No scheduled order date,'-
"January 8, 2026",JRCCBT76A9,,Mendo Pack and Ship,45121 Ukiah Street,PO BOX 1877,Mendocino,CA,95460.0,United States,If You Are Neutral In Situations Of Injustice You Have Chosen The Side Of The Oppressors Sticker,default,,,Delivered,6.0,1.75,4.75,"January 8, 2026",No scheduled order date,'-
"January 8, 2026",JRCCBT76A9,,Mendo Pack and Ship,45121 Ukiah Street,PO BOX 1877,Mendocino,CA,95460.0,United States,The Road To Fascism Is Paved With The People That Told You To Stop Overreacting Holographic Sticker,default,,,Delivered,6.0,1.75,4.75,"January 8, 2026",No scheduled order date,'-
"January 8, 2026",JRCCBT76A9,,Mendo Pack and Ship,45121 Ukiah Street,PO BOX 1877,Mendocino,CA,95460.0,United States,No Human Is Illegal Glitter Sticker,default,,,Delivered,6.0,1.75,4.75,"January 8, 2026",No scheduled order date,'-
"January 8, 2026",JRCCBT76A9,,Mendo Pack and Ship,45121 Ukiah Street,PO BOX 1877,Mendocino,CA,95460.0,United States,Educate Organize Revolt Sticker,default,,,Delivered,6.0,1.75,4.75,"January 8, 2026",No scheduled order date,'-
"January 8, 2026",JRCCBT76A9,,Mendo Pack and Ship,45121 Ukiah Street,PO BOX 1877,Mendocino,CA,95460.0,United States,Fuck The Patriarchy Sticker,default,,,Delivered,6.0,1.75,4.25,"January 8, 2026",No scheduled order date,'-
"January 8, 2026",JRCCBT76A9,,Mendo Pack and Ship,45121 Ukiah Street,PO BOX 1877,Mendocino,CA,95460.0,United States,When Did Empathy Become Radical? Glitter Sticker,default,,,Delivered,6.0,1.75,4.75,"January 8, 2026",No scheduled order date,'-
"January 8, 2026",JRCCBT76A9,,Mendo Pack and Ship,45121 Ukiah Street,PO BOX 1877,Mendocino,CA,95460.0,United States,Rage Consumes Me Sticker (2 colors available),White,,,Delivered,6.0,1.75,4.75,"January 8, 2026",No scheduled order date,'-
"January 8, 2026",JRCCBT76A9,,Mendo Pack and Ship,45121 Ukiah Street,PO BOX 1877,Mendocino,CA,95460.0,United States,I Won't Agree To Disagree On Human Rights Sticker,default,,,Delivered,6.0,1.75,4.25,"January 8, 2026",No scheduled order date,'-
"January 8, 2026",JRCCBT76A9,,Mendo Pack and Ship,45121 Ukiah Street,PO BOX 1877,Mendocino,CA,95460.0,United States,SSRI Princess Glitter Sticker,default,,,Delivered,6.0,1.75,4.75,"January 8, 2026",No scheduled order date,'-
"January 8, 2026",JRCCBT76A9,,Mendo Pack and Ship,45121 Ukiah Street,PO BOX 1877,Mendocino,CA,95460.0,United States,Cats Against Capitalism Sticker,default,,,Delivered,6.0,1.75,4.75,"January 8, 2026",No scheduled order date,'-
"January 8, 2026",JRCCBT76A9,,Mendo Pack and Ship,45121 Ukiah Street,PO BOX 1877,Mendocino,CA,95460.0,United States,Have The Day You Voted For Sticker,Yellow Background,,,Delivered,6.0,1.75,4.75,"January 8, 2026",No scheduled order date,'-
"January 8, 2026",JRCCBT76A9,,Mendo Pack and Ship,45121 Ukiah Street,PO BOX 1877,Mendocino,CA,95460.0,United States,Make Orwell Fiction Again Sticker,default,,,Delivered,8.0,1.75,4.75,"January 8, 2026",No scheduled order date,'-
"January 8, 2026",JRCCBT76A9,,Mendo Pack and Ship,45121 Ukiah Street,PO BOX 1877,Mendocino,CA,95460.0,United States,Smash The Oligarchy Sticker,default,,,Delivered,8.0,1.75,4.75,"January 8, 2026",No scheduled order date,'-
"January 8, 2026",JRCCBT76A9,,Mendo Pack and Ship,45121 Ukiah Street,PO BOX 1877,Mendocino,CA,95460.0,United States,If Explosive Diarrhea Was A Person Button,default,,,Delivered,6.0,1.0,2.75,"January 8, 2026",No scheduled order date,'-
"January 8, 2026",JRCCBT76A9,,Mendo Pack and Ship,45121 Ukiah Street,PO BOX 1877,Mendocino,CA,95460.0,United States,Resist Sticker,default,,,Delivered,6.0,1.75,4.75,"January 8, 2026",No scheduled order date,'-
"January 8, 2026",JRCCBT76A9,,Mendo Pack and Ship,45121 Ukiah Street,PO BOX 1877,Mendocino,CA,95460.0,United States,Resist Sticker,default,,,Delivered,6.0,1.75,4.75,"January 8, 2026",No scheduled order date,'-
"January 8, 2026",JRCCBT76A9,,Mendo Pack and Ship,45121 Ukiah Street,PO BOX 1877,Mendocino,CA,95460.0,United States,Radicalized By Basic Decency Floral Sticker,default,,,Delivered,6.0,1.75,4.75,"January 8, 2026",No scheduled order date,'-
"January 8, 2026",JRCCBT76A9,,Mendo Pack and Ship,45121 Ukiah Street,PO BOX 1877,Mendocino,CA,95460.0,United States,Burn The Patriarchy Sticker,default,,,Delivered,6.0,1.75,4.75,"January 8, 2026",No scheduled order date,'-
"January 8, 2026",JRCCBT76A9,,Mendo Pack and Ship,45121 Ukiah Street,PO BOX 1877,Mendocino,CA,95460.0,United States,F*ck Them Boats Orca Sticker,default,,,Delivered,6.0,1.75,4.25,"January 8, 2026",No scheduled order date,'-
"January 8, 2026",JRCCBT76A9,,Mendo Pack and Ship,45121 Ukiah Street,PO BOX 1877,Mendocino,CA,95460.0,United States,Keep The Immigrants Deport The Racists Sticker,default,,,Delivered,6.0,1.75,4.75,"January 8, 2026",No scheduled order date,'-
"January 8, 2026",GQYWAGSYZD,,"ZELDA ZEN, L.L.C.",1634 thames street,,baltimore,MD,21231.0,United States,Radicalized By Basic Decency Floral Sticker,default,,,Delivered,8.0,1.75,4.75,"January 13, 2026",No scheduled order date,'-
"January 8, 2026",GQYWAGSYZD,,"ZELDA ZEN, L.L.C.",1634 thames street,,baltimore,MD,21231.0,United States,"Hidden ""Fuck Trump"" Floral Sticker",default,,,Delivered,8.0,1.75,4.75,"January 13, 2026",No scheduled order date,'-
"January 8, 2026",GQYWAGSYZD,,"ZELDA ZEN, L.L.C.",1634 thames street,,baltimore,MD,21231.0,United States,"Hidden ""Fuck Trump"" Floral Pixie Glitter Sticker",default,,,Delivered,8.0,1.75,4.75,"January 13, 2026",No scheduled order date,'-
"January 8, 2026",GQYWAGSYZD,,"ZELDA ZEN, L.L.C.",1634 thames street,,baltimore,MD,21231.0,United States,America Was Built By Immigrants Sticker,default,,,Delivered,6.0,1.75,4.75,"January 13, 2026",No scheduled order date,'-
"January 8, 2026",GQYWAGSYZD,,"ZELDA ZEN, L.L.C.",1634 thames street,,baltimore,MD,21231.0,United States,Keep The Immigrants Deport The Racists Sticker,default,,,Delivered,6.0,1.75,4.75,"January 13, 2026",No scheduled order date,'-
"January 8, 2026",GQYWAGSYZD,,"ZELDA ZEN, L.L.C.",1634 thames street,,baltimore,MD,21231.0,United States,Radicalized By Basic Decency Floral Tote Bag,Black,,,Delivered,3.0,10.0,20.0,"January 13, 2026",No scheduled order date,'-
"January 8, 2026",W8PPEJQYC4,,The Lady Jane Shop,117 South Main Street,,Harrisonburg,VA,22801.0,United States,Community Is Resistance Sticker,default,,,Delivered,2.0,1.75,4.75,"January 8, 2026",No scheduled order date,'-
"January 8, 2026",W8PPEJQYC4,,The Lady Jane Shop,117 South Main Street,,Harrisonburg,VA,22801.0,United States,Resist Sticker,default,,,Delivered,8.0,1.75,4.75,"January 8, 2026",No scheduled order date,'-
"January 8, 2026",W8PPEJQYC4,,The Lady Jane Shop,117 South Main Street,,Harrisonburg,VA,22801.0,United States,Make Orwell Fiction Again Sticker,default,,,Delivered,8.0,1.75,4.75,"January 8, 2026",No scheduled order date,'-
"January 8, 2026",W8PPEJQYC4,,The Lady Jane Shop,117 South Main Street,,Harrisonburg,VA,22801.0,United States,I Can't Go On..I Need A Snack Pls Glitter Sticker,default,,,Delivered,8.0,1.75,4.75,"January 8, 2026",No scheduled order date,'-
"January 8, 2026",W8PPEJQYC4,,The Lady Jane Shop,117 South Main Street,,Harrisonburg,VA,22801.0,United States,No One Is Illegal On Stolen Land Sticker,default,,,Delivered,12.0,1.75,4.75,"January 8, 2026",No scheduled order date,'-
"January 8, 2026",W8PPEJQYC4,,The Lady Jane Shop,117 South Main Street,,Harrisonburg,VA,22801.0,United States,Community Is Resistance Sticker,default,,,Delivered,6.0,1.75,4.75,"January 8, 2026",No scheduled order date,'-
"January 8, 2026",W8PPEJQYC4,,The Lady Jane Shop,117 South Main Street,,Harrisonburg,VA,22801.0,United States,Radicalized By Basic Decency Floral Sticker,default,,,Delivered,12.0,1.75,4.75,"January 8, 2026",No scheduled order date,'-
"January 8, 2026",W8PPEJQYC4,,The Lady Jane Shop,117 South Main Street,,Harrisonburg,VA,22801.0,United States,You've Just Buttered Your Last Biscuit Sticker,default,,,Delivered,8.0,1.75,4.75,"January 8, 2026",No scheduled order date,'-
"January 8, 2026",W8PPEJQYC4,,The Lady Jane Shop,117 South Main Street,,Harrisonburg,VA,22801.0,United States,Awake But At What Cost Sticker,default,,,Delivered,12.0,1.75,4.75,"January 8, 2026",No scheduled order date,'-
"January 8, 2026",W8PPEJQYC4,,The Lady Jane Shop,117 South Main Street,,Harrisonburg,VA,22801.0,United States,In My Feminine Rage Era Sticker (2 styles available),Glittery Vinyl,,,Delivered,8.0,1.75,4.75,"January 8, 2026",No scheduled order date,'-
"January 8, 2026",W8PPEJQYC4,,The Lady Jane Shop,117 South Main Street,,Harrisonburg,VA,22801.0,United States,Please Hesitate To Reach Out To Me Sticker (2 colors available),Pink & Red,,,Delivered,8.0,1.75,4.75,"January 8, 2026",No scheduled order date,'-
"January 8, 2026",W8PPEJQYC4,,The Lady Jane Shop,117 South Main Street,,Harrisonburg,VA,22801.0,United States,The Hell I Won't Sticker,default,,,Delivered,6.0,1.75,4.75,"January 8, 2026",No scheduled order date,'-
"January 8, 2026",W8PPEJQYC4,,The Lady Jane Shop,117 South Main Street,,Harrisonburg,VA,22801.0,United States,Radicalized By Basic Decency Button,default,,,Delivered,6.0,1.25,2.5,"January 8, 2026",No scheduled order date,'-
"January 8, 2026",W8PPEJQYC4,,The Lady Jane Shop,117 South Main Street,,Harrisonburg,VA,22801.0,United States,Girl Dinner Sticker (Glitter or White Available),White,,,Delivered,6.0,1.75,4.75,"January 8, 2026",No scheduled order date,'-
"January 8, 2026",W8PPEJQYC4,,The Lady Jane Shop,117 South Main Street,,Harrisonburg,VA,22801.0,United States,Be Brave Be Loud And Look Out For Others Sticker,default,,,Delivered,8.0,1.75,4.75,"January 8, 2026",No scheduled order date,'-
"January 8, 2026",W8PPEJQYC4,,The Lady Jane Shop,117 South Main Street,,Harrisonburg,VA,22801.0,United States,What's More Punk Than The Public Library Sticker,default,,,Delivered,6.0,1.75,4.75,"January 8, 2026",No scheduled order date,'-
"January 8, 2026",W8PPEJQYC4,,The Lady Jane Shop,117 South Main Street,,Harrisonburg,VA,22801.0,United States,What's More Punk Than The Public Library Button,default,,,Delivered,6.0,1.0,2.75,"January 8, 2026",No scheduled order date,'-
"January 8, 2026",W8PPEJQYC4,,The Lady Jane Shop,117 South Main Street,,Harrisonburg,VA,22801.0,United States,Sorry I Can't Go I'm An Indoor Cat Glitter Sticker,default,,,Delivered,6.0,1.75,4.75,"January 8, 2026",No scheduled order date,'-
"January 8, 2026",W8PPEJQYC4,,The Lady Jane Shop,117 South Main Street,,Harrisonburg,VA,22801.0,United States,Caring About People Is Not Political Sticker,default,,,Delivered,6.0,1.75,4.75,"January 8, 2026",No scheduled order date,'-
"January 8, 2026",W8PPEJQYC4,,The Lady Jane Shop,117 South Main Street,,Harrisonburg,VA,22801.0,United States,Trinkets Are My Weakness Pixie Glitter Sticker,default,,,Delivered,6.0,1.75,4.75,"January 8, 2026",No scheduled order date,'-
"January 8, 2026",W8PPEJQYC4,,The Lady Jane Shop,117 South Main Street,,Harrisonburg,VA,22801.0,United States,Petrify the Patriarchy Sticker,default,,,Delivered,6.0,1.75,4.75,"January 8, 2026",No scheduled order date,'-
"January 8, 2026",W8PPEJQYC4,,The Lady Jane Shop,117 South Main Street,,Harrisonburg,VA,22801.0,United States,Radicalized By Basic Decency Magnet,default,,,Delivered,10.0,2.5,6.5,"January 8, 2026",No scheduled order date,'-
"January 8, 2026",W8PPEJQYC4,,The Lady Jane Shop,117 South Main Street,,Harrisonburg,VA,22801.0,United States,"Do You Have Any Fucks? Not Even One, Girl. Go Fish. Sticker",default,,,Delivered,12.0,1.75,4.75,"January 8, 2026",No scheduled order date,'-
"January 8, 2026",W8PPEJQYC4,,The Lady Jane Shop,117 South Main Street,,Harrisonburg,VA,22801.0,United States,Queen Of Books Magnet,default,,,Delivered,6.0,2.5,6.5,"January 8, 2026",No scheduled order date,'-
"January 8, 2026",W8PPEJQYC4,,The Lady Jane Shop,117 South Main Street,,Harrisonburg,VA,22801.0,United States,The Road To Fascism Is Paved With The People That Told You To Stop Overreacting Holographic Sticker,default,,,Delivered,6.0,1.75,4.75,"January 8, 2026",No scheduled order date,'-
"January 8, 2026",GBB2SY335R,,Book Ferret,3354 Robinhood Road,,Winston-Salem,NC,27106.0,United States,Radicalized By Basic Decency Floral Sticker,default,,,Delivered,6.0,1.75,4.75,"January 8, 2026",No scheduled order date,'-
"January 8, 2026",GBB2SY335R,,Book Ferret,3354 Robinhood Road,,Winston-Salem,NC,27106.0,United States,Compost The Patriarchy Sticker,default,,,Delivered,6.0,1.75,4.75,"January 8, 2026",No scheduled order date,'-
"January 8, 2026",GBB2SY335R,,Book Ferret,3354 Robinhood Road,,Winston-Salem,NC,27106.0,United States,Girl Power Glitter Sticker,default,,,Delivered,6.0,1.75,4.75,"January 8, 2026",No scheduled order date,'-
"January 8, 2026",GBB2SY335R,,Book Ferret,3354 Robinhood Road,,Winston-Salem,NC,27106.0,United States,Burn The Patriarchy Sticker,default,,,Delivered,6.0,1.75,4.75,"January 8, 2026",No scheduled order date,'-
"January 8, 2026",GBB2SY335R,,Book Ferret,3354 Robinhood Road,,Winston-Salem,NC,27106.0,United States,Girls Will Be Girls Sticker,default,,,Delivered,6.0,1.75,4.75,"January 8, 2026",No scheduled order date,'-
"January 8, 2026",GBB2SY335R,,Book Ferret,3354 Robinhood Road,,Winston-Salem,NC,27106.0,United States,Be Brave Be Loud And Look Out For Others Sticker,default,,,Delivered,6.0,1.75,4.75,"January 8, 2026",No scheduled order date,'-
"January 8, 2026",GBB2SY335R,,Book Ferret,3354 Robinhood Road,,Winston-Salem,NC,27106.0,United States,"Hey, You Dropped This Holographic Sticker",default,,,Delivered,6.0,1.75,4.75,"January 8, 2026",No scheduled order date,'-
"January 8, 2026",GBB2SY335R,,Book Ferret,3354 Robinhood Road,,Winston-Salem,NC,27106.0,United States,Community Is Resistance Sticker,default,,,Delivered,6.0,1.75,4.75,"January 8, 2026",No scheduled order date,'-
"January 8, 2026",GBB2SY335R,,Book Ferret,3354 Robinhood Road,,Winston-Salem,NC,27106.0,United States,Smash The Oligarchy Sticker,default,,,Delivered,6.0,1.75,4.75,"January 8, 2026",No scheduled order date,'-
"January 8, 2026",GBB2SY335R,,Book Ferret,3354 Robinhood Road,,Winston-Salem,NC,27106.0,United States,If You Support Fascism We Can't Be Friends Glitter Sticker,default,,,Delivered,6.0,1.75,4.75,"January 8, 2026",No scheduled order date,'-
"January 8, 2026",GBB2SY335R,,Book Ferret,3354 Robinhood Road,,Winston-Salem,NC,27106.0,United States,Just Be A Good Human Glitter Sticker,default,,,Delivered,6.0,1.75,4.75,"January 8, 2026",No scheduled order date,'-
"January 7, 2026",NNRP3DQSMZ,,"No Thoughts, Just Things",14 Eagle Ridge Lane,,Fort Mitchell,AL,36856.0,United States,Have The Day You Voted For Button,default,,,Delivered,5.0,1.0,2.75,"January 7, 2026",No scheduled order date,'-
"January 7, 2026",NNRP3DQSMZ,,"No Thoughts, Just Things",14 Eagle Ridge Lane,,Fort Mitchell,AL,36856.0,United States,Big Fan of Human Rights Button,default,,,Delivered,5.0,1.5,3.0,"January 7, 2026",No scheduled order date,'-
"January 7, 2026",NNRP3DQSMZ,,"No Thoughts, Just Things",14 Eagle Ridge Lane,,Fort Mitchell,AL,36856.0,United States,Caring About People Is Not Political Button,default,,,Delivered,5.0,1.0,2.75,"January 7, 2026",No scheduled order date,'-
"January 7, 2026",NNRP3DQSMZ,,"No Thoughts, Just Things",14 Eagle Ridge Lane,,Fort Mitchell,AL,36856.0,United States,If Explosive Diarrhea Was A Person Button,default,,,Delivered,5.0,1.0,2.75,"January 7, 2026",No scheduled order date,'-
"January 7, 2026",NNRP3DQSMZ,,"No Thoughts, Just Things",14 Eagle Ridge Lane,,Fort Mitchell,AL,36856.0,United States,Strawberry Candy Holographic Sticker,default,,,Delivered,6.0,1.75,4.75,"January 7, 2026",No scheduled order date,'-
"January 7, 2026",NNRP3DQSMZ,,"No Thoughts, Just Things",14 Eagle Ridge Lane,,Fort Mitchell,AL,36856.0,United States,"Anyway, Here's Wonderwall Sticker",default,,,Delivered,6.0,1.75,4.75,"January 7, 2026",No scheduled order date,'-
"January 7, 2026",NNRP3DQSMZ,,"No Thoughts, Just Things",14 Eagle Ridge Lane,,Fort Mitchell,AL,36856.0,United States,I've Heard Enough From Old White Men Button,default,,,Delivered,3.0,1.0,2.75,"January 7, 2026",No scheduled order date,'-
"January 7, 2026",NNRP3DQSMZ,,"No Thoughts, Just Things",14 Eagle Ridge Lane,,Fort Mitchell,AL,36856.0,United States,For The Fuckteenth Time Pen,default,,,Delivered,5.0,0.8,2.75,"January 7, 2026",No scheduled order date,'-
"January 7, 2026",NNRP3DQSMZ,,"No Thoughts, Just Things",14 Eagle Ridge Lane,,Fort Mitchell,AL,36856.0,United States,Currently Dissociating Pen,default,,,Delivered,5.0,0.85,1.7,"January 7, 2026",No scheduled order date,'-
"January 7, 2026",NNRP3DQSMZ,,"No Thoughts, Just Things",14 Eagle Ridge Lane,,Fort Mitchell,AL,36856.0,United States,"Sorry I Was Rude, It Was Probably Your Fault Pen",default,,,Delivered,5.0,0.8,2.75,"January 7, 2026",No scheduled order date,'-
"January 7, 2026",NNRP3DQSMZ,,"No Thoughts, Just Things",14 Eagle Ridge Lane,,Fort Mitchell,AL,36856.0,United States,I May Be Wrong But I Doubt It Pen,default,,,Delivered,5.0,0.8,2.75,"January 7, 2026",No scheduled order date,'-
"January 7, 2026",NNRP3DQSMZ,,"No Thoughts, Just Things",14 Eagle Ridge Lane,,Fort Mitchell,AL,36856.0,United States,I Should Be Frolicking In A Forest But I'm Here. Wtf Pen,default,,,Delivered,5.0,0.85,2.75,"January 7, 2026",No scheduled order date,'-
"January 7, 2026",NNRP3DQSMZ,,"No Thoughts, Just Things",14 Eagle Ridge Lane,,Fort Mitchell,AL,36856.0,United States,May They Burn In Hell Glitter Sticker,default,,,Delivered,6.0,1.75,4.75,"January 7, 2026",No scheduled order date,'-
"January 7, 2026",NNRP3DQSMZ,,"No Thoughts, Just Things",14 Eagle Ridge Lane,,Fort Mitchell,AL,36856.0,United States,"Mini Troll Surprise Packs - 3, 6 or 10!",10 pack,,,Delivered,1.0,4.99,9.99,"January 7, 2026",No scheduled order date,'-
"January 7, 2026",NNRP3DQSMZ,,"No Thoughts, Just Things",14 Eagle Ridge Lane,,Fort Mitchell,AL,36856.0,United States,Fuck The Patriarchy Sticker,default,,,Delivered,6.0,1.75,4.25,"January 7, 2026",No scheduled order date,'-
"January 7, 2026",NNRP3DQSMZ,,"No Thoughts, Just Things",14 Eagle Ridge Lane,,Fort Mitchell,AL,36856.0,United States,Publicly Shame Racists Button,default,,,Delivered,4.0,1.25,2.75,"January 7, 2026",No scheduled order date,'-
"January 7, 2026",NNRP3DQSMZ,,"No Thoughts, Just Things",14 Eagle Ridge Lane,,Fort Mitchell,AL,36856.0,United States,Disappointed But Not Surprised Pen,default,,,Delivered,5.0,0.8,2.75,"January 7, 2026",No scheduled order date,'-
"January 6, 2026",JEC6EPDTHF,,Norris Dam State Park,125 Village Green Circle,,Rocky Top,TN,37769.0,United States,Strawberry Candy Holographic Sticker,default,,,Delivered,30.0,1.75,4.75,"January 7, 2026",No scheduled order date,'-
"January 6, 2026",JEC6EPDTHF,,Norris Dam State Park,125 Village Green Circle,,Rocky Top,TN,37769.0,United States,Cool Girls Know History Sticker,default,,,Delivered,30.0,1.75,4.25,"January 7, 2026",No scheduled order date,'-
"January 5, 2026",B7F4SVZUJX,,Harlow Lifestyle & Gift,109 West 3rd Street,514.0,Palisade,CO,81526.0,United States,What's More Punk Than The Public Library Sticker,default,,,Delivered,6.0,1.75,4.75,"January 8, 2026",No scheduled order date,'-
"January 5, 2026",B7F4SVZUJX,,Harlow Lifestyle & Gift,109 West 3rd Street,514.0,Palisade,CO,81526.0,United States,Radicalized By Basic Decency Floral Sticker,default,,,Delivered,6.0,1.75,4.75,"January 8, 2026",No scheduled order date,'-
"January 5, 2026",B7F4SVZUJX,,Harlow Lifestyle & Gift,109 West 3rd Street,514.0,Palisade,CO,81526.0,United States,Let's Read Banned Books Tote Bag,default,,,Delivered,3.0,10.0,20.0,"January 8, 2026",No scheduled order date,'-
"January 5, 2026",B7F4SVZUJX,,Harlow Lifestyle & Gift,109 West 3rd Street,514.0,Palisade,CO,81526.0,United States,Radicalized By Basic Decency Floral Tote Bag,Black,,,Delivered,3.0,10.0,20.0,"January 8, 2026",No scheduled order date,'-
"January 5, 2026",B7F4SVZUJX,,Harlow Lifestyle & Gift,109 West 3rd Street,514.0,Palisade,CO,81526.0,United States,Let's Be Better Humans Sticker,default,,,Delivered,6.0,1.75,6.5,"January 8, 2026",No scheduled order date,'-
"January 5, 2026",B7F4SVZUJX,,Harlow Lifestyle & Gift,109 West 3rd Street,514.0,Palisade,CO,81526.0,United States,Community Is Resistance Sticker,default,,,Delivered,6.0,1.75,4.75,"January 8, 2026",No scheduled order date,'-
"January 5, 2026",B7F4SVZUJX,,Harlow Lifestyle & Gift,109 West 3rd Street,514.0,Palisade,CO,81526.0,United States,Thumbs Up Cat Sticker,default,,,Delivered,6.0,1.75,4.75,"January 8, 2026",No scheduled order date,'-
"January 5, 2026",B7F4SVZUJX,,Harlow Lifestyle & Gift,109 West 3rd Street,514.0,Palisade,CO,81526.0,United States,I Love It When Women Glitter Sticker,default,,,Delivered,6.0,1.75,4.75,"January 8, 2026",No scheduled order date,'-
"January 5, 2026",B7F4SVZUJX,,Harlow Lifestyle & Gift,109 West 3rd Street,514.0,Palisade,CO,81526.0,United States,Fantasy Readers Book Club Tote Bag,Natural,,,Delivered,3.0,10.0,20.0,"January 8, 2026",No scheduled order date,'-
"January 5, 2026",B7F4SVZUJX,,Harlow Lifestyle & Gift,109 West 3rd Street,514.0,Palisade,CO,81526.0,United States,Be Brave Be Loud And Look Out For Others Sticker,default,,,Delivered,6.0,1.75,4.75,"January 8, 2026",No scheduled order date,'-
"January 4, 2026",FTAQGPY776,,Tandem Brick Gallery,2722 Ingersoll Ave.,,Des Moines,IA,50312.0,United States,"When You Can Be Anything You Want, An Asshole Seems To Be A Really Odd Choice Glitter Sticker",default,,,Delivered,6.0,1.75,4.75,"January 8, 2026",No scheduled order date,'-
"January 4, 2026",FTAQGPY776,,Tandem Brick Gallery,2722 Ingersoll Ave.,,Des Moines,IA,50312.0,United States,Just Be A Good Human Glitter Sticker,default,,,Delivered,6.0,1.75,4.75,"January 8, 2026",No scheduled order date,'-
"January 4, 2026",FTAQGPY776,,Tandem Brick Gallery,2722 Ingersoll Ave.,,Des Moines,IA,50312.0,United States,Let's Read Banned Books Tote Bag,default,,,Delivered,3.0,10.0,20.0,"January 8, 2026",No scheduled order date,'-
"January 4, 2026",FTAQGPY776,,Tandem Brick Gallery,2722 Ingersoll Ave.,,Des Moines,IA,50312.0,United States,I Didn't Grow Up Saying With Liberty & Justice For All Everyday To Settle For Anything Less Tote Bag,default,,,Delivered,3.0,10.0,20.0,"January 8, 2026",No scheduled order date,'-
"January 4, 2026",FTAQGPY776,,Tandem Brick Gallery,2722 Ingersoll Ave.,,Des Moines,IA,50312.0,United States,I Tried To Form A Gang But It Turned Into A Book Club Tote Bag,Canvas,,,Delivered,3.0,10.0,20.0,"January 8, 2026",No scheduled order date,'-
"January 4, 2026",M43V8CK4D9,,Backwater Books,8156 Main Street,,Ellicott City,MD,21043.0,United States,More Pride Less Prejudice Tote Bag,Natural,,,Delivered,3.0,10.0,20.0,"January 8, 2026",No scheduled order date,'-
"January 4, 2026",M43V8CK4D9,,Backwater Books,8156 Main Street,,Ellicott City,MD,21043.0,United States,"Diversity, Kindness, Equality And Love Tote Bag",default,,,Delivered,3.0,10.0,20.0,"January 8, 2026",No scheduled order date,'-
"January 4, 2026",M43V8CK4D9,,Backwater Books,8156 Main Street,,Ellicott City,MD,21043.0,United States,Read Books And Fight The Patriarchy Tote Bag,default,,,Delivered,3.0,10.0,20.0,"January 8, 2026",No scheduled order date,'-
"January 4, 2026",M43V8CK4D9,,Backwater Books,8156 Main Street,,Ellicott City,MD,21043.0,United States,Fantasy Readers Book Club Tote Bag,Natural,,,Delivered,5.0,10.0,20.0,"January 8, 2026",No scheduled order date,'-
"January 4, 2026",M43V8CK4D9,,Backwater Books,8156 Main Street,,Ellicott City,MD,21043.0,United States,Literacy and Justice For All Sticker,default,,,Delivered,6.0,1.75,4.75,"January 8, 2026",No scheduled order date,'-
"January 4, 2026",M43V8CK4D9,,Backwater Books,8156 Main Street,,Ellicott City,MD,21043.0,United States,The Hell I Won't Sticker,default,,,Delivered,6.0,1.75,4.75,"January 8, 2026",No scheduled order date,'-
"January 4, 2026",M43V8CK4D9,,Backwater Books,8156 Main Street,,Ellicott City,MD,21043.0,United States,Make Orwell Fiction Again Sticker,default,,,Delivered,6.0,1.75,4.75,"January 8, 2026",No scheduled order date,'-
"January 4, 2026",M43V8CK4D9,,Backwater Books,8156 Main Street,,Ellicott City,MD,21043.0,United States,Maybe Books Are Addicted To Me Tote Bag,default,,,Delivered,3.0,10.0,20.0,"January 8, 2026",No scheduled order date,'-
"January 4, 2026",M43V8CK4D9,,Backwater Books,8156 Main Street,,Ellicott City,MD,21043.0,United States,The Bookstore So Many Books So Little Time Glitter Sticker,default,,,Delivered,6.0,1.75,4.75,"January 8, 2026",No scheduled order date,'-
"January 4, 2026",M43V8CK4D9,,Backwater Books,8156 Main Street,,Ellicott City,MD,21043.0,United States,Please Hesitate To Reach Out To Me Sticker (2 colors available),Pink & Red,,,Delivered,6.0,1.75,4.75,"January 8, 2026",No scheduled order date,'-
"January 4, 2026",M43V8CK4D9,,Backwater Books,8156 Main Street,,Ellicott City,MD,21043.0,United States,Reading Is Magical Tote Bag,default,,,Delivered,4.0,10.0,20.0,"January 8, 2026",No scheduled order date,'-
"January 4, 2026",M43V8CK4D9,,Backwater Books,8156 Main Street,,Ellicott City,MD,21043.0,United States,"With Love,Go Feast On A Sack Full Of Richards Sticker",default,,,Delivered,6.0,1.75,4.75,"January 8, 2026",No scheduled order date,'-
"January 4, 2026",M43V8CK4D9,,Backwater Books,8156 Main Street,,Ellicott City,MD,21043.0,United States,Eat Shit Glitter Sticker,default,,,Delivered,6.0,1.75,4.75,"January 8, 2026",No scheduled order date,'-
"January 4, 2026",M43V8CK4D9,,Backwater Books,8156 Main Street,,Ellicott City,MD,21043.0,United States,Girls Will Be Girls Tote Bag,Natural,,,Delivered,3.0,10.0,20.0,"January 8, 2026",No scheduled order date,'-
"January 4, 2026",M43V8CK4D9,,Backwater Books,8156 Main Street,,Ellicott City,MD,21043.0,United States,Petrify the Patriarchy Sticker,default,,,Delivered,6.0,1.75,4.75,"January 8, 2026",No scheduled order date,'-
"January 4, 2026",M43V8CK4D9,,Backwater Books,8156 Main Street,,Ellicott City,MD,21043.0,United States,Free Societies Protect Public Education Tote Bag,Natural,,,Delivered,3.0,10.0,20.0,"January 8, 2026",No scheduled order date,'-
"January 4, 2026",M43V8CK4D9,,Backwater Books,8156 Main Street,,Ellicott City,MD,21043.0,United States,Public Health Over Corporate Wealth Tote Bag,default,,,Delivered,5.0,10.0,20.0,"January 8, 2026",No scheduled order date,'-
"January 4, 2026",M43V8CK4D9,,Backwater Books,8156 Main Street,,Ellicott City,MD,21043.0,United States,"Sorry, I'm Fully Booked Tonight! Tote Bag",Green Font,,,Delivered,3.0,10.0,20.0,"January 8, 2026",No scheduled order date,'-
"January 4, 2026",M43V8CK4D9,,Backwater Books,8156 Main Street,,Ellicott City,MD,21043.0,United States,Radicalized By Basic Decency Floral Sticker,default,,,Delivered,6.0,1.75,4.75,"January 8, 2026",No scheduled order date,'-
"January 4, 2026",M43V8CK4D9,,Backwater Books,8156 Main Street,,Ellicott City,MD,21043.0,United States,"I May Be Laid Back, But I Can Lean Forward Real Fucking Quick Glitter Sticker",default,,,Delivered,6.0,1.75,4.75,"January 8, 2026",No scheduled order date,'-
"January 4, 2026",M43V8CK4D9,,Backwater Books,8156 Main Street,,Ellicott City,MD,21043.0,United States,Let's Be Better Humans Sticker,default,,,Delivered,6.0,1.75,6.5,"January 8, 2026",No scheduled order date,'-
"January 4, 2026",M43V8CK4D9,,Backwater Books,8156 Main Street,,Ellicott City,MD,21043.0,United States,Girls Will Be Girls Sticker,default,,,Delivered,6.0,1.75,4.75,"January 8, 2026",No scheduled order date,'-
"January 4, 2026",M43V8CK4D9,,Backwater Books,8156 Main Street,,Ellicott City,MD,21043.0,United States,Big Fan Of Human Rights Tote Bag,Natural,,,Delivered,3.0,10.0,20.0,"January 8, 2026",No scheduled order date,'-
"January 4, 2026",M43V8CK4D9,,Backwater Books,8156 Main Street,,Ellicott City,MD,21043.0,United States,Stop Brain Rot Read A Book Tote Bag,Natural,,,Delivered,3.0,10.0,20.0,"January 8, 2026",No scheduled order date,'-
"January 4, 2026",M43V8CK4D9,,Backwater Books,8156 Main Street,,Ellicott City,MD,21043.0,United States,You've Just Buttered Your Last Biscuit Sticker,default,,,Delivered,6.0,1.75,4.75,"January 8, 2026",No scheduled order date,'-
"January 4, 2026",M43V8CK4D9,,Backwater Books,8156 Main Street,,Ellicott City,MD,21043.0,United States,"Do You Have Any Fucks? Not Even One, Girl. Go Fish. Sticker",default,,,Delivered,6.0,1.75,4.75,"January 8, 2026",No scheduled order date,'-
"January 3, 2026",VKJQD72FWR,,East Dallas Vintage,1805 Creekside Ct,,Garland,TX,75040.0,United States,"I May Be Wrong, But I Doubt It Keychain",default,,,Delivered,3.0,4.5,10.0,"January 7, 2026",No scheduled order date,'-
"January 3, 2026",VKJQD72FWR,,East Dallas Vintage,1805 Creekside Ct,,Garland,TX,75040.0,United States,The Hell I Won't Sticker,default,,,Delivered,6.0,1.75,4.75,"January 7, 2026",No scheduled order date,'-
"January 3, 2026",VKJQD72FWR,,East Dallas Vintage,1805 Creekside Ct,,Garland,TX,75040.0,United States,Queen Of Books Magnet,default,,,Delivered,2.0,2.5,6.5,"January 7, 2026",No scheduled order date,'-
"January 3, 2026",VKJQD72FWR,,East Dallas Vintage,1805 Creekside Ct,,Garland,TX,75040.0,United States,Slut For Books Glitter Sticker,default,,,Delivered,6.0,1.75,4.75,"January 7, 2026",No scheduled order date,'-
"January 3, 2026",VKJQD72FWR,,East Dallas Vintage,1805 Creekside Ct,,Garland,TX,75040.0,United States,What's More Punk Than The Public Library Button,default,,,Delivered,2.0,1.0,2.75,"January 7, 2026",No scheduled order date,'-
"January 3, 2026",VKJQD72FWR,,East Dallas Vintage,1805 Creekside Ct,,Garland,TX,75040.0,United States,It's A Good Day To Read Button,default,,,Delivered,2.0,1.0,2.75,"January 7, 2026",No scheduled order date,'-
"January 3, 2026",VKJQD72FWR,,East Dallas Vintage,1805 Creekside Ct,,Garland,TX,75040.0,United States,Surprise Mini Troll,default,,,Delivered,6.0,0.6,1.5,"January 7, 2026",No scheduled order date,'-
"January 3, 2026",VKJQD72FWR,,East Dallas Vintage,1805 Creekside Ct,,Garland,TX,75040.0,United States,Here Against My Will Stylus Click Pen,default,,,Delivered,1.0,2.5,5.75,"January 7, 2026",No scheduled order date,'-
"January 3, 2026",VKJQD72FWR,,East Dallas Vintage,1805 Creekside Ct,,Garland,TX,75040.0,United States,"I May Be Laid Back, But I Can Lean Forward Real Fucking Quick Glitter Sticker",default,,,Delivered,6.0,1.75,4.75,"January 7, 2026",No scheduled order date,'-
"January 3, 2026",VKJQD72FWR,,East Dallas Vintage,1805 Creekside Ct,,Garland,TX,75040.0,United States,Strawberry Candy Holographic Sticker,default,,,Delivered,6.0,1.75,4.75,"January 7, 2026",No scheduled order date,'-
"January 3, 2026",VKJQD72FWR,,East Dallas Vintage,1805 Creekside Ct,,Garland,TX,75040.0,United States,Diet Coke Slut Glitter Sticker,default,,,Delivered,6.0,1.75,4.75,"January 7, 2026",No scheduled order date,'-
"January 3, 2026",VKJQD72FWR,,East Dallas Vintage,1805 Creekside Ct,,Garland,TX,75040.0,United States,Radicalized By Basic Decency Floral Sticker,default,,,Delivered,6.0,1.75,4.75,"January 7, 2026",No scheduled order date,'-
"January 3, 2026",VKJQD72FWR,,East Dallas Vintage,1805 Creekside Ct,,Garland,TX,75040.0,United States,You've Just Buttered Your Last Biscuit Sticker,default,,,Delivered,6.0,1.75,4.75,"January 7, 2026",No scheduled order date,'-
"January 3, 2026",VKJQD72FWR,,East Dallas Vintage,1805 Creekside Ct,,Garland,TX,75040.0,United States,Awake But At What Cost Sticker,default,,,Delivered,6.0,1.75,4.75,"January 7, 2026",No scheduled order date,'-
"January 3, 2026",VKJQD72FWR,,East Dallas Vintage,1805 Creekside Ct,,Garland,TX,75040.0,United States,On My Way To Get More Trinkets And Knick Knacks Glitter Sticker,default,,,Delivered,6.0,1.75,4.75,"January 7, 2026",No scheduled order date,'-
"January 3, 2026",VKJQD72FWR,,East Dallas Vintage,1805 Creekside Ct,,Garland,TX,75040.0,United States,What's More Punk Than The Public Library Sticker,default,,,Delivered,6.0,1.75,4.75,"January 7, 2026",No scheduled order date,'-
"January 3, 2026",VKJQD72FWR,,East Dallas Vintage,1805 Creekside Ct,,Garland,TX,75040.0,United States,I Can't Go On..I Need A Snack Pls Glitter Sticker,default,,,Delivered,6.0,1.75,4.75,"January 7, 2026",No scheduled order date,'-
"January 3, 2026",VKJQD72FWR,,East Dallas Vintage,1805 Creekside Ct,,Garland,TX,75040.0,United States,Pathetic Sticker,default,,,Delivered,6.0,1.75,4.75,"January 7, 2026",No scheduled order date,'-
"January 3, 2026",VKJQD72FWR,,East Dallas Vintage,1805 Creekside Ct,,Garland,TX,75040.0,United States,Resist Sticker,default,,,Delivered,6.0,1.75,4.75,"January 7, 2026",No scheduled order date,'-
"January 3, 2026",VKJQD72FWR,,East Dallas Vintage,1805 Creekside Ct,,Garland,TX,75040.0,United States,Please Hesitate To Reach Out To Me Sticker (2 colors available),Black & White,,,Delivered,6.0,1.75,4.75,"January 7, 2026",No scheduled order date,'-
"January 3, 2026",VKJQD72FWR,,East Dallas Vintage,1805 Creekside Ct,,Garland,TX,75040.0,United States,I Brake For Thrift Shops Bumper Sticker,default,,,Delivered,3.0,3.5,9.0,"January 7, 2026",No scheduled order date,'-
"January 3, 2026",VKJQD72FWR,,East Dallas Vintage,1805 Creekside Ct,,Garland,TX,75040.0,United States,It's A Good Day To Read Glitter Sticker,default,,,Delivered,6.0,1.75,4.75,"January 7, 2026",No scheduled order date,'-
"January 3, 2026",VKJQD72FWR,,East Dallas Vintage,1805 Creekside Ct,,Garland,TX,75040.0,United States,Be Brave Be Loud And Look Out For Others Sticker,default,,,Delivered,6.0,1.75,4.75,"January 7, 2026",No scheduled order date,'-
"January 3, 2026",VKJQD72FWR,,East Dallas Vintage,1805 Creekside Ct,,Garland,TX,75040.0,United States,Pickle Slut Pen,default,,,Delivered,3.0,0.8,2.75,"January 7, 2026",No scheduled order date,'-
"January 3, 2026",ST3FT2NNMX,,Búho,1140 East Washington Street,,Brownsville,TX,78520.0,United States,Read Banned Books Tote Bag,default,,,Delivered,3.0,10.0,20.0,"January 8, 2026",No scheduled order date,'-
"January 3, 2026",ST3FT2NNMX,,Búho,1140 East Washington Street,,Brownsville,TX,78520.0,United States,Public Health Over Corporate Wealth Tote Bag,default,,,Delivered,3.0,10.0,20.0,"January 8, 2026",No scheduled order date,'-
"January 3, 2026",ST3FT2NNMX,,Búho,1140 East Washington Street,,Brownsville,TX,78520.0,United States,Let's Read Banned Books Tote Bag,default,,,Delivered,4.0,10.0,20.0,"January 8, 2026",No scheduled order date,'-
"January 3, 2026",Z7RRA24K2J,,Your Brother's Bookstore,504 Main Street,,Evansville,IN,47708.0,United States,Let's Read Banned Books Tote Bag,default,,,Delivered,5.0,10.0,20.0,"January 8, 2026",No scheduled order date,'-
"January 3, 2026",Z7RRA24K2J,,Your Brother's Bookstore,504 Main Street,,Evansville,IN,47708.0,United States,More Pride Less Prejudice Tote Bag,Natural,,,Delivered,5.0,10.0,20.0,"January 8, 2026",No scheduled order date,'-
"January 3, 2026",Z7RRA24K2J,,Your Brother's Bookstore,504 Main Street,,Evansville,IN,47708.0,United States,Support Local Tote Bag,Natural,,,Delivered,3.0,10.0,20.0,"January 8, 2026",No scheduled order date,'-
"January 3, 2026",Z7RRA24K2J,,Your Brother's Bookstore,504 Main Street,,Evansville,IN,47708.0,United States,I Tried To Form A Gang But It Turned Into A Book Club Tote Bag,Canvas,,,Delivered,3.0,10.0,20.0,"January 8, 2026",No scheduled order date,'-
"January 3, 2026",Z7RRA24K2J,,Your Brother's Bookstore,504 Main Street,,Evansville,IN,47708.0,United States,The Hell I Won't Sticker,default,,,Delivered,10.0,1.75,4.75,"January 8, 2026",No scheduled order date,'-
"January 3, 2026",Z7RRA24K2J,,Your Brother's Bookstore,504 Main Street,,Evansville,IN,47708.0,United States,"Sorry, I'm Fully Booked Tonight! Tote Bag",Green Font,,,Delivered,3.0,10.0,20.0,"January 8, 2026",No scheduled order date,'-
"January 3, 2026",Z7RRA24K2J,,Your Brother's Bookstore,504 Main Street,,Evansville,IN,47708.0,United States,Let's Read Girls Tote Bag,Natural,,,Delivered,3.0,10.0,20.0,"January 8, 2026",No scheduled order date,'-
"January 3, 2026",Z7RRA24K2J,,Your Brother's Bookstore,504 Main Street,,Evansville,IN,47708.0,United States,Make Orwell Fiction Again Tote Bag,default,,,Delivered,5.0,10.0,20.0,"January 8, 2026",No scheduled order date,'-
"January 2, 2026",H3N4HZVX2K,,charis books and more,184 South Candler Street,Charis Books and More,Decatur,GA,30030.0,United States,If You Are Neutral In Situations Of Injustice You Have Chosen The Side Of The Oppressors Sticker,default,,,Delivered,6.0,1.75,4.75,"January 7, 2026",No scheduled order date,'-
"January 2, 2026",H3N4HZVX2K,,charis books and more,184 South Candler Street,Charis Books and More,Decatur,GA,30030.0,United States,The Only Minority Destroying This Country Are The Billionaires Sticker,Black,,,Delivered,6.0,1.75,4.75,"January 7, 2026",No scheduled order date,'-
"January 2, 2026",H3N4HZVX2K,,charis books and more,184 South Candler Street,Charis Books and More,Decatur,GA,30030.0,United States,Only You Can Prevent Fascism Sticker,default,,,Delivered,6.0,1.75,4.75,"January 7, 2026",No scheduled order date,'-
"January 2, 2026",H3N4HZVX2K,,charis books and more,184 South Candler Street,Charis Books and More,Decatur,GA,30030.0,United States,Pro-Choice. Pro-Feminism. Pro Cats Glitter Sticker,default,,,Delivered,6.0,1.75,4.75,"January 7, 2026",No scheduled order date,'-
"January 2, 2026",H3N4HZVX2K,,charis books and more,184 South Candler Street,Charis Books and More,Decatur,GA,30030.0,United States,I'm A Sensitive Little Creature Please Be Nice To Me Sticker,default,,,Delivered,6.0,1.75,4.75,"January 7, 2026",No scheduled order date,'-
"January 2, 2026",H3N4HZVX2K,,charis books and more,184 South Candler Street,Charis Books and More,Decatur,GA,30030.0,United States,Keep That Mean Shit To Yourself Sticker,default,,,Delivered,6.0,1.75,4.75,"January 7, 2026",No scheduled order date,'-
"January 2, 2026",H3N4HZVX2K,,charis books and more,184 South Candler Street,Charis Books and More,Decatur,GA,30030.0,United States,Caring About People Is Not Political Button,default,,,Delivered,3.0,1.0,2.75,"January 7, 2026",No scheduled order date,'-
"January 2, 2026",H3N4HZVX2K,,charis books and more,184 South Candler Street,Charis Books and More,Decatur,GA,30030.0,United States,Black Cat Middle Finger Sticker,default,,,Delivered,6.0,1.75,4.75,"January 7, 2026",No scheduled order date,'-
"January 2, 2026",H3N4HZVX2K,,charis books and more,184 South Candler Street,Charis Books and More,Decatur,GA,30030.0,United States,Regulate Dick Not Jane Glitter Sticker,default,,,Delivered,6.0,1.75,4.75,"January 7, 2026",No scheduled order date,'-
"January 2, 2026",H3N4HZVX2K,,charis books and more,184 South Candler Street,Charis Books and More,Decatur,GA,30030.0,United States,If They Can Affect Policy They Can Pay Taxes Sticker,default,,,Delivered,6.0,1.75,4.75,"January 7, 2026",No scheduled order date,'-
"January 2, 2026",H3N4HZVX2K,,charis books and more,184 South Candler Street,Charis Books and More,Decatur,GA,30030.0,United States,Burn The Patriarchy Sticker,default,,,Delivered,6.0,1.75,4.75,"January 7, 2026",No scheduled order date,'-
"January 2, 2026",H3N4HZVX2K,,charis books and more,184 South Candler Street,Charis Books and More,Decatur,GA,30030.0,United States,Radicalized By Basic Decency Floral Sticker,default,,,Delivered,6.0,1.75,4.75,"January 7, 2026",No scheduled order date,'-
"January 2, 2026",H3N4HZVX2K,,charis books and more,184 South Candler Street,Charis Books and More,Decatur,GA,30030.0,United States,Resist Sticker,default,,,Delivered,6.0,1.75,4.75,"January 7, 2026",No scheduled order date,'-
"January 2, 2026",H3N4HZVX2K,,charis books and more,184 South Candler Street,Charis Books and More,Decatur,GA,30030.0,United States,Be Brave Be Loud And Look Out For Others Sticker,default,,,Delivered,6.0,1.75,4.75,"January 7, 2026",No scheduled order date,'-
"January 2, 2026",H3N4HZVX2K,,charis books and more,184 South Candler Street,Charis Books and More,Decatur,GA,30030.0,United States,Radicalized By Basic Decency Button,default,,,Delivered,3.0,1.25,2.5,"January 7, 2026",No scheduled order date,'-
"January 2, 2026",H3N4HZVX2K,,charis books and more,184 South Candler Street,Charis Books and More,Decatur,GA,30030.0,United States,No Human Is Illegal Glitter Sticker,default,,,Delivered,6.0,1.75,4.75,"January 7, 2026",No scheduled order date,'-
"January 2, 2026",H3N4HZVX2K,,charis books and more,184 South Candler Street,Charis Books and More,Decatur,GA,30030.0,United States,Petrify the Patriarchy Sticker,default,,,Delivered,6.0,1.75,4.75,"January 7, 2026",No scheduled order date,'-
"January 2, 2026",H3N4HZVX2K,,charis books and more,184 South Candler Street,Charis Books and More,Decatur,GA,30030.0,United States,Books Because Coping With Reality Is Not An Option At The Moment Glitter Sticker,default,,,Delivered,6.0,1.75,4.75,"January 7, 2026",No scheduled order date,'-
"January 2, 2026",H3N4HZVX2K,,charis books and more,184 South Candler Street,Charis Books and More,Decatur,GA,30030.0,United States,Compost The Patriarchy Sticker,default,,,Delivered,6.0,1.75,4.75,"January 7, 2026",No scheduled order date,'-
"January 2, 2026",H3N4HZVX2K,,charis books and more,184 South Candler Street,Charis Books and More,Decatur,GA,30030.0,United States,Manifesting The Revolution Sticker,default,,,Delivered,6.0,1.75,4.75,"January 7, 2026",No scheduled order date,'-
"January 2, 2026",7AA8QRGWRQ,,Pocono Soap,10 North 7th Street,,Stroudsburg,PA,18360.0,United States,Scared Hamster Sticker,default,,,Delivered,6.0,1.75,4.75,"January 7, 2026",No scheduled order date,'-
"January 2, 2026",7AA8QRGWRQ,,Pocono Soap,10 North 7th Street,,Stroudsburg,PA,18360.0,United States,"Anyway, Here's Wonderwall Sticker",default,,,Delivered,6.0,1.75,4.75,"January 7, 2026",No scheduled order date,'-
"January 2, 2026",7AA8QRGWRQ,,Pocono Soap,10 North 7th Street,,Stroudsburg,PA,18360.0,United States,Awake But At What Cost Sticker,default,,,Delivered,6.0,1.75,4.75,"January 7, 2026",No scheduled order date,'-
"January 2, 2026",7AA8QRGWRQ,,Pocono Soap,10 North 7th Street,,Stroudsburg,PA,18360.0,United States,Sorry I Can't Go I'm An Indoor Cat Glitter Sticker,default,,,Delivered,6.0,1.75,4.75,"January 7, 2026",No scheduled order date,'-
"January 2, 2026",7AA8QRGWRQ,,Pocono Soap,10 North 7th Street,,Stroudsburg,PA,18360.0,United States,"I May Be Laid Back, But I Can Lean Forward Real Fucking Quick Glitter Sticker",default,,,Delivered,6.0,1.75,4.75,"January 7, 2026",No scheduled order date,'-
"January 2, 2026",7AA8QRGWRQ,,Pocono Soap,10 North 7th Street,,Stroudsburg,PA,18360.0,United States,Disappointed But Not Surprised Pen,default,,,Delivered,30.0,0.8,2.75,"January 7, 2026",No scheduled order date,'-
"January 2, 2026",7AA8QRGWRQ,,Pocono Soap,10 North 7th Street,,Stroudsburg,PA,18360.0,United States,Currently Dissociating Pen,default,,,Delivered,30.0,0.85,1.7,"January 7, 2026",No scheduled order date,'-
"January 2, 2026",7AA8QRGWRQ,,Pocono Soap,10 North 7th Street,,Stroudsburg,PA,18360.0,United States,"Sorry I Was Rude, It Was Probably Your Fault Pen",default,,,Delivered,30.0,0.8,2.75,"January 7, 2026",No scheduled order date,'-
"January 2, 2026",7AA8QRGWRQ,,Pocono Soap,10 North 7th Street,,Stroudsburg,PA,18360.0,United States,I Should Be Frolicking In A Forest But I'm Here. Wtf Pen,default,,,Delivered,30.0,0.85,2.75,"January 7, 2026",No scheduled order date,'-
"January 2, 2026",7AA8QRGWRQ,,Pocono Soap,10 North 7th Street,,Stroudsburg,PA,18360.0,United States,I May Be Wrong But I Doubt It Pen,default,,,Delivered,30.0,0.8,2.75,"January 7, 2026",No scheduled order date,'-
"January 2, 2026",7AA8QRGWRQ,,Pocono Soap,10 North 7th Street,,Stroudsburg,PA,18360.0,United States,You Already Know The Answer Holographic Sticker,default,,,Delivered,6.0,1.75,4.75,"January 7, 2026",No scheduled order date,'-
"January 2, 2026",7AA8QRGWRQ,,Pocono Soap,10 North 7th Street,,Stroudsburg,PA,18360.0,United States,54321 Grounding Technique Sticker,default,,,Delivered,6.0,1.75,4.75,"January 7, 2026",No scheduled order date,'-
"January 2, 2026",7AA8QRGWRQ,,Pocono Soap,10 North 7th Street,,Stroudsburg,PA,18360.0,United States,Save The Bees And Their Butts Sticker,default,,,Delivered,6.0,1.75,4.75,"January 7, 2026",No scheduled order date,'-
"January 2, 2026",7AA8QRGWRQ,,Pocono Soap,10 North 7th Street,,Stroudsburg,PA,18360.0,United States,Mansplain Survivor Holographic Sticker,default,,,Delivered,6.0,1.75,4.75,"January 7, 2026",No scheduled order date,'-
"January 2, 2026",7AA8QRGWRQ,,Pocono Soap,10 North 7th Street,,Stroudsburg,PA,18360.0,United States,I'm A Sensitive Little Creature Please Be Nice To Me Sticker,default,,,Delivered,6.0,1.75,4.75,"January 7, 2026",No scheduled order date,'-
"January 2, 2026",7AA8QRGWRQ,,Pocono Soap,10 North 7th Street,,Stroudsburg,PA,18360.0,United States,Please Hesitate To Reach Out To Me Sticker (2 colors available),Black & White,,,Delivered,6.0,1.75,4.75,"January 7, 2026",No scheduled order date,'-
"January 2, 2026",7AA8QRGWRQ,,Pocono Soap,10 North 7th Street,,Stroudsburg,PA,18360.0,United States,Dream Job? I Do Not Dream Of Labor Glitter Sticker,default,,,Delivered,6.0,1.75,4.75,"January 7, 2026",No scheduled order date,'-
"January 2, 2026",7AA8QRGWRQ,,Pocono Soap,10 North 7th Street,,Stroudsburg,PA,18360.0,United States,Little Ray Of Pitch Black Sticker,default,,,Delivered,6.0,1.75,4.75,"January 7, 2026",No scheduled order date,'-
"January 2, 2026",7AA8QRGWRQ,,Pocono Soap,10 North 7th Street,,Stroudsburg,PA,18360.0,United States,"Sorry If I'm Mean, I'm Overstimulated Right Now Sticker",default,,,Delivered,6.0,1.75,4.75,"January 7, 2026",No scheduled order date,'-
"January 2, 2026",7AA8QRGWRQ,,Pocono Soap,10 North 7th Street,,Stroudsburg,PA,18360.0,United States,Don't Be A Dick Sticker,default,,,Delivered,6.0,1.75,4.75,"January 7, 2026",No scheduled order date,'-
"January 2, 2026",7AA8QRGWRQ,,Pocono Soap,10 North 7th Street,,Stroudsburg,PA,18360.0,United States,Emotional Support Co-Worker Sticker,default,,,Delivered,6.0,1.75,4.75,"January 7, 2026",No scheduled order date,'-
"January 2, 2026",7AA8QRGWRQ,,Pocono Soap,10 North 7th Street,,Stroudsburg,PA,18360.0,United States,Pickle Slut Pen,default,,,Delivered,25.0,0.8,2.75,"January 7, 2026",No scheduled order date,'-
"January 2, 2026",7AA8QRGWRQ,,Pocono Soap,10 North 7th Street,,Stroudsburg,PA,18360.0,United States,Keep That Mean Shit To Yourself Sticker,default,,,Delivered,6.0,1.75,4.75,"January 7, 2026",No scheduled order date,'-
"January 2, 2026",7AA8QRGWRQ,,Pocono Soap,10 North 7th Street,,Stroudsburg,PA,18360.0,United States,Diet Coke Slut Glitter Sticker,default,,,Delivered,6.0,1.75,4.75,"January 7, 2026",No scheduled order date,'-
"January 2, 2026",7AA8QRGWRQ,,Pocono Soap,10 North 7th Street,,Stroudsburg,PA,18360.0,United States,No Worries If Not Totally Cool Either Way Sticker,default,,,Delivered,6.0,1.75,4.75,"January 7, 2026",No scheduled order date,'-
"January 2, 2026",7AA8QRGWRQ,,Pocono Soap,10 North 7th Street,,Stroudsburg,PA,18360.0,United States,What Doesn't Kill You Makes You Funnier Sticker,default,,,Delivered,6.0,1.75,4.75,"January 7, 2026",No scheduled order date,'-
"January 2, 2026",7AA8QRGWRQ,,Pocono Soap,10 North 7th Street,,Stroudsburg,PA,18360.0,United States,Girl Power Sticker,default,,,Delivered,6.0,1.75,4.75,"January 7, 2026",No scheduled order date,'-
"January 2, 2026",7AA8QRGWRQ,,Pocono Soap,10 North 7th Street,,Stroudsburg,PA,18360.0,United States,Cool Girls Know History Sticker,default,,,Delivered,6.0,1.75,4.25,"January 7, 2026",No scheduled order date,'-
"January 2, 2026",7AA8QRGWRQ,,Pocono Soap,10 North 7th Street,,Stroudsburg,PA,18360.0,United States,Stay Hollow Sticker,default,,,Delivered,6.0,1.75,4.75,"January 7, 2026",No scheduled order date,'-
"January 2, 2026",7AA8QRGWRQ,,Pocono Soap,10 North 7th Street,,Stroudsburg,PA,18360.0,United States,Be Brave Be Loud And Look Out For Others Sticker,default,,,Delivered,6.0,1.75,4.75,"January 7, 2026",No scheduled order date,'-
"January 2, 2026",7AA8QRGWRQ,,Pocono Soap,10 North 7th Street,,Stroudsburg,PA,18360.0,United States,Girls Will Be Girls Sticker,default,,,Delivered,6.0,1.75,4.75,"January 7, 2026",No scheduled order date,'-
"January 2, 2026",7AA8QRGWRQ,,Pocono Soap,10 North 7th Street,,Stroudsburg,PA,18360.0,United States,Community Is Resistance Sticker,default,,,Delivered,6.0,1.75,4.75,"January 7, 2026",No scheduled order date,'-
"January 2, 2026",7AA8QRGWRQ,,Pocono Soap,10 North 7th Street,,Stroudsburg,PA,18360.0,United States,Strawberry Candy Holographic Sticker,default,,,Delivered,6.0,1.75,4.75,"January 7, 2026",No scheduled order date,'-
"January 2, 2026",7AA8QRGWRQ,,Pocono Soap,10 North 7th Street,,Stroudsburg,PA,18360.0,United States,"Do You Have Any Fucks? Not Even One, Girl. Go Fish. Sticker",default,,,Delivered,6.0,1.75,4.75,"January 7, 2026",No scheduled order date,'-
"January 2, 2026",7AA8QRGWRQ,,Pocono Soap,10 North 7th Street,,Stroudsburg,PA,18360.0,United States,Let's Be Better Humans Sticker,default,,,Delivered,6.0,1.75,6.5,"January 7, 2026",No scheduled order date,'-
"January 2, 2026",7AA8QRGWRQ,,Pocono Soap,10 North 7th Street,,Stroudsburg,PA,18360.0,United States,What's More Punk Than The Public Library Sticker,default,,,Delivered,6.0,1.75,4.75,"January 7, 2026",No scheduled order date,'-
"January 2, 2026",7AA8QRGWRQ,,Pocono Soap,10 North 7th Street,,Stroudsburg,PA,18360.0,United States,On My Way To Get More Trinkets And Knick Knacks Glitter Sticker,default,,,Delivered,6.0,1.75,4.75,"January 7, 2026",No scheduled order date,'-
"January 2, 2026",7AA8QRGWRQ,,Pocono Soap,10 North 7th Street,,Stroudsburg,PA,18360.0,United States,Peace Sign Hamster Sticker,default,,,Delivered,6.0,1.75,4.75,"January 7, 2026",No scheduled order date,'-
"January 2, 2026",7AA8QRGWRQ,,Pocono Soap,10 North 7th Street,,Stroudsburg,PA,18360.0,United States,F*ck Them Boats Orca Sticker,default,,,Delivered,6.0,1.75,4.25,"January 7, 2026",No scheduled order date,'-
"January 2, 2026",7AA8QRGWRQ,,Pocono Soap,10 North 7th Street,,Stroudsburg,PA,18360.0,United States,The Hell I Won't Sticker,default,,,Delivered,6.0,1.75,4.75,"January 7, 2026",No scheduled order date,'-
"January 2, 2026",7AA8QRGWRQ,,Pocono Soap,10 North 7th Street,,Stroudsburg,PA,18360.0,United States,If You Are Neutral In Situations Of Injustice You Have Chosen The Side Of The Oppressors Sticker,default,,,Delivered,6.0,1.75,4.75,"January 7, 2026",No scheduled order date,'-
"January 2, 2026",7AA8QRGWRQ,,Pocono Soap,10 North 7th Street,,Stroudsburg,PA,18360.0,United States,Just Be A Good Human Glitter Sticker,default,,,Delivered,6.0,1.75,4.75,"January 7, 2026",No scheduled order date,'-
"January 2, 2026",7AA8QRGWRQ,,Pocono Soap,10 North 7th Street,,Stroudsburg,PA,18360.0,United States,For The Fuckteenth Time Pen,default,,,Delivered,25.0,0.8,2.75,"January 7, 2026",No scheduled order date,'-
"January 2, 2026",7AA8QRGWRQ,,Pocono Soap,10 North 7th Street,,Stroudsburg,PA,18360.0,United States,Raccoon Fairy Holographic Sticker,default,,,Delivered,6.0,1.75,4.75,"January 7, 2026",No scheduled order date,'-
"January 2, 2026",7AA8QRGWRQ,,Pocono Soap,10 North 7th Street,,Stroudsburg,PA,18360.0,United States,Pickles Heart Glitter Sticker,default,,,Delivered,6.0,1.75,4.75,"January 7, 2026",No scheduled order date,'-
"January 2, 2026",7AA8QRGWRQ,,Pocono Soap,10 North 7th Street,,Stroudsburg,PA,18360.0,United States,I Can Do All Things Through SPITE Which Strengthens Me Glitter Sticker,default,,,Delivered,6.0,1.75,4.75,"January 7, 2026",No scheduled order date,'-
"January 2, 2026",7AA8QRGWRQ,,Pocono Soap,10 North 7th Street,,Stroudsburg,PA,18360.0,United States,"Hey, You Dropped This Holographic Sticker",default,,,Delivered,6.0,1.75,4.75,"January 7, 2026",No scheduled order date,'-
"January 2, 2026",XMAVMRFHGU,,Sojourns,5520 Crestwood Boulevard,,Birmingham,AL,35212.0,United States,"Do You Have Any Fucks? Not Even One, Girl. Go Fish. Sticker",default,,,Delivered,6.0,1.75,4.75,"January 8, 2026",No scheduled order date,'-
"January 2, 2026",XMAVMRFHGU,,Sojourns,5520 Crestwood Boulevard,,Birmingham,AL,35212.0,United States,Resist Sticker,default,,,Delivered,6.0,1.75,4.75,"January 8, 2026",No scheduled order date,'-
"January 2, 2026",XMAVMRFHGU,,Sojourns,5520 Crestwood Boulevard,,Birmingham,AL,35212.0,United States,Black Cat Middle Finger Sticker,default,,,Delivered,6.0,1.75,4.75,"January 8, 2026",No scheduled order date,'-
"January 2, 2026",XMAVMRFHGU,,Sojourns,5520 Crestwood Boulevard,,Birmingham,AL,35212.0,United States,Tell Me A Time In History When It Was The Good Guys Banning Books Tote Bag,default,,,Delivered,3.0,10.0,20.0,"January 8, 2026",No scheduled order date,'-
"January 2, 2026",XMAVMRFHGU,,Sojourns,5520 Crestwood Boulevard,,Birmingham,AL,35212.0,United States,Have The Day You Voted For Tote Bag,default,,,Delivered,8.0,10.0,20.0,"January 8, 2026",No scheduled order date,'-
"January 1, 2026",9E9KTH9S28,,Village Groomer Inc,2245 Boston Providence Highway,,Walpole,MA,2081.0,United States,Caring About People Is Not Political Sticker,default,,,Delivered,6.0,1.75,4.75,"January 6, 2026",No scheduled order date,'-
"January 1, 2026",9E9KTH9S28,,Village Groomer Inc,2245 Boston Providence Highway,,Walpole,MA,2081.0,United States,I Never Said That Jesus Sticker,default,,,Delivered,6.0,1.75,4.75,"January 6, 2026",No scheduled order date,'-
"January 1, 2026",9E9KTH9S28,,Village Groomer Inc,2245 Boston Providence Highway,,Walpole,MA,2081.0,United States,No Human Is Illegal Glitter Sticker,default,,,Delivered,6.0,1.75,4.75,"January 6, 2026",No scheduled order date,'-
"January 1, 2026",9E9KTH9S28,,Village Groomer Inc,2245 Boston Providence Highway,,Walpole,MA,2081.0,United States,"Do You Have Any Fucks? Not Even One, Girl. Go Fish. Sticker",default,,,Delivered,6.0,1.75,4.75,"January 6, 2026",No scheduled order date,'-
"January 1, 2026",9E9KTH9S28,,Village Groomer Inc,2245 Boston Providence Highway,,Walpole,MA,2081.0,United States,Resist Sticker,default,,,Delivered,6.0,1.75,4.75,"January 6, 2026",No scheduled order date,'-
"January 1, 2026",9E9KTH9S28,,Village Groomer Inc,2245 Boston Providence Highway,,Walpole,MA,2081.0,United States,Keep The Immigrants Deport The Racists Sticker,default,,,Delivered,6.0,1.75,4.75,"January 6, 2026",No scheduled order date,'-
"January 1, 2026",9E9KTH9S28,,Village Groomer Inc,2245 Boston Providence Highway,,Walpole,MA,2081.0,United States,Compost The Patriarchy Sticker,default,,,Delivered,6.0,1.75,4.75,"January 6, 2026",No scheduled order date,'-
"January 1, 2026",9E9KTH9S28,,Village Groomer Inc,2245 Boston Providence Highway,,Walpole,MA,2081.0,United States,Policy & Change Sticker,default,,,Delivered,6.0,1.75,4.75,"January 6, 2026",No scheduled order date,'-
"January 1, 2026",9E9KTH9S28,,Village Groomer Inc,2245 Boston Providence Highway,,Walpole,MA,2081.0,United States,Girls Will Be Girls Sticker,default,,,Delivered,6.0,1.75,4.75,"January 6, 2026",No scheduled order date,'-
"January 1, 2026",9E9KTH9S28,,Village Groomer Inc,2245 Boston Providence Highway,,Walpole,MA,2081.0,United States,Black Cat Middle Finger Sticker,default,,,Delivered,6.0,1.75,4.75,"January 6, 2026",No scheduled order date,'-
"January 1, 2026",9E9KTH9S28,,Village Groomer Inc,2245 Boston Providence Highway,,Walpole,MA,2081.0,United States,What's More Punk Than The Public Library Sticker,default,,,Delivered,6.0,1.75,4.75,"January 6, 2026",No scheduled order date,'-
"January 1, 2026",9E9KTH9S28,,Village Groomer Inc,2245 Boston Providence Highway,,Walpole,MA,2081.0,United States,Radicalized By Basic Decency Floral Sticker,default,,,Delivered,6.0,1.75,4.75,"January 6, 2026",No scheduled order date,'-
"December 31, 2025",X2YTE7YYRT,,Birdie's Gifts and Stuff,1837 s 29th st,,Terre Haute,IN,47803.0,United States,You Are Good Enough Not The Best But You'll Do Tote Bag,default,,,Delivered,6.0,10.0,20.0,"January 5, 2026",No scheduled order date,'-
"December 31, 2025",X2YTE7YYRT,,Birdie's Gifts and Stuff,1837 s 29th st,,Terre Haute,IN,47803.0,United States,"I May Be Wrong, But I Doubt It Keychain",default,,,Delivered,12.0,4.5,10.0,"January 5, 2026",No scheduled order date,'-
"December 31, 2025",X2YTE7YYRT,,Birdie's Gifts and Stuff,1837 s 29th st,,Terre Haute,IN,47803.0,United States,I May Be Wrong But I Doubt It Pen,default,,,Delivered,20.0,0.8,2.75,"January 5, 2026",No scheduled order date,'-
"December 31, 2025",X2YTE7YYRT,,Birdie's Gifts and Stuff,1837 s 29th st,,Terre Haute,IN,47803.0,United States,"I May Be Laid Back, But I Can Lean Forward Real Fucking Quick Glitter Sticker",default,,,Delivered,10.0,1.75,4.75,"January 5, 2026",No scheduled order date,'-
"December 31, 2025",X2YTE7YYRT,,Birdie's Gifts and Stuff,1837 s 29th st,,Terre Haute,IN,47803.0,United States,Girls Will Be Girls Sticker,default,,,Delivered,10.0,1.75,4.75,"January 5, 2026",No scheduled order date,'-
"December 31, 2025",X2YTE7YYRT,,Birdie's Gifts and Stuff,1837 s 29th st,,Terre Haute,IN,47803.0,United States,Don't Hate Me Just Because I'm A Little Cooler Sticker,default,,,Delivered,12.0,1.75,4.75,"January 5, 2026",No scheduled order date,'-
"December 30, 2025",67QHSBN7XV,,hello again books,19 Parkway St,,Cocoa,FL,32922.0,United States,Disappointments All Of You Sticker,default,,,Delivered,6.0,1.75,4.75,"January 2, 2026",No scheduled order date,'-
"December 30, 2025",67QHSBN7XV,,hello again books,19 Parkway St,,Cocoa,FL,32922.0,United States,Big Fan Of Human Rights Tote Bag,Natural,,,Delivered,3.0,10.0,20.0,"January 2, 2026",No scheduled order date,'-
"December 30, 2025",67QHSBN7XV,,hello again books,19 Parkway St,,Cocoa,FL,32922.0,United States,More Pride Less Prejudice Tote Bag,Natural,,,Delivered,3.0,10.0,20.0,"January 2, 2026",No scheduled order date,'-
"December 30, 2025",67QHSBN7XV,,hello again books,19 Parkway St,,Cocoa,FL,32922.0,United States,Black Cat Middle Finger Sticker,default,,,Delivered,6.0,1.75,4.75,"January 2, 2026",No scheduled order date,'-
"December 30, 2025",67QHSBN7XV,,hello again books,19 Parkway St,,Cocoa,FL,32922.0,United States,Let's Be Better Humans Sticker,default,,,Delivered,6.0,1.75,6.5,"January 2, 2026",No scheduled order date,'-
"December 30, 2025",67QHSBN7XV,,hello again books,19 Parkway St,,Cocoa,FL,32922.0,United States,Make Orwell Fiction Again Sticker,default,,,Delivered,6.0,1.75,4.75,"January 2, 2026",No scheduled order date,'-
"December 30, 2025",67QHSBN7XV,,hello again books,19 Parkway St,,Cocoa,FL,32922.0,United States,Read Banned Books Tote Bag,default,,,Delivered,3.0,10.0,20.0,"January 2, 2026",No scheduled order date,'-
"December 30, 2025",67QHSBN7XV,,hello again books,19 Parkway St,,Cocoa,FL,32922.0,United States,Read Banned Books Sticker,default,,,Delivered,6.0,1.75,4.75,"January 2, 2026",No scheduled order date,'-
"December 30, 2025",67QHSBN7XV,,hello again books,19 Parkway St,,Cocoa,FL,32922.0,United States,"Do You Have Any Fucks? Not Even One, Girl. Go Fish. Sticker",default,,,Delivered,6.0,1.75,4.75,"January 2, 2026",No scheduled order date,'-
"December 30, 2025",RGZEBTWVVZ,,Salzer's Records,5777 Valentine Road,,Ventura,CA,93003.0,United States,Born In The 1900's Sticker,default,,,Delivered,6.0,1.75,4.75,"January 2, 2026",No scheduled order date,'-
"December 30, 2025",RGZEBTWVVZ,,Salzer's Records,5777 Valentine Road,,Ventura,CA,93003.0,United States,The Only Minority Destroying This Country Are The Billionaires Sticker,Black,,,Delivered,6.0,1.75,4.75,"January 2, 2026",No scheduled order date,'-
"December 30, 2025",RGZEBTWVVZ,,Salzer's Records,5777 Valentine Road,,Ventura,CA,93003.0,United States,Be The Light You Want To See In The World Sticker (2 styles available),Glittery Vinyl,,,Delivered,6.0,1.75,4.75,"January 2, 2026",No scheduled order date,'-
"December 30, 2025",RGZEBTWVVZ,,Salzer's Records,5777 Valentine Road,,Ventura,CA,93003.0,United States,I'm Just A Fish Glitter Sticker,default,,,Delivered,6.0,1.75,4.75,"January 2, 2026",No scheduled order date,'-
"December 30, 2025",RGZEBTWVVZ,,Salzer's Records,5777 Valentine Road,,Ventura,CA,93003.0,United States,Resist Floral Sticker,default,,,Delivered,6.0,1.75,4.75,"January 2, 2026",No scheduled order date,'-
"December 30, 2025",RGZEBTWVVZ,,Salzer's Records,5777 Valentine Road,,Ventura,CA,93003.0,United States,Save The Bees And Their Butts Sticker,default,,,Delivered,6.0,1.75,4.75,"January 2, 2026",No scheduled order date,'-
"December 30, 2025",RGZEBTWVVZ,,Salzer's Records,5777 Valentine Road,,Ventura,CA,93003.0,United States,Cowboy Boot & Flowers Glitter Sticker,default,,,Delivered,6.0,1.75,4.25,"January 2, 2026",No scheduled order date,'-
"December 30, 2025",RGZEBTWVVZ,,Salzer's Records,5777 Valentine Road,,Ventura,CA,93003.0,United States,Girls Will Be Girls Sticker,default,,,Delivered,6.0,1.75,4.75,"January 2, 2026",No scheduled order date,'-
"December 30, 2025",RGZEBTWVVZ,,Salzer's Records,5777 Valentine Road,,Ventura,CA,93003.0,United States,Awake But At What Cost Sticker,default,,,Delivered,6.0,1.75,4.75,"January 2, 2026",No scheduled order date,'-
"December 30, 2025",RGZEBTWVVZ,,Salzer's Records,5777 Valentine Road,,Ventura,CA,93003.0,United States,"When You Can Be Anything You Want, An Asshole Seems To Be A Really Odd Choice Glitter Sticker",default,,,Delivered,6.0,1.75,4.75,"January 2, 2026",No scheduled order date,'-
"December 30, 2025",RGZEBTWVVZ,,Salzer's Records,5777 Valentine Road,,Ventura,CA,93003.0,United States,Don't Be A Dick Sticker,default,,,Delivered,6.0,1.75,4.75,"January 2, 2026",No scheduled order date,'-
"December 30, 2025",RGZEBTWVVZ,,Salzer's Records,5777 Valentine Road,,Ventura,CA,93003.0,United States,Eat Shit Glitter Sticker,default,,,Delivered,6.0,1.75,4.75,"January 2, 2026",No scheduled order date,'-
"December 30, 2025",RGZEBTWVVZ,,Salzer's Records,5777 Valentine Road,,Ventura,CA,93003.0,United States,Resist Sticker,default,,,Delivered,6.0,1.75,4.75,"January 2, 2026",No scheduled order date,'-
"December 30, 2025",RGZEBTWVVZ,,Salzer's Records,5777 Valentine Road,,Ventura,CA,93003.0,United States,Trinkets Are My Weakness Pixie Glitter Sticker,default,,,Delivered,6.0,1.75,4.75,"January 2, 2026",No scheduled order date,'-
"December 30, 2025",RGZEBTWVVZ,,Salzer's Records,5777 Valentine Road,,Ventura,CA,93003.0,United States,Just Be A Good Human Glitter Sticker,default,,,Delivered,6.0,1.75,4.75,"January 2, 2026",No scheduled order date,'-
"December 30, 2025",RGZEBTWVVZ,,Salzer's Records,5777 Valentine Road,,Ventura,CA,93003.0,United States,Burn The Patriarchy Sticker,default,,,Delivered,6.0,1.75,4.75,"January 2, 2026",No scheduled order date,'-
"December 30, 2025",RGZEBTWVVZ,,Salzer's Records,5777 Valentine Road,,Ventura,CA,93003.0,United States,What's More Punk Than The Public Library Sticker,default,,,Delivered,6.0,1.75,4.75,"January 2, 2026",No scheduled order date,'-
"December 30, 2025",RGZEBTWVVZ,,Salzer's Records,5777 Valentine Road,,Ventura,CA,93003.0,United States,Keep The Immigrants Deport The Racists Sticker,default,,,Delivered,6.0,1.75,4.75,"January 2, 2026",No scheduled order date,'-
"December 30, 2025",RGZEBTWVVZ,,Salzer's Records,5777 Valentine Road,,Ventura,CA,93003.0,United States,Make Orwell Fiction Again Sticker,default,,,Delivered,6.0,1.75,4.75,"January 2, 2026",No scheduled order date,'-
"December 30, 2025",RGZEBTWVVZ,,Salzer's Records,5777 Valentine Road,,Ventura,CA,93003.0,United States,Petrify the Patriarchy Sticker,default,,,Delivered,6.0,1.75,4.75,"January 2, 2026",No scheduled order date,'-
"December 30, 2025",RGZEBTWVVZ,,Salzer's Records,5777 Valentine Road,,Ventura,CA,93003.0,United States,The Hell I Won't Sticker,default,,,Delivered,6.0,1.75,4.75,"January 2, 2026",No scheduled order date,'-
"December 30, 2025",RGZEBTWVVZ,,Salzer's Records,5777 Valentine Road,,Ventura,CA,93003.0,United States,Little Ray Of Pitch Black Sticker,default,,,Delivered,6.0,1.75,4.75,"January 2, 2026",No scheduled order date,'-
"December 30, 2025",RGZEBTWVVZ,,Salzer's Records,5777 Valentine Road,,Ventura,CA,93003.0,United States,Scared Hamster Sticker,default,,,Delivered,6.0,1.75,4.75,"January 2, 2026",No scheduled order date,'-
"December 30, 2025",RGZEBTWVVZ,,Salzer's Records,5777 Valentine Road,,Ventura,CA,93003.0,United States,No One Is Illegal On Stolen Land Sticker,default,,,Delivered,6.0,1.75,4.75,"January 2, 2026",No scheduled order date,'-
"December 30, 2025",RGZEBTWVVZ,,Salzer's Records,5777 Valentine Road,,Ventura,CA,93003.0,United States,May They Burn In Hell Glitter Sticker,default,,,Delivered,6.0,1.75,4.75,"January 2, 2026",No scheduled order date,'-
"December 30, 2025",RGZEBTWVVZ,,Salzer's Records,5777 Valentine Road,,Ventura,CA,93003.0,United States,Girls Will Be Girls Sticker,default,,,Delivered,6.0,1.75,4.75,"January 2, 2026",No scheduled order date,'-
"December 30, 2025",RGZEBTWVVZ,,Salzer's Records,5777 Valentine Road,,Ventura,CA,93003.0,United States,"I May Be Laid Back, But I Can Lean Forward Real Fucking Quick Glitter Sticker",default,,,Delivered,6.0,1.75,4.75,"January 2, 2026",No scheduled order date,'-
"December 30, 2025",RGZEBTWVVZ,,Salzer's Records,5777 Valentine Road,,Ventura,CA,93003.0,United States,Radicalized By Basic Decency Floral Sticker,default,,,Delivered,6.0,1.75,4.75,"January 2, 2026",No scheduled order date,'-
"December 30, 2025",RGZEBTWVVZ,,Salzer's Records,5777 Valentine Road,,Ventura,CA,93003.0,United States,Caring About People Is Not Political Sticker,default,,,Delivered,6.0,1.75,4.75,"January 2, 2026",No scheduled order date,'-
"December 30, 2025",RGZEBTWVVZ,,Salzer's Records,5777 Valentine Road,,Ventura,CA,93003.0,United States,You've Just Buttered Your Last Biscuit Sticker,default,,,Delivered,6.0,1.75,4.75,"January 2, 2026",No scheduled order date,'-
"December 30, 2025",RGZEBTWVVZ,,Salzer's Records,5777 Valentine Road,,Ventura,CA,93003.0,United States,Disappointments All Of You Sticker,default,,,Delivered,6.0,1.75,4.75,"January 2, 2026",No scheduled order date,'-
"December 30, 2025",RGZEBTWVVZ,,Salzer's Records,5777 Valentine Road,,Ventura,CA,93003.0,United States,"Do You Have Any Fucks? Not Even One, Girl. Go Fish. Sticker",default,,,Delivered,6.0,1.75,4.75,"January 2, 2026",No scheduled order date,'-
"December 30, 2025",RGZEBTWVVZ,,Salzer's Records,5777 Valentine Road,,Ventura,CA,93003.0,United States,Be Brave Be Loud And Look Out For Others Sticker,default,,,Delivered,6.0,1.75,4.75,"January 2, 2026",No scheduled order date,'-
"December 30, 2025",RGZEBTWVVZ,,Salzer's Records,5777 Valentine Road,,Ventura,CA,93003.0,United States,Black Cat Middle Finger Sticker,default,,,Delivered,6.0,1.75,4.75,"January 2, 2026",No scheduled order date,'-
"December 30, 2025",RGZEBTWVVZ,,Salzer's Records,5777 Valentine Road,,Ventura,CA,93003.0,United States,Sorry I Can't Go I'm An Indoor Cat Glitter Sticker,default,,,Delivered,6.0,1.75,4.75,"January 2, 2026",No scheduled order date,'-
"December 30, 2025",RGZEBTWVVZ,,Salzer's Records,5777 Valentine Road,,Ventura,CA,93003.0,United States,"Hey, You Dropped This Holographic Sticker",default,,,Delivered,6.0,1.75,4.75,"January 2, 2026",No scheduled order date,'-
"December 30, 2025",RGZEBTWVVZ,,Salzer's Records,5777 Valentine Road,,Ventura,CA,93003.0,United States,Educate Your Son Sticker,default,,,Delivered,6.0,1.75,4.75,"January 2, 2026",No scheduled order date,'-
"December 30, 2025",RGZEBTWVVZ,,Salzer's Records,5777 Valentine Road,,Ventura,CA,93003.0,United States,Let's Be Better Humans Sticker,default,,,Delivered,6.0,1.75,6.5,"January 2, 2026",No scheduled order date,'-
"December 30, 2025",KW6AXZF9MC,,XO Gift Co.,10071 West 26th Avenue,,Wheat Ridge,CO,80215.0,United States,Be Brave Be Loud And Look Out For Others Sticker,default,,,Delivered,6.0,1.75,4.75,"January 2, 2026",No scheduled order date,'-
"December 30, 2025",KW6AXZF9MC,,XO Gift Co.,10071 West 26th Avenue,,Wheat Ridge,CO,80215.0,United States,Disappointments All Of You Sticker,default,,,Delivered,6.0,1.75,4.75,"January 2, 2026",No scheduled order date,'-
"December 30, 2025",KW6AXZF9MC,,XO Gift Co.,10071 West 26th Avenue,,Wheat Ridge,CO,80215.0,United States,Let's Be Better Humans Sticker,default,,,Delivered,6.0,1.75,6.5,"January 2, 2026",No scheduled order date,'-
"December 30, 2025",KW6AXZF9MC,,XO Gift Co.,10071 West 26th Avenue,,Wheat Ridge,CO,80215.0,United States,"When You Can Be Anything You Want, An Asshole Seems To Be A Really Odd Choice Glitter Sticker",default,,,Delivered,10.0,1.75,4.75,"January 2, 2026",No scheduled order date,'-
"December 30, 2025",KW6AXZF9MC,,XO Gift Co.,10071 West 26th Avenue,,Wheat Ridge,CO,80215.0,United States,Dumpster Fire Sticker,default,,,Delivered,6.0,1.75,4.75,"January 2, 2026",No scheduled order date,'-
"December 30, 2025",KW6AXZF9MC,,XO Gift Co.,10071 West 26th Avenue,,Wheat Ridge,CO,80215.0,United States,Pendejo Ornament,default,,,Delivered,2.0,6.0,12.0,"January 2, 2026",No scheduled order date,'-
"December 30, 2025",KW6AXZF9MC,,XO Gift Co.,10071 West 26th Avenue,,Wheat Ridge,CO,80215.0,United States,Just Be A Good Human Glitter Sticker,default,,,Delivered,10.0,1.75,4.75,"January 2, 2026",No scheduled order date,'-
"December 30, 2025",KW6AXZF9MC,,XO Gift Co.,10071 West 26th Avenue,,Wheat Ridge,CO,80215.0,United States,Caring About People Is Not Political Sticker,default,,,Delivered,7.0,1.75,4.75,"January 2, 2026",No scheduled order date,'-
"December 29, 2025",G3CD9CQV42,,Varner Candle Company,810 SE Pioneer Way,Suite 102,Oak Harbor,WA,98277.0,United States,I Should Be Frolicking In A Forest But I'm Here. Wtf Pen,default,,,Delivered,5.0,0.85,2.75,"December 31, 2025",No scheduled order date,'-
"December 29, 2025",G3CD9CQV42,,Varner Candle Company,810 SE Pioneer Way,Suite 102,Oak Harbor,WA,98277.0,United States,I May Be Wrong But I Doubt It Pen,default,,,Delivered,5.0,0.8,2.75,"December 31, 2025",No scheduled order date,'-
"December 29, 2025",G3CD9CQV42,,Varner Candle Company,810 SE Pioneer Way,Suite 102,Oak Harbor,WA,98277.0,United States,Currently Dissociating Pen,default,,,Delivered,5.0,0.85,1.7,"December 31, 2025",No scheduled order date,'-
"December 29, 2025",G3CD9CQV42,,Varner Candle Company,810 SE Pioneer Way,Suite 102,Oak Harbor,WA,98277.0,United States,Disappointed But Not Surprised Pen,default,,,Delivered,5.0,0.8,2.75,"December 31, 2025",No scheduled order date,'-
"December 29, 2025",G3CD9CQV42,,Varner Candle Company,810 SE Pioneer Way,Suite 102,Oak Harbor,WA,98277.0,United States,For The Fuckteenth Time Pen,default,,,Delivered,5.0,0.8,2.75,"December 31, 2025",No scheduled order date,'-
"December 29, 2025",G3CD9CQV42,,Varner Candle Company,810 SE Pioneer Way,Suite 102,Oak Harbor,WA,98277.0,United States,Adulting Is A Scam Tote Bag,Natural,,,Delivered,3.0,10.0,20.0,"December 31, 2025",No scheduled order date,'-
"December 29, 2025",G3CD9CQV42,,Varner Candle Company,810 SE Pioneer Way,Suite 102,Oak Harbor,WA,98277.0,United States,On My Way To Stir Up Some Shit Tote Bag,Natural,,,Delivered,3.0,10.0,20.0,"December 31, 2025",No scheduled order date,'-
"December 29, 2025",G3CD9CQV42,,Varner Candle Company,810 SE Pioneer Way,Suite 102,Oak Harbor,WA,98277.0,United States,Flock Around and Find Out Tote Bag,default,,,Delivered,3.0,10.0,20.0,"December 31, 2025",No scheduled order date,'-
"December 29, 2025",G3CD9CQV42,,Varner Candle Company,810 SE Pioneer Way,Suite 102,Oak Harbor,WA,98277.0,United States,You've Just Buttered Your Last Biscuit Tote Bag,default,,,Delivered,2.0,10.0,20.0,"December 31, 2025",No scheduled order date,'-
"December 29, 2025",NB8NSZXHFA,,Dragonflies,2202 Saunders St.,Suite 200,Laredo,TX,78041.0,United States,"I May Be Laid Back, But I Can Lean Forward Real Fucking Quick Glitter Sticker",default,,,Delivered,6.0,1.75,4.75,"December 31, 2025",No scheduled order date,'-
"December 29, 2025",NB8NSZXHFA,,Dragonflies,2202 Saunders St.,Suite 200,Laredo,TX,78041.0,United States,"Sorry If I'm Mean, I'm Overstimulated Right Now Sticker",default,,,Delivered,6.0,1.75,4.75,"December 31, 2025",No scheduled order date,'-
"December 29, 2025",NB8NSZXHFA,,Dragonflies,2202 Saunders St.,Suite 200,Laredo,TX,78041.0,United States,I Should Be Frolicking In A Forest But I'm Here. Wtf Pen,default,,,Delivered,13.0,0.85,2.75,"December 31, 2025",No scheduled order date,'-
"December 29, 2025",NB8NSZXHFA,,Dragonflies,2202 Saunders St.,Suite 200,Laredo,TX,78041.0,United States,For The Fuckteenth Time Pen,default,,,Delivered,13.0,0.8,2.75,"December 31, 2025",No scheduled order date,'-
"December 29, 2025",NB8NSZXHFA,,Dragonflies,2202 Saunders St.,Suite 200,Laredo,TX,78041.0,United States,Pickle Slut Pen,default,,,Delivered,12.0,0.8,2.75,"December 31, 2025",No scheduled order date,'-
"December 29, 2025",NB8NSZXHFA,,Dragonflies,2202 Saunders St.,Suite 200,Laredo,TX,78041.0,United States,Currently Dissociating Pen,default,,,Delivered,12.0,0.85,1.7,"December 31, 2025",No scheduled order date,'-
"December 29, 2025",NB8NSZXHFA,,Dragonflies,2202 Saunders St.,Suite 200,Laredo,TX,78041.0,United States,I May Be Wrong But I Doubt It Pen,default,,,Delivered,12.0,0.8,2.75,"December 31, 2025",No scheduled order date,'-
"December 29, 2025",NB8NSZXHFA,,Dragonflies,2202 Saunders St.,Suite 200,Laredo,TX,78041.0,United States,"Sorry I Was Rude, It Was Probably Your Fault Pen",default,,,Delivered,12.0,0.8,2.75,"December 31, 2025",No scheduled order date,'-
"December 29, 2025",NB8NSZXHFA,,Dragonflies,2202 Saunders St.,Suite 200,Laredo,TX,78041.0,United States,Disappointed But Not Surprised Pen,default,,,Delivered,12.0,0.8,2.75,"December 31, 2025",No scheduled order date,'-
"December 29, 2025",NB8NSZXHFA,,Dragonflies,2202 Saunders St.,Suite 200,Laredo,TX,78041.0,United States,Some Of You Weren't Paying Attention In History Class And It Shows Pixie Glitter Sticker,default,,,Delivered,6.0,1.75,4.75,"December 31, 2025",No scheduled order date,'-
"December 28, 2025",EPGNWESSNZ,,Rewind,2852B Johnson Street Northeast,,Minneapolis,MN,55418.0,United States,If Explosive Diarrhea Was A Person Glitter Sticker,Vinyl Matte,,,Delivered,6.0,1.75,4.75,"December 31, 2025",No scheduled order date,'-
"December 28, 2025",EPGNWESSNZ,,Rewind,2852B Johnson Street Northeast,,Minneapolis,MN,55418.0,United States,The Only Minority Destroying This Country Are The Billionaires Sticker,Black,,,Delivered,6.0,1.75,4.75,"December 31, 2025",No scheduled order date,'-
"December 28, 2025",EPGNWESSNZ,,Rewind,2852B Johnson Street Northeast,,Minneapolis,MN,55418.0,United States,Pickle Slut Pen,default,,,Delivered,12.0,0.8,2.75,"December 31, 2025",No scheduled order date,'-
"December 28, 2025",EPGNWESSNZ,,Rewind,2852B Johnson Street Northeast,,Minneapolis,MN,55418.0,United States,Disappointed But Not Surprised Pen,default,,,Delivered,12.0,0.8,2.75,"December 31, 2025",No scheduled order date,'-
"December 28, 2025",EPGNWESSNZ,,Rewind,2852B Johnson Street Northeast,,Minneapolis,MN,55418.0,United States,"Sorry I Was Rude, It Was Probably Your Fault Pen",default,,,Delivered,12.0,0.8,2.75,"December 31, 2025",No scheduled order date,'-
"December 28, 2025",EPGNWESSNZ,,Rewind,2852B Johnson Street Northeast,,Minneapolis,MN,55418.0,United States,I May Be Wrong But I Doubt It Pen,default,,,Delivered,12.0,0.8,2.75,"December 31, 2025",No scheduled order date,'-
"December 28, 2025",EPGNWESSNZ,,Rewind,2852B Johnson Street Northeast,,Minneapolis,MN,55418.0,United States,For The Fuckteenth Time Pen,default,,,Delivered,12.0,0.8,2.75,"December 31, 2025",No scheduled order date,'-
"December 28, 2025",EPGNWESSNZ,,Rewind,2852B Johnson Street Northeast,,Minneapolis,MN,55418.0,United States,Peace Sign Hamster Sticker,default,,,Delivered,6.0,1.75,4.75,"December 31, 2025",No scheduled order date,'-
"December 28, 2025",EPGNWESSNZ,,Rewind,2852B Johnson Street Northeast,,Minneapolis,MN,55418.0,United States,Radicalized By Basic Decency Magnet,default,,,Delivered,6.0,2.5,6.5,"December 31, 2025",No scheduled order date,'-
"December 28, 2025",EPGNWESSNZ,,Rewind,2852B Johnson Street Northeast,,Minneapolis,MN,55418.0,United States,Keep That Mean Shit To Yourself Sticker,default,,,Delivered,6.0,1.75,4.75,"December 31, 2025",No scheduled order date,'-
"December 28, 2025",EPGNWESSNZ,,Rewind,2852B Johnson Street Northeast,,Minneapolis,MN,55418.0,United States,Be Brave Be Loud And Look Out For Others Sticker,default,,,Delivered,6.0,1.75,4.75,"December 31, 2025",No scheduled order date,'-
"December 28, 2025",EPGNWESSNZ,,Rewind,2852B Johnson Street Northeast,,Minneapolis,MN,55418.0,United States,Radicalized By Basic Decency Floral Sticker,default,,,Delivered,6.0,1.75,4.75,"December 31, 2025",No scheduled order date,'-
"December 28, 2025",EPGNWESSNZ,,Rewind,2852B Johnson Street Northeast,,Minneapolis,MN,55418.0,United States,On My Way To Get More Trinkets And Knick Knacks Glitter Sticker,default,,,Delivered,6.0,1.75,4.75,"December 31, 2025",No scheduled order date,'-
"December 28, 2025",EPGNWESSNZ,,Rewind,2852B Johnson Street Northeast,,Minneapolis,MN,55418.0,United States,Caring About People Is Not Political Sticker,default,,,Delivered,6.0,1.75,4.75,"December 31, 2025",No scheduled order date,'-
"December 28, 2025",EPGNWESSNZ,,Rewind,2852B Johnson Street Northeast,,Minneapolis,MN,55418.0,United States,Strawberry Candy Holographic Sticker,default,,,Delivered,6.0,1.75,4.75,"December 31, 2025",No scheduled order date,'-
"December 27, 2025",NDWYCX5BUF,,Luckies Quick Mart,4502 50th Street,100.0,Lubbock,TX,79414-3612,United States,Diet Coke Slut Glitter Sticker,default,,,Delivered,6.0,1.75,4.75,"December 31, 2025",No scheduled order date,'-
"December 27, 2025",NDWYCX5BUF,,Luckies Quick Mart,4502 50th Street,100.0,Lubbock,TX,79414-3612,United States,"Sorry If I'm Mean, I'm Overstimulated Right Now Sticker",default,,,Delivered,6.0,1.75,4.75,"December 31, 2025",No scheduled order date,'-
"December 27, 2025",NDWYCX5BUF,,Luckies Quick Mart,4502 50th Street,100.0,Lubbock,TX,79414-3612,United States,We All Should Be In Therapy Glitter Sticker,default,,,Delivered,6.0,1.75,4.75,"December 31, 2025",No scheduled order date,'-
"December 27, 2025",NDWYCX5BUF,,Luckies Quick Mart,4502 50th Street,100.0,Lubbock,TX,79414-3612,United States,Don't Hate Me Just Because I'm A Little Cooler Sticker,default,,,Delivered,6.0,1.75,4.75,"December 31, 2025",No scheduled order date,'-
"December 27, 2025",NDWYCX5BUF,,Luckies Quick Mart,4502 50th Street,100.0,Lubbock,TX,79414-3612,United States,Let's Be Better Humans Sticker,default,,,Delivered,6.0,1.75,6.5,"December 31, 2025",No scheduled order date,'-
"December 27, 2025",NDWYCX5BUF,,Luckies Quick Mart,4502 50th Street,100.0,Lubbock,TX,79414-3612,United States,No Worries If Not Totally Cool Either Way Sticker,default,,,Delivered,6.0,1.75,4.75,"December 31, 2025",No scheduled order date,'-
"December 27, 2025",NDWYCX5BUF,,Luckies Quick Mart,4502 50th Street,100.0,Lubbock,TX,79414-3612,United States,Currently Dissociating Pen,default,,,Delivered,6.0,0.85,1.7,"December 31, 2025",No scheduled order date,'-
"December 27, 2025",NDWYCX5BUF,,Luckies Quick Mart,4502 50th Street,100.0,Lubbock,TX,79414-3612,United States,Disappointed But Not Surprised Pen,default,,,Delivered,6.0,0.8,2.75,"December 31, 2025",No scheduled order date,'-
"December 27, 2025",NDWYCX5BUF,,Luckies Quick Mart,4502 50th Street,100.0,Lubbock,TX,79414-3612,United States,I May Be Wrong But I Doubt It Pen,default,,,Delivered,6.0,0.8,2.75,"December 31, 2025",No scheduled order date,'-
"December 27, 2025",NDWYCX5BUF,,Luckies Quick Mart,4502 50th Street,100.0,Lubbock,TX,79414-3612,United States,"I May Be Laid Back, But I Can Lean Forward Real Fucking Quick Glitter Sticker",default,,,Delivered,6.0,1.75,4.75,"December 31, 2025",No scheduled order date,'-
"December 27, 2025",NDWYCX5BUF,,Luckies Quick Mart,4502 50th Street,100.0,Lubbock,TX,79414-3612,United States,"Sorry I Was Rude, It Was Probably Your Fault Pen",default,,,Delivered,6.0,0.8,2.75,"December 31, 2025",No scheduled order date,'-
"December 27, 2025",NDWYCX5BUF,,Luckies Quick Mart,4502 50th Street,100.0,Lubbock,TX,79414-3612,United States,Girls Will Be Girls Sticker,default,,,Delivered,6.0,1.75,4.75,"December 31, 2025",No scheduled order date,'-
"December 27, 2025",NDWYCX5BUF,,Luckies Quick Mart,4502 50th Street,100.0,Lubbock,TX,79414-3612,United States,"I May Be Wrong, But I Doubt It Keychain",default,,,Delivered,6.0,4.5,10.0,"December 31, 2025",No scheduled order date,'-
"December 27, 2025",NDWYCX5BUF,,Luckies Quick Mart,4502 50th Street,100.0,Lubbock,TX,79414-3612,United States,Little Ray Of Pitch Black Sticker,default,,,Delivered,6.0,1.75,4.75,"December 31, 2025",No scheduled order date,'-
"December 27, 2025",NDWYCX5BUF,,Luckies Quick Mart,4502 50th Street,100.0,Lubbock,TX,79414-3612,United States,Eat Shit Glitter Sticker,default,,,Delivered,6.0,1.75,4.75,"December 31, 2025",No scheduled order date,'-
"December 27, 2025",RVN9U9CH6K,,The Siren and The Sea: Books and Coffee,426 South Ave,,Rochester,NY,14620.0,United States,Disappointments All Of You Sticker,default,,,Delivered,9.0,1.75,4.75,"December 31, 2025",No scheduled order date,'-
"December 27, 2025",RVN9U9CH6K,,The Siren and The Sea: Books and Coffee,426 South Ave,,Rochester,NY,14620.0,United States,Awake But At What Cost Sticker,default,,,Delivered,10.0,1.75,4.75,"December 31, 2025",No scheduled order date,'-
"December 27, 2025",RVN9U9CH6K,,The Siren and The Sea: Books and Coffee,426 South Ave,,Rochester,NY,14620.0,United States,Peace Sign Hamster Sticker,default,,,Delivered,9.0,1.75,4.75,"December 31, 2025",No scheduled order date,'-
"December 27, 2025",RVN9U9CH6K,,The Siren and The Sea: Books and Coffee,426 South Ave,,Rochester,NY,14620.0,United States,Girl Dinner Sticker (Glitter or White Available),White,,,Delivered,9.0,1.75,4.75,"December 31, 2025",No scheduled order date,'-
"December 27, 2025",RVN9U9CH6K,,The Siren and The Sea: Books and Coffee,426 South Ave,,Rochester,NY,14620.0,United States,Strawberry Candy Holographic Sticker,default,,,Delivered,8.0,1.75,4.75,"December 31, 2025",No scheduled order date,'-
"December 27, 2025",RVN9U9CH6K,,The Siren and The Sea: Books and Coffee,426 South Ave,,Rochester,NY,14620.0,United States,Capitalism Gave Me IBS Glitter Sticker,default,,,Delivered,6.0,1.75,4.75,"December 31, 2025",No scheduled order date,'-
"December 27, 2025",RVN9U9CH6K,,The Siren and The Sea: Books and Coffee,426 South Ave,,Rochester,NY,14620.0,United States,Burn The Patriarchy Sticker,default,,,Delivered,6.0,1.75,4.75,"December 31, 2025",No scheduled order date,'-
"December 27, 2025",RVN9U9CH6K,,The Siren and The Sea: Books and Coffee,426 South Ave,,Rochester,NY,14620.0,United States,No Human Is Illegal Glitter Sticker,default,,,Delivered,6.0,1.75,4.75,"December 31, 2025",No scheduled order date,'-
"December 27, 2025",RVN9U9CH6K,,The Siren and The Sea: Books and Coffee,426 South Ave,,Rochester,NY,14620.0,United States,Thumbs Up Cat Sticker,default,,,Delivered,6.0,1.75,4.75,"December 31, 2025",No scheduled order date,'-
"December 27, 2025",2GR7SGKTT5,,Rabbit Hole Books,29 West First Street,,DAYTON,OH,45402.0,United States,Queen Of Books Magnet,default,,,Delivered,6.0,2.5,6.5,"December 31, 2025",No scheduled order date,'-
"December 27, 2025",2GR7SGKTT5,,Rabbit Hole Books,29 West First Street,,DAYTON,OH,45402.0,United States,Literacy and Justice For All Sticker,default,,,Delivered,6.0,1.75,4.75,"December 31, 2025",No scheduled order date,'-
"December 27, 2025",2GR7SGKTT5,,Rabbit Hole Books,29 West First Street,,DAYTON,OH,45402.0,United States,The Road To Fascism Is Paved With The People That Told You To Stop Overreacting Holographic Sticker,default,,,Delivered,6.0,1.75,4.75,"December 31, 2025",No scheduled order date,'-
"December 27, 2025",2GR7SGKTT5,,Rabbit Hole Books,29 West First Street,,DAYTON,OH,45402.0,United States,I've Heard Enough From Old White Men Button,default,,,Delivered,2.0,1.0,2.75,"December 31, 2025",No scheduled order date,'-
"December 27, 2025",2GR7SGKTT5,,Rabbit Hole Books,29 West First Street,,DAYTON,OH,45402.0,United States,Resist Sticker,default,,,Delivered,6.0,1.75,4.75,"December 31, 2025",No scheduled order date,'-
"December 27, 2025",2GR7SGKTT5,,Rabbit Hole Books,29 West First Street,,DAYTON,OH,45402.0,United States,Daily Shitstorm Survivors Club Button,default,,,Delivered,2.0,1.0,2.75,"December 31, 2025",No scheduled order date,'-
"December 27, 2025",2GR7SGKTT5,,Rabbit Hole Books,29 West First Street,,DAYTON,OH,45402.0,United States,Books Because Coping With Reality Is Not An Option At The Moment Glitter Sticker,default,,,Delivered,6.0,1.75,4.75,"December 31, 2025",No scheduled order date,'-
"December 27, 2025",2GR7SGKTT5,,Rabbit Hole Books,29 West First Street,,DAYTON,OH,45402.0,United States,Books Are Magic Pixie Glitter Sticker,default,,,Delivered,6.0,1.75,4.75,"December 31, 2025",No scheduled order date,'-
"December 27, 2025",2GR7SGKTT5,,Rabbit Hole Books,29 West First Street,,DAYTON,OH,45402.0,United States,Raccoon Fairy Holographic Sticker,default,,,Delivered,6.0,1.75,4.75,"December 31, 2025",No scheduled order date,'-
"December 27, 2025",2GR7SGKTT5,,Rabbit Hole Books,29 West First Street,,DAYTON,OH,45402.0,United States,I May Be Wrong But I Doubt It Pen,default,,,Delivered,25.0,0.8,2.75,"December 31, 2025",No scheduled order date,'-
"December 27, 2025",2GR7SGKTT5,,Rabbit Hole Books,29 West First Street,,DAYTON,OH,45402.0,United States,Currently Dissociating Pen,default,,,Delivered,25.0,0.85,1.7,"December 31, 2025",No scheduled order date,'-
"December 27, 2025",2GR7SGKTT5,,Rabbit Hole Books,29 West First Street,,DAYTON,OH,45402.0,United States,"Sorry I Was Rude, It Was Probably Your Fault Pen",default,,,Delivered,25.0,0.8,2.75,"December 31, 2025",No scheduled order date,'-
"December 27, 2025",2GR7SGKTT5,,Rabbit Hole Books,29 West First Street,,DAYTON,OH,45402.0,United States,"Mini Troll Surprise Packs - 3, 6 or 10!",6 pack,,,Delivered,10.0,2.99,5.99,"December 31, 2025",No scheduled order date,'-
"December 27, 2025",2GR7SGKTT5,,Rabbit Hole Books,29 West First Street,,DAYTON,OH,45402.0,United States,"Do You Have Any Fucks? Not Even One, Girl. Go Fish. Sticker",default,,,Delivered,6.0,1.75,4.75,"December 31, 2025",No scheduled order date,'-
"December 27, 2025",2GR7SGKTT5,,Rabbit Hole Books,29 West First Street,,DAYTON,OH,45402.0,United States,"I May Be Laid Back, But I Can Lean Forward Real Fucking Quick Glitter Sticker",default,,,Delivered,6.0,1.75,4.75,"December 31, 2025",No scheduled order date,'-
"December 27, 2025",2GR7SGKTT5,,Rabbit Hole Books,29 West First Street,,DAYTON,OH,45402.0,United States,Cool Girls Know History Sticker,default,,,Delivered,6.0,1.75,4.25,"December 31, 2025",No scheduled order date,'-
"December 27, 2025",2GR7SGKTT5,,Rabbit Hole Books,29 West First Street,,DAYTON,OH,45402.0,United States,Just Be A Good Human Glitter Sticker,default,,,Delivered,6.0,1.75,4.75,"December 31, 2025",No scheduled order date,'-
"December 27, 2025",2GR7SGKTT5,,Rabbit Hole Books,29 West First Street,,DAYTON,OH,45402.0,United States,Let's Be Better Humans Sticker,default,,,Delivered,6.0,1.75,6.5,"December 31, 2025",No scheduled order date,'-
"December 27, 2025",2GR7SGKTT5,,Rabbit Hole Books,29 West First Street,,DAYTON,OH,45402.0,United States,Caring About People Is Not Political Sticker,default,,,Delivered,6.0,1.75,4.75,"December 31, 2025",No scheduled order date,'-
"December 27, 2025",2GR7SGKTT5,,Rabbit Hole Books,29 West First Street,,DAYTON,OH,45402.0,United States,You've Just Buttered Your Last Biscuit Sticker,default,,,Delivered,6.0,1.75,4.75,"December 31, 2025",No scheduled order date,'-
"December 27, 2025",2GR7SGKTT5,,Rabbit Hole Books,29 West First Street,,DAYTON,OH,45402.0,United States,Community Is Resistance Sticker,default,,,Delivered,6.0,1.75,4.75,"December 31, 2025",No scheduled order date,'-
"December 27, 2025",GHWYTRWGDY,,The Public Pet,3422 Waialae Avenue,#101,Honolulu,HI,96816.0,United States,Have The Day You Voted For Sticker,Yellow Background,,,Delivered,6.0,1.75,4.75,"December 31, 2025",No scheduled order date,'-
"December 27, 2025",GHWYTRWGDY,,The Public Pet,3422 Waialae Avenue,#101,Honolulu,HI,96816.0,United States,Cats Against Capitalism Sticker,default,,,Delivered,10.0,1.75,4.75,"December 31, 2025",No scheduled order date,'-
"December 27, 2025",GHWYTRWGDY,,The Public Pet,3422 Waialae Avenue,#101,Honolulu,HI,96816.0,United States,I've Heard Enough From Old White Men Sticker,default,,,Delivered,10.0,1.75,4.75,"December 31, 2025",No scheduled order date,'-
"December 27, 2025",GHWYTRWGDY,,The Public Pet,3422 Waialae Avenue,#101,Honolulu,HI,96816.0,United States,Strawberry Candy Holographic Sticker,default,,,Delivered,15.0,1.75,4.75,"December 31, 2025",No scheduled order date,'-
"December 27, 2025",GHWYTRWGDY,,The Public Pet,3422 Waialae Avenue,#101,Honolulu,HI,96816.0,United States,Diet Coke Slut Glitter Sticker,default,,,Delivered,15.0,1.75,4.75,"December 31, 2025",No scheduled order date,'-
"December 27, 2025",GHWYTRWGDY,,The Public Pet,3422 Waialae Avenue,#101,Honolulu,HI,96816.0,United States,Fuck The Patriarchy Sticker,default,,,Delivered,15.0,1.75,4.25,"December 31, 2025",No scheduled order date,'-
