customer_id,product_id,product_name,product_category,transaction_date,sales_amount,city,state,county,location,address_1,address_2,zip_code,country,full_address,order_number,order_count,status,quantity,wholesale_price,retail_price
The Secret Beach,23AMXJQSZG,Order 23AMXJQSZG,"Stickers, pins, & magnets",2025-09-18,156.0,Frankfort,MI,,"Frankfort, MI",923 Hall Street,,49635,United States,"923 Hall Street, Frankfort, MI 49635, United States",23AMXJQSZG,1,Delivered,90,1.73,417.0
Andersonville Galleria,23KWASASVA,Order 23KWASASVA,"Stickers, pins, & magnets",2025-11-04,130.5,Chicago,IL,,"Chicago, IL",5247 N Clark,,60640,United States,"5247 N Clark, Chicago, IL 60640, United States",23KWASASVA,1,Delivered,18,7.94,268.5
Poppy & Wonderments Design House,24HPURF5YN,Order 24HPURF5YN,"Stickers, pins, & magnets",2026-04-11,164.3,West Saint Paul,MN,,"West Saint Paul, MN",374 Annapolis Street West,,55118,United States,"374 Annapolis Street West, West Saint Paul, MN 55118, United States",24HPURF5YN,1,Shipped,109,1.67,444.2
A Shop of Things,26B8D3ZMMD,Order 26B8D3ZMMD,"Stickers, pins, & magnets",2026-03-16,231.0,Nashville,TN,,"Nashville, TN",3241 Gallatin Pike,(door says 3239),37216,United States,"3241 Gallatin Pike, (door says 3239), Nashville, TN 37216, United States",26B8D3ZMMD,1,Delivered,126,1.86,627.6
Nature's Pantry,26BCDAG5AX,Order 26BCDAG5AX,Mixed order,2026-04-06,102.48,New Windsor,NY,,"New Windsor, NY",436 Blooming Grove Tpke Ste 300,,12553,United States,"436 Blooming Grove Tpke Ste 300, New Windsor, NY 12553, United States",26BCDAG5AX,1,Delivered,60,1.8,279.08
Auntie's Bookstore,2CE43PJFY7,Order 2CE43PJFY7,Mixed order,2026-04-07,200.0,Spokane,WA,,"Spokane, WA",402 West Main Avenue,,99201,United States,"402 West Main Avenue, Spokane, WA 99201, United States",2CE43PJFY7,1,Delivered,86,3.4,502.0
Tandem Brick Gallery,2D4UHEAZ7F,Order 2D4UHEAZ7F,Mixed order,2026-01-30,180.8,Des Moines,IA,,"Des Moines, IA",2722 Ingersoll Ave.,,50312,United States,"2722 Ingersoll Ave., Des Moines, IA 50312, United States",2D4UHEAZ7F,1,Delivered,71,3.45,433.0
Odds And Ends Emporium,2GJBK3RNW4,Order 2GJBK3RNW4,"Stickers, pins, & magnets",2026-03-28,178.5,Colorado Springs,CO,,"Colorado Springs, CO",1604 South Cascade Avenue,Suite 170,80905,United States,"1604 South Cascade Avenue, Suite 170, Colorado Springs, CO 80905, United States",2GJBK3RNW4,1,Delivered,102,1.75,484.5
Rabbit Hole Books,2GR7SGKTT5,Order 2GR7SGKTT5,Mixed order,2025-12-27,257.15,Dayton,OH,,"Dayton, OH",29 West First Street,,45402,United States,"29 West First Street, Dayton, OH 45402, United States",2GR7SGKTT5,1,Delivered,179,1.64,696.4
Let's Play Books Bookstore,2KD8WSP4KQ,Order 2KD8WSP4KQ,Mixed order,2025-10-28,162.0,Allentown,PA,,"Allentown, PA",3055 W. Tilghman St.,,18104,United States,"3055 W. Tilghman St., Allentown, PA 18104, United States",2KD8WSP4KQ,1,Delivered,36,5.29,354.0
"ZELDA ZEN, L.L.C.",2NXV22K92X,Order 2NXV22K92X,"Stickers, pins, & magnets",2026-04-12,101.0,Baltimore,MD,,"Baltimore, MD",1634 thames street,,21231,United States,"1634 thames street, Baltimore, MD 21231, United States",2NXV22K92X,1,Processing,20,4.5,218.2
Heart Mercantile,2SVEFBA8HY,Order 2SVEFBA8HY,"Stickers, pins, & magnets",2026-03-31,178.5,Dayton,OH,,"Dayton, OH",601 East 5th Street,,45402,United States,"601 East 5th Street, Dayton, OH 45402, United States",2SVEFBA8HY,1,Delivered,108,1.68,485.4
ComeUnityPDX,2VH6WYEE7T,Order 2VH6WYEE7T,Mixed order,2026-03-05,196.05,Portland,OR,,"Portland, OR",3536 Southwest Troy Street,suite b,97219,United States,"3536 Southwest Troy Street, suite b, Portland, OR 97219, United States",2VH6WYEE7T,1,Delivered,30,5.94,405.0
basic.,2YJH5FFSKC,Order 2YJH5FFSKC,Mixed order,2026-03-31,630.46,Birmingham,AL,,"Birmingham, AL",2214 2nd Avenue North,,35203,United States,"2214 2nd Avenue North, Birmingham, AL 35203, United States",2YJH5FFSKC,1,Delivered,394,1.69,1663.96
A Shop of Things,384CN9QBSG,Order 384CN9QBSG,"Stickers, pins, & magnets",2026-04-06,126.0,Nashville,TN,,"Nashville, TN",3241 Gallatin Pike,(door says 3239),37216,United States,"3241 Gallatin Pike, (door says 3239), Nashville, TN 37216, United States",384CN9QBSG,1,Delivered,72,1.75,343.2
Barton's Bloom Boutique,3EVQZ6P6NF,Order 3EVQZ6P6NF,Mixed order,2026-03-24,211.5,Santa Fe,NM,,"Santa Fe, NM",528 North Guadalupe Street,Barton's Bloom Boutique,87501,United States,"528 North Guadalupe Street, Barton's Bloom Boutique, Santa Fe, NM 87501, United States",3EVQZ6P6NF,1,Delivered,36,7.25,445.5
Edmonds Bowl Ace Hardware,3KRXUDYCD9,Order 3KRXUDYCD9,Mixed order,2026-02-20,294.6,Edmonds,WA,,"Edmonds, WA",550 5th Avenue South,,98020,United States,"550 5th Avenue South, Edmonds, WA 98020, United States",3KRXUDYCD9,1,Delivered,123,2.87,721.95
Uptown Confections & Curiosities,3KXAWCKC7J,Order 3KXAWCKC7J,Mixed order,2026-04-12,295.25,Ankeny,IA,,"Ankeny, IA",519 SW 3rd Street,,50023,United States,"519 SW 3rd Street, Ankeny, IA 50023, United States",3KXAWCKC7J,1,Processing,201,2.57,760.75
Green Feather Book Company,3UMMF66E7P,Order 3UMMF66E7P,Mixed order,2026-01-19,280.0,Norman,OK,,"Norman, OK","300 W. Gray Street, suite 108 & 110",,73069,United States,"300 W. Gray Street, suite 108 & 110, Norman, OK 73069, United States",3UMMF66E7P,1,Delivered,192,1.48,786.5
La Henna Boheme,3UP25JKGJD,Order 3UP25JKGJD,"Stickers, pins, & magnets",2025-08-13,270.0,Manitou Springs,CO,,"Manitou Springs, CO",801 Manitou Avenue,,80829,United States,"801 Manitou Avenue, Manitou Springs, CO 80829, United States",3UP25JKGJD,1,Delivered,126,2.5,739.5
Carmichael's Bookstore,3WBZ6JU8BK,Order 3WBZ6JU8BK,Mixed order,2025-10-08,156.0,Louisville,KY,,"Louisville, KY",2016 New Main St.,,40206,United States,"2016 New Main St., Louisville, KY 40206, United States",3WBZ6JU8BK,1,Delivered,75,2.38,396.0
Lola of North Beach,3XYSDKACWW,Order 3XYSDKACWW,"Stickers, pins, & magnets",2026-03-25,348.0,San Francisco,CA,,"San Francisco, CA",2235 Polk Street,,94109,United States,"2235 Polk Street, San Francisco, CA 94109, United States",3XYSDKACWW,1,Delivered,180,2.09,922.8
Books and Company,3ZFVVXD4MC,Order 3ZFVVXD4MC,"Stickers, pins, & magnets",2026-04-11,105.0,Wallingford,CT,,"Wallingford, CT",162B North Whittlesey Avenue,,06492,United States,"162B North Whittlesey Avenue, Wallingford, CT 06492, United States",3ZFVVXD4MC,1,Processing,60,1.75,285.0
Vault Books & Brew,43T4WESD9A,Order 43T4WESD9A,"Stickers, pins, & magnets",2025-10-13,103.5,Castle Rock,WA,,"Castle Rock, WA",20 Cowlitz Street West 828,P.O. Box 828,98611,United States,"20 Cowlitz Street West 828, P.O. Box 828, Castle Rock, WA 98611, United States",43T4WESD9A,1,Delivered,45,2.93,259.5
Bodega Boise,4AJ7Q7XBR6,Order 4AJ7Q7XBR6,Mixed order,2026-02-21,457.5,Boise,ID,,"Boise, ID",1007 West Main Street,Bodega Boise,83702,United States,"1007 West Main Street, Bodega Boise, Boise, ID 83702, United States",4AJ7Q7XBR6,1,Delivered,48,9.53,919.5
Bookmans,4CB3FA269P,Order 4CB3FA269P,Mixed order,2025-10-30,337.0,Flagstaff,AZ,,"Flagstaff, AZ",1520 South Riordan Ranch Street,,86001,United States,"1520 South Riordan Ranch Street, Flagstaff, AZ 86001, United States",4CB3FA269P,1,Delivered,94,5.12,791.0
Ink Spell Books,4D8D4YNAW9,Order 4D8D4YNAW9,Mixed order,2025-10-26,172.0,Half Moon Bay,CA,,"Half Moon Bay, CA",621 Main Street,,94019,United States,"621 Main Street, Half Moon Bay, CA 94019, United States",4D8D4YNAW9,1,Delivered,37,6.33,374.0
Florida Botanical Gardens Gift Shop,4JU5MK6JUN,Order 4JU5MK6JUN,Mixed order,2026-01-21,215.5,Largo,FL,,"Largo, FL",12520 Ulmerton Rd,Florida Botanical Gardens Foundation,33774,United States,"12520 Ulmerton Rd, Florida Botanical Gardens Foundation, Largo, FL 33774, United States",4JU5MK6JUN,1,Delivered,136,1.7,593.0
Mountain Shire: Books & Gifts,4M8SGYAD6Z,Order 4M8SGYAD6Z,Mixed order,2026-03-19,285.0,Winter Park,CO,,"Winter Park, CO",63 Cooper Creek Way,Suite 231 - BX 1146,80482-1146,United States,"63 Cooper Creek Way, Suite 231 - BX 1146, Winter Park, CO 80482-1146, United States",4M8SGYAD6Z,1,Delivered,78,6.25,641.4
"The Feel Goods, LLC",4MKWU35ZU5,Order 4MKWU35ZU5,Mixed order,2026-03-30,152.3,Tipton,IN,,"Tipton, IN",114 WEST Jefferson Street,,46072,United States,"114 WEST Jefferson Street, Tipton, IN 46072, United States",4MKWU35ZU5,1,Delivered,116,1.39,418.7
Ren’s coffeehouse and books,4QW4ZSMF8A,Order 4QW4ZSMF8A,Mixed order,2026-03-30,499.5,Deptford,NJ,,"Deptford, NJ",149 Treeline Drive,,08096,United States,"149 Treeline Drive, Deptford, NJ 08096, United States",4QW4ZSMF8A,1,Delivered,144,4.4,1143.3
Bike Trail Books,4UX8TWYJ79,Order 4UX8TWYJ79,Mixed order,2026-03-23,341.05,Loveland,OH,,"Loveland, OH",6638 Miami Trails Drive,,45140,United States,"6638 Miami Trails Drive, Loveland, OH 45140, United States",4UX8TWYJ79,1,Delivered,152,3.11,834.25
The Wylde Beet,4Y34BHPKNT,Order 4Y34BHPKNT,"Stickers, pins, & magnets",2025-10-16,101.5,Hailey,ID,,"Hailey, ID",400 North Main Street,,83333,United States,"400 North Main Street, Hailey, ID 83333, United States",4Y34BHPKNT,1,Delivered,58,1.75,275.5
This House of Books,59MG7TV33J,Order 59MG7TV33J,Mixed order,2025-10-21,501.0,Billings,MT,,"Billings, MT",116 N 29th St.,Ste. B,59101,United States,"116 N 29th St., Ste. B, Billings, MT 59101, United States",59MG7TV33J,1,Delivered,123,5.14,1107.0
Blanco Creek Boutique,5BDH8S9AFH,Order 5BDH8S9AFH,Mixed order,2026-01-15,165.0,Tucumcari,NM,,"Tucumcari, NM",1502 South 1st Street,,88401,United States,"1502 South 1st Street, Tucumcari, NM 88401, United States",5BDH8S9AFH,1,Delivered,148,1.39,503.0
The Book Juggler,5E6E7GEMM4,Order 5E6E7GEMM4,Mixed order,2025-09-10,153.0,Willits,CA,,"Willits, CA",182 S Main St,,95490,United States,"182 S Main St, Willits, CA 95490, United States",5E6E7GEMM4,1,Delivered,45,4.5,348.0
Wild Sisters Book Company,5GBWMW447V,Order 5GBWMW447V,Mixed order,2026-01-19,203.9,Sacramento,CA,,"Sacramento, CA",3325 Folsom Blvd,,95816,United States,"3325 Folsom Blvd, Sacramento, CA 95816, United States",5GBWMW447V,1,Delivered,107,2.92,517.5
Prose and Pints LLC,5H2AT839C3,Order 5H2AT839C3,Stationery & writing,2026-04-12,115.5,Georgetown,TX,,"Georgetown, TX",2109 Wooded Run Trail,,78628,United States,"2109 Wooded Run Trail, Georgetown, TX 78628, United States",5H2AT839C3,1,Processing,39,3.9,262.5
L.O.F.T. of Asheville,5MHNJN2PXG,Order 5MHNJN2PXG,"Stickers, pins, & magnets",2026-03-19,1110.0,Asheville,NC,,"Asheville, NC",53 Broadway Street,,28801,United States,"53 Broadway Street, Asheville, NC 28801, United States",5MHNJN2PXG,1,Delivered,606,2.14,3006.0
The Siren and The Sea: Books and Coffee,5MX2XET2UZ,Order 5MX2XET2UZ,Mixed order,2025-09-26,248.0,Rochester,NY,,"Rochester, NY",426 South Ave,,14620,United States,"426 South Ave, Rochester, NY 14620, United States",5MX2XET2UZ,1,Delivered,113,2.26,625.0
Protagonist Books & Coffee,5QQZKRSUZ6,Order 5QQZKRSUZ6,Mixed order,2025-11-17,244.5,Dryden,NY,,"Dryden, NY",8 West Main Street,249,13053,United States,"8 West Main Street, 249, Dryden, NY 13053, United States",5QQZKRSUZ6,1,Delivered,69,4.7,564.0
Odd One Out DBA Barbour Shop Creative Services,5RJZEMD9AU,Order 5RJZEMD9AU,"Stickers, pins, & magnets",2025-11-20,82.48,Clayton,NC,,"Clayton, NC",400 E Main St,,27520,United States,"400 E Main St, Clayton, NC 27520, United States",5RJZEMD9AU,1,Delivered,52,1.77,218.73
Vault Books & Brew,5RX5FKPK3U,Order 5RX5FKPK3U,Mixed order,2025-08-11,154.5,Castle Rock,WA,,"Castle Rock, WA",20 Cowlitz Street West 828,P.O. Box 828,98611,United States,"20 Cowlitz Street West 828, P.O. Box 828, Castle Rock, WA 98611, United States",5RX5FKPK3U,1,Delivered,60,3.25,396.0
Cozy Calico Books,5WVHF4MQG6,Order 5WVHF4MQG6,"Stickers, pins, & magnets",2026-01-26,216.0,Woodbridge,VA,,"Woodbridge, VA",2728 Omisol Road,,22192-3829,United States,"2728 Omisol Road, Woodbridge, VA 22192-3829, United States",5WVHF4MQG6,1,Delivered,81,3.4,519.0
Sagebrush + Saguaro,5ZFKA4YJN2,Order 5ZFKA4YJN2,"Stickers, pins, & magnets",2025-09-25,217.0,Tucson,AZ,,"Tucson, AZ",735 North 4th Avenue,Sagebrush + Saguaro,85705-8445,United States,"735 North 4th Avenue, Sagebrush + Saguaro, Tucson, AZ 85705-8445, United States",5ZFKA4YJN2,1,Delivered,124,1.75,589.0
Gallery Bookshop & Bookwinkles,64CCCQTNSK,Order 64CCCQTNSK,"Stickers, pins, & magnets",2026-03-15,219.0,Mendocino,CA,,"Mendocino, CA",319 Kasten Street,Box 270,95460,United States,"319 Kasten Street, Box 270, Mendocino, CA 95460, United States",64CCCQTNSK,1,Delivered,111,2.58,569.4
Lotus Blooms,65WRG4SM25,Order 65WRG4SM25,"Stickers, pins, & magnets",2026-04-03,133.0,Alexandria,VA,,"Alexandria, VA",1017 King Street,,22314,United States,"1017 King Street, Alexandria, VA 22314, United States",65WRG4SM25,1,Delivered,76,1.75,361.0
hello again books,67QHSBN7XV,Order 67QHSBN7XV,Mixed order,2025-12-30,153.0,Cocoa,FL,,"Cocoa, FL",19 Parkway St,,32922,United States,"19 Parkway St, Cocoa, FL 32922, United States",67QHSBN7XV,1,Delivered,45,4.5,361.5
Sisters Books & Nooks,67Y7CTMZD8,Order 67Y7CTMZD8,"Stickers, pins, & magnets",2026-02-10,105.0,Cedar Rapids,IA,,"Cedar Rapids, IA",2620 Primrose Lane Southwest,,52404-2452,United States,"2620 Primrose Lane Southwest, Cedar Rapids, IA 52404-2452, United States",67Y7CTMZD8,1,Delivered,60,1.75,285.0
Self Serve Toys,6AQYYH7QEJ,Order 6AQYYH7QEJ,"Stickers, pins, & magnets",2026-01-20,210.0,Albuquerque,NM,,"Albuquerque, NM",112 Morningside NE,,87108,United States,"112 Morningside NE, Albuquerque, NM 87108, United States",6AQYYH7QEJ,1,Delivered,120,1.75,567.0
BOOKS+,6C7XFQD44S,Order 6C7XFQD44S,Mixed order,2026-03-12,158.85,Indianapolis,IN,,"Indianapolis, IN",6583 Pointe East Court,,46250,United States,"6583 Pointe East Court, Indianapolis, IN 46250, United States",6C7XFQD44S,1,Delivered,72,2.39,387.0
L.O.F.T. of Asheville,6CKKBMHCK5,Order 6CKKBMHCK5,"Stickers, pins, & magnets",2025-08-19,265.75,Asheville,NC,,"Asheville, NC",53 Broadway Street,,28801,United States,"53 Broadway Street, Asheville, NC 28801, United States",6CKKBMHCK5,1,Delivered,115,3.54,651.25
Distant Lands,6E5558RDYY,Order 6E5558RDYY,Stationery & writing,2026-01-27,102.0,Penfield,NY,,"Penfield, NY",96 Camberley Place,,14526,United States,"96 Camberley Place, Penfield, NY 14526, United States",6E5558RDYY,1,Delivered,120,0.85,330.0
Moscow Contemporary Gift Store,6EKAN9GJTM,Order 6EKAN9GJTM,"Stickers, pins, & magnets",2025-12-16,115.5,Moscow,ID,,"Moscow, ID",2012 W Pullman Rd,,83843,United States,"2012 W Pullman Rd, Moscow, ID 83843, United States",6EKAN9GJTM,1,Delivered,66,1.75,310.5
Kith + Kissui,6FD6KXEYCB,Order 6FD6KXEYCB,"Stickers, pins, & magnets",2025-12-01,235.5,Redlands,CA,,"Redlands, CA",5 East Citrus Avenue#104,,92373,United States,"5 East Citrus Avenue#104, Redlands, CA 92373, United States",6FD6KXEYCB,1,Delivered,126,1.87,627.0
Brain Food Books,6FQTKZMYD6,Order 6FQTKZMYD6,Mixed order,2025-09-23,163.5,Salt Lake City,UT,,"Salt Lake City, UT",6490 S 1140 W,,84123,United States,"6490 S 1140 W, Salt Lake City, UT 84123, United States",6FQTKZMYD6,1,Delivered,51,4.84,379.5
Shes1oak,6JD3UFNKHB,Order 6JD3UFNKHB,"Stickers, pins, & magnets",2026-02-24,205.41,Orlando,FL,,"Orlando, FL",19141 Planetree Street,,32827,United States,"19141 Planetree Street, Orlando, FL 32827, United States",6JD3UFNKHB,1,Delivered,124,6.22,448.41
L.O.F.T. of Asheville,6JP6UVPMVU,Order 6JP6UVPMVU,"Stickers, pins, & magnets",2025-08-07,241.0,Asheville,NC,,"Asheville, NC",53 Broadway Street,,28801,United States,"53 Broadway Street, Asheville, NC 28801, United States",6JP6UVPMVU,1,Delivered,100,3.12,591.0
VAIN,6N3YEZ5BBV,Order 6N3YEZ5BBV,"Stickers, pins, & magnets",2026-01-23,206.5,Seattle,WA,,"Seattle, WA",4513 California Avenue Southwest,,98116,United States,"4513 California Avenue Southwest, Seattle, WA 98116, United States",6N3YEZ5BBV,1,Delivered,118,1.75,567.5
La Henna Boheme,6PQ99TKR36,Order 6PQ99TKR36,"Stickers, pins, & magnets",2025-11-30,102.0,Manitou Springs,CO,,"Manitou Springs, CO",801 Manitou Avenue,,80829,United States,"801 Manitou Avenue, Manitou Springs, CO 80829, United States",6PQ99TKR36,1,Delivered,57,1.82,268.5
Caspian Books,6R8ECJ7WKA,Order 6R8ECJ7WKA,Mixed order,2025-11-28,148.5,Tracy,CA,,"Tracy, CA",1611 W 12TH ST,,95376,United States,"1611 W 12TH ST, Tracy, CA 95376, United States",6R8ECJ7WKA,1,Delivered,106,1.61,423.5
Two Birds Books,6RQTP85F22,Order 6RQTP85F22,Mixed order,2026-03-08,185.75,Santa Cruz,CA,,"Santa Cruz, CA",881 41st Avenue,,95062,United States,"881 41st Avenue, Santa Cruz, CA 95062, United States",6RQTP85F22,1,Delivered,38,6.23,400.45
Edmonds Bowl Ace Hardware,6RUTJG83GN,Order 6RUTJG83GN,Mixed order,2026-02-03,391.35,Edmonds,WA,,"Edmonds, WA",550 5th Avenue South,,98020,United States,"550 5th Avenue South, Edmonds, WA 98020, United States",6RUTJG83GN,1,Delivered,268,2.17,1035.5
Stevie & Mikey,6U3EHGQDWK,Order 6U3EHGQDWK,"Stickers, pins, & magnets",2026-04-09,151.0,Graham,NC,,"Graham, NC",5844 Andover Drive,,27253,United States,"5844 Andover Drive, Graham, NC 27253, United States",6U3EHGQDWK,1,Shipped,92,1.61,407.0
Island Treasure Toys,6ZNJNEFGZW,Order 6ZNJNEFGZW,"Stickers, pins, & magnets",2026-01-21,365.0,Yarmouth Town,ME,,"Yarmouth Town, ME",805 U.S. 1,,04096,United States,"805 U.S. 1, Yarmouth Town, ME 04096, United States",6ZNJNEFGZW,1,Delivered,340,1.61,965.0
Petty Betty & Co.,72EZU8VUAT,Order 72EZU8VUAT,"Stickers, pins, & magnets",2025-12-14,337.75,Broken Arrow,OK,,"Broken Arrow, OK",2905 West Edgewater Street,,74012-7694,United States,"2905 West Edgewater Street, Broken Arrow, OK 74012-7694, United States",72EZU8VUAT,1,Delivered,196,1.73,921.5
Lotus Blooms,737KXRE6ZN,Order 737KXRE6ZN,"Stickers, pins, & magnets",2025-11-03,229.5,Alexandria,VA,,"Alexandria, VA",1017 King Street,,22314,United States,"1017 King Street, Alexandria, VA 22314, United States",737KXRE6ZN,1,Delivered,117,2.16,601.5
Cedar Chest,73P9Z9TGZZ,Order 73P9Z9TGZZ,Mixed order,2026-01-23,299.05,Northampton,MA,,"Northampton, MA",150 Main Street,,01060,United States,"150 Main Street, Northampton, MA 01060, United States",73P9Z9TGZZ,1,Delivered,121,2.98,731.75
Chapter Book Lounge,74FMBMZSTJ,Order 74FMBMZSTJ,"Stickers, pins, & magnets",2026-03-02,189.0,Noblesville,IN,,"Noblesville, IN",996 Conner Street,,46060,United States,"996 Conner Street, Noblesville, IN 46060, United States",74FMBMZSTJ,1,Delivered,108,1.75,534.0
The Shore Shoppe,76G2Y3EBCT,Order 76G2Y3EBCT,"Stickers, pins, & magnets",2026-04-02,108.5,Pacifica,CA,,"Pacifica, CA",450 Dondee Way,#1,94044,United States,"450 Dondee Way, #1, Pacifica, CA 94044, United States",76G2Y3EBCT,1,Delivered,62,1.75,289.5
Corner Store,78FW6972V2,Order 78FW6972V2,"Stickers, pins, & magnets",2025-10-08,1.75,Broadus,MT,,"Broadus, MT",106 W HOLT ST,,59317,United States,"106 W HOLT ST, Broadus, MT 59317, United States",78FW6972V2,1,Delivered,1,1.75,4.75
Pocono Soap,7AA8QRGWRQ,Order 7AA8QRGWRQ,Mixed order,2026-01-02,583.0,Stroudsburg,PA,,"Stroudsburg, PA",10 North 7th Street,,18360,United States,"10 North 7th Street, Stroudsburg, PA 18360, United States",7AA8QRGWRQ,1,Delivered,440,1.61,1663.0
Marfa Mood Mercantile,7DB5GW8CRK,Order 7DB5GW8CRK,"Stickers, pins, & magnets",2026-04-03,148.5,Marfa,TX,,"Marfa, TX",301 W El Paso St,Box 1724,79843-1724,United States,"301 W El Paso St, Box 1724, Marfa, TX 79843-1724, United States",7DB5GW8CRK,1,Delivered,87,1.69,404.45
Props for the Home,7GCK64KZJJ,Order 7GCK64KZJJ,"Stickers, pins, & magnets",2025-09-16,241.5,South Haven,MI,,"South Haven, MI",528 Phoenix Street,,49090,United States,"528 Phoenix Street, South Haven, MI 49090, United States",7GCK64KZJJ,1,Delivered,138,1.75,666.0
JewelryJunkieKate,7MT44NN4KZ,Order 7MT44NN4KZ,Mixed order,2026-03-07,296.75,Lake Jackson,TX,,"Lake Jackson, TX",202 Tamarind Street,,77566,United States,"202 Tamarind Street, Lake Jackson, TX 77566, United States",7MT44NN4KZ,1,Delivered,185,1.71,828.75
Martha Ehlman,7MYJNUXW43,Order 7MYJNUXW43,"Stickers, pins, & magnets",2025-07-23,655.5,Harpers Ferry,WV,,"Harpers Ferry, WV","180 High Street, Suite 1 A/B",If shipping USPS use PO Box 1313,25425,United States,"180 High Street, Suite 1 A/B, If shipping USPS use PO Box 1313, Harpers Ferry, WV 25425, United States",7MYJNUXW43,1,Delivered,366,1.92,1701.5
"Gather Your Party Games & Hobbies, LLC",7PXDYGYGKN,Order 7PXDYGYGKN,"Stickers, pins, & magnets",2026-04-07,169.0,Carlisle,PA,,"Carlisle, PA",219 North Hanover Street,,17013,United States,"219 North Hanover Street, Carlisle, PA 17013, United States",7PXDYGYGKN,1,Delivered,94,1.93,468.3
Nature's Pantry,7SKENE729G,Order 7SKENE729G,Mixed order,2026-01-20,134.59,New Windsor,NY,,"New Windsor, NY",436 Blooming Grove Tpke Ste 300,,12553,United States,"436 Blooming Grove Tpke Ste 300, New Windsor, NY 12553, United States",7SKENE729G,1,Delivered,92,1.66,374.99
CurioBlack,7SKNHDVHGT,Order 7SKNHDVHGT,Mixed order,2026-02-28,208.0,Lewes,DE,,"Lewes, DE",22868 Sycamore Drive,Angola by the Bay,19958,United States,"22868 Sycamore Drive, Angola by the Bay, Lewes, DE 19958, United States",7SKNHDVHGT,1,Delivered,64,4.11,475.7
Bookstore1Sarasota,7UQGFWEXDC,Order 7UQGFWEXDC,Mixed order,2026-01-21,204.0,Sarasota,FL,,"Sarasota, FL",117 South Pineapple Avenue,,34236,United States,"117 South Pineapple Avenue, Sarasota, FL 34236, United States",7UQGFWEXDC,1,Delivered,60,3.12,468.0
Fabled Designs,7VQU2N9K2R,Order 7VQU2N9K2R,"Stickers, pins, & magnets",2025-09-11,150.5,Fort Bragg,CA,,"Fort Bragg, CA",116 East Laurel Street,,95437,United States,"116 East Laurel Street, Fort Bragg, CA 95437, United States",7VQU2N9K2R,1,Delivered,65,2.75,371.0
Heathered Yarn Co,7WZ43VGNXR,Order 7WZ43VGNXR,"Stickers, pins, & magnets",2025-10-16,118.5,Grass Valley,CA,,"Grass Valley, CA",109 West Main Street,,95945,United States,"109 West Main Street, Grass Valley, CA 95945, United States",7WZ43VGNXR,1,Delivered,81,1.5,318.0
Eagle Eye Book Shop,7YKHN8BQGF,Order 7YKHN8BQGF,Mixed order,2026-01-21,460.5,Decatur,GA,,"Decatur, GA",2076 North Decatur Road,,30033,United States,"2076 North Decatur Road, Decatur, GA 30033, United States",7YKHN8BQGF,1,Delivered,150,4.03,1078.5
Jena Priebe,864YH9U2FX,Order 864YH9U2FX,Mixed order,2026-01-22,371.5,Los Angeles,CA,,"Los Angeles, CA",453 South Spring Street,301,90013,United States,"453 South Spring Street, 301, Los Angeles, CA 90013, United States",864YH9U2FX,1,Delivered,239,2.04,983.0
Bookish,8DPE2DGHXX,Order 8DPE2DGHXX,Mixed order,2025-09-21,128.0,Modesto,CA,,"Modesto, CA",811 W. Roseburg Avenue,,95350,United States,"811 W. Roseburg Avenue, Modesto, CA 95350, United States",8DPE2DGHXX,1,Delivered,59,2.93,321.0
SeeWhich Books,8E6PY5WW8R,Order 8E6PY5WW8R,"Stickers, pins, & magnets",2026-03-29,157.5,Hampton,VA,,"Hampton, VA",15 South Hope Street,,23663,United States,"15 South Hope Street, Hampton, VA 23663, United States",8E6PY5WW8R,1,Delivered,90,1.75,427.5
Gallery Bookshop & Bookwinkles,8J33MNR5FB,Order 8J33MNR5FB,"Stickers, pins, & magnets",2025-10-27,157.5,Mendocino,CA,,"Mendocino, CA",319 Kasten Street,Box 270,95460,United States,"319 Kasten Street, Box 270, Mendocino, CA 95460, United States",8J33MNR5FB,1,Delivered,90,1.75,421.5
delighted,8KDFHAJFN9,Order 8KDFHAJFN9,Mixed order,2026-02-20,114.0,Asheville,NC,,"Asheville, NC",63 Haywood Street,,28801,United States,"63 Haywood Street, Asheville, NC 28801, United States",8KDFHAJFN9,1,Delivered,51,2.93,288.0
Token 249,8KKNUYSW2S,Order 8KKNUYSW2S,Mixed order,2026-02-02,166.5,Easton,PA,,"Easton, PA",249 Northampton Street,,18042,United States,"249 Northampton Street, Easton, PA 18042, United States",8KKNUYSW2S,1,Delivered,87,3.84,400.5
ComeUnityPDX,8MGMZHU2TF,Order 8MGMZHU2TF,"Stickers, pins, & magnets",2026-03-15,111.0,Portland,OR,,"Portland, OR",3536 Southwest Troy Street,suite b,97219,United States,"3536 Southwest Troy Street, suite b, Portland, OR 97219, United States",8MGMZHU2TF,1,Delivered,21,5.88,238.2
Life is Succulent,8TEPEATPT9,Order 8TEPEATPT9,"Stickers, pins, & magnets",2025-10-11,105.0,Amherst,NY,,"Amherst, NY",1249 Eggert Road,Kristin Metzen,14226,United States,"1249 Eggert Road, Kristin Metzen, Amherst, NY 14226, United States",8TEPEATPT9,1,Delivered,60,1.75,282.0
The Kobuk,8XVVVV2YZH,Order 8XVVVV2YZH,"Stickers, pins, & magnets",2026-03-04,115.5,Anchorage,AK,,"Anchorage, AK",445 East 5th Avenue,103,99501,United States,"445 East 5th Avenue, 103, Anchorage, AK 99501, United States",8XVVVV2YZH,1,Delivered,66,1.75,315.9
Merit Badge Books,926TJB4KUJ,Order 926TJB4KUJ,"Stickers, pins, & magnets",2026-03-10,127.63,Hamburg,NY,,"Hamburg, NY",276 Buffalo Street,,14075,United States,"276 Buffalo Street, Hamburg, NY 14075, United States",926TJB4KUJ,1,Delivered,85,1.48,326.38
Daughters Coffee & Books,95ARJVKPGH,Order 95ARJVKPGH,Mixed order,2026-01-29,145.0,Durham,NC,,"Durham, NC",5410 North Carolina 55,Suite AF,27713,United States,"5410 North Carolina 55, Suite AF, Durham, NC 27713, United States",95ARJVKPGH,1,Delivered,106,1.42,411.5
Kitsch,95HMEQHSHS,Order 95HMEQHSHS,Mixed order,2026-03-31,308.5,Wichita,KS,,"Wichita, KS",2023 North Broadmoor Avenue,114,67206-2643,United States,"2023 North Broadmoor Avenue, 114, Wichita, KS 67206-2643, United States",95HMEQHSHS,1,Delivered,190,2.25,784.2
Artsy Fartsy WI,9782KP4Q3P,Order 9782KP4Q3P,"Stickers, pins, & magnets",2026-02-07,239.0,Madison,WI,,"Madison, WI",1717 Monroe Street,,53711,United States,"1717 Monroe Street, Madison, WI 53711, United States",9782KP4Q3P,1,Delivered,86,3.32,532.0
Caspian Books,9AVMNQTPSM,Order 9AVMNQTPSM,"Stickers, pins, & magnets",2025-07-24,157.5,Tracy,CA,,"Tracy, CA",1611 W 12TH ST,,95376,United States,"1611 W 12TH ST, Tracy, CA 95376, United States",9AVMNQTPSM,1,Delivered,90,1.75,427.5
Village Groomer Inc,9E9KTH9S28,Order 9E9KTH9S28,"Stickers, pins, & magnets",2026-01-01,126.0,Walpole,MA,,"Walpole, MA",2245 Boston Providence Highway,,02081,United States,"2245 Boston Providence Highway, Walpole, MA 02081, United States",9E9KTH9S28,1,Delivered,72,1.75,342.0
Downtowne Bookstore Inc.,9G75YFV62Z,Order 9G75YFV62Z,"Stickers, pins, & magnets",2025-12-11,270.5,Riverside,CA,,"Riverside, CA",3582 Main Street,,92501,United States,"3582 Main Street, Riverside, CA 92501, United States",9G75YFV62Z,1,Delivered,98,2.93,648.5
Treasureology,9GR7DCU28U,Order 9GR7DCU28U,"Stickers, pins, & magnets",2026-02-02,354.5,Mishawaka,IN,,"Mishawaka, IN",56260 Pershing Street,,46545,United States,"56260 Pershing Street, Mishawaka, IN 46545, United States",9GR7DCU28U,1,Delivered,181,2.01,968.5
Knic•Knackery,9H6GC296QC,Order 9H6GC296QC,"Stickers, pins, & magnets",2026-03-12,189.47,Buffalo,MN,,"Buffalo, MN",5473 Baker Avenue Northwest,,55313,United States,"5473 Baker Avenue Northwest, Buffalo, MN 55313, United States",9H6GC296QC,1,Delivered,65,3.03,446.47
Figgy Studio and Shop,9PURTJ2GBS,Order 9PURTJ2GBS,"Stickers, pins, & magnets",2026-01-15,135.46,Rochester,NY,,"Rochester, NY",251 Park Ave,Back Door,14607,United States,"251 Park Ave, Back Door, Rochester, NY 14607, United States",9PURTJ2GBS,1,Delivered,70,2.02,353.46
Darkside Records,9QGUM5CK2N,Order 9QGUM5CK2N,"Stickers, pins, & magnets",2025-11-03,199.5,Poughkeepsie,NY,,"Poughkeepsie, NY",32 Cannon Street,,12601,United States,"32 Cannon Street, Poughkeepsie, NY 12601, United States",9QGUM5CK2N,1,Delivered,114,1.75,549.0
Canary Books,9SBF5PJJW9,Order 9SBF5PJJW9,Mixed order,2026-03-13,210.0,Nampa,ID,,"Nampa, ID",1403 Third St S,,83651,United States,"1403 Third St S, Nampa, ID 83651, United States",9SBF5PJJW9,1,Delivered,21,10.0,420.0
Backwater Books,9THCSZ62D6,Order 9THCSZ62D6,Mixed order,2025-11-18,503.5,Ellicott City,MD,,"Ellicott City, MD",8156 Main Street,,21043,United States,"8156 Main Street, Ellicott City, MD 21043, United States",9THCSZ62D6,1,Delivered,85,7.11,1059.5
L.O.F.T. of Asheville,9TZ9H4C8FM,Order 9TZ9H4C8FM,"Stickers, pins, & magnets",2026-01-15,290.0,Asheville,NC,,"Asheville, NC",53 Broadway Street,,28801,United States,"53 Broadway Street, Asheville, NC 28801, United States",9TZ9H4C8FM,1,Delivered,200,1.29,792.5
"I Love Books, Inc.",9U6PZJ7NK9,Order 9U6PZJ7NK9,Mixed order,2026-01-23,416.95,Delmar,NY,,"Delmar, NY",380 Delaware Ave,,12054,United States,"380 Delaware Ave, Delmar, NY 12054, United States",9U6PZJ7NK9,1,Delivered,213,2.35,1064.0
Lola of North Beach,9W6VHFBZVK,Order 9W6VHFBZVK,"Stickers, pins, & magnets",2026-04-13,306.0,San Francisco,CA,,"San Francisco, CA",2235 Polk Street,,94109,United States,"2235 Polk Street, San Francisco, CA 94109, United States",9W6VHFBZVK,1,Processing,156,2.14,808.8
Content Bookstore,9X5JZHHW7H,Order 9X5JZHHW7H,"Stickers, pins, & magnets",2026-01-22,201.5,Northfield,MN,,"Northfield, MN",314 Division Street South,,55057,United States,"314 Division Street South, Northfield, MN 55057, United States",9X5JZHHW7H,1,Delivered,111,2.08,512.5
The Grove Vintage,9ZXTEDSB44,Order 9ZXTEDSB44,"Stickers, pins, & magnets",2026-02-16,944.75,Claremont,CA,,"Claremont, CA",175 North Indian Hill Boulevard,100A,91711,United States,"175 North Indian Hill Boulevard, 100A, Claremont, CA 91711, United States",9ZXTEDSB44,1,Delivered,557,1.64,2555.75
A Touch of Love,A22RCB3TB6,Order A22RCB3TB6,Stationery & writing,2026-03-26,150.45,Kennedale,TX,,"Kennedale, TX",1209 Clearbrook Drive,,76060,United States,"1209 Clearbrook Drive, Kennedale, TX 76060, United States",A22RCB3TB6,1,Delivered,177,0.85,486.75
Cedar Chest,A6NFKNJR7K,Order A6NFKNJR7K,"Stickers, pins, & magnets",2026-03-09,334.5,Northampton,MA,,"Northampton, MA",150 Main Street,,01060,United States,"150 Main Street, Northampton, MA 01060, United States",A6NFKNJR7K,1,Delivered,177,2.09,898.5
The Cottage Collections,A6TSHWSKGH,Order A6TSHWSKGH,"Stickers, pins, & magnets",2025-11-24,172.5,Asheville,NC,,"Asheville, NC",30 N Lexington Ave,,28801,United States,"30 N Lexington Ave, Asheville, NC 28801, United States",A6TSHWSKGH,1,Delivered,42,4.5,382.5
Marfa Mood Mercantile,A9GT9AJVY6,Order A9GT9AJVY6,Mixed order,2026-03-07,218.0,Marfa,TX,,"Marfa, TX",301 W El Paso St,Box 1724,79843-1724,United States,"301 W El Paso St, Box 1724, Marfa, TX 79843-1724, United States",A9GT9AJVY6,1,Delivered,152,1.49,609.4
Bridge Street Local,ABUSQ2SBWU,Order ABUSQ2SBWU,Mixed order,2025-11-26,120.0,Berea,OH,,"Berea, OH",31 Glen Oaks Lane,,44017,United States,"31 Glen Oaks Lane, Berea, OH 44017, United States",ABUSQ2SBWU,1,Delivered,12,10.0,240.0
Rebel And Rove Llc,AEXYTG35WM,Order AEXYTG35WM,Mixed order,2026-01-17,121.0,Yuma,AZ,,"Yuma, AZ",299 s Main Street,,85364,United States,"299 s Main Street, Yuma, AZ 85364, United States",AEXYTG35WM,1,Delivered,106,1.24,384.5
Moxy Modern Mercantile,AGVYEY92BX,Order AGVYEY92BX,Mixed order,2026-01-20,400.2,Little Rock,AR,,"Little Rock, AR",1419 Main Street,MOXY MODERN MERCANTILE,72202,United States,"1419 Main Street, MOXY MODERN MERCANTILE, Little Rock, AR 72202, United States",AGVYEY92BX,1,Delivered,252,1.57,1099.5
Heart Mercantile,AHEEHQDSF2,Order AHEEHQDSF2,Mixed order,2026-01-19,240.5,Dayton,OH,,"Dayton, OH",601 East 5th Street,,45402,United States,"601 East 5th Street, Dayton, OH 45402, United States",AHEEHQDSF2,1,Delivered,162,1.58,642.0
strawberry moon,AHEJU82RAC,Order AHEJU82RAC,Mixed order,2026-01-08,241.8,Dartmouth,MA,,"Dartmouth, MA",312 Elm Street,,02748,United States,"312 Elm Street, Dartmouth, MA 02748, United States",AHEJU82RAC,1,Delivered,162,1.53,664.2
Mitchell's Book Corner,AJVEKKWG9J,Order AJVEKKWG9J,Mixed order,2026-02-16,163.5,Nantucket,MA,,"Nantucket, MA",54 Main Street,,02554,United States,"54 Main Street, Nantucket, MA 02554, United States",AJVEKKWG9J,1,Delivered,51,4.22,379.5
Jena Priebe,ANZG99BJYU,Order ANZG99BJYU,Mixed order,2026-03-29,645.9,Los Angeles,CA,,"Los Angeles, CA",453 South Spring Street,301,90013,United States,"453 South Spring Street, 301, Los Angeles, CA 90013, United States",ANZG99BJYU,1,Delivered,280,4.24,1444.9
Mystic Moon,AUPG7WVG95,Order AUPG7WVG95,"Stickers, pins, & magnets",2026-01-20,87.5,Gatlinburg,TN,,"Gatlinburg, TN",651 PARKWAY,103,37738,United States,"651 PARKWAY, 103, Gatlinburg, TN 37738, United States",AUPG7WVG95,1,Delivered,50,1.75,237.5
Gallery Bookshop & Bookwinkles,AZNZ8ZNJ2D,Order AZNZ8ZNJ2D,"Stickers, pins, & magnets",2025-12-15,189.0,Mendocino,CA,,"Mendocino, CA",319 Kasten Street,Box 270,95460,United States,"319 Kasten Street, Box 270, Mendocino, CA 95460, United States",AZNZ8ZNJ2D,1,Delivered,108,1.75,507.0
Lunch Money,B2QBBVH6KJ,Order B2QBBVH6KJ,"Stickers, pins, & magnets",2025-12-24,94.5,Gilbert,AZ,,"Gilbert, AZ",2270 E. Williams Field Rd.,Suite 113,85295,United States,"2270 E. Williams Field Rd., Suite 113, Gilbert, AZ 85295, United States",B2QBBVH6KJ,1,Delivered,54,1.75,256.5
Julia’s Shoppe,B33G7T5ZTZ,Order B33G7T5ZTZ,"Stickers, pins, & magnets",2026-01-30,127.5,Richfield,UT,,"Richfield, UT",25 North Main Street,,84701-2552,United States,"25 North Main Street, Richfield, UT 84701-2552, United States",B33G7T5ZTZ,1,Delivered,78,1.56,357.0
Snug Books,B4D7R7REW4,Order B4D7R7REW4,Mixed order,2025-09-22,540.0,Baltimore,MD,,"Baltimore, MD",4717 Harford Road,Unit 1C,21214,United States,"4717 Harford Road, Unit 1C, Baltimore, MD 21214, United States",B4D7R7REW4,1,Delivered,153,5.5,1230.0
Buffalo Street Books,B57QFRTDBG,Order B57QFRTDBG,"Stickers, pins, & magnets",2026-01-09,105.0,Ithaca,NY,,"Ithaca, NY",215 North Cayuga Street,,14850,United States,"215 North Cayuga Street, Ithaca, NY 14850, United States",B57QFRTDBG,1,Delivered,60,1.75,282.0
Pop's Poboys / Doc’s Pop In,B6QQNJS8CN,Order B6QQNJS8CN,"Stickers, pins, & magnets",2026-03-10,184.0,Lafayette,LA,,"Lafayette, LA",734 Jefferson Street,,70501,United States,"734 Jefferson Street, Lafayette, LA 70501, United States",B6QQNJS8CN,1,Delivered,122,1.64,486.35
Harlow Lifestyle & Gift,B7F4SVZUJX,Order B7F4SVZUJX,Mixed order,2026-01-05,163.5,Palisade,CO,,"Palisade, CO",109 West 3rd Street,514,81526,United States,"109 West 3rd Street, 514, Palisade, CO 81526, United States",B7F4SVZUJX,1,Delivered,51,4.22,390.0
Backwater Books,B94GXBYV93,Order B94GXBYV93,Mixed order,2026-03-10,910.0,Ellicott City,MD,,"Ellicott City, MD",8156 Main Street,,21043,United States,"8156 Main Street, Ellicott City, MD 21043, United States",B94GXBYV93,1,Delivered,157,6.54,1920.0
A Shop of Things NYC,BAHYAWHY89,Order BAHYAWHY89,"Stickers, pins, & magnets",2026-03-17,210.0,New York,NY,,"New York, NY",30 Orchard Street,Retail,10002,United States,"30 Orchard Street, Retail, New York, NY 10002, United States",BAHYAWHY89,1,Delivered,120,1.75,573.6
Curious Squirrel Books,BHXGESNQA7,Order BHXGESNQA7,Mixed order,2025-12-07,536.75,Zionsville,IN,,"Zionsville, IN",120 S. Main Street,,46077,United States,"120 S. Main Street, Zionsville, IN 46077, United States",BHXGESNQA7,1,Delivered,163,3.61,1193.0
Amityville Apothecary,BMQJ2KEMN5,Order BMQJ2KEMN5,Stationery & writing,2025-12-22,409.15,Amityville,NY,,"Amityville, NY",174 Park Avenue,,11701,United States,"174 Park Avenue, Amityville, NY 11701, United States",BMQJ2KEMN5,1,Delivered,499,0.82,1268.3
Stellar House Gift Shop,BTH3BEVCES,Order BTH3BEVCES,Mixed order,2026-02-19,150.85,Boyertown,PA,,"Boyertown, PA",232 E. Philadelphia Ave.,,19512,United States,"232 E. Philadelphia Ave., Boyertown, PA 19512, United States",BTH3BEVCES,1,Delivered,103,1.48,427.75
Realia by Jen,BU8WJRS3MT,Order BU8WJRS3MT,"Stickers, pins, & magnets",2025-12-13,115.5,Prior Lake,MN,,"Prior Lake, MN",16180 Hastings Avenue Southeast,,55372,United States,"16180 Hastings Avenue Southeast, Prior Lake, MN 55372, United States",BU8WJRS3MT,1,Delivered,66,1.75,324.0
Black Cat Books & Oddities,BUWUGWQPFA,Order BUWUGWQPFA,Mixed order,2026-03-29,622.5,Medina,OH,,"Medina, OH",400 South Court Street,Suite 2,44256,United States,"400 South Court Street, Suite 2, Medina, OH 44256, United States",BUWUGWQPFA,1,Delivered,338,2.06,1663.65
Caspian Books,BZED7DXEZJ,Order BZED7DXEZJ,"Stickers, pins, & magnets",2026-02-05,136.5,Tracy,CA,,"Tracy, CA",1611 W 12TH ST,,95376,United States,"1611 W 12TH ST, Tracy, CA 95376, United States",BZED7DXEZJ,1,Delivered,78,1.75,370.5
Sojourns,BZM3FB95EN,Order BZM3FB95EN,"Stickers, pins, & magnets",2025-12-17,114.0,Birmingham,AL,,"Birmingham, AL",8101 2nd Avenue South,,35206-3810,United States,"8101 2nd Avenue South, Birmingham, AL 35206-3810, United States",BZM3FB95EN,1,Delivered,51,2.67,288.0
Black Dog Books,C8Q36T8NPP,Order C8Q36T8NPP,Stationery & writing,2025-10-18,150.0,Lafayette Township,NJ,,"Lafayette Township, NJ",191 New Jersey 15,Unit 108,07848,United States,"191 New Jersey 15, Unit 108, Lafayette Township, NJ 07848, United States",C8Q36T8NPP,1,Delivered,15,10.0,300.0
Odd One Out DBA Barbour Shop Creative Services,CGNPA7WP5A,Order CGNPA7WP5A,Mixed order,2026-01-20,207.45,Clayton,NC,,"Clayton, NC",400 E Main St,,27520,United States,"400 E Main St, Clayton, NC 27520, United States",CGNPA7WP5A,1,Delivered,135,1.66,567.45
jewitches,CNNC992RF7,Order CNNC992RF7,"Stickers, pins, & magnets",2025-09-21,31.5,Los Angeles,CA,,"Los Angeles, CA",22311 Ventura Boulevard,105,91364,United States,"22311 Ventura Boulevard, 105, Los Angeles, CA 91364, United States",CNNC992RF7,1,Delivered,18,1.75,85.5
Vault Books & Brew,CPW8YP6RYY,Order CPW8YP6RYY,Mixed order,2026-04-10,103.0,Castle Rock,WA,,"Castle Rock, WA",20 Cowlitz Street West 828,P.O. Box 828,98611,United States,"20 Cowlitz Street West 828, P.O. Box 828, Castle Rock, WA 98611, United States",CPW8YP6RYY,1,Shipped,47,2.56,252.0
Weirdo Wonderland,CRJ9376CCJ,Order CRJ9376CCJ,"Stickers, pins, & magnets",2026-03-01,238.5,Shelton,CT,,"Shelton, CT",415 Howe AVE,Box# 115,06484,United States,"415 Howe AVE, Box# 115, Shelton, CT 06484, United States",CRJ9376CCJ,1,Delivered,60,4.58,531.15
The Postal Palace,CS2E6N68KC,Order CS2E6N68KC,"Stickers, pins, & magnets",2026-01-20,105.0,San Rafael,CA,,"San Rafael, CA",4460 Redwood Highway,Ste 16,94903,United States,"4460 Redwood Highway, Ste 16, San Rafael, CA 94903, United States",CS2E6N68KC,1,Delivered,60,1.75,285.0
Haute Cakes Pastry Shop,CTMCHCYTND,Order CTMCHCYTND,"Stickers, pins, & magnets",2025-08-25,157.0,Warrenton,VA,,"Warrenton, VA",92 Main Street,103,20186,United States,"92 Main Street, 103, Warrenton, VA 20186, United States",CTMCHCYTND,1,Delivered,85,2.3,402.5
Book Nerd,CUBKDXS255,Order CUBKDXS255,Mixed order,2025-11-15,420.5,Castle Hills,TX,,"Castle Hills, TX",2211 Northwest Military Highway,#118,78213,United States,"2211 Northwest Military Highway, #118, Castle Hills, TX 78213, United States",CUBKDXS255,1,Delivered,212,1.99,1106.0
Book Haus,CXY7PTEVNR,Order CXY7PTEVNR,Mixed order,2025-09-03,311.0,"Sacramento, Ca",CA,,"Sacramento, Ca, CA",314 25th St.,,95816,United States,"314 25th St., Sacramento, Ca, CA 95816, United States",CXY7PTEVNR,1,Delivered,41,8.35,631.0
True North,CYK2KK4TPG,Order CYK2KK4TPG,Mixed order,2025-12-03,150.0,Morris,IL,,"Morris, IL",1338 Clay Street,Suite 1N,60450-1303,United States,"1338 Clay Street, Suite 1N, Morris, IL 60450-1303, United States",CYK2KK4TPG,1,Delivered,81,3.19,390.0
XO Gift Co.,CZXXD5C24Y,Order CZXXD5C24Y,Mixed order,2026-02-28,165.15,Wheat Ridge,CO,,"Wheat Ridge, CO",10071 West 26th Avenue,,80215,United States,"10071 West 26th Avenue, Wheat Ridge, CO 80215, United States",CZXXD5C24Y,1,Delivered,135,1.27,483.25
The Lady Jane Shop,D2T7JNYC2A,Order D2T7JNYC2A,"Stickers, pins, & magnets",2026-03-19,277.72,Harrisonburg,VA,,"Harrisonburg, VA",117 South Main Street,,22801,United States,"117 South Main Street, Harrisonburg, VA 22801, United States",D2T7JNYC2A,1,Delivered,150,2.0,742.72
Books and Company,D4YQAFZ3ZP,Order D4YQAFZ3ZP,"Stickers, pins, & magnets",2025-10-23,105.0,Wallingford,CT,,"Wallingford, CT",162B North Whittlesey Avenue,,06492,United States,"162B North Whittlesey Avenue, Wallingford, CT 06492, United States",D4YQAFZ3ZP,1,Delivered,60,1.75,277.5
Spellbinder Books,D54HPRGMHJ,Order D54HPRGMHJ,Mixed order,2025-08-24,154.5,Bishop,CA,,"Bishop, CA",124 S. Main St.,,93514,United States,"124 S. Main St., Bishop, CA 93514, United States",D54HPRGMHJ,1,Delivered,60,3.25,376.5
Curiosities,D7R6PWBF4J,Order D7R6PWBF4J,"Stickers, pins, & magnets",2026-03-24,169.0,Fort Collins,CO,,"Fort Collins, CO",242 Walnut Street,,80524,United States,"242 Walnut Street, Fort Collins, CO 80524, United States",D7R6PWBF4J,1,Delivered,104,1.71,410.8
Token 249,D8U6ZXXVH6,Order D8U6ZXXVH6,Mixed order,2025-12-07,132.5,Easton,PA,,"Easton, PA",249 Northampton Street,,18042,United States,"249 Northampton Street, Easton, PA 18042, United States",D8U6ZXXVH6,1,Delivered,74,2.94,332.5
Mellow & Ivy,DCGYCTVXC2,Order DCGYCTVXC2,"Stickers, pins, & magnets",2026-01-11,115.5,Old Hickory,TN,,"Old Hickory, TN",14827 Lebanon Road,,37138,United States,"14827 Lebanon Road, Old Hickory, TN 37138, United States",DCGYCTVXC2,1,Delivered,66,1.75,313.5
Fred Design Studio,DDE8V8VPND,Order DDE8V8VPND,Mixed order,2026-03-29,394.95,Eagleville,PA,,"Eagleville, PA",915 Woodland Avenue,,19403-4042,United States,"915 Woodland Avenue, Eagleville, PA 19403-4042, United States",DDE8V8VPND,1,Delivered,210,2.46,1017.9
Dandelion,DF4M75WD7C,Order DF4M75WD7C,Mixed order,2026-02-06,150.0,Sandusky,OH,,"Sandusky, OH",247 E Market St,9,44870,United States,"247 E Market St, 9, Sandusky, OH 44870, United States",DF4M75WD7C,1,Delivered,30,6.43,315.0
Out West Books,DFH855XMXZ,Order DFH855XMXZ,Mixed order,2025-08-07,172.5,Grand Junction,CO,,"Grand Junction, CO",533 Main St.,,81501,United States,"533 Main St., Grand Junction, CO 81501, United States",DFH855XMXZ,1,Delivered,42,5.42,379.5
Ypsilanti Art Supply,DG8C3CDEEJ,Order DG8C3CDEEJ,Mixed order,2025-12-22,95.75,Ypsilanti,MI,,"Ypsilanti, MI",482 Marion Street,,48197,United States,"482 Marion Street, Ypsilanti, MI 48197, United States",DG8C3CDEEJ,1,Delivered,63,1.62,265.25
Catzen  Coffee Bar & Den,DJZNPRRU8A,Order DJZNPRRU8A,"Stickers, pins, & magnets",2025-10-27,110.25,"Saint Paul, Minnesota",MN,,"Saint Paul, Minnesota, MN",1416 Grand Ave.- Catzen Coffee,,55105,United States,"1416 Grand Ave.- Catzen Coffee, Saint Paul, Minnesota, MN 55105, United States",DJZNPRRU8A,1,Delivered,63,1.75,295.75
The Analog Stationer,DSQK55EPMA,Order DSQK55EPMA,"Stickers, pins, & magnets",2026-01-12,415.0,Brooklyn,NY,,"Brooklyn, NY",621 Vanderbilt Avenue9177536928,,11238-3502,United States,"621 Vanderbilt Avenue9177536928, Brooklyn, NY 11238-3502, United States",DSQK55EPMA,1,Delivered,240,1.73,1105.0
"Coas Books, Inc.",DUPXSQ6E54,Order DUPXSQ6E54,"Stickers, pins, & magnets",2026-01-20,124.5,Las Cruces,NM,,"Las Cruces, NM",317 North Main Street,,88001,United States,"317 North Main Street, Las Cruces, NM 88001, United States",DUPXSQ6E54,1,Delivered,57,2.58,327.0
The Whimsical Wildflower Collection,DUSPDBANGM,Order DUSPDBANGM,Mixed order,2026-04-08,151.75,Chatham,IL,,"Chatham, IL",120 N Main St,,62629,United States,"120 N Main St, Chatham, IL 62629, United States",DUSPDBANGM,1,Shipped,97,1.53,428.75
The Book Juggler,DXF9DM85VC,Order DXF9DM85VC,"Stickers, pins, & magnets",2025-10-10,60.0,Willits,CA,,"Willits, CA",182 S Main St,,95490,United States,"182 S Main St, Willits, CA 95490, United States",DXF9DM85VC,1,Delivered,6,10.0,120.0
Bookish,E29XVUER3W,Order E29XVUER3W,"Stickers, pins, & magnets",2025-10-26,220.5,Atlanta,GA,,"Atlanta, GA",1188 Glenwood Avenue Southeast,Suite A,30316,United States,"1188 Glenwood Avenue Southeast, Suite A, Atlanta, GA 30316, United States",E29XVUER3W,1,Delivered,126,1.75,593.5
The Book Juggler,E33TA4JQAY,Order E33TA4JQAY,Mixed order,2025-09-22,100.0,Willits,CA,,"Willits, CA",182 S Main St,,95490,United States,"182 S Main St, Willits, CA 95490, United States",E33TA4JQAY,1,Delivered,10,10.0,200.0
Two Sparrows Homestead,EA5Y7X538J,Order EA5Y7X538J,Mixed order,2026-01-21,208.2,Beacon,NY,,"Beacon, NY",226 Main Street,Business Suite #2,12508,United States,"226 Main Street, Business Suite #2, Beacon, NY 12508, United States",EA5Y7X538J,1,Delivered,156,1.48,604.5
Artisans New London,EC7MNQNYA2,Order EC7MNQNYA2,"Stickers, pins, & magnets",2026-03-07,136.5,New London,NH,,"New London, NH",11 Pleasant Street,,03257,United States,"11 Pleasant Street, New London, NH 03257, United States",EC7MNQNYA2,1,Delivered,78,1.75,374.1
True North,EHJHFZMCZG,Order EHJHFZMCZG,Mixed order,2025-12-12,78.05,Morris,IL,,"Morris, IL",1338 Clay Street,Suite 1N,60450-1303,United States,"1338 Clay Street, Suite 1N, Morris, IL 60450-1303, United States",EHJHFZMCZG,1,Delivered,52,1.62,222.25
Pressed,EN6J92946W,Order EN6J92946W,Mixed order,2026-02-24,334.8,Erie,PA,,"Erie, PA",1535 W. 8th Street,Suite A-2,16505,United States,"1535 W. 8th Street, Suite A-2, Erie, PA 16505, United States",EN6J92946W,1,Delivered,120,3.73,783.0
Rewind,EPGNWESSNZ,Order EPGNWESSNZ,Mixed order,2025-12-28,157.5,Minneapolis,MN,,"Minneapolis, MN",2852B Johnson Street Northeast,,55418,United States,"2852B Johnson Street Northeast, Minneapolis, MN 55418, United States",EPGNWESSNZ,1,Delivered,120,1.48,460.5
Skylight Books,EQWX6D7JHN,Order EQWX6D7JHN,Mixed order,2026-02-06,222.0,Los Angeles,CA,,"Los Angeles, CA",1818 North Vermont Avenue,,90027,United States,"1818 North Vermont Avenue, Los Angeles, CA 90027, United States",EQWX6D7JHN,1,Delivered,42,5.88,474.0
Mystic Moon,EWMQGN6YJ9,Order EWMQGN6YJ9,"Stickers, pins, & magnets",2025-11-21,157.5,Gatlinburg,TN,,"Gatlinburg, TN",651 PARKWAY,103,37738,United States,"651 PARKWAY, 103, Gatlinburg, TN 37738, United States",EWMQGN6YJ9,1,Delivered,90,1.75,427.5
Odds And Ends Emporium,F3CFZCYHCY,Order F3CFZCYHCY,"Stickers, pins, & magnets",2026-03-05,178.5,Colorado Springs,CO,,"Colorado Springs, CO",1604 South Cascade Avenue,Suite 170,80905,United States,"1604 South Cascade Avenue, Suite 170, Colorado Springs, CO 80905, United States",F3CFZCYHCY,1,Delivered,102,1.75,488.9
Library Shop,F47TSUCT4R,Order F47TSUCT4R,Mixed order,2025-10-28,301.5,San Diego,CA,,"San Diego, CA",330 Park Boulevard,,92101,United States,"330 Park Boulevard, San Diego, CA 92101, United States",F47TSUCT4R,1,Delivered,45,7.52,625.5
Fringe Salon,F76BTSEPQ7,Order F76BTSEPQ7,"Stickers, pins, & magnets",2026-03-24,153.25,Mauldin,SC,,"Mauldin, SC",100 Vesper Circle,,29662,United States,"100 Vesper Circle, Mauldin, SC 29662, United States",F76BTSEPQ7,1,Delivered,86,1.93,421.15
La Henna Boheme,FC4TASX7JU,Order FC4TASX7JU,"Stickers, pins, & magnets",2025-10-23,137.5,Manitou Springs,CO,,"Manitou Springs, CO",801 Manitou Avenue,,80829,United States,"801 Manitou Avenue, Manitou Springs, CO 80829, United States",FC4TASX7JU,1,Delivered,76,1.81,357.5
"ZELDA ZEN, L.L.C.",FDYK5N9F6X,Order FDYK5N9F6X,"Stickers, pins, & magnets",2025-11-28,109.5,Baltimore,MD,,"Baltimore, MD",1634 thames street,,21231,United States,"1634 thames street, Baltimore, MD 21231, United States",FDYK5N9F6X,1,Delivered,39,3.4,261.5
Lightnin' Salvage Enterprises dba Satchel's Pizza,FFJ8RWEEU9,Order FFJ8RWEEU9,"Stickers, pins, & magnets",2026-02-26,150.0,Gainesville,FL,,"Gainesville, FL",1800 Northeast 23rd Avenue,,32609,United States,"1800 Northeast 23rd Avenue, Gainesville, FL 32609, United States",FFJ8RWEEU9,1,Delivered,250,0.6,375.0
Mystic Moon,FG8VN74YMM,Order FG8VN74YMM,"Stickers, pins, & magnets",2026-03-16,122.5,Gatlinburg,TN,,"Gatlinburg, TN",651 PARKWAY,103,37738,United States,"651 PARKWAY, 103, Gatlinburg, TN 37738, United States",FG8VN74YMM,1,Delivered,70,1.75,332.5
A Bit of Earth,FH93D9P688,Order FH93D9P688,"Stickers, pins, & magnets",2026-03-06,300.0,Flint,MI,,"Flint, MI",Flint Farmers Market,300 E 1st street,48502,United States,"Flint Farmers Market, 300 E 1st street, Flint, MI 48502, United States",FH93D9P688,1,Delivered,92,3.79,710.9
Sisters Jewelry & Gifts,FKBV28KRRU,Order FKBV28KRRU,"Stickers, pins, & magnets",2025-10-02,52.5,Greensboro,NC,,"Greensboro, NC",330 Tate Street,,27403,United States,"330 Tate Street, Greensboro, NC 27403, United States",FKBV28KRRU,1,Delivered,30,1.75,139.5
Canary Books,FPAN28DB2X,Order FPAN28DB2X,Mixed order,2026-02-08,287.0,Nampa,ID,,"Nampa, ID",1403 Third St S,,83651,United States,"1403 Third St S, Nampa, ID 83651, United States",FPAN28DB2X,1,Delivered,47,7.18,595.0
Fish Wife Sweets,FR5R4KP85J,Order FR5R4KP85J,"Stickers, pins, & magnets",2025-11-20,157.5,Half Moon Bay,CA,,"Half Moon Bay, CA",648 Myrtle Street,,94019,United States,"648 Myrtle Street, Half Moon Bay, CA 94019, United States",FR5R4KP85J,1,Delivered,90,1.75,424.5
Not so Shabby Gifts,FRPHSWWS74,Order FRPHSWWS74,Mixed order,2026-03-09,151.76,Harrison,MI,,"Harrison, MI",373 North 1st Street,,48625,United States,"373 North 1st Street, Harrison, MI 48625, United States",FRPHSWWS74,1,Delivered,104,1.72,425.76
Tandem Brick Gallery,FTAQGPY776,Order FTAQGPY776,Mixed order,2026-01-04,111.0,Des Moines,IA,,"Des Moines, IA",2722 Ingersoll Ave.,,50312,United States,"2722 Ingersoll Ave., Des Moines, IA 50312, United States",FTAQGPY776,1,Delivered,21,6.7,237.0
Roost & Company,FTUW92JYTZ,Order FTUW92JYTZ,"Stickers, pins, & magnets",2026-03-21,322.5,Salem,MA,,"Salem, MA",40 Front Street,,01970,United States,"40 Front Street, Salem, MA 01970, United States",FTUW92JYTZ,1,Delivered,198,1.63,856.0
Books on Main,FTXUYGMTVD,Order FTXUYGMTVD,Mixed order,2025-10-25,379.0,Murphys,CA,,"Murphys, CA",416 Main Street,,95247,United States,"416 Main Street, Murphys, CA 95247, United States",FTXUYGMTVD,1,Delivered,160,3.81,964.0
Bisbee Books & Music,FWG3DQHV7A,Order FWG3DQHV7A,Stationery & writing,2025-09-20,150.0,Bisbee,AZ,,"Bisbee, AZ",2 Main Street,#1601,85603,United States,"2 Main Street, #1601, Bisbee, AZ 85603, United States",FWG3DQHV7A,1,Delivered,15,10.0,300.0
Del Ray Farmhouse,FXKGWPPEB8,Order FXKGWPPEB8,Mixed order,2026-03-21,209.9,Alexandria,VA,,"Alexandria, VA",1913 Mount Vernon Avenue,,22301,United States,"1913 Mount Vernon Avenue, Alexandria, VA 22301, United States",FXKGWPPEB8,1,Delivered,122,2.03,565.45
Varner Candle Company,G3CD9CQV42,Order G3CD9CQV42,Mixed order,2025-12-29,130.5,Oak Harbor,WA,,"Oak Harbor, WA",810 SE Pioneer Way,Suite 102,98277,United States,"810 SE Pioneer Way, Suite 102, Oak Harbor, WA 98277, United States",G3CD9CQV42,1,Delivered,36,4.9,283.5
The Plant Foundry \| Nursery & Store,G66B9GUFDH,Order G66B9GUFDH,"Stickers, pins, & magnets",2026-01-08,105.0,Sacramento,CA,,"Sacramento, CA",3500 Broadway,,95817,United States,"3500 Broadway, Sacramento, CA 95817, United States",G66B9GUFDH,1,Delivered,60,1.75,276.0
Zenflora,GA6ZXNPRRW,Order GA6ZXNPRRW,Mixed order,2026-04-13,202.66,Pittsburgh,PA,,"Pittsburgh, PA",240 Lynn Dr,,15236,United States,"240 Lynn Dr, Pittsburgh, PA 15236, United States",GA6ZXNPRRW,1,Shipped,130,1.61,559.26
Dragonfly Book Bar,GA9YD3NJRX,Order GA9YD3NJRX,"Stickers, pins, & magnets",2026-03-13,168.0,Bristol,VA,,"Bristol, VA",625 State Street,,24201,United States,"625 State Street, Bristol, VA 24201, United States",GA9YD3NJRX,1,Delivered,96,1.75,456.6
Annie's Blue Ribbon General Store,GAH65VVQ9T,Order GAH65VVQ9T,"Stickers, pins, & magnets",2025-10-09,101.5,Brooklyn,NY,,"Brooklyn, NY","232 5th avenue, Annie's Blue Ribbon",Annie's Blue Ribbon General Store,11215,United States,"232 5th avenue, Annie's Blue Ribbon, Annie's Blue Ribbon General Store, Brooklyn, NY 11215, United States",GAH65VVQ9T,1,Delivered,58,1.75,275.5
Book Ferret,GBB2SY335R,Order GBB2SY335R,"Stickers, pins, & magnets",2026-01-08,115.5,Winston-Salem,NC,,"Winston-Salem, NC",3354 Robinhood Road,,27106,United States,"3354 Robinhood Road, Winston-Salem, NC 27106, United States",GBB2SY335R,1,Delivered,66,1.75,313.5
Covet,GBP4CCJ5D4,Order GBP4CCJ5D4,"Stickers, pins, & magnets",2026-01-15,192.0,Arlington,VA,,"Arlington, VA",5140 Wilson Boulevard,,22205,United States,"5140 Wilson Boulevard, Arlington, VA 22205, United States",GBP4CCJ5D4,1,Delivered,69,3.56,444.0
Claremont Forum Bookshop,GG3A454Q9Y,Order GG3A454Q9Y,"Stickers, pins, & magnets",2025-11-30,126.0,Claremont,CA,,"Claremont, CA",586 West 1st Street,,91711,United States,"586 West 1st Street, Claremont, CA 91711, United States",GG3A454Q9Y,1,Delivered,72,1.75,352.5
The Public Pet,GHWYTRWGDY,Order GHWYTRWGDY,"Stickers, pins, & magnets",2025-12-27,124.25,Honolulu,HI,,"Honolulu, HI",3422 Waialae Avenue,#101,96816,United States,"3422 Waialae Avenue, #101, Honolulu, HI 96816, United States",GHWYTRWGDY,1,Delivered,71,1.75,329.75
Darlybird,GK64NK6KJU,Order GK64NK6KJU,"Stickers, pins, & magnets",2026-01-20,521.75,Provo,UT,,"Provo, UT",275 E Center St,,84606,United States,"275 E Center St, Provo, UT 84606, United States",GK64NK6KJU,1,Delivered,317,1.64,1407.25
Andersonville Galleria,GMS2VSR5GF,Order GMS2VSR5GF,"Stickers, pins, & magnets",2026-01-19,95.0,Chicago,IL,,"Chicago, IL",5247 N Clark,,60640,United States,"5247 N Clark, Chicago, IL 60640, United States",GMS2VSR5GF,1,Delivered,26,5.05,215.0
Bookstore1Sarasota,GNYMZYTKZN,Order GNYMZYTKZN,Mixed order,2025-08-12,202.5,Sarasota,FL,,"Sarasota, FL",117 South Pineapple Avenue,,34236,United States,"117 South Pineapple Avenue, Sarasota, FL 34236, United States",GNYMZYTKZN,1,Delivered,45,3.12,442.5
Gather & Collect,GP78PYP99Y,Order GP78PYP99Y,Mixed order,2026-01-23,436.05,Glen Ellyn,IL,,"Glen Ellyn, IL",501 Pennsylvania Avenue,,60137,United States,"501 Pennsylvania Avenue, Glen Ellyn, IL 60137, United States",GP78PYP99Y,1,Delivered,252,3.38,1091.75
"ZELDA ZEN, L.L.C.",GQYWAGSYZD,Order GQYWAGSYZD,"Stickers, pins, & magnets",2026-01-08,93.0,Baltimore,MD,,"Baltimore, MD",1634 thames street,,21231,United States,"1634 thames street, Baltimore, MD 21231, United States",GQYWAGSYZD,1,Delivered,39,3.12,231.0
Sound Bites Baking Company,GRFZSXSZKK,Order GRFZSXSZKK,Mixed order,2026-03-16,166.55,Easton,MA,,"Easton, MA",670 Depot Street,2,02334-3400,United States,"670 Depot Street, 2, Easton, MA 02334-3400, United States",GRFZSXSZKK,1,Delivered,56,4.51,378.25
The Grove Vintage,GSQZRGCRM3,Order GSQZRGCRM3,"Stickers, pins, & magnets",2025-12-26,525.0,Claremont,CA,,"Claremont, CA",175 North Indian Hill Boulevard,100A,91711,United States,"175 North Indian Hill Boulevard, 100A, Claremont, CA 91711, United States",GSQZRGCRM3,1,Delivered,300,1.75,1477.5
Bookish,GW5PP39MJK,Order GW5PP39MJK,Mixed order,2025-08-12,151.0,Modesto,CA,,"Modesto, CA",811 W. Roseburg Avenue,,95350,United States,"811 W. Roseburg Avenue, Modesto, CA 95350, United States",GW5PP39MJK,1,Delivered,58,4.11,357.0
Sweetwater Boutique,GWAN5QSUVD,Order GWAN5QSUVD,"Stickers, pins, & magnets",2026-01-26,113.75,Evergreen,CO,,"Evergreen, CO",28225 Colorado 74,,80439-7553,United States,"28225 Colorado 74, Evergreen, CO 80439-7553, United States",GWAN5QSUVD,1,Delivered,65,1.75,335.0
The Siren and The Sea: Books and Coffee,H22Z6P2NCR,Order H22Z6P2NCR,"Stickers, pins, & magnets",2025-11-23,152.5,Rochester,NY,,"Rochester, NY",426 South Ave,,14620,United States,"426 South Ave, Rochester, NY 14620, United States",H22Z6P2NCR,1,Delivered,88,1.73,403.5
charis books and more,H3N4HZVX2K,Order H3N4HZVX2K,"Stickers, pins, & magnets",2026-01-02,195.75,Decatur,GA,,"Decatur, GA",184 South Candler Street,Charis Books and More,30030,United States,"184 South Candler Street, Charis Books and More, Decatur, GA 30030, United States",H3N4HZVX2K,1,Delivered,114,1.69,528.75
"ZELDA ZEN, L.L.C.",HAH8EPAFXW,Order HAH8EPAFXW,"Stickers, pins, & magnets",2026-03-15,110.5,Baltimore,MD,,"Baltimore, MD",1634 thames street,,21231,United States,"1634 thames street, Baltimore, MD 21231, United States",HAH8EPAFXW,1,Delivered,49,2.78,280.9
Mountain Chick Floral,HCPJ39CV9S,Order HCPJ39CV9S,"Stickers, pins, & magnets",2025-10-17,147.0,Wenatchee,WA,,"Wenatchee, WA",7A S. Wenatchee Ave,,98801,United States,"7A S. Wenatchee Ave, Wenatchee, WA 98801, United States",HCPJ39CV9S,1,Delivered,84,1.75,393.0
Seven Stones,HE5T5THFF5,Order HE5T5THFF5,Mixed order,2026-04-10,165.25,Media,PA,,"Media, PA",212 West State Street,,19063,United States,"212 West State Street, Media, PA 19063, United States",HE5T5THFF5,1,Shipped,109,1.46,444.55
grow,HFHGHAYDG5,Order HFHGHAYDG5,"Stickers, pins, & magnets",2026-01-20,205.25,Charlotte,NC,,"Charlotte, NC",709 E 35th Street,,28205,United States,"709 E 35th Street, Charlotte, NC 28205, United States",HFHGHAYDG5,1,Delivered,89,2.44,514.25
Cedar Chest,HM2VP3HS6P,Order HM2VP3HS6P,Mixed order,2026-02-06,354.5,Northampton,MA,,"Northampton, MA",150 Main Street,,01060,United States,"150 Main Street, Northampton, MA 01060, United States",HM2VP3HS6P,1,Delivered,101,5.62,791.5
Gallery Bookshop & Bookwinkles,HR92A47UQE,Order HR92A47UQE,"Stickers, pins, & magnets",2025-08-11,178.5,Mendocino,CA,,"Mendocino, CA",319 Kasten Street,Box 270,95460,United States,"319 Kasten Street, Box 270, Mendocino, CA 95460, United States",HR92A47UQE,1,Delivered,102,1.75,478.5
Misty mountain too,HS7YK2P6H7,Order HS7YK2P6H7,"Stickers, pins, & magnets",2026-01-10,114.95,Crested Butte,CO,,"Crested Butte, CO",717 6th st,box 3588,81224,United States,"717 6th st, box 3588, Crested Butte, CO 81224, United States",HS7YK2P6H7,1,Delivered,67,1.65,316.2
The Third Planet,HS9PPBUWSV,Order HS9PPBUWSV,Mixed order,2026-03-03,433.9,Wichita,KS,,"Wichita, KS",7700 E Kellogg,,67207,United States,"7700 E Kellogg, Wichita, KS 67207, United States",HS9PPBUWSV,1,Delivered,257,1.7,1183.5
Spiral Circle,HU27NRQV8X,Order HU27NRQV8X,"Stickers, pins, & magnets",2026-01-22,232.5,Orlando,FL,,"Orlando, FL",750 North Thornton Avenue,,32803,United States,"750 North Thornton Avenue, Orlando, FL 32803, United States",HU27NRQV8X,1,Delivered,138,1.68,621.0
Odds And Ends Emporium,HZZZFHPP7P,Order HZZZFHPP7P,Mixed order,2026-01-21,201.6,Colorado Springs,CO,,"Colorado Springs, CO",1604 South Cascade Avenue,Suite 170,80905,United States,"1604 South Cascade Avenue, Suite 170, Colorado Springs, CO 80905, United States",HZZZFHPP7P,1,Delivered,144,1.48,564.0
Jamie’s sell,J289XWDB7B,Order J289XWDB7B,Mixed order,2026-02-24,158.6,Kermit,WV,,"Kermit, WV",221 Left Fork Marrowbone Creek Road,,25674,United States,"221 Left Fork Marrowbone Creek Road, Kermit, WV 25674, United States",J289XWDB7B,1,Delivered,123,1.99,428.9
The Clothesline Consignment,J9MJQFPH9X,Order J9MJQFPH9X,"Stickers, pins, & magnets",2025-11-07,105.0,Anchorage,AK,,"Anchorage, AK",1441 West Northern Lights Boulevard,Ste A,99503,United States,"1441 West Northern Lights Boulevard, Ste A, Anchorage, AK 99503, United States",J9MJQFPH9X,1,Delivered,60,1.75,292.5
Norris Dam State Park,JEC6EPDTHF,Order JEC6EPDTHF,"Stickers, pins, & magnets",2026-01-06,105.0,Rocky Top,TN,,"Rocky Top, TN",125 Village Green Circle,,37769,United States,"125 Village Green Circle, Rocky Top, TN 37769, United States",JEC6EPDTHF,1,Delivered,60,1.75,270.0
Hive Provisions,JR3H35F6RH,Order JR3H35F6RH,"Stickers, pins, & magnets",2026-04-01,183.5,Fircrest,WA,,"Fircrest, WA",1545 Weathervane Court,,98466,United States,"1545 Weathervane Court, Fircrest, WA 98466, United States",JR3H35F6RH,1,Delivered,67,3.73,425.5
Mendo Pack and Ship,JRCCBT76A9,Order JRCCBT76A9,"Stickers, pins, & magnets",2026-01-08,233.5,Mendocino,CA,,"Mendocino, CA",45121 Ukiah Street,PO BOX 1877,95460,United States,"45121 Ukiah Street, PO BOX 1877, Mendocino, CA 95460, United States",JRCCBT76A9,1,Delivered,136,1.72,625.0
Island Treasure Toys,K3C2C5QQ8X,Order K3C2C5QQ8X,"Stickers, pins, & magnets",2026-03-02,292.5,Yarmouth Town,ME,,"Yarmouth Town, ME",805 U.S. 1,,04096,United States,"805 U.S. 1, Yarmouth Town, ME 04096, United States",K3C2C5QQ8X,1,Delivered,430,1.37,742.5
Roost & Company,K4P6VB8V8W,Order K4P6VB8V8W,"Stickers, pins, & magnets",2026-02-06,306.0,Salem,MA,,"Salem, MA",40 Front Street,,01970,United States,"40 Front Street, Salem, MA 01970, United States",K4P6VB8V8W,1,Delivered,188,1.66,826.5
Off the Wagon Shop,K5WQZEASZV,Order K5WQZEASZV,"Stickers, pins, & magnets",2026-02-25,189.0,Kent,OH,,"Kent, OH",152 E. Main Street,,44240,United States,"152 E. Main Street, Kent, OH 44240, United States",K5WQZEASZV,1,Delivered,108,1.75,521.4
Black Sheep Salvage,K5Z2RNEF2U,Order K5Z2RNEF2U,"Stickers, pins, & magnets",2026-01-22,104.79,Florence,AZ,,"Florence, AZ",2337 North Smithsonian Drive,,85132-6709,United States,"2337 North Smithsonian Drive, Florence, AZ 85132-6709, United States",K5Z2RNEF2U,1,Delivered,21,4.99,209.79
Scott & Nancy's,K9N5YD7AKD,Order K9N5YD7AKD,"Stickers, pins, & magnets",2025-12-04,169.0,Burlington,NC,,"Burlington, NC",3330 Picketts Trail,,27215-8638,United States,"3330 Picketts Trail, Burlington, NC 27215-8638, United States",K9N5YD7AKD,1,Delivered,70,2.96,413.0
SeeWhich Books,KE8U65N2NX,Order KE8U65N2NX,"Stickers, pins, & magnets",2026-02-19,149.0,Hampton,VA,,"Hampton, VA",15 South Hope Street,,23663,United States,"15 South Hope Street, Hampton, VA 23663, United States",KE8U65N2NX,1,Delivered,86,1.73,406.7
Time to Design,KF9NKEQ4VW,Order KF9NKEQ4VW,"Stickers, pins, & magnets",2026-01-18,110.0,Appleton,WI,,"Appleton, WI",1100 W Starview Ct,,54913,United States,"1100 W Starview Ct, Appleton, WI 54913, United States",KF9NKEQ4VW,1,Delivered,62,1.83,313.75
Blume Home,KJVYE2H2WX,Order KJVYE2H2WX,"Stickers, pins, & magnets",2025-10-02,182.0,Lebanon,OH,,"Lebanon, OH",9 S. Broadway,,45036,United States,"9 S. Broadway, Lebanon, OH 45036, United States",KJVYE2H2WX,1,Delivered,104,1.75,504.0
Salty Pages,KMN9BQ53HC,Order KMN9BQ53HC,Mixed order,2026-04-05,222.0,Cambria,CA,,"Cambria, CA",2024 Main Street,,93428,United States,"2024 Main Street, Cambria, CA 93428, United States",KMN9BQ53HC,1,Delivered,42,6.7,484.5
The H.A.M. Gift Shop,KNS3WV6GBN,Order KNS3WV6GBN,Mixed order,2026-01-28,114.0,Ashburnham,MA,,"Ashburnham, MA",115 Lincoln Avenue,,01430,United States,"115 Lincoln Avenue, Ashburnham, MA 01430, United States",KNS3WV6GBN,1,Delivered,51,2.67,288.0
Library Shop,KRBVE2GPYJ,Order KRBVE2GPYJ,Mixed order,2026-04-06,151.5,San Diego,CA,,"San Diego, CA",925 West Washington Street,,92103,United States,"925 West Washington Street, San Diego, CA 92103, United States",KRBVE2GPYJ,1,Delivered,30,7.25,327.1
Book Haus,KU9XDJAAHX,Order KU9XDJAAHX,Mixed order,2026-04-01,331.5,"Sacramento, Ca",CA,,"Sacramento, Ca, CA",314 25th St.,,95816,United States,"314 25th St., Sacramento, Ca, CA 95816, United States",KU9XDJAAHX,1,Delivered,48,7.94,685.5
XO Gift Co.,KW6AXZF9MC,Order KW6AXZF9MC,Mixed order,2025-12-30,101.25,Wheat Ridge,CO,,"Wheat Ridge, CO",10071 West 26th Avenue,,80215,United States,"10071 West 26th Avenue, Wheat Ridge, CO 80215, United States",KW6AXZF9MC,1,Delivered,53,2.28,276.75
Shoefly & Sox,KXCMNGK5DX,Order KXCMNGK5DX,"Stickers, pins, & magnets",2025-08-12,150.0,Ukiah,CA,,"Ukiah, CA",120-B West Standley St.,,95482,United States,"120-B West Standley St., Ukiah, CA 95482, United States",KXCMNGK5DX,1,Delivered,15,10.0,300.0
WomanMade Products,KXGFS6K32U,Order KXGFS6K32U,Mixed order,2026-01-23,295.5,Seneca Falls,NY,,"Seneca Falls, NY",91 Fall Street,,13148,United States,"91 Fall Street, Seneca Falls, NY 13148, United States",KXGFS6K32U,1,Delivered,84,4.66,681.0
Alibi Bookshop,KZH6WREJCB,Order KZH6WREJCB,Mixed order,2026-03-27,483.5,Vallejo,CA,,"Vallejo, CA",624 Marin Street,,94590,United States,"624 Marin Street, Vallejo, CA 94590, United States",KZH6WREJCB,1,Delivered,206,2.84,1210.05
Backwater Books,M43V8CK4D9,Order M43V8CK4D9,Mixed order,2026-01-04,557.0,Ellicott City,MD,,"Ellicott City, MD",8156 Main Street,,21043,United States,"8156 Main Street, Ellicott City, MD 21043, United States",M43V8CK4D9,1,Delivered,125,5.56,1229.5
Mystic Moon,M5ZBY2823Z,Order M5ZBY2823Z,"Stickers, pins, & magnets",2025-12-24,103.25,Gatlinburg,TN,,"Gatlinburg, TN",651 PARKWAY,103,37738,United States,"651 PARKWAY, 103, Gatlinburg, TN 37738, United States",M5ZBY2823Z,1,Delivered,59,1.75,280.25
Octavia’s Bookshelf,M65WUQ5PSU,Order M65WUQ5PSU,"Stickers, pins, & magnets",2026-04-02,283.5,Pasadena,CA,,"Pasadena, CA",1353 North Hill Avenue,,91104-2611,United States,"1353 North Hill Avenue, Pasadena, CA 91104-2611, United States",M65WUQ5PSU,1,Delivered,162,1.75,773.7
Pickity Place,M6XUDGS4DG,Order M6XUDGS4DG,Mixed order,2025-08-04,200.0,Mason,NH,,"Mason, NH",248 nutting hill rd,,03048,United States,"248 nutting hill rd, Mason, NH 03048, United States",M6XUDGS4DG,1,Delivered,20,10.0,400.0
Buffy's Book Boutique,MNUHF7PWVP,Order MNUHF7PWVP,Mixed order,2025-09-13,492.5,Las Vegas,NV,,"Las Vegas, NV",3585 S Durango Dr,STE 103,89147,United States,"3585 S Durango Dr, STE 103, Las Vegas, NV 89147, United States",MNUHF7PWVP,1,Delivered,140,4.36,1117.5
Tina's Timeless Threads,MR2WD8G3F6,Order MR2WD8G3F6,Mixed order,2025-11-26,174.75,Smyrna,DE,,"Smyrna, DE",3161 Brenford Road,,19977-3679,United States,"3161 Brenford Road, Smyrna, DE 19977-3679, United States",MR2WD8G3F6,1,Delivered,65,3.5,425.25
Octavia’s Bookshelf,MRKVZGM6ET,Order MRKVZGM6ET,Mixed order,2026-01-20,148.45,Pasadena,CA,,"Pasadena, CA",1353 North Hill Avenue,,91104-2611,United States,"1353 North Hill Avenue, Pasadena, CA 91104-2611, United States",MRKVZGM6ET,1,Delivered,91,1.69,408.25
L.K rustiques,MSYNMVE7SW,Order MSYNMVE7SW,"Stickers, pins, & magnets",2026-03-22,553.0,Morton,IL,,"Morton, IL",124 Happ Lane,,61550-1307,United States,"124 Happ Lane, Morton, IL 61550-1307, United States",MSYNMVE7SW,1,Delivered,313,1.79,1517.15
Good Neighbor Bookstore,MUFZ9DUJPP,Order MUFZ9DUJPP,"Stickers, pins, & magnets",2026-04-14,155.5,Lakewood,NY,,"Lakewood, NY",124 Chautauqua Avenue,,14750,United States,"124 Chautauqua Avenue, Lakewood, NY 14750, United States",MUFZ9DUJPP,1,Processing,61,3.06,390.0
Hi-Voltage Records,MUUH3RJ92K,Order MUUH3RJ92K,"Stickers, pins, & magnets",2026-01-20,115.0,Tacoma,WA,,"Tacoma, WA",2714 6th Avenue,,98406,United States,"2714 6th Avenue, Tacoma, WA 98406, United States",MUUH3RJ92K,1,Delivered,64,1.94,311.0
Rebel Supply Co.,MXFZFSGNQQ,Order MXFZFSGNQQ,"Stickers, pins, & magnets",2026-04-12,237.0,Asbury Park,NJ,,"Asbury Park, NJ",550 Cookman Ave,107 Rebel Supply,07712,United States,"550 Cookman Ave, 107 Rebel Supply, Asbury Park, NJ 07712, United States",MXFZFSGNQQ,1,Processing,93,3.21,583.8
Del Ray Farmhouse,MXU3WGMGE2,Order MXU3WGMGE2,Mixed order,2025-12-03,146.0,Alexandria,VA,,"Alexandria, VA",1913 Mount Vernon Avenue,,22301,United States,"1913 Mount Vernon Avenue, Alexandria, VA 22301, United States",MXU3WGMGE2,1,Delivered,110,1.44,422.5
Caspian Books,MZ9346R7GM,Order MZ9346R7GM,"Stickers, pins, & magnets",2025-09-02,105.0,Tracy,CA,,"Tracy, CA",1611 W 12TH ST,,95376,United States,"1611 W 12TH ST, Tracy, CA 95376, United States",MZ9346R7GM,1,Delivered,60,1.75,292.5
Library Shop,N2A4FM9DDD,Order N2A4FM9DDD,Mixed order,2026-01-20,309.1,San Diego,CA,,"San Diego, CA",925 West Washington Street,,92103,United States,"925 West Washington Street, San Diego, CA 92103, United States",N2A4FM9DDD,1,Delivered,76,4.22,684.5
SeeWhich Books,N348M3338K,Order N348M3338K,"Stickers, pins, & magnets",2026-03-09,108.5,Hampton,VA,,"Hampton, VA",15 South Hope Street,,23663,United States,"15 South Hope Street, Hampton, VA 23663, United States",N348M3338K,1,Delivered,62,1.75,295.7
Bookish,N73S9QGMB8,Order N73S9QGMB8,Mixed order,2026-01-20,177.5,Modesto,CA,,"Modesto, CA",811 W. Roseburg Avenue,,95350,United States,"811 W. Roseburg Avenue, Modesto, CA 95350, United States",N73S9QGMB8,1,Delivered,69,3.27,405.0
The Records Department,NAEKMH2DKA,Order NAEKMH2DKA,"Stickers, pins, & magnets",2026-03-23,161.68,Woodstock,IL,,"Woodstock, IL",315 East South Street,,60098,United States,"315 East South Street, Woodstock, IL 60098, United States",NAEKMH2DKA,1,Delivered,82,1.75,414.03
Dragonflies Boutique,NB8NSZXHFA,Order NB8NSZXHFA,Mixed order,2025-12-29,101.55,Laredo,TX,,"Laredo, TX",2202 Saunders St.,Suite 200,78041,United States,"2202 Saunders St., Suite 200, Laredo, TX 78041, United States",NB8NSZXHFA,1,Delivered,104,1.1,309.4
rOOTS,NC99VPYPMY,Order NC99VPYPMY,"Stickers, pins, & magnets",2025-08-20,309.0,Kansas City,MO,,"Kansas City, MO",412 Delaware Street,C,64105-1744,United States,"412 Delaware Street, C, Kansas City, MO 64105-1744, United States",NC99VPYPMY,1,Delivered,120,2.18,723.0
Flying M Coffeehouse,NCKPNYKX88,Order NCKPNYKX88,"Stickers, pins, & magnets",2025-10-29,168.0,Boise,ID,,"Boise, ID",500 W Idaho St,Ste 100,837025772,United States,"500 W Idaho St, Ste 100, Boise, ID 837025772, United States",NCKPNYKX88,1,Delivered,96,1.75,450.0
Pop's Poboys / Doc’s Pop In,ND7WZCT5EU,Order ND7WZCT5EU,Mixed order,2026-01-14,133.0,Lafayette,LA,,"Lafayette, LA",734 Jefferson Street,,70501,United States,"734 Jefferson Street, Lafayette, LA 70501, United States",ND7WZCT5EU,1,Delivered,88,1.55,367.0
Luckies Quick Mart,NDWYCX5BUF,Order NDWYCX5BUF,Mixed order,2025-12-27,151.5,Lubbock,TX,,"Lubbock, TX",4502 50th Street,100,79414-3612,United States,"4502 50th Street, 100, Lubbock, TX 79414-3612, United States",NDWYCX5BUF,1,Delivered,90,1.68,415.2
Caspian Books,NGKVXENXRH,Order NGKVXENXRH,"Stickers, pins, & magnets",2025-10-21,157.5,Tracy,CA,,"Tracy, CA",1611 W 12TH ST,,95376,United States,"1611 W 12TH ST, Tracy, CA 95376, United States",NGKVXENXRH,1,Delivered,90,1.75,420.0
The Mending Shed,NGUMRBAMAJ,Order NGUMRBAMAJ,"Stickers, pins, & magnets",2025-11-20,168.0,Orem,UT,,"Orem, UT",1735 State Street,,84097,United States,"1735 State Street, Orem, UT 84097, United States",NGUMRBAMAJ,1,Delivered,96,1.75,448.5
The Lady Jane Shop,NJ8XZJ3D25,Order NJ8XZJ3D25,"Stickers, pins, & magnets",2026-01-29,257.0,Harrisonburg,VA,,"Harrisonburg, VA",117 South Main Street,,22801,United States,"117 South Main Street, Harrisonburg, VA 22801, United States",NJ8XZJ3D25,1,Delivered,161,1.64,683.0
The Smokin' Onion,NMQAJJQBWE,Order NMQAJJQBWE,"Stickers, pins, & magnets",2026-02-08,178.25,Asheville,NC,,"Asheville, NC",7 homewood dr,,28803,United States,"7 homewood dr, Asheville, NC 28803, United States",NMQAJJQBWE,1,Delivered,104,1.68,478.25
"No Thoughts, Just Things",NNRP3DQSMZ,Order NNRP3DQSMZ,Mixed order,2026-01-07,101.99,Fort Mitchell,AL,,"Fort Mitchell, AL",14 Eagle Ridge Lane,,36856,United States,"14 Eagle Ridge Lane, Fort Mitchell, AL 36856, United States",NNRP3DQSMZ,1,Delivered,82,1.39,273.74
Blackbird Comics & Coffeehouse,NQSTUHQB23,Order NQSTUHQB23,Mixed order,2025-11-30,112.5,Maitland,FL,,"Maitland, FL",500 East Horatio Avenue Ste #3,,32751,United States,"500 East Horatio Avenue Ste #3, Maitland, FL 32751, United States",NQSTUHQB23,1,Delivered,36,4.11,262.5
Wildmother,NSQVTZNBTB,Order NSQVTZNBTB,Mixed order,2026-02-15,165.0,Zumbrota,MN,,"Zumbrota, MN",15 Mill Street,,55992,United States,"15 Mill Street, Zumbrota, MN 55992, United States",NSQVTZNBTB,1,Delivered,66,3.12,405.0
"WOO PDX, LLC",NTZUYCKH28,Order NTZUYCKH28,"Stickers, pins, & magnets",2026-01-18,109.5,Portland,OR,,"Portland, OR",8120- 3 North Denver Avenue,,97217,United States,"8120- 3 North Denver Avenue, Portland, OR 97217, United States",NTZUYCKH28,1,Delivered,66,1.64,291.0
Heathered Yarn Co,NU6MJT696V,Order NU6MJT696V,"Stickers, pins, & magnets",2026-03-13,106.5,Grass Valley,CA,,"Grass Valley, CA",109 West Main Street,,95945,United States,"109 West Main Street, Grass Valley, CA 95945, United States",NU6MJT696V,1,Delivered,68,1.62,293.5
Stella’s Coffee House,NUH85MZZQ8,Order NUH85MZZQ8,Mixed order,2026-01-20,152.6,Hart,MI,,"Hart, MI",5273 W Tyler Rd,,49420,United States,"5273 W Tyler Rd, Hart, MI 49420, United States",NUH85MZZQ8,1,Delivered,141,1.2,450.25
The Lady Jane Shop,NX26MD9GT4,Order NX26MD9GT4,"Stickers, pins, & magnets",2025-10-20,231.25,Harrisonburg,VA,,"Harrisonburg, VA",117 South Main Street,,22801,United States,"117 South Main Street, Harrisonburg, VA 22801, United States",NX26MD9GT4,1,Delivered,131,1.77,618.25
United Democratic Headquarters of Pasadena,NXZYADS7B4,Order NXZYADS7B4,"Stickers, pins, & magnets",2025-10-10,174.0,South Pasadena,CA,,"South Pasadena, CA",1612 Fair Oaks Avenue,#34,91030,United States,"1612 Fair Oaks Avenue, #34, South Pasadena, CA 91030, United States",NXZYADS7B4,1,Delivered,57,4.0,408.0
Paddywack,NY724QH442,Order NY724QH442,"Stickers, pins, & magnets",2025-11-09,105.0,Mill Creek,WA,,"Mill Creek, WA",15407 Main Street,Suite 101,98012,United States,"15407 Main Street, Suite 101, Mill Creek, WA 98012, United States",NY724QH442,1,Delivered,60,1.75,285.0
The Record Exchange,P274XJDJF5,Order P274XJDJF5,"Stickers, pins, & magnets",2026-02-04,239.5,Boise,ID,,"Boise, ID",1105 West Idaho Street,,83702,United States,"1105 West Idaho Street, Boise, ID 83702, United States",P274XJDJF5,1,Delivered,82,4.05,565.5
Pop's Poboys / Doc’s Pop In,P6U9EAQMGK,Order P6U9EAQMGK,Mixed order,2026-01-27,77.35,Lafayette,LA,,"Lafayette, LA",734 Jefferson Street,,70501,United States,"734 Jefferson Street, Lafayette, LA 70501, United States",P6U9EAQMGK,1,Delivered,74,1.07,220.75
Merit Badge Books,PHS4PD6QWM,Order PHS4PD6QWM,"Stickers, pins, & magnets",2026-01-20,203.8,Hamburg,NY,,"Hamburg, NY",276 Buffalo Street,,14075,United States,"276 Buffalo Street, Hamburg, NY 14075, United States",PHS4PD6QWM,1,Delivered,104,2.25,507.8
Kitsch,PJAKRKJH5X,Order PJAKRKJH5X,"Stickers, pins, & magnets",2026-04-08,30.0,Wichita,KS,,"Wichita, KS",2023 North Broadmoor Avenue,114,67206-2643,United States,"2023 North Broadmoor Avenue, 114, Wichita, KS 67206-2643, United States",PJAKRKJH5X,1,Shipped,3,10.0,60.0
Octavia’s Bookshelf,PPGVGW79TZ,Order PPGVGW79TZ,"Stickers, pins, & magnets",2025-11-19,170.0,Pasadena,CA,,"Pasadena, CA",1353 North Hill Avenue,,91104-2611,United States,"1353 North Hill Avenue, Pasadena, CA 91104-2611, United States",PPGVGW79TZ,1,Delivered,98,1.92,441.25
Bear Pond Books,PPHDDMEV4P,Order PPHDDMEV4P,Mixed order,2025-11-14,153.0,Montpelier,VT,,"Montpelier, VT",77 Main Street,,05602,United States,"77 Main Street, Montpelier, VT 05602, United States",PPHDDMEV4P,1,Delivered,45,4.5,351.0
Karma Records of Warsaw,PQFV2KQ562,Order PQFV2KQ562,"Stickers, pins, & magnets",2026-02-04,160.5,Warsaw,IN,,"Warsaw, IN",919 E WINONA AVE,Suite 1,46580,United States,"919 E WINONA AVE, Suite 1, Warsaw, IN 46580, United States",PQFV2KQ562,1,Delivered,93,1.71,429.75
Second Flight Books,PU2ZAAF7WK,Order PU2ZAAF7WK,"Stickers, pins, & magnets",2025-10-22,164.0,Lafayette,IN,,"Lafayette, IN",426 Main Street,,47901,United States,"426 Main Street, Lafayette, IN 47901, United States",PU2ZAAF7WK,1,Delivered,92,1.8,444.0
Lola of North Beach,PZDXHPBNAY,Order PZDXHPBNAY,"Stickers, pins, & magnets",2026-04-13,139.5,Monterey,CA,,"Monterey, CA",751 Cannery Row,#117,93940,United States,"751 Cannery Row, #117, Monterey, CA 93940, United States",PZDXHPBNAY,1,Shipped,75,2.14,374.4
Weirdo Wonderland,Q2W8Y8JXKM,Order Q2W8Y8JXKM,"Stickers, pins, & magnets",2026-01-10,141.0,Shelton,CT,,"Shelton, CT",415 Howe AVE,Box# 115,06484,United States,"415 Howe AVE, Box# 115, Shelton, CT 06484, United States",Q2W8Y8JXKM,1,Delivered,24,7.25,297.0
Andersonville Galleria,Q3K2BK5K56,Order Q3K2BK5K56,"Stickers, pins, & magnets",2025-10-14,162.0,Chicago,IL,,"Chicago, IL",5247 N Clark,,60640,United States,"5247 N Clark, Chicago, IL 60640, United States",Q3K2BK5K56,1,Delivered,36,5.88,354.0
Next Chapter Bookshop,Q3STXAV2Z9,Order Q3STXAV2Z9,Mixed order,2026-03-09,889.25,Hollidaysburg,PA,,"Hollidaysburg, PA",1773 Frankstown Road,,16648,United States,"1773 Frankstown Road, Hollidaysburg, PA 16648, United States",Q3STXAV2Z9,1,Delivered,425,2.86,2261.15
Ruby's Books,Q8YUBMXHH6,Order Q8YUBMXHH6,Mixed order,2026-04-08,709.5,Folsom,CA,,"Folsom, CA",724 Sutter Street,,95630,United States,"724 Sutter Street, Folsom, CA 95630, United States",Q8YUBMXHH6,1,Shipped,204,3.73,1531.5
"Terra Bella Nursery, Inc.",Q9XJZGZYJE,Order Q9XJZGZYJE,"Stickers, pins, & magnets",2026-02-28,233.0,Del Mar,CA,,"Del Mar, CA",2651 Via De La Valle,,92014-1903,United States,"2651 Via De La Valle, Del Mar, CA 92014-1903, United States",Q9XJZGZYJE,1,Delivered,134,1.74,627.6
Sisters Books & Nooks,QAQARD4CEW,Order QAQARD4CEW,Mixed order,2025-11-30,116.5,Cedar Rapids,IA,,"Cedar Rapids, IA",2620 Primrose Lane Southwest,,52404-2452,United States,"2620 Primrose Lane Southwest, Cedar Rapids, IA 52404-2452, United States",QAQARD4CEW,1,Delivered,25,5.29,251.75
Book Haus,QDM4M4MQG8,Order QDM4M4MQG8,Mixed order,2025-10-12,151.0,"Sacramento, Ca",CA,,"Sacramento, Ca, CA",314 25th St.,,95816,United States,"314 25th St., Sacramento, Ca, CA 95816, United States",QDM4M4MQG8,1,Delivered,58,2.67,367.0
Leighty's Farm Market,QG9V85C5A5,Order QG9V85C5A5,"Stickers, pins, & magnets",2026-03-14,154.69,Newry,PA,,"Newry, PA",16187 Dunnings Highway,,16665,United States,"16187 Dunnings Highway, Newry, PA 16665, United States",QG9V85C5A5,1,Delivered,31,4.99,309.69
The Lady Jane Shop,QJXKTVYV87,Order QJXKTVYV87,"Stickers, pins, & magnets",2025-11-30,281.0,Harrisonburg,VA,,"Harrisonburg, VA",117 South Main Street,,22801,United States,"117 South Main Street, Harrisonburg, VA 22801, United States",QJXKTVYV87,1,Delivered,166,1.72,765.0
hey tiger,QM4NX5TPBC,Order QM4NX5TPBC,Mixed order,2025-11-16,225.0,Louisville,KY,,"Louisville, KY",1572 Bardstown Road,,40205,United States,"1572 Bardstown Road, Louisville, KY 40205, United States",QM4NX5TPBC,1,Delivered,71,4.97,501.0
Roadrunner Bookshop,QNCAVMVDPR,Order QNCAVMVDPR,Mixed order,2026-01-23,162.0,Falcon,CO,,"Falcon, CO",13560 Cottontail Drive,,80831,United States,"13560 Cottontail Drive, Falcon, CO 80831, United States",QNCAVMVDPR,1,Delivered,36,5.88,364.5
"I Love Books, Inc.",QQ9Q48N6E5,Order QQ9Q48N6E5,"Stickers, pins, & magnets",2026-02-25,268.5,Delmar,NY,,"Delmar, NY",380 Delaware Ave,,12054,United States,"380 Delaware Ave, Delmar, NY 12054, United States",QQ9Q48N6E5,1,Delivered,191,1.61,738.15
Bettie's Pages,QQCREZVUH5,Order QQCREZVUH5,"Stickers, pins, & magnets",2026-04-02,252.0,Lowell,MI,,"Lowell, MI",11635 Fulton Street East,#500,49331,United States,"11635 Fulton Street East, #500, Lowell, MI 49331, United States",QQCREZVUH5,1,Delivered,141,1.83,684.9
The Wild Plum Holistic Spa & Yoga Center,QW6HYNTDSG,Order QW6HYNTDSG,"Stickers, pins, & magnets",2025-11-17,146.48,Los Angeles,CA,,"Los Angeles, CA",3335 W Sunset Blvd,,90026,United States,"3335 W Sunset Blvd, Los Angeles, CA 90026, United States",QW6HYNTDSG,1,Delivered,80,1.98,390.48
The Lady Jane Shop,R6HDBBZZEE,Order R6HDBBZZEE,"Stickers, pins, & magnets",2026-04-10,273.45,Harrisonburg,VA,,"Harrisonburg, VA",117 South Main Street,,22801,United States,"117 South Main Street, Harrisonburg, VA 22801, United States",R6HDBBZZEE,1,Shipped,147,1.9,737.85
Four Seasons Books,R7QZ62TKVT,Order R7QZ62TKVT,Mixed order,2025-10-29,202.5,Shepherdstown,WV,,"Shepherdstown, WV",114 West German Street,P.O. Box 70,25443,United States,"114 West German Street, P.O. Box 70, Shepherdstown, WV 25443, United States",R7QZ62TKVT,1,Delivered,45,5.88,442.5
The Shore Shoppe,R9EH74XJ9Y,Order R9EH74XJ9Y,"Stickers, pins, & magnets",2025-10-21,101.5,Pacifica,CA,,"Pacifica, CA",145 Rockaway Beach Avenue,,94044,United States,"145 Rockaway Beach Avenue, Pacifica, CA 94044, United States",R9EH74XJ9Y,1,Delivered,58,1.75,286.5
The Kobuk,RA3SVPY5SC,Order RA3SVPY5SC,"Stickers, pins, & magnets",2025-12-26,157.5,Anchorage,AK,,"Anchorage, AK",445 East 5th Avenue,103,99501,United States,"445 East 5th Avenue, 103, Anchorage, AK 99501, United States",RA3SVPY5SC,1,Delivered,90,1.75,427.5
Canary Books,RC276UPB2T,Order RC276UPB2T,Mixed order,2026-03-17,100.55,Nampa,ID,,"Nampa, ID",1403 Third St S,,83651,United States,"1403 Third St S, Nampa, ID 83651, United States",RC276UPB2T,1,Delivered,86,2.38,288.25
Pocono Soap,RFJ67RJC42,Order RFJ67RJC42,Mixed order,2026-04-07,227.0,Stroudsburg,PA,,"Stroudsburg, PA",10 North 7th Street,,18360,United States,"10 North 7th Street, Stroudsburg, PA 18360, United States",RFJ67RJC42,1,Delivered,248,1.1,719.2
Salzer's Records,RGZEBTWVVZ,Order RGZEBTWVVZ,"Stickers, pins, & magnets",2025-12-30,399.0,Ventura,CA,,"Ventura, CA",5777 Valentine Road,,93003,United States,"5777 Valentine Road, Ventura, CA 93003, United States",RGZEBTWVVZ,1,Delivered,228,1.75,1090.5
Book Haus,RHXNSAXK24,Order RHXNSAXK24,Mixed order,2025-08-09,243.0,"Sacramento, Ca",CA,,"Sacramento, Ca, CA",314 25th St.,,95816,United States,"314 25th St., Sacramento, Ca, CA 95816, United States",RHXNSAXK24,1,Delivered,54,5.5,531.0
Charmers Cafe,RHZXSMQQ92,Order RHZXSMQQ92,"Stickers, pins, & magnets",2026-01-30,84.0,Chicago,IL,,"Chicago, IL",1500 West Jarvis Avenue,,60626,United States,"1500 West Jarvis Avenue, Chicago, IL 60626, United States",RHZXSMQQ92,1,Delivered,48,1.75,228.0
Prose and Pints LLC,RKD4W96XGR,Order RKD4W96XGR,Mixed order,2025-12-17,169.0,Georgetown,TX,,"Georgetown, TX",2109 Wooded Run Trail,,78628,United States,"2109 Wooded Run Trail, Georgetown, TX 78628, United States",RKD4W96XGR,1,Delivered,72,4.49,394.5
Ypsilanti Art Supply,RQ33VGJPPS,Order RQ33VGJPPS,"Stickers, pins, & magnets",2025-10-30,107.5,Ypsilanti,MI,,"Ypsilanti, MI",482 Marion Street,,48197,United States,"482 Marion Street, Ypsilanti, MI 48197, United States",RQ33VGJPPS,1,Delivered,64,1.68,292.0
"I Love Books, Inc.",RR2FEHR6JV,Order RR2FEHR6JV,Mixed order,2025-10-24,310.5,Delmar,NY,,"Delmar, NY",380 Delaware Ave,,12054,United States,"380 Delaware Ave, Delmar, NY 12054, United States",RR2FEHR6JV,1,Delivered,135,2.78,786.0
Down Dog BG,RVJ6WAAXGJ,Order RVJ6WAAXGJ,"Stickers, pins, & magnets",2026-03-23,156.0,Bowling Green,KY,,"Bowling Green, KY",1818 Bent Tree Ct,,42103,United States,"1818 Bent Tree Ct, Bowling Green, KY 42103, United States",RVJ6WAAXGJ,1,Delivered,75,2.38,398.4
The Siren and The Sea: Books and Coffee,RVN9U9CH6K,Order RVN9U9CH6K,"Stickers, pins, & magnets",2025-12-27,120.75,Rochester,NY,,"Rochester, NY",426 South Ave,,14620,United States,"426 South Ave, Rochester, NY 14620, United States",RVN9U9CH6K,1,Delivered,69,1.75,327.75
Mystic Moon,RWGAQCHMPX,Order RWGAQCHMPX,"Stickers, pins, & magnets",2026-04-08,227.5,Gatlinburg,TN,,"Gatlinburg, TN",651 PARKWAY,103,37738,United States,"651 PARKWAY, 103, Gatlinburg, TN 37738, United States",RWGAQCHMPX,1,Delivered,130,1.75,617.5
Del Ray Farmhouse,S27PGWA2A5,Order S27PGWA2A5,Mixed order,2026-04-07,100.5,Alexandria,VA,,"Alexandria, VA",1913 Mount Vernon Avenue,,22301,United States,"1913 Mount Vernon Avenue, Alexandria, VA 22301, United States",S27PGWA2A5,1,Delivered,84,1.36,281.5
Burncoat center for arts and wellness,S2G5BK452Y,Order S2G5BK452Y,"Stickers, pins, & magnets",2026-01-20,275.25,Worcester,MA,,"Worcester, MA",78 Burncoat St,,01605,United States,"78 Burncoat St, Worcester, MA 01605, United States",S2G5BK452Y,1,Delivered,153,1.84,735.0
Mas Bueno Boutique,S4CCZ6F3TB,Order S4CCZ6F3TB,"Stickers, pins, & magnets",2026-04-14,161.0,West Sacramento,CA,,"West Sacramento, CA",2728 Edgewater Court,,95691,United States,"2728 Edgewater Court, West Sacramento, CA 95691, United States",S4CCZ6F3TB,1,Processing,92,1.75,441.0
A Novel Idea Bookshop,S6P6ZK2M24,Order S6P6ZK2M24,"Stickers, pins, & magnets",2025-11-13,147.0,Guthrie,OK,,"Guthrie, OK",116 West Oklahoma Avenue,,73044-3130,United States,"116 West Oklahoma Avenue, Guthrie, OK 73044-3130, United States",S6P6ZK2M24,1,Delivered,84,1.75,399.0
Amityville Apothecary,SCQETR4G76,Order SCQETR4G76,Stationery & writing,2026-01-13,1225.0,Amityville,NY,,"Amityville, NY",174 Park Avenue,,11701,United States,"174 Park Avenue, Amityville, NY 11701, United States",SCQETR4G76,1,Delivered,1500,0.82,3862.5
Gallery Bookshop & Bookwinkles,SDEHCR87YE,Order SDEHCR87YE,Mixed order,2026-01-22,321.0,Mendocino,CA,,"Mendocino, CA",319 Kasten Street,Box 270,95460,United States,"319 Kasten Street, Box 270, Mendocino, CA 95460, United States",SDEHCR87YE,1,Delivered,141,3.4,801.0
Onalaska Smokes 4 Less,SEEJVJJHXC,Order SEEJVJJHXC,"Stickers, pins, & magnets",2026-02-06,153.98,Onalaska,WI,,"Onalaska, WI",1220 Crossing Meadows Drive,#280,54650,United States,"1220 Crossing Meadows Drive, #280, Onalaska, WI 54650, United States",SEEJVJJHXC,1,Delivered,85,1.97,403.98
Lightning Treats & Sweets,SHPVG86FE7,Order SHPVG86FE7,"Stickers, pins, & magnets",2026-03-30,154.0,Warren,OR,,"Warren, OR",31258 Cater Road,,97053,United States,"31258 Cater Road, Warren, OR 97053, United States",SHPVG86FE7,1,Delivered,88,1.75,419.2
A Room of Ones Own,SJY4T7QA6Q,Order SJY4T7QA6Q,Mixed order,2026-03-20,275.45,Madison,WI,,"Madison, WI",2717 Atwood Avenue,,53704,United States,"2717 Atwood Avenue, Madison, WI 53704, United States",SJY4T7QA6Q,1,Delivered,165,1.6,733.15
Book Nerd,SQJK5JKQPP,Order SQJK5JKQPP,Mixed order,2026-01-21,403.75,Castle Hills,TX,,"Castle Hills, TX",2211 Northwest Military Highway,#118,78213,United States,"2211 Northwest Military Highway, #118, Castle Hills, TX 78213, United States",SQJK5JKQPP,1,Delivered,160,2.3,1006.25
Búho,ST3FT2NNMX,Order ST3FT2NNMX,Mixed order,2026-01-03,100.0,Brownsville,TX,,"Brownsville, TX",1140 East Washington Street,,78520,United States,"1140 East Washington Street, Brownsville, TX 78520, United States",ST3FT2NNMX,1,Delivered,10,10.0,200.0
Zandbroz Variety,SU8R5P942S,Order SU8R5P942S,Mixed order,2026-02-05,152.7,Sioux Falls,SD,,"Sioux Falls, SD",209 South Phillips Avenue,,57104,United States,"209 South Phillips Avenue, Sioux Falls, SD 57104, United States",SU8R5P942S,1,Delivered,138,1.16,427.5
Greedy Reads,SZ62YYUTM9,Order SZ62YYUTM9,"Stickers, pins, & magnets",2026-02-05,187.0,Baltimore,MD,,"Baltimore, MD",1744 Aliceanna Street,,21231,United States,"1744 Aliceanna Street, Baltimore, MD 21231, United States",SZ62YYUTM9,1,Delivered,134,1.47,464.0
A Shop of Things,T3VQFDC5JW,Order T3VQFDC5JW,"Stickers, pins, & magnets",2026-03-02,154.0,Nashville,TN,,"Nashville, TN",3241 Gallatin Pike,(door says 3239),37216,United States,"3241 Gallatin Pike, (door says 3239), Nashville, TN 37216, United States",T3VQFDC5JW,1,Delivered,83,1.91,415.5
Madre Maui,T4U9GT6GPQ,Order T4U9GT6GPQ,Mixed order,2026-04-03,343.35,Lahaina,HI,,"Lahaina, HI",36 wailele Ridge Drive,301,96761,United States,"36 wailele Ridge Drive, 301, Lahaina, HI 96761, United States",T4U9GT6GPQ,1,Delivered,207,1.64,943.65
the bohemian peddler,T4UYC3SF2N,Order T4UYC3SF2N,Mixed order,2026-01-22,231.0,Madras,OR,,"Madras, OR",185 SE E street,,97741,United States,"185 SE E street, Madras, OR 97741, United States",T4UYC3SF2N,1,Delivered,240,1.22,720.0
Bird's Nest Cafe & Night Hawks Diner,T7ZJTHWGVV,Order T7ZJTHWGVV,Mixed order,2026-03-09,486.25,Nashville,IN,,"Nashville, IN",914 Highland Drive,,47448,United States,"914 Highland Drive, Nashville, IN 47448, United States",T7ZJTHWGVV,1,Delivered,262,1.96,1316.25
Rocky Mountain Coffee Roasters,TBT9NUJWS2,Order TBT9NUJWS2,"Stickers, pins, & magnets",2026-02-20,160.5,Frisco,CO,,"Frisco, CO",285 Main Street,po box 2390,80443,United States,"285 Main Street, po box 2390, Frisco, CO 80443, United States",TBT9NUJWS2,1,Delivered,84,1.95,410.7
The Arterie,TH59XCSHFW,Order TH59XCSHFW,"Stickers, pins, & magnets",2025-09-07,166.0,Agoura Hills,CA,,"Agoura Hills, CA",5428 Softwind Way,,91301-1542,United States,"5428 Softwind Way, Agoura Hills, CA 91301-1542, United States",TH59XCSHFW,1,Delivered,53,3.73,384.75
Navarro Official,TNJGBP3EM5,Order TNJGBP3EM5,Mixed order,2026-02-05,120.0,Miami Beach,FL,,"Miami Beach, FL",1557 Meridian Avenue,Apt 106,33139,United States,"1557 Meridian Avenue, Apt 106, Miami Beach, FL 33139, United States",TNJGBP3EM5,1,Delivered,12,10.0,240.0
Sq/Ft,TPNG6P9WR9,Order TPNG6P9WR9,"Stickers, pins, & magnets",2025-10-09,63.0,Decatur,GA,,"Decatur, GA",149 Sycamore Street,,30030,United States,"149 Sycamore Street, Decatur, GA 30030, United States",TPNG6P9WR9,1,Delivered,36,1.75,171.0
A Likely Story,TUBQWQAF32,Order TUBQWQAF32,"Stickers, pins, & magnets",2025-12-06,102.0,Midway,KY,,"Midway, KY",113 East Main Street,,40347,United States,"113 East Main Street, Midway, KY 40347, United States",TUBQWQAF32,1,Delivered,30,3.4,234.0
Grunge House,TVXB6MTECG,Order TVXB6MTECG,"Stickers, pins, & magnets",2026-01-26,140.5,Fort Smith,AR,,"Fort Smith, AR",5913 Chippewa Trail,,72904,United States,"5913 Chippewa Trail, Fort Smith, AR 72904, United States",TVXB6MTECG,1,Delivered,69,2.12,370.0
Mystic Moon,TW9Q858W42,Order TW9Q858W42,"Stickers, pins, & magnets",2026-02-26,199.5,Gatlinburg,TN,,"Gatlinburg, TN",651 PARKWAY,103,37738,United States,"651 PARKWAY, 103, Gatlinburg, TN 37738, United States",TW9Q858W42,1,Delivered,114,1.75,541.5
Off the Wagon Shop,TXZZD9BYWG,Order TXZZD9BYWG,"Stickers, pins, & magnets",2026-04-01,252.0,Kent,OH,,"Kent, OH",152 E. Main Street,,44240,United States,"152 E. Main Street, Kent, OH 44240, United States",TXZZD9BYWG,1,Delivered,144,1.75,690.0
Zandbroz Variety,U2UAW4TQKE,Order U2UAW4TQKE,"Stickers, pins, & magnets",2026-03-14,135.0,Sioux Falls,SD,,"Sioux Falls, SD",209 South Phillips Avenue,,57104,United States,"209 South Phillips Avenue, Sioux Falls, SD 57104, United States",U2UAW4TQKE,1,Delivered,84,1.61,367.8
Judging by The Cover: A Bookstore,U9P9HXKWMQ,Order U9P9HXKWMQ,"Stickers, pins, & magnets",2025-11-20,117.47,Fresno,CA,,"Fresno, CA",837 North Farris Avenue,,93728,United States,"837 North Farris Avenue, Fresno, CA 93728, United States",U9P9HXKWMQ,1,Delivered,38,3.39,272.47
Artisans New London,UDNXQDCAVY,Order UDNXQDCAVY,"Stickers, pins, & magnets",2026-01-23,126.0,New London,NH,,"New London, NH",11 Pleasant Street,,03257,United States,"11 Pleasant Street, New London, NH 03257, United States",UDNXQDCAVY,1,Delivered,72,1.75,352.5
The Plant Store,UEABPEQJBY,Order UEABPEQJBY,"Stickers, pins, & magnets",2025-12-26,175.0,Seattle,WA,,"Seattle, WA",1213 Pine Street,,98101,United States,"1213 Pine Street, Seattle, WA 98101, United States",UEABPEQJBY,1,Delivered,100,1.75,470.0
The Grove Vintage,UFVK3T9KHE,Order UFVK3T9KHE,Mixed order,2026-01-08,1093.5,Claremont,CA,,"Claremont, CA",175 North Indian Hill Boulevard,100A,91711,United States,"175 North Indian Hill Boulevard, 100A, Claremont, CA 91711, United States",UFVK3T9KHE,1,Delivered,663,1.99,2931.0
CenterPeace,UQB62N48R7,Order UQB62N48R7,Mixed order,2026-02-19,155.34,Spindale,NC,,"Spindale, NC",139 West Main Street,,28160-1539,United States,"139 West Main Street, Spindale, NC 28160-1539, United States",UQB62N48R7,1,Delivered,112,1.42,424.14
Edge of Urge,UV77SG8JMP,Order UV77SG8JMP,Mixed order,2026-02-11,391.4,Raleigh,NC,,"Raleigh, NC",215 e Franklin st,ste 110,27604,United States,"215 e Franklin st, ste 110, Raleigh, NC 27604, United States",UV77SG8JMP,1,Delivered,242,1.81,1057.0
A Likely Story,V26GP237MU,Order V26GP237MU,Mixed order,2025-09-27,415.5,Midway,KY,,"Midway, KY",113 East Main Street,,40347,United States,"113 East Main Street, Midway, KY 40347, United States",V26GP237MU,1,Delivered,96,5.22,913.5
Gathr Studio,V3AH6PV5MK,Order V3AH6PV5MK,"Stickers, pins, & magnets",2026-04-01,161.5,Waukegan,IL,,"Waukegan, IL",2015 Grand Avenue,,60085,United States,"2015 Grand Avenue, Waukegan, IL 60085, United States",V3AH6PV5MK,1,Delivered,86,2.0,429.5
Lotus Blooms,V4AU2SNBD2,Order V4AU2SNBD2,"Stickers, pins, & magnets",2025-12-26,77.0,Alexandria,VA,,"Alexandria, VA",1017 King Street,,22314,United States,"1017 King Street, Alexandria, VA 22314, United States",V4AU2SNBD2,1,Delivered,44,1.75,209.0
EAST FRANK SUPERETTE AND KITCHEN,V6DMZVPHPN,Order V6DMZVPHPN,"Stickers, pins, & magnets",2025-08-30,171.75,Monroe,NC,,"Monroe, NC",209 East Franklin Street,,28112,United States,"209 East Franklin Street, Monroe, NC 28112, United States",V6DMZVPHPN,1,Delivered,101,1.69,454.25
Lunch Money,V7YPBCPMFZ,Order V7YPBCPMFZ,"Stickers, pins, & magnets",2025-10-04,20.0,Gilbert,AZ,,"Gilbert, AZ",2270 E. Williams Field Rd.,Suite 113,85295,United States,"2270 E. Williams Field Rd., Suite 113, Gilbert, AZ 85295, United States",V7YPBCPMFZ,1,Delivered,8,2.5,40.0
Frankie’s,VCEGQT4KFE,Order VCEGQT4KFE,Mixed order,2026-02-26,312.0,Thiensville,WI,,"Thiensville, WI",184 S Main St,,53092,United States,"184 S Main St, Thiensville, WI 53092, United States",VCEGQT4KFE,1,Delivered,132,3.6,754.95
HWE Restaurant Group,VDC2X7YQQW,Order VDC2X7YQQW,Mixed order,2025-10-12,335.0,Manheim,PA,,"Manheim, PA",2775 Lebanon Road,,17545,United States,"2775 Lebanon Road, Manheim, PA 17545, United States",VDC2X7YQQW,1,Delivered,50,7.94,695.0
Weirdo Wonderland,VGB4WECAEG,Order VGB4WECAEG,"Stickers, pins, & magnets",2026-01-25,96.75,Shelton,CT,,"Shelton, CT",415 Howe AVE,Box# 115,06484,United States,"415 Howe AVE, Box# 115, Shelton, CT 06484, United States",VGB4WECAEG,1,Delivered,19,5.75,201.0
Odd One Out DBA Barbour Shop Creative Services,VHXUD35H9J,Order VHXUD35H9J,"Stickers, pins, & magnets",2025-10-24,112.5,Clayton,NC,,"Clayton, NC",400 E Main St,,27520,United States,"400 E Main St, Clayton, NC 27520, United States",VHXUD35H9J,1,Delivered,72,1.68,294.0
East Dallas Vintage,VKJQD72FWR,Order VKJQD72FWR,Mixed order,2026-01-03,209.5,Garland,TX,,"Garland, TX",1805 Creekside Ct,,75040,United States,"1805 Creekside Ct, Garland, TX 75040, United States",VKJQD72FWR,1,Delivered,118,1.85,560.0
Whimsy's Books,VKQ6R9WMRF,Order VKQ6R9WMRF,"Stickers, pins, & magnets",2026-01-23,129.5,Berea,KY,,"Berea, KY",204 Estill Street,,40403,United States,"204 Estill Street, Berea, KY 40403, United States",VKQ6R9WMRF,1,Delivered,74,1.75,351.5
L.O.F.T. of Asheville,VMY4PVT4FD,Order VMY4PVT4FD,"Stickers, pins, & magnets",2025-09-23,199.5,Asheville,NC,,"Asheville, NC",53 Broadway Street,,28801,United States,"53 Broadway Street, Asheville, NC 28801, United States",VMY4PVT4FD,1,Delivered,48,5.88,441.5
Gratitude,VP4VUPDPUM,Order VP4VUPDPUM,Mixed order,2026-02-12,170.3,Port Aransas,TX,,"Port Aransas, TX",316 N STATION ST,,78373,United States,"316 N STATION ST, Port Aransas, TX 78373, United States",VP4VUPDPUM,1,Delivered,116,1.48,476.0
Jena Priebe,VQ4BQH67N6,Order VQ4BQH67N6,Mixed order,2026-02-19,376.17,Los Angeles,CA,,"Los Angeles, CA",453 South Spring Street,301,90013,United States,"453 South Spring Street, 301, Los Angeles, CA 90013, United States",VQ4BQH67N6,1,Delivered,107,6.76,778.67
La Playa Books,VQBX4MZ5U4,Order VQBX4MZ5U4,Mixed order,2026-01-23,466.75,San Diego,CA,,"San Diego, CA",1026 Rosecrans Street,,92106,United States,"1026 Rosecrans Street, San Diego, CA 92106, United States",VQBX4MZ5U4,1,Delivered,191,2.98,1118.25
The Book Juggler,VS5ERPN9KN,Order VS5ERPN9KN,Mixed order,2026-02-10,223.5,Willits,CA,,"Willits, CA",182 S Main St,,95490,United States,"182 S Main St, Willits, CA 95490, United States",VS5ERPN9KN,1,Delivered,57,4.22,499.5
Blue Willow Restaurant,VURS74DRSC,Order VURS74DRSC,"Stickers, pins, & magnets",2026-01-10,241.5,Tucson,AZ,,"Tucson, AZ",2616 North Campbell Avenue,,85719,United States,"2616 North Campbell Avenue, Tucson, AZ 85719, United States",VURS74DRSC,1,Delivered,138,1.75,655.5
Gracie's Place,VXFMCH29AH,Order VXFMCH29AH,Mixed order,2025-11-11,154.0,Grand Forks,ND,,"Grand Forks, ND",1807 Demers Avenue,,58201,United States,"1807 Demers Avenue, Grand Forks, ND 58201, United States",VXFMCH29AH,1,Delivered,55,4.0,378.5
25 Central,W32T3GVMNS,Order W32T3GVMNS,Mixed order,2026-04-07,256.9,Northampton,MA,,"Northampton, MA",162 Main Street,25 Central,01060,United States,"162 Main Street, 25 Central, Northampton, MA 01060, United States",W32T3GVMNS,1,Delivered,185,1.54,732.8
Four Seasons Books,W5R6KWW7KC,Order W5R6KWW7KC,Mixed order,2026-01-21,303.0,Shepherdstown,WV,,"Shepherdstown, WV",114 West German Street,P.O. Box 70,25443,United States,"114 West German Street, P.O. Box 70, Shepherdstown, WV 25443, United States",W5R6KWW7KC,1,Delivered,87,4.54,693.0
The Lady Jane Shop,W8PPEJQYC4,Order W8PPEJQYC4,"Stickers, pins, & magnets",2026-01-08,333.5,Harrisonburg,VA,,"Harrisonburg, VA",117 South Main Street,,22801,United States,"117 South Main Street, Harrisonburg, VA 22801, United States",W8PPEJQYC4,1,Delivered,188,1.76,895.5
Rainbow Grocery,W92HG6RK6D,Order W92HG6RK6D,Mixed order,2025-11-10,548.5,San Francisco,CA,,"San Francisco, CA",1745 Folsom Street,,94103,United States,"1745 Folsom Street, San Francisco, CA 94103, United States",W92HG6RK6D,1,Delivered,146,4.81,1228.25
Salty Pages,WDYZCE4BGK,Order WDYZCE4BGK,Mixed order,2026-02-13,160.0,Cambria,CA,,"Cambria, CA",2024 Main Street,,93428,United States,"2024 Main Street, Cambria, CA 93428, United States",WDYZCE4BGK,1,Delivered,40,4.78,353.0
epilogue books,WE47MSEMQM,Order WE47MSEMQM,Mixed order,2026-01-19,277.5,Rockford,MI,,"Rockford, MI",10 E Bridge Street,,49341,United States,"10 E Bridge Street, Rockford, MI 49341, United States",WE47MSEMQM,1,Delivered,102,3.49,678.0
Darlybird,WJB7NDVNUX,Order WJB7NDVNUX,"Stickers, pins, & magnets",2026-03-02,523.5,Provo,UT,,"Provo, UT",275 E Center St,,84606,United States,"275 E Center St, Provo, UT 84606, United States",WJB7NDVNUX,1,Delivered,314,1.67,1411.5
Props for the Home,WQSGCXB9GZ,Order WQSGCXB9GZ,Mixed order,2025-08-27,377.0,South Haven,MI,,"South Haven, MI",528 Phoenix Street,,49090,United States,"528 Phoenix Street, South Haven, MI 49090, United States",WQSGCXB9GZ,1,Delivered,107,4.18,839.5
The Local Bevy,WUMB3F5CBT,Order WUMB3F5CBT,"Stickers, pins, & magnets",2026-04-04,158.25,Springfield,MO,,"Springfield, MO",1330 E Walnut Lawn Street,,65804,United States,"1330 E Walnut Lawn Street, Springfield, MO 65804, United States",WUMB3F5CBT,1,Delivered,99,1.61,408.45
Edge of Urge,WY57Q6P2QT,Order WY57Q6P2QT,Mixed order,2025-12-13,133.0,Wilmington,NC,,"Wilmington, NC",18 Market Street,,28401,United States,"18 Market Street, Wilmington, NC 28401, United States",WY57Q6P2QT,1,Delivered,140,0.95,404.0
Bookstore1Sarasota,WYA8M5HNXS,Order WYA8M5HNXS,"Stickers, pins, & magnets",2025-11-26,147.0,Sarasota,FL,,"Sarasota, FL",117 South Pineapple Avenue,,34236,United States,"117 South Pineapple Avenue, Sarasota, FL 34236, United States",WYA8M5HNXS,1,Delivered,84,1.75,399.0
Salty,WZDKQZZAGG,Order WZDKQZZAGG,Mixed order,2025-11-13,373.75,Texarkana,TX,,"Texarkana, TX",236 Richmond Ranch Road,,75503,United States,"236 Richmond Ranch Road, Texarkana, TX 75503, United States",WZDKQZZAGG,1,Delivered,73,5.05,781.25
Birdie's Gifts and Stuff,X2YTE7YYRT,Order X2YTE7YYRT,Mixed order,2025-12-31,186.0,Terre Haute,IN,,"Terre Haute, IN",1837 s 29th st,,47803,United States,"1837 s 29th st, Terre Haute, IN 47803, United States",X2YTE7YYRT,1,Delivered,70,3.42,447.0
Book Haus,X9K3NXDKA6,Order X9K3NXDKA6,"Stickers, pins, & magnets",2025-08-30,195.5,"Sacramento, Ca",CA,,"Sacramento, Ca, CA",314 25th St.,,95816,United States,"314 25th St., Sacramento, Ca, CA 95816, United States",X9K3NXDKA6,1,Delivered,74,4.11,471.0
Roost & Company,XAUSVZ8WQA,Order XAUSVZ8WQA,"Stickers, pins, & magnets",2026-01-26,303.0,Salem,MA,,"Salem, MA",40 Front Street,,01970,United States,"40 Front Street, Salem, MA 01970, United States",XAUSVZ8WQA,1,Delivered,141,3.0,735.0
Mark Twain House & Museum,XEJJPFZMTE,Order XEJJPFZMTE,"Stickers, pins, & magnets",2026-01-20,213.0,Hartford,CT,,"Hartford, CT",351 Farmington Avenue,,06105,United States,"351 Farmington Avenue, Hartford, CT 06105, United States",XEJJPFZMTE,1,Delivered,60,4.62,483.0
Monkey Business,XF2YEBTMNE,Order XF2YEBTMNE,"Stickers, pins, & magnets",2026-01-20,276.98,Floyd,VA,,"Floyd, VA",203 South Locust Street Ste M,,24091,United States,"203 South Locust Street Ste M, Floyd, VA 24091, United States",XF2YEBTMNE,1,Delivered,145,2.05,713.48
Curious Squirrel Books,XJ8CZAF8EX,Order XJ8CZAF8EX,Mixed order,2025-11-06,884.0,Zionsville,IN,,"Zionsville, IN",120 S. Main Street,,46077,United States,"120 S. Main Street, Zionsville, IN 46077, United States",XJ8CZAF8EX,1,Delivered,211,4.39,1933.0
Sojourns,XMAVMRFHGU,Order XMAVMRFHGU,Mixed order,2026-01-02,141.5,Birmingham,AL,,"Birmingham, AL",5520 Crestwood Boulevard,,35212,United States,"5520 Crestwood Boulevard, Birmingham, AL 35212, United States",XMAVMRFHGU,1,Delivered,29,5.05,305.5
Out West Books,XNGBU7DVJ3,Order XNGBU7DVJ3,Mixed order,2025-08-29,100.5,Grand Junction,CO,,"Grand Junction, CO",533 Main St.,,81501,United States,"533 Main St., Grand Junction, CO 81501, United States",XNGBU7DVJ3,1,Shipped,15,7.25,208.5
Black Sheep Salvage,XRXENS24G5,Order XRXENS24G5,"Stickers, pins, & magnets",2026-03-15,199.6,Florence,AZ,,"Florence, AZ",2337 North Smithsonian Drive,,85132-6709,United States,"2337 North Smithsonian Drive, Florence, AZ 85132-6709, United States",XRXENS24G5,1,Delivered,40,4.99,399.6
Becomingdiva @ the Hairitage Salon,XXFGV32Q2X,Order XXFGV32Q2X,"Stickers, pins, & magnets",2026-01-30,135.5,Paso Robles,CA,,"Paso Robles, CA",1029 Nanette LN,,93446,United States,"1029 Nanette LN, Paso Robles, CA 93446, United States",XXFGV32Q2X,1,Delivered,80,1.61,363.5
The Wylde Beet,XZ5MTGKSP7,Order XZ5MTGKSP7,"Stickers, pins, & magnets",2026-03-23,101.5,Hailey,ID,,"Hailey, ID",400 North Main Street,,83333,United States,"400 North Main Street, Hailey, ID 83333, United States",XZ5MTGKSP7,1,Delivered,58,1.75,275.5
Charmers Cafe,Y55NDJK4E9,Order Y55NDJK4E9,Mixed order,2025-12-08,102.65,Chicago,IL,,"Chicago, IL",1500 West Jarvis Avenue,,60626,United States,"1500 West Jarvis Avenue, Chicago, IL 60626, United States",Y55NDJK4E9,1,Delivered,83,1.39,287.25
Frock Boutique,Y5EZB2PBN9,Order Y5EZB2PBN9,"Stickers, pins, & magnets",2026-03-25,154.0,Portland,OR,,"Portland, OR",1439 NE Alberta St.,,97211,United States,"1439 NE Alberta St., Portland, OR 97211, United States",Y5EZB2PBN9,1,Delivered,88,1.75,422.8
The Siren and The Sea: Books and Coffee,YCAWEPHW5V,Order YCAWEPHW5V,"Stickers, pins, & magnets",2025-10-16,84.0,Rochester,NY,,"Rochester, NY",426 South Ave,,14620,United States,"426 South Ave, Rochester, NY 14620, United States",YCAWEPHW5V,1,Delivered,48,1.75,219.0
Fredericksburg Food Co-op,YEQ39KGFMT,Order YEQ39KGFMT,"Stickers, pins, & magnets",2026-03-30,178.5,Fredericksburg,VA,,"Fredericksburg, VA",320 Emancipation Highway,,22401,United States,"320 Emancipation Highway, Fredericksburg, VA 22401, United States",YEQ39KGFMT,1,Delivered,102,1.75,486.9
Navarro Official,YHBR8F55XH,Order YHBR8F55XH,Mixed order,2025-10-21,170.0,Miami Beach,FL,,"Miami Beach, FL",1557 Meridian Avenue,Apt 106,33139,United States,"1557 Meridian Avenue, Apt 106, Miami Beach, FL 33139, United States",YHBR8F55XH,1,Delivered,17,10.0,340.0
The Shop,YK3WFJEY2G,Order YK3WFJEY2G,"Stickers, pins, & magnets",2025-12-01,115.5,Spokane,WA,,"Spokane, WA",2726 East Portico Court,,99223-4470,United States,"2726 East Portico Court, Spokane, WA 99223-4470, United States",YK3WFJEY2G,1,Delivered,66,1.75,324.0
Books on Main,YRM5BNJA28,Order YRM5BNJA28,"Stickers, pins, & magnets",2026-01-12,371.0,Murphys,CA,,"Murphys, CA",416 Main Street,,95247,United States,"416 Main Street, Murphys, CA 95247, United States",YRM5BNJA28,1,Delivered,212,1.75,1007.0
Fish Wife Sweets,YUFNMCK6BC,Order YUFNMCK6BC,"Stickers, pins, & magnets",2026-02-13,10.5,Half Moon Bay,CA,,"Half Moon Bay, CA",648 Myrtle Street,,94019,United States,"648 Myrtle Street, Half Moon Bay, CA 94019, United States",YUFNMCK6BC,1,Delivered,6,1.75,28.5
Havre de Grace Living,YY27N84RKC,Order YY27N84RKC,Mixed order,2025-12-01,150.5,Havre De Grace,MD,,"Havre De Grace, MD",116 North Washington Street,,21078-3010,United States,"116 North Washington Street, Havre De Grace, MD 21078-3010, United States",YY27N84RKC,1,Delivered,77,3.21,379.0
Scott & Nancy's,YYWZMQ5NKT,Order YYWZMQ5NKT,"Stickers, pins, & magnets",2026-03-09,104.5,Burlington,NC,,"Burlington, NC",3330 Picketts Trail,,27215-8638,United States,"3330 Picketts Trail, Burlington, NC 27215-8638, United States",YYWZMQ5NKT,1,Delivered,19,6.55,219.5
Merit Badge Books,YZW4MKH5E5,Order YZW4MKH5E5,"Stickers, pins, & magnets",2026-04-14,150.8,Hamburg,NY,,"Hamburg, NY",276 Buffalo Street,,14075,United States,"276 Buffalo Street, Hamburg, NY 14075, United States",YZW4MKH5E5,1,Processing,102,1.5,378.0
Your Brother's Bookstore,Z7RRA24K2J,Order Z7RRA24K2J,Mixed order,2026-01-03,287.5,Evansville,IN,,"Evansville, IN",504 Main Street,,47708,United States,"504 Main Street, Evansville, IN 47708, United States",Z7RRA24K2J,1,Delivered,37,8.97,587.5
SeeWhich Books,Z9Z32RN8S9,Order Z9Z32RN8S9,Mixed order,2026-01-25,128.25,Hampton,VA,,"Hampton, VA",15 South Hope Street,,23663,United States,"15 South Hope Street, Hampton, VA 23663, United States",Z9Z32RN8S9,1,Delivered,81,1.56,354.75
Out West Books,ZAPPQ7N2PE,Order ZAPPQ7N2PE,Stationery & writing,2025-09-03,150.0,Grand Junction,CO,,"Grand Junction, CO",533 Main St.,,81501,United States,"533 Main St., Grand Junction, CO 81501, United States",ZAPPQ7N2PE,1,Shipped,15,10.0,300.0
Ember and Aura Goods,ZB2ZX88PSU,Order ZB2ZX88PSU,Mixed order,2026-02-15,180.5,St. Louis,MO,,"St. Louis, MO",5628 Winona Avenue,,63109-1562,United States,"5628 Winona Avenue, St. Louis, MO 63109-1562, United States",ZB2ZX88PSU,1,Delivered,134,1.45,516.5
Sweet Surrender,ZDYC2PYEWU,Order ZDYC2PYEWU,"Stickers, pins, & magnets",2026-01-21,119.76,Bakersfield,CA,,"Bakersfield, CA",6439 Ming Avenue,,93309,United States,"6439 Ming Avenue, Bakersfield, CA 93309, United States",ZDYC2PYEWU,1,Delivered,24,4.99,239.76
Frankie’s,ZFQW9FTD63,Order ZFQW9FTD63,Mixed order,2026-01-25,192.5,Thiensville,WI,,"Thiensville, WI",184 S Main St,,53092,United States,"184 S Main St, Thiensville, WI 53092, United States",ZFQW9FTD63,1,Delivered,134,1.51,502.0
Flying M Coffeehouse,ZFVDZ89HNQ,Order ZFVDZ89HNQ,Mixed order,2025-12-24,144.25,Boise,ID,,"Boise, ID",500 W Idaho St,Ste 100,837025772,United States,"500 W Idaho St, Ste 100, Boise, ID 837025772, United States",ZFVDZ89HNQ,1,Delivered,133,1.11,416.25
Bee Smooth,ZJFT6F4R42,Order ZJFT6F4R42,Mixed order,2026-03-31,151.0,Grand Junction,CO,,"Grand Junction, CO",603 West Indian Creek,,81506,United States,"603 West Indian Creek, Grand Junction, CO 81506, United States",ZJFT6F4R42,1,Delivered,40,4.69,343.2
A Little Happy,ZJZE3KQJWU,Order ZJZE3KQJWU,Mixed order,2026-01-24,161.77,Columbia,SC,,"Columbia, SC",707 Saluda Avenue,,29205,United States,"707 Saluda Avenue, Columbia, SC 29205, United States",ZJZE3KQJWU,1,Delivered,95,1.73,431.97
Merit Badge Books,ZMSA3BRQFC,Order ZMSA3BRQFC,Mixed order,2026-02-13,135.4,Hamburg,NY,,"Hamburg, NY",276 Buffalo Street,,14075,United States,"276 Buffalo Street, Hamburg, NY 14075, United States",ZMSA3BRQFC,1,Delivered,95,1.39,344.55
Planted in Pages,ZNZ64RMT2Y,Order ZNZ64RMT2Y,"Stickers, pins, & magnets",2025-11-20,101.5,Provo,UT,,"Provo, UT",489 West 100 South,,84601,United States,"489 West 100 South, Provo, UT 84601, United States",ZNZ64RMT2Y,1,Delivered,58,1.75,275.5
Fish Wife Sweets,ZSM7SD5UZC,Order ZSM7SD5UZC,"Stickers, pins, & magnets",2026-02-01,177.0,Half Moon Bay,CA,,"Half Moon Bay, CA",648 Myrtle Street,,94019,United States,"648 Myrtle Street, Half Moon Bay, CA 94019, United States",ZSM7SD5UZC,1,Delivered,87,2.3,456.0
9th & Lucca,ZTXG7V2TQD,Order ZTXG7V2TQD,Mixed order,2026-01-21,232.3,Waikoloa Village,HI,,"Waikoloa Village, HI",68-1780 Hooko Street,,96738,United States,"68-1780 Hooko Street, Waikoloa Village, HI 96738, United States",ZTXG7V2TQD,1,Delivered,159,1.5,636.25
Two Birds Books,ZXDPHG9KHJ,Order ZXDPHG9KHJ,Mixed order,2025-11-04,579.0,Santa Cruz,CA,,"Santa Cruz, CA",881 41st Avenue,,95062,United States,"881 41st Avenue, Santa Cruz, CA 95062, United States",ZXDPHG9KHJ,1,Delivered,138,5.69,1286.5
delighted,ZXR2QTBP45,Order ZXR2QTBP45,Mixed order,2025-09-19,153.5,Asheville,NC,,"Asheville, NC",63 Haywood Street,,28801,United States,"63 Haywood Street, Asheville, NC 28801, United States",ZXR2QTBP45,1,Delivered,71,2.88,402.0
Diament Designs LLC,ZY9KTFDTSP,Order ZY9KTFDTSP,"Stickers, pins, & magnets",2026-03-19,169.0,Arlington,VA,,"Arlington, VA",4017B Campbell Avenue,,22206,United States,"4017B Campbell Avenue, Arlington, VA 22206, United States",ZY9KTFDTSP,1,Delivered,102,1.69,454.1
Knic•Knackery,ZZ9SYQBPMY,Order ZZ9SYQBPMY,"Stickers, pins, & magnets",2026-01-14,189.97,Buffalo,MN,,"Buffalo, MN",5473 Baker Avenue Northwest,,55313,United States,"5473 Baker Avenue Northwest, Buffalo, MN 55313, United States",ZZ9SYQBPMY,1,Delivered,79,2.68,456.97
Pages For Ages,ZZUWCFYZK2,Order ZZUWCFYZK2,Mixed order,2025-09-11,183.0,San Antonio,TX,,"San Antonio, TX",10350 Bandera Road,Suite 300,78250,United States,"10350 Bandera Road, Suite 300, San Antonio, TX 78250, United States",ZZUWCFYZK2,1,Delivered,48,5.05,421.5
