customer_id,product_id,product_name,product_category,transaction_date,sales_amount,city,state,location,address_1,address_2,zip_code,country,full_address,order_number,status,quantity,wholesale_price,retail_price
"I Love Books, Inc.",A Book A Day Keeps Reality Away Glitter Sticker,A Book A Day Keeps Reality Away Glitter Sticker,"Stickers, pins, & magnets",2026-02-25,10.5,Delmar,NY,"Delmar, NY",380 Delaware Ave,,12054.0,United States,"380 Delaware Ave, Delmar, NY 12054.0, United States",QQ9Q48N6E5,Processing,6.0,1.75,4.95
"I Love Books, Inc.",When Cruelty Becomes Normal Compassion Looks Radical Sticker,When Cruelty Becomes Normal Compassion Looks Radical Sticker,"Stickers, pins, & magnets",2026-02-25,10.5,Delmar,NY,"Delmar, NY",380 Delaware Ave,,12054.0,United States,"380 Delaware Ave, Delmar, NY 12054.0, United States",QQ9Q48N6E5,Processing,6.0,1.75,4.75
"I Love Books, Inc.",What's More Punk Than The Public Library Button,What's More Punk Than The Public Library Button,"Stickers, pins, & magnets",2026-02-25,3.0,Delmar,NY,"Delmar, NY",380 Delaware Ave,,12054.0,United States,"380 Delaware Ave, Delmar, NY 12054.0, United States",QQ9Q48N6E5,Processing,3.0,1.0,2.75
"I Love Books, Inc.",Spooky Liberal Feminist Witch Sticker,Spooky Liberal Feminist Witch Sticker,"Stickers, pins, & magnets",2026-02-25,10.5,Delmar,NY,"Delmar, NY",380 Delaware Ave,,12054.0,United States,"380 Delaware Ave, Delmar, NY 12054.0, United States",QQ9Q48N6E5,Processing,6.0,1.75,4.75
"I Love Books, Inc.",Radicalized By Basic Decency Glitter Sticker,Radicalized By Basic Decency Glitter Sticker,"Stickers, pins, & magnets",2026-02-25,10.5,Delmar,NY,"Delmar, NY",380 Delaware Ave,,12054.0,United States,"380 Delaware Ave, Delmar, NY 12054.0, United States",QQ9Q48N6E5,Processing,6.0,1.75,4.95
"I Love Books, Inc.",Daily Shitstorm Survivors Club Button,Daily Shitstorm Survivors Club Button,"Stickers, pins, & magnets",2026-02-25,3.0,Delmar,NY,"Delmar, NY",380 Delaware Ave,,12054.0,United States,"380 Delaware Ave, Delmar, NY 12054.0, United States",QQ9Q48N6E5,Processing,3.0,1.0,2.75
"I Love Books, Inc.",Are You Done Glitter Sticker,Are You Done Glitter Sticker,"Stickers, pins, & magnets",2026-02-25,10.5,Delmar,NY,"Delmar, NY",380 Delaware Ave,,12054.0,United States,"380 Delaware Ave, Delmar, NY 12054.0, United States",QQ9Q48N6E5,Processing,6.0,1.75,4.95
"I Love Books, Inc.",Nope Not Today Button,Nope Not Today Button,"Stickers, pins, & magnets",2026-02-25,3.0,Delmar,NY,"Delmar, NY",380 Delaware Ave,,12054.0,United States,"380 Delaware Ave, Delmar, NY 12054.0, United States",QQ9Q48N6E5,Processing,3.0,1.0,2.75
"I Love Books, Inc.",Lost In A Book Don't Send Help Glitter Sticker,Lost In A Book Don't Send Help Glitter Sticker,"Stickers, pins, & magnets",2026-02-25,10.5,Delmar,NY,"Delmar, NY",380 Delaware Ave,,12054.0,United States,"380 Delaware Ave, Delmar, NY 12054.0, United States",QQ9Q48N6E5,Processing,6.0,1.75,4.75
"I Love Books, Inc.","Due To Not Wanting To, I Will Not Be Sticker","Due To Not Wanting To, I Will Not Be Sticker","Stickers, pins, & magnets",2026-02-25,10.5,Delmar,NY,"Delmar, NY",380 Delaware Ave,,12054.0,United States,"380 Delaware Ave, Delmar, NY 12054.0, United States",QQ9Q48N6E5,Processing,6.0,1.75,4.95
"I Love Books, Inc.",You Don't Have To Experience Something To Have Empathy For Others Holographic Sticker,You Don't Have To Experience Something To Have Empathy For Others Holographic Sticker,"Stickers, pins, & magnets",2026-02-25,10.5,Delmar,NY,"Delmar, NY",380 Delaware Ave,,12054.0,United States,"380 Delaware Ave, Delmar, NY 12054.0, United States",QQ9Q48N6E5,Processing,6.0,1.75,4.75
"I Love Books, Inc.",Stable? That's For Horses Glitter Sticker,Stable? That's For Horses Glitter Sticker,"Stickers, pins, & magnets",2026-02-25,10.5,Delmar,NY,"Delmar, NY",380 Delaware Ave,,12054.0,United States,"380 Delaware Ave, Delmar, NY 12054.0, United States",QQ9Q48N6E5,Processing,6.0,1.75,4.95
"I Love Books, Inc.",Big Fan Of Human Rights Holographic Sticker,Big Fan Of Human Rights Holographic Sticker,"Stickers, pins, & magnets",2026-02-25,10.5,Delmar,NY,"Delmar, NY",380 Delaware Ave,,12054.0,United States,"380 Delaware Ave, Delmar, NY 12054.0, United States",QQ9Q48N6E5,Processing,6.0,1.75,4.75
"I Love Books, Inc.",The Only Ice I Like Is The Ice That My Two Gay Boyfriends Skate Around On Sticker,The Only Ice I Like Is The Ice That My Two Gay Boyfriends Skate Around On Sticker,"Stickers, pins, & magnets",2026-02-25,10.5,Delmar,NY,"Delmar, NY",380 Delaware Ave,,12054.0,United States,"380 Delaware Ave, Delmar, NY 12054.0, United States",QQ9Q48N6E5,Processing,6.0,1.75,4.75
"I Love Books, Inc.",Are You Overthinking What I'm Overthinking Holographic Sticker,Are You Overthinking What I'm Overthinking Holographic Sticker,"Stickers, pins, & magnets",2026-02-25,10.5,Delmar,NY,"Delmar, NY",380 Delaware Ave,,12054.0,United States,"380 Delaware Ave, Delmar, NY 12054.0, United States",QQ9Q48N6E5,Processing,6.0,1.75,4.75
"I Love Books, Inc.",Today I'm Gonna Give It My Almost Glitter Sticker,Today I'm Gonna Give It My Almost Glitter Sticker,"Stickers, pins, & magnets",2026-02-25,10.5,Delmar,NY,"Delmar, NY",380 Delaware Ave,,12054.0,United States,"380 Delaware Ave, Delmar, NY 12054.0, United States",QQ9Q48N6E5,Processing,6.0,1.75,4.95
"I Love Books, Inc.",Call Me When You Get To Hell So I Know You Made It Ok Pixie Glitter Sticker,Call Me When You Get To Hell So I Know You Made It Ok Pixie Glitter Sticker,"Stickers, pins, & magnets",2026-02-25,10.5,Delmar,NY,"Delmar, NY",380 Delaware Ave,,12054.0,United States,"380 Delaware Ave, Delmar, NY 12054.0, United States",QQ9Q48N6E5,Processing,6.0,1.75,4.75
"I Love Books, Inc.",This Place Sucks. I'm Outta Here Glitter Sticker,This Place Sucks. I'm Outta Here Glitter Sticker,"Stickers, pins, & magnets",2026-02-25,10.5,Delmar,NY,"Delmar, NY",380 Delaware Ave,,12054.0,United States,"380 Delaware Ave, Delmar, NY 12054.0, United States",QQ9Q48N6E5,Processing,6.0,1.75,4.95
"I Love Books, Inc.",Only One Damn Shit-Storm At A Time Please Glitter Sticker,Only One Damn Shit-Storm At A Time Please Glitter Sticker,"Stickers, pins, & magnets",2026-02-25,10.5,Delmar,NY,"Delmar, NY",380 Delaware Ave,,12054.0,United States,"380 Delaware Ave, Delmar, NY 12054.0, United States",QQ9Q48N6E5,Processing,6.0,1.75,4.95
"I Love Books, Inc.",My Workout Is Reading In Bed Until My Arm Hurts Mini Glitter Sticker,My Workout Is Reading In Bed Until My Arm Hurts Mini Glitter Sticker,"Stickers, pins, & magnets",2026-02-25,9.0,Delmar,NY,"Delmar, NY",380 Delaware Ave,,12054.0,United States,"380 Delaware Ave, Delmar, NY 12054.0, United States",QQ9Q48N6E5,Processing,6.0,1.5,4.25
"I Love Books, Inc.",Chasing That Scholastic Book Fair High Glitter Sticker,Chasing That Scholastic Book Fair High Glitter Sticker,"Stickers, pins, & magnets",2026-02-25,10.5,Delmar,NY,"Delmar, NY",380 Delaware Ave,,12054.0,United States,"380 Delaware Ave, Delmar, NY 12054.0, United States",QQ9Q48N6E5,Processing,6.0,1.75,4.95
"I Love Books, Inc.",I Just Wanna Go Home Glitter Sticker,I Just Wanna Go Home Glitter Sticker,"Stickers, pins, & magnets",2026-02-25,10.5,Delmar,NY,"Delmar, NY",380 Delaware Ave,,12054.0,United States,"380 Delaware Ave, Delmar, NY 12054.0, United States",QQ9Q48N6E5,Processing,6.0,1.75,4.95
"I Love Books, Inc.",Born To Read Books Forced To Read Emails Glitter Sticker,Born To Read Books Forced To Read Emails Glitter Sticker,"Stickers, pins, & magnets",2026-02-25,10.5,Delmar,NY,"Delmar, NY",380 Delaware Ave,,12054.0,United States,"380 Delaware Ave, Delmar, NY 12054.0, United States",QQ9Q48N6E5,Processing,6.0,1.75,4.95
"I Love Books, Inc.",Burn The Patriarchy Sticker,Burn The Patriarchy Sticker,"Stickers, pins, & magnets",2026-02-25,10.5,Delmar,NY,"Delmar, NY",380 Delaware Ave,,12054.0,United States,"380 Delaware Ave, Delmar, NY 12054.0, United States",QQ9Q48N6E5,Processing,6.0,1.75,4.75
"I Love Books, Inc.",Surprise Mini Troll,Surprise Mini Troll,"Stickers, pins, & magnets",2026-02-25,30.0,Delmar,NY,"Delmar, NY",380 Delaware Ave,,12054.0,United States,"380 Delaware Ave, Delmar, NY 12054.0, United States",QQ9Q48N6E5,Processing,50.0,0.6,1.5
"I Love Books, Inc.",I Could Be Meaner Glitter Sticker,I Could Be Meaner Glitter Sticker,"Stickers, pins, & magnets",2026-02-25,10.5,Delmar,NY,"Delmar, NY",380 Delaware Ave,,12054.0,United States,"380 Delaware Ave, Delmar, NY 12054.0, United States",QQ9Q48N6E5,Processing,6.0,1.75,4.95
Shes1oak,Surprise Mini Troll,Surprise Mini Troll,"Stickers, pins, & magnets",2026-02-24,60.0,Orlando,FL,"Orlando, FL",19141 Planetree Street,,32827.0,United States,"19141 Planetree Street, Orlando, FL 32827.0, United States",6JD3UFNKHB,Processing,100.0,0.6,1.5
Shes1oak,"Mini Troll Surprise Packs - 3, 6 or 10!","Mini Troll Surprise Packs - 3, 6 or 10!","Stickers, pins, & magnets",2026-02-24,44.91,Orlando,FL,"Orlando, FL",19141 Planetree Street,,32827.0,United States,"19141 Planetree Street, Orlando, FL 32827.0, United States",6JD3UFNKHB,Processing,9.0,4.99,9.99
Shes1oak,If I'm Too Much Go Find Less Tote Bag,If I'm Too Much Go Find Less Tote Bag,"Stickers, pins, & magnets",2026-02-24,30.0,Orlando,FL,"Orlando, FL",19141 Planetree Street,,32827.0,United States,"19141 Planetree Street, Orlando, FL 32827.0, United States",6JD3UFNKHB,Processing,3.0,10.0,20.0
Shes1oak,Do You Have Any Fucks? Not Even One Girl. Go Fish Tote Bag,Do You Have Any Fucks? Not Even One Girl. Go Fish Tote Bag,"Stickers, pins, & magnets",2026-02-24,30.0,Orlando,FL,"Orlando, FL",19141 Planetree Street,,32827.0,United States,"19141 Planetree Street, Orlando, FL 32827.0, United States",6JD3UFNKHB,Processing,3.0,10.0,20.0
Shes1oak,Diet Coke Slut Glitter Sticker,Diet Coke Slut Glitter Sticker,"Stickers, pins, & magnets",2026-02-24,10.5,Orlando,FL,"Orlando, FL",19141 Planetree Street,,32827.0,United States,"19141 Planetree Street, Orlando, FL 32827.0, United States",6JD3UFNKHB,Processing,6.0,1.75,4.75
Shes1oak,The Coolest Mom On The Playground Tote Bag,The Coolest Mom On The Playground Tote Bag,"Stickers, pins, & magnets",2026-02-24,30.0,Orlando,FL,"Orlando, FL",19141 Planetree Street,,32827.0,United States,"19141 Planetree Street, Orlando, FL 32827.0, United States",6JD3UFNKHB,Processing,3.0,10.0,20.0
Pressed,Resist Sticker,Resist Sticker,"Stickers, pins, & magnets",2026-02-24,10.5,Erie,PA,"Erie, PA",1535 W. 8th Street,Suite A-2,16505.0,United States,"1535 W. 8th Street, Suite A-2, Erie, PA 16505.0, United States",EN6J92946W,Processing,6.0,1.75,4.75
Pressed,Justifiably Furious Tote Bag,Justifiably Furious Tote Bag,"Stickers, pins, & magnets",2026-02-24,30.0,Erie,PA,"Erie, PA",1535 W. 8th Street,Suite A-2,16505.0,United States,"1535 W. 8th Street, Suite A-2, Erie, PA 16505.0, United States",EN6J92946W,Processing,3.0,10.0,20.0
Pressed,If You Support Fascism We Can't Be Friends Glitter Sticker,If You Support Fascism We Can't Be Friends Glitter Sticker,"Stickers, pins, & magnets",2026-02-24,10.5,Erie,PA,"Erie, PA",1535 W. 8th Street,Suite A-2,16505.0,United States,"1535 W. 8th Street, Suite A-2, Erie, PA 16505.0, United States",EN6J92946W,Processing,6.0,1.75,4.75
Pressed,Girl Power Glitter Sticker,Girl Power Glitter Sticker,"Stickers, pins, & magnets",2026-02-24,10.5,Erie,PA,"Erie, PA",1535 W. 8th Street,Suite A-2,16505.0,United States,"1535 W. 8th Street, Suite A-2, Erie, PA 16505.0, United States",EN6J92946W,Processing,6.0,1.75,4.75
Pressed,That Wasn't Very Cash Money Of You Tote Bag,That Wasn't Very Cash Money Of You Tote Bag,"Stickers, pins, & magnets",2026-02-24,30.0,Erie,PA,"Erie, PA",1535 W. 8th Street,Suite A-2,16505.0,United States,"1535 W. 8th Street, Suite A-2, Erie, PA 16505.0, United States",EN6J92946W,Processing,3.0,10.0,20.0
Pressed,Meet Me At The Bookshop Tote Bag,Meet Me At The Bookshop Tote Bag,Stationery & writing,2026-02-24,30.0,Erie,PA,"Erie, PA",1535 W. 8th Street,Suite A-2,16505.0,United States,"1535 W. 8th Street, Suite A-2, Erie, PA 16505.0, United States",EN6J92946W,Processing,3.0,10.0,20.0
Pressed,Coffee & Books Tote Bag,Coffee & Books Tote Bag,Stationery & writing,2026-02-24,30.0,Erie,PA,"Erie, PA",1535 W. 8th Street,Suite A-2,16505.0,United States,"1535 W. 8th Street, Suite A-2, Erie, PA 16505.0, United States",EN6J92946W,Processing,3.0,10.0,20.0
Pressed,I May Be Wrong But I Doubt It Pen,I May Be Wrong But I Doubt It Pen,Stationery & writing,2026-02-24,5.1,Erie,PA,"Erie, PA",1535 W. 8th Street,Suite A-2,16505.0,United States,"1535 W. 8th Street, Suite A-2, Erie, PA 16505.0, United States",EN6J92946W,Processing,6.0,0.85,2.75
Pressed,Tell Me A Time In History When It Was The Good Guys Banning Books Tote Bag,Tell Me A Time In History When It Was The Good Guys Banning Books Tote Bag,Stationery & writing,2026-02-24,30.0,Erie,PA,"Erie, PA",1535 W. 8th Street,Suite A-2,16505.0,United States,"1535 W. 8th Street, Suite A-2, Erie, PA 16505.0, United States",EN6J92946W,Processing,3.0,10.0,20.0
Pressed,Keep The Immigrants Deport The Racists Sticker,Keep The Immigrants Deport The Racists Sticker,"Stickers, pins, & magnets",2026-02-24,10.5,Erie,PA,"Erie, PA",1535 W. 8th Street,Suite A-2,16505.0,United States,"1535 W. 8th Street, Suite A-2, Erie, PA 16505.0, United States",EN6J92946W,Processing,6.0,1.75,4.75
Pressed,Resist Sticker,Resist Sticker,"Stickers, pins, & magnets",2026-02-24,10.5,Erie,PA,"Erie, PA",1535 W. 8th Street,Suite A-2,16505.0,United States,"1535 W. 8th Street, Suite A-2, Erie, PA 16505.0, United States",EN6J92946W,Processing,6.0,1.75,4.75
Pressed,Radicalized By Basic Decency Button,Radicalized By Basic Decency Button,"Stickers, pins, & magnets",2026-02-24,7.5,Erie,PA,"Erie, PA",1535 W. 8th Street,Suite A-2,16505.0,United States,"1535 W. 8th Street, Suite A-2, Erie, PA 16505.0, United States",EN6J92946W,Processing,6.0,1.25,2.5
Pressed,I Never Said That Jesus Sticker,I Never Said That Jesus Sticker,"Stickers, pins, & magnets",2026-02-24,10.5,Erie,PA,"Erie, PA",1535 W. 8th Street,Suite A-2,16505.0,United States,"1535 W. 8th Street, Suite A-2, Erie, PA 16505.0, United States",EN6J92946W,Processing,6.0,1.75,4.75
Pressed,Big Fan Of Human Rights Holographic Sticker,Big Fan Of Human Rights Holographic Sticker,"Stickers, pins, & magnets",2026-02-24,10.5,Erie,PA,"Erie, PA",1535 W. 8th Street,Suite A-2,16505.0,United States,"1535 W. 8th Street, Suite A-2, Erie, PA 16505.0, United States",EN6J92946W,Processing,6.0,1.75,4.75
Pressed,Caring About People Is Not Political Sticker,Caring About People Is Not Political Sticker,"Stickers, pins, & magnets",2026-02-24,10.5,Erie,PA,"Erie, PA",1535 W. 8th Street,Suite A-2,16505.0,United States,"1535 W. 8th Street, Suite A-2, Erie, PA 16505.0, United States",EN6J92946W,Processing,6.0,1.75,4.75
Pressed,Girls Will Be Girls Sticker,Girls Will Be Girls Sticker,"Stickers, pins, & magnets",2026-02-24,10.5,Erie,PA,"Erie, PA",1535 W. 8th Street,Suite A-2,16505.0,United States,"1535 W. 8th Street, Suite A-2, Erie, PA 16505.0, United States",EN6J92946W,Processing,6.0,1.75,4.75
Pressed,"Sorry I Was Rude, It Was Probably Your Fault Pen","Sorry I Was Rude, It Was Probably Your Fault Pen",Stationery & writing,2026-02-24,5.1,Erie,PA,"Erie, PA",1535 W. 8th Street,Suite A-2,16505.0,United States,"1535 W. 8th Street, Suite A-2, Erie, PA 16505.0, United States",EN6J92946W,Processing,6.0,0.85,2.75
Pressed,Dumpster Fire Response Team Member Pen,Dumpster Fire Response Team Member Pen,Stationery & writing,2026-02-24,5.1,Erie,PA,"Erie, PA",1535 W. 8th Street,Suite A-2,16505.0,United States,"1535 W. 8th Street, Suite A-2, Erie, PA 16505.0, United States",EN6J92946W,Processing,6.0,0.85,2.75
Pressed,Let's Read Banned Books Tote Bag,Let's Read Banned Books Tote Bag,Stationery & writing,2026-02-24,30.0,Erie,PA,"Erie, PA",1535 W. 8th Street,Suite A-2,16505.0,United States,"1535 W. 8th Street, Suite A-2, Erie, PA 16505.0, United States",EN6J92946W,Processing,3.0,10.0,20.0
Pressed,"Hidden ""Fuck Trump"" Floral Pixie Glitter Sticker","Hidden ""Fuck Trump"" Floral Pixie Glitter Sticker","Stickers, pins, & magnets",2026-02-24,10.5,Erie,PA,"Erie, PA",1535 W. 8th Street,Suite A-2,16505.0,United States,"1535 W. 8th Street, Suite A-2, Erie, PA 16505.0, United States",EN6J92946W,Processing,6.0,1.75,4.75
Pressed,Compost The Patriarchy Sticker,Compost The Patriarchy Sticker,"Stickers, pins, & magnets",2026-02-24,10.5,Erie,PA,"Erie, PA",1535 W. 8th Street,Suite A-2,16505.0,United States,"1535 W. 8th Street, Suite A-2, Erie, PA 16505.0, United States",EN6J92946W,Processing,6.0,1.75,4.75
Pressed,Just A Girl Who Loves Books Glitter Sticker,Just A Girl Who Loves Books Glitter Sticker,"Stickers, pins, & magnets",2026-02-24,10.5,Erie,PA,"Erie, PA",1535 W. 8th Street,Suite A-2,16505.0,United States,"1535 W. 8th Street, Suite A-2, Erie, PA 16505.0, United States",EN6J92946W,Processing,6.0,1.75,4.75
Pressed,Caring About People Is Not Political Button,Caring About People Is Not Political Button,"Stickers, pins, & magnets",2026-02-24,6.0,Erie,PA,"Erie, PA",1535 W. 8th Street,Suite A-2,16505.0,United States,"1535 W. 8th Street, Suite A-2, Erie, PA 16505.0, United States",EN6J92946W,Processing,6.0,1.0,2.75
Jamie’s sell,I Should Be Frolicking In A Forest But I'm Here. Wtf Pen,I Should Be Frolicking In A Forest But I'm Here. Wtf Pen,Stationery & writing,2026-02-24,10.2,Kermit,WV,"Kermit, WV",221 Left Fork Marrowbone Creek Road,,25674.0,United States,"221 Left Fork Marrowbone Creek Road, Kermit, WV 25674.0, United States",J289XWDB7B,Processing,12.0,0.85,2.75
Jamie’s sell,I'd Rather Be Bed Rotting Pen,I'd Rather Be Bed Rotting Pen,Stationery & writing,2026-02-24,10.2,Kermit,WV,"Kermit, WV",221 Left Fork Marrowbone Creek Road,,25674.0,United States,"221 Left Fork Marrowbone Creek Road, Kermit, WV 25674.0, United States",J289XWDB7B,Processing,12.0,0.85,2.75
Jamie’s sell,Disappointed But Not Surprised Pen,Disappointed But Not Surprised Pen,Stationery & writing,2026-02-24,10.2,Kermit,WV,"Kermit, WV",221 Left Fork Marrowbone Creek Road,,25674.0,United States,"221 Left Fork Marrowbone Creek Road, Kermit, WV 25674.0, United States",J289XWDB7B,Processing,12.0,0.85,2.75
Jamie’s sell,"Sorry I Was Rude, It Was Probably Your Fault Pen","Sorry I Was Rude, It Was Probably Your Fault Pen",Stationery & writing,2026-02-24,10.2,Kermit,WV,"Kermit, WV",221 Left Fork Marrowbone Creek Road,,25674.0,United States,"221 Left Fork Marrowbone Creek Road, Kermit, WV 25674.0, United States",J289XWDB7B,Processing,12.0,0.85,2.75
Jamie’s sell,Pickle Slut Pen,Pickle Slut Pen,Stationery & writing,2026-02-24,10.2,Kermit,WV,"Kermit, WV",221 Left Fork Marrowbone Creek Road,,25674.0,United States,"221 Left Fork Marrowbone Creek Road, Kermit, WV 25674.0, United States",J289XWDB7B,Processing,12.0,0.85,2.75
Jamie’s sell,Surprise Mini Troll,Surprise Mini Troll,"Stickers, pins, & magnets",2026-02-24,18.6,Kermit,WV,"Kermit, WV",221 Left Fork Marrowbone Creek Road,,25674.0,United States,"221 Left Fork Marrowbone Creek Road, Kermit, WV 25674.0, United States",J289XWDB7B,Processing,31.0,0.6,1.5
Jamie’s sell,Eat My Ass Glitter Sticker,Eat My Ass Glitter Sticker,"Stickers, pins, & magnets",2026-02-24,10.5,Kermit,WV,"Kermit, WV",221 Left Fork Marrowbone Creek Road,,25674.0,United States,"221 Left Fork Marrowbone Creek Road, Kermit, WV 25674.0, United States",J289XWDB7B,Processing,6.0,1.75,4.95
Jamie’s sell,A Book A Day Keeps Reality Away Glitter Sticker,A Book A Day Keeps Reality Away Glitter Sticker,"Stickers, pins, & magnets",2026-02-24,10.5,Kermit,WV,"Kermit, WV",221 Left Fork Marrowbone Creek Road,,25674.0,United States,"221 Left Fork Marrowbone Creek Road, Kermit, WV 25674.0, United States",J289XWDB7B,Processing,6.0,1.75,4.95
Jamie’s sell,Only One Damn Shit-Storm At A Time Please Glitter Sticker,Only One Damn Shit-Storm At A Time Please Glitter Sticker,"Stickers, pins, & magnets",2026-02-24,17.5,Kermit,WV,"Kermit, WV",221 Left Fork Marrowbone Creek Road,,25674.0,United States,"221 Left Fork Marrowbone Creek Road, Kermit, WV 25674.0, United States",J289XWDB7B,Processing,10.0,1.75,4.95
Jamie’s sell,Hot Girls Read Books Tote Bag,Hot Girls Read Books Tote Bag,Stationery & writing,2026-02-24,40.0,Kermit,WV,"Kermit, WV",221 Left Fork Marrowbone Creek Road,,25674.0,United States,"221 Left Fork Marrowbone Creek Road, Kermit, WV 25674.0, United States",J289XWDB7B,Processing,4.0,10.0,20.0
Jamie’s sell,Call Me When You Get To Hell So I Know You Made It Ok Pixie Glitter Sticker,Call Me When You Get To Hell So I Know You Made It Ok Pixie Glitter Sticker,"Stickers, pins, & magnets",2026-02-24,10.5,Kermit,WV,"Kermit, WV",221 Left Fork Marrowbone Creek Road,,25674.0,United States,"221 Left Fork Marrowbone Creek Road, Kermit, WV 25674.0, United States",J289XWDB7B,Processing,6.0,1.75,4.75
Bodega Boise,Be Nice To Me I'm Anxious Tote Bag,Be Nice To Me I'm Anxious Tote Bag,"Stickers, pins, & magnets",2026-02-21,30.0,Boise,ID,"Boise, ID",1007 West Main Street,Bodega Boise,83702.0,United States,"1007 West Main Street, Bodega Boise, Boise, ID 83702.0, United States",4AJ7Q7XBR6,Shipped,3.0,10.0,20.0
Bodega Boise,What's More Punk Than The Public Library Tote Bag,What's More Punk Than The Public Library Tote Bag,"Stickers, pins, & magnets",2026-02-21,30.0,Boise,ID,"Boise, ID",1007 West Main Street,Bodega Boise,83702.0,United States,"1007 West Main Street, Bodega Boise, Boise, ID 83702.0, United States",4AJ7Q7XBR6,Shipped,3.0,10.0,20.0
Bodega Boise,Hello I'm Suffering Tote Bag,Hello I'm Suffering Tote Bag,"Stickers, pins, & magnets",2026-02-21,30.0,Boise,ID,"Boise, ID",1007 West Main Street,Bodega Boise,83702.0,United States,"1007 West Main Street, Bodega Boise, Boise, ID 83702.0, United States",4AJ7Q7XBR6,Shipped,3.0,10.0,20.0
Bodega Boise,Easy Tiger Tote Bag,Easy Tiger Tote Bag,"Stickers, pins, & magnets",2026-02-21,30.0,Boise,ID,"Boise, ID",1007 West Main Street,Bodega Boise,83702.0,United States,"1007 West Main Street, Bodega Boise, Boise, ID 83702.0, United States",4AJ7Q7XBR6,Shipped,3.0,10.0,20.0
Bodega Boise,Support Local Tote Bag,Support Local Tote Bag,"Stickers, pins, & magnets",2026-02-21,30.0,Boise,ID,"Boise, ID",1007 West Main Street,Bodega Boise,83702.0,United States,"1007 West Main Street, Bodega Boise, Boise, ID 83702.0, United States",4AJ7Q7XBR6,Shipped,3.0,10.0,20.0
Bodega Boise,How Hard Can It Be? Boys Do It Tote Bag,How Hard Can It Be? Boys Do It Tote Bag,"Stickers, pins, & magnets",2026-02-21,30.0,Boise,ID,"Boise, ID",1007 West Main Street,Bodega Boise,83702.0,United States,"1007 West Main Street, Bodega Boise, Boise, ID 83702.0, United States",4AJ7Q7XBR6,Shipped,3.0,10.0,20.0
Bodega Boise,I'm Gonna Do It Okay?! But Just Let Me Cry First Tote Bag,I'm Gonna Do It Okay?! But Just Let Me Cry First Tote Bag,"Stickers, pins, & magnets",2026-02-21,30.0,Boise,ID,"Boise, ID",1007 West Main Street,Bodega Boise,83702.0,United States,"1007 West Main Street, Bodega Boise, Boise, ID 83702.0, United States",4AJ7Q7XBR6,Shipped,3.0,10.0,20.0
Bodega Boise,Hello? I Can't Do This Anymore Tote Bag,Hello? I Can't Do This Anymore Tote Bag,"Stickers, pins, & magnets",2026-02-21,30.0,Boise,ID,"Boise, ID",1007 West Main Street,Bodega Boise,83702.0,United States,"1007 West Main Street, Bodega Boise, Boise, ID 83702.0, United States",4AJ7Q7XBR6,Shipped,3.0,10.0,20.0
Bodega Boise,Radicalized By Basic Decency Floral Tote Bag,Radicalized By Basic Decency Floral Tote Bag,"Stickers, pins, & magnets",2026-02-21,30.0,Boise,ID,"Boise, ID",1007 West Main Street,Bodega Boise,83702.0,United States,"1007 West Main Street, Bodega Boise, Boise, ID 83702.0, United States",4AJ7Q7XBR6,Shipped,3.0,10.0,20.0
Bodega Boise,Fueled By Tender Rage Tote Bag,Fueled By Tender Rage Tote Bag,"Stickers, pins, & magnets",2026-02-21,30.0,Boise,ID,"Boise, ID",1007 West Main Street,Bodega Boise,83702.0,United States,"1007 West Main Street, Bodega Boise, Boise, ID 83702.0, United States",4AJ7Q7XBR6,Shipped,3.0,10.0,20.0
Bodega Boise,The Many Faces Of Cats Tote Bag,The Many Faces Of Cats Tote Bag,"Stickers, pins, & magnets",2026-02-21,30.0,Boise,ID,"Boise, ID",1007 West Main Street,Bodega Boise,83702.0,United States,"1007 West Main Street, Bodega Boise, Boise, ID 83702.0, United States",4AJ7Q7XBR6,Shipped,3.0,10.0,20.0
Bodega Boise,Radicalized By Basic Decency Magnet,Radicalized By Basic Decency Magnet,"Stickers, pins, & magnets",2026-02-21,7.5,Boise,ID,"Boise, ID",1007 West Main Street,Bodega Boise,83702.0,United States,"1007 West Main Street, Bodega Boise, Boise, ID 83702.0, United States",4AJ7Q7XBR6,Shipped,3.0,2.5,6.5
Bodega Boise,When Cruelty Becomes Normal Compassion Looks Radical Tote Bag,When Cruelty Becomes Normal Compassion Looks Radical Tote Bag,"Stickers, pins, & magnets",2026-02-21,30.0,Boise,ID,"Boise, ID",1007 West Main Street,Bodega Boise,83702.0,United States,"1007 West Main Street, Bodega Boise, Boise, ID 83702.0, United States",4AJ7Q7XBR6,Shipped,3.0,10.0,20.0
Bodega Boise,Public Health Over Corporate Wealth Tote Bag,Public Health Over Corporate Wealth Tote Bag,"Stickers, pins, & magnets",2026-02-21,30.0,Boise,ID,"Boise, ID",1007 West Main Street,Bodega Boise,83702.0,United States,"1007 West Main Street, Bodega Boise, Boise, ID 83702.0, United States",4AJ7Q7XBR6,Shipped,3.0,10.0,20.0
Bodega Boise,I Closed My Book To Be Here Tote Bag,I Closed My Book To Be Here Tote Bag,Stationery & writing,2026-02-21,30.0,Boise,ID,"Boise, ID",1007 West Main Street,Bodega Boise,83702.0,United States,"1007 West Main Street, Bodega Boise, Boise, ID 83702.0, United States",4AJ7Q7XBR6,Shipped,3.0,10.0,20.0
Bodega Boise,The Hell I Won't Tote Bag,The Hell I Won't Tote Bag,"Stickers, pins, & magnets",2026-02-21,30.0,Boise,ID,"Boise, ID",1007 West Main Street,Bodega Boise,83702.0,United States,"1007 West Main Street, Bodega Boise, Boise, ID 83702.0, United States",4AJ7Q7XBR6,Shipped,3.0,10.0,20.0
Edmonds Bowl Ace Hardware,"I May Be Wrong, But I Doubt It Keychain","I May Be Wrong, But I Doubt It Keychain","Stickers, pins, & magnets",2026-02-20,13.5,Edmonds,WA,"Edmonds, WA",550 5th Avenue South,,98020.0,United States,"550 5th Avenue South, Edmonds, WA 98020.0, United States",3KRXUDYCD9,Shipped,3.0,4.5,10.0
Edmonds Bowl Ace Hardware,I've Heard Enough From Old White Men Sticker,I've Heard Enough From Old White Men Sticker,"Stickers, pins, & magnets",2026-02-20,10.5,Edmonds,WA,"Edmonds, WA",550 5th Avenue South,,98020.0,United States,"550 5th Avenue South, Edmonds, WA 98020.0, United States",3KRXUDYCD9,Shipped,6.0,1.75,4.75
Edmonds Bowl Ace Hardware,It's A Good Day To Read Tote Bag,It's A Good Day To Read Tote Bag,"Stickers, pins, & magnets",2026-02-20,30.0,Edmonds,WA,"Edmonds, WA",550 5th Avenue South,,98020.0,United States,"550 5th Avenue South, Edmonds, WA 98020.0, United States",3KRXUDYCD9,Shipped,3.0,10.0,20.0
Edmonds Bowl Ace Hardware,Call Me When You Get To Hell So I Know You Made It Ok Pixie Glitter Sticker,Call Me When You Get To Hell So I Know You Made It Ok Pixie Glitter Sticker,"Stickers, pins, & magnets",2026-02-20,10.5,Edmonds,WA,"Edmonds, WA",550 5th Avenue South,,98020.0,United States,"550 5th Avenue South, Edmonds, WA 98020.0, United States",3KRXUDYCD9,Shipped,6.0,1.75,4.75
Edmonds Bowl Ace Hardware,"Due To Not Wanting To, I Will Not Be Sticker","Due To Not Wanting To, I Will Not Be Sticker","Stickers, pins, & magnets",2026-02-20,10.5,Edmonds,WA,"Edmonds, WA",550 5th Avenue South,,98020.0,United States,"550 5th Avenue South, Edmonds, WA 98020.0, United States",3KRXUDYCD9,Shipped,6.0,1.75,4.95
Edmonds Bowl Ace Hardware,I Could Be Meaner Glitter Sticker,I Could Be Meaner Glitter Sticker,"Stickers, pins, & magnets",2026-02-20,10.5,Edmonds,WA,"Edmonds, WA",550 5th Avenue South,,98020.0,United States,"550 5th Avenue South, Edmonds, WA 98020.0, United States",3KRXUDYCD9,Shipped,6.0,1.75,4.95
Edmonds Bowl Ace Hardware,A Book A Day Keeps Reality Away Glitter Sticker,A Book A Day Keeps Reality Away Glitter Sticker,"Stickers, pins, & magnets",2026-02-20,10.5,Edmonds,WA,"Edmonds, WA",550 5th Avenue South,,98020.0,United States,"550 5th Avenue South, Edmonds, WA 98020.0, United States",3KRXUDYCD9,Shipped,6.0,1.75,4.95
Edmonds Bowl Ace Hardware,Stable? That's For Horses Glitter Sticker,Stable? That's For Horses Glitter Sticker,"Stickers, pins, & magnets",2026-02-20,10.5,Edmonds,WA,"Edmonds, WA",550 5th Avenue South,,98020.0,United States,"550 5th Avenue South, Edmonds, WA 98020.0, United States",3KRXUDYCD9,Shipped,6.0,1.75,4.95
Edmonds Bowl Ace Hardware,Due To Not Wanting To I Will Not Be Glitter Sticker,Due To Not Wanting To I Will Not Be Glitter Sticker,"Stickers, pins, & magnets",2026-02-20,10.5,Edmonds,WA,"Edmonds, WA",550 5th Avenue South,,98020.0,United States,"550 5th Avenue South, Edmonds, WA 98020.0, United States",3KRXUDYCD9,Shipped,6.0,1.75,4.95
Edmonds Bowl Ace Hardware,Today I'm Gonna Give It My Almost Glitter Sticker,Today I'm Gonna Give It My Almost Glitter Sticker,"Stickers, pins, & magnets",2026-02-20,10.5,Edmonds,WA,"Edmonds, WA",550 5th Avenue South,,98020.0,United States,"550 5th Avenue South, Edmonds, WA 98020.0, United States",3KRXUDYCD9,Shipped,6.0,1.75,4.95
Edmonds Bowl Ace Hardware,Disappointments All Of You Sticker,Disappointments All Of You Sticker,"Stickers, pins, & magnets",2026-02-20,10.5,Edmonds,WA,"Edmonds, WA",550 5th Avenue South,,98020.0,United States,"550 5th Avenue South, Edmonds, WA 98020.0, United States",3KRXUDYCD9,Shipped,6.0,1.75,4.75
Edmonds Bowl Ace Hardware,"Hey, You Dropped This Holographic Sticker","Hey, You Dropped This Holographic Sticker","Stickers, pins, & magnets",2026-02-20,10.5,Edmonds,WA,"Edmonds, WA",550 5th Avenue South,,98020.0,United States,"550 5th Avenue South, Edmonds, WA 98020.0, United States",3KRXUDYCD9,Shipped,6.0,1.75,4.75
Edmonds Bowl Ace Hardware,I Never Said That Jesus Sticker,I Never Said That Jesus Sticker,"Stickers, pins, & magnets",2026-02-20,10.5,Edmonds,WA,"Edmonds, WA",550 5th Avenue South,,98020.0,United States,"550 5th Avenue South, Edmonds, WA 98020.0, United States",3KRXUDYCD9,Shipped,6.0,1.75,4.75
Edmonds Bowl Ace Hardware,Books Because Coping With Reality Is Not An Option At The Moment Glitter Sticker,Books Because Coping With Reality Is Not An Option At The Moment Glitter Sticker,"Stickers, pins, & magnets",2026-02-20,10.5,Edmonds,WA,"Edmonds, WA",550 5th Avenue South,,98020.0,United States,"550 5th Avenue South, Edmonds, WA 98020.0, United States",3KRXUDYCD9,Shipped,6.0,1.75,4.75
Edmonds Bowl Ace Hardware,Justifiably Furious Tote Bag,Justifiably Furious Tote Bag,"Stickers, pins, & magnets",2026-02-20,30.0,Edmonds,WA,"Edmonds, WA",550 5th Avenue South,,98020.0,United States,"550 5th Avenue South, Edmonds, WA 98020.0, United States",3KRXUDYCD9,Shipped,3.0,10.0,20.0
Edmonds Bowl Ace Hardware,Daily Shitstorm Survivors Club Button,Daily Shitstorm Survivors Club Button,"Stickers, pins, & magnets",2026-02-20,5.0,Edmonds,WA,"Edmonds, WA",550 5th Avenue South,,98020.0,United States,"550 5th Avenue South, Edmonds, WA 98020.0, United States",3KRXUDYCD9,Shipped,5.0,1.0,2.75
Edmonds Bowl Ace Hardware,I've Heard Enough From Old White Men Button,I've Heard Enough From Old White Men Button,"Stickers, pins, & magnets",2026-02-20,10.0,Edmonds,WA,"Edmonds, WA",550 5th Avenue South,,98020.0,United States,"550 5th Avenue South, Edmonds, WA 98020.0, United States",3KRXUDYCD9,Shipped,10.0,1.0,2.75
Edmonds Bowl Ace Hardware,Dumpster Fire Response Team Button,Dumpster Fire Response Team Button,"Stickers, pins, & magnets",2026-02-20,15.0,Edmonds,WA,"Edmonds, WA",550 5th Avenue South,,98020.0,United States,"550 5th Avenue South, Edmonds, WA 98020.0, United States",3KRXUDYCD9,Shipped,15.0,1.0,3.0
Edmonds Bowl Ace Hardware,Pickle Slut Pen,Pickle Slut Pen,Stationery & writing,2026-02-20,0.85,Edmonds,WA,"Edmonds, WA",550 5th Avenue South,,98020.0,United States,"550 5th Avenue South, Edmonds, WA 98020.0, United States",3KRXUDYCD9,Shipped,1.0,0.85,2.75
Edmonds Bowl Ace Hardware,I Should Be Frolicking In A Forest But I'm Here. Wtf Pen,I Should Be Frolicking In A Forest But I'm Here. Wtf Pen,Stationery & writing,2026-02-20,4.25,Edmonds,WA,"Edmonds, WA",550 5th Avenue South,,98020.0,United States,"550 5th Avenue South, Edmonds, WA 98020.0, United States",3KRXUDYCD9,Shipped,5.0,0.85,2.75
Edmonds Bowl Ace Hardware,Do You Have Any Fucks? Not Even One Girl. Go Fish Tote Bag,Do You Have Any Fucks? Not Even One Girl. Go Fish Tote Bag,"Stickers, pins, & magnets",2026-02-20,60.0,Edmonds,WA,"Edmonds, WA",550 5th Avenue South,,98020.0,United States,"550 5th Avenue South, Edmonds, WA 98020.0, United States",3KRXUDYCD9,Shipped,6.0,10.0,20.0
delighted,Community Is Resistance Sticker,Community Is Resistance Sticker,"Stickers, pins, & magnets",2026-02-20,17.5,Asheville,NC,"Asheville, NC",63 Haywood Street,,28801.0,United States,"63 Haywood Street, Asheville, NC 28801.0, United States",8KDFHAJFN9,Shipped,10.0,1.75,4.75
delighted,Maybe Books Are Addicted To Me Tote Bag,Maybe Books Are Addicted To Me Tote Bag,Stationery & writing,2026-02-20,30.0,Asheville,NC,"Asheville, NC",63 Haywood Street,,28801.0,United States,"63 Haywood Street, Asheville, NC 28801.0, United States",8KDFHAJFN9,Shipped,3.0,10.0,20.0
delighted,Shoutout To Everyone That Wanted To Read Their Book Today But Had To Adult Instead Glitter Sticker,Shoutout To Everyone That Wanted To Read Their Book Today But Had To Adult Instead Glitter Sticker,"Stickers, pins, & magnets",2026-02-20,10.5,Asheville,NC,"Asheville, NC",63 Haywood Street,,28801.0,United States,"63 Haywood Street, Asheville, NC 28801.0, United States",8KDFHAJFN9,Shipped,6.0,1.75,4.75
delighted,Policy & Change Sticker,Policy & Change Sticker,"Stickers, pins, & magnets",2026-02-20,10.5,Asheville,NC,"Asheville, NC",63 Haywood Street,,28801.0,United States,"63 Haywood Street, Asheville, NC 28801.0, United States",8KDFHAJFN9,Shipped,6.0,1.75,4.75
delighted,Caring About People Is Not Political Sticker,Caring About People Is Not Political Sticker,"Stickers, pins, & magnets",2026-02-20,17.5,Asheville,NC,"Asheville, NC",63 Haywood Street,,28801.0,United States,"63 Haywood Street, Asheville, NC 28801.0, United States",8KDFHAJFN9,Shipped,10.0,1.75,4.75
delighted,The Only Minority Destroying This Country Are The Billionaires Sticker,The Only Minority Destroying This Country Are The Billionaires Sticker,"Stickers, pins, & magnets",2026-02-20,10.5,Asheville,NC,"Asheville, NC",63 Haywood Street,,28801.0,United States,"63 Haywood Street, Asheville, NC 28801.0, United States",8KDFHAJFN9,Shipped,6.0,1.75,4.75
delighted,Radicalized By Basic Decency Floral Sticker,Radicalized By Basic Decency Floral Sticker,"Stickers, pins, & magnets",2026-02-20,17.5,Asheville,NC,"Asheville, NC",63 Haywood Street,,28801.0,United States,"63 Haywood Street, Asheville, NC 28801.0, United States",8KDFHAJFN9,Shipped,10.0,1.75,4.75
Rocky Mountain Coffee Roasters,Girls Will Be Girls Sticker,Girls Will Be Girls Sticker,"Stickers, pins, & magnets",2026-02-20,10.5,Frisco,CO,"Frisco, CO",285 Main Street,po box 2390,80443.0,United States,"285 Main Street, po box 2390, Frisco, CO 80443.0, United States",TBT9NUJWS2,Shipped,6.0,1.75,4.75
Rocky Mountain Coffee Roasters,Fueled By Tender Rage Sticker,Fueled By Tender Rage Sticker,"Stickers, pins, & magnets",2026-02-20,10.5,Frisco,CO,"Frisco, CO",285 Main Street,po box 2390,80443.0,United States,"285 Main Street, po box 2390, Frisco, CO 80443.0, United States",TBT9NUJWS2,Shipped,6.0,1.75,4.75
Rocky Mountain Coffee Roasters,Become Ungovernable Sticker,Become Ungovernable Sticker,"Stickers, pins, & magnets",2026-02-20,10.5,Frisco,CO,"Frisco, CO",285 Main Street,po box 2390,80443.0,United States,"285 Main Street, po box 2390, Frisco, CO 80443.0, United States",TBT9NUJWS2,Shipped,6.0,1.75,4.25
Rocky Mountain Coffee Roasters,"Hey, You Dropped This Holographic Sticker","Hey, You Dropped This Holographic Sticker","Stickers, pins, & magnets",2026-02-20,10.5,Frisco,CO,"Frisco, CO",285 Main Street,po box 2390,80443.0,United States,"285 Main Street, po box 2390, Frisco, CO 80443.0, United States",TBT9NUJWS2,Shipped,6.0,1.75,4.75
Rocky Mountain Coffee Roasters,Sorry I Can't Go I'm An Indoor Cat Glitter Sticker,Sorry I Can't Go I'm An Indoor Cat Glitter Sticker,"Stickers, pins, & magnets",2026-02-20,10.5,Frisco,CO,"Frisco, CO",285 Main Street,po box 2390,80443.0,United States,"285 Main Street, po box 2390, Frisco, CO 80443.0, United States",TBT9NUJWS2,Shipped,6.0,1.75,4.75
Rocky Mountain Coffee Roasters,Wheel Of Emotions Magnet,Wheel Of Emotions Magnet,"Stickers, pins, & magnets",2026-02-20,12.5,Frisco,CO,"Frisco, CO",285 Main Street,po box 2390,80443.0,United States,"285 Main Street, po box 2390, Frisco, CO 80443.0, United States",TBT9NUJWS2,Shipped,5.0,2.5,5.0
Rocky Mountain Coffee Roasters,Wheel of Emotions Sticker,Wheel of Emotions Sticker,"Stickers, pins, & magnets",2026-02-20,10.5,Frisco,CO,"Frisco, CO",285 Main Street,po box 2390,80443.0,United States,"285 Main Street, po box 2390, Frisco, CO 80443.0, United States",TBT9NUJWS2,Shipped,6.0,1.75,4.75
Rocky Mountain Coffee Roasters,Queen Of Books Magnet,Queen Of Books Magnet,"Stickers, pins, & magnets",2026-02-20,12.5,Frisco,CO,"Frisco, CO",285 Main Street,po box 2390,80443.0,United States,"285 Main Street, po box 2390, Frisco, CO 80443.0, United States",TBT9NUJWS2,Shipped,5.0,2.5,6.5
Rocky Mountain Coffee Roasters,Raccoon Fairy Holographic Sticker,Raccoon Fairy Holographic Sticker,"Stickers, pins, & magnets",2026-02-20,10.5,Frisco,CO,"Frisco, CO",285 Main Street,po box 2390,80443.0,United States,"285 Main Street, po box 2390, Frisco, CO 80443.0, United States",TBT9NUJWS2,Shipped,6.0,1.75,4.75
Rocky Mountain Coffee Roasters,Keepin' It Together Because I Don't Have A Choice Magnet,Keepin' It Together Because I Don't Have A Choice Magnet,"Stickers, pins, & magnets",2026-02-20,17.5,Frisco,CO,"Frisco, CO",285 Main Street,po box 2390,80443.0,United States,"285 Main Street, po box 2390, Frisco, CO 80443.0, United States",TBT9NUJWS2,Shipped,7.0,2.5,5.0
Rocky Mountain Coffee Roasters,Radicalized By Basic Decency Magnet,Radicalized By Basic Decency Magnet,"Stickers, pins, & magnets",2026-02-20,2.5,Frisco,CO,"Frisco, CO",285 Main Street,po box 2390,80443.0,United States,"285 Main Street, po box 2390, Frisco, CO 80443.0, United States",TBT9NUJWS2,Shipped,1.0,2.5,6.5
Rocky Mountain Coffee Roasters,Dumpster Fire Sticker,Dumpster Fire Sticker,"Stickers, pins, & magnets",2026-02-20,10.5,Frisco,CO,"Frisco, CO",285 Main Street,po box 2390,80443.0,United States,"285 Main Street, po box 2390, Frisco, CO 80443.0, United States",TBT9NUJWS2,Shipped,6.0,1.75,4.75
Rocky Mountain Coffee Roasters,Don't Hate Me Just Because I'm A Little Cooler Sticker,Don't Hate Me Just Because I'm A Little Cooler Sticker,"Stickers, pins, & magnets",2026-02-20,10.5,Frisco,CO,"Frisco, CO",285 Main Street,po box 2390,80443.0,United States,"285 Main Street, po box 2390, Frisco, CO 80443.0, United States",TBT9NUJWS2,Shipped,6.0,1.75,4.75
Rocky Mountain Coffee Roasters,Be Soft But Stay Sharp Glitter Sticker,Be Soft But Stay Sharp Glitter Sticker,"Stickers, pins, & magnets",2026-02-20,10.5,Frisco,CO,"Frisco, CO",285 Main Street,po box 2390,80443.0,United States,"285 Main Street, po box 2390, Frisco, CO 80443.0, United States",TBT9NUJWS2,Shipped,6.0,1.75,4.95
Rocky Mountain Coffee Roasters,Radicalized By Basic Decency Floral Sticker,Radicalized By Basic Decency Floral Sticker,"Stickers, pins, & magnets",2026-02-20,10.5,Frisco,CO,"Frisco, CO",285 Main Street,po box 2390,80443.0,United States,"285 Main Street, po box 2390, Frisco, CO 80443.0, United States",TBT9NUJWS2,Shipped,6.0,1.75,4.75
SeeWhich Books,What's More Punk Than The Public Library Sticker,What's More Punk Than The Public Library Sticker,"Stickers, pins, & magnets",2026-02-19,14.0,Hampton,VA,"Hampton, VA",15 South Hope Street,,23663.0,United States,"15 South Hope Street, Hampton, VA 23663.0, United States",KE8U65N2NX,Shipped,8.0,1.75,4.75
SeeWhich Books,Girls Will Be Girls Sticker,Girls Will Be Girls Sticker,"Stickers, pins, & magnets",2026-02-19,10.5,Hampton,VA,"Hampton, VA",15 South Hope Street,,23663.0,United States,"15 South Hope Street, Hampton, VA 23663.0, United States",KE8U65N2NX,Shipped,6.0,1.75,4.75
SeeWhich Books,Educate Your Son Sticker,Educate Your Son Sticker,"Stickers, pins, & magnets",2026-02-19,10.5,Hampton,VA,"Hampton, VA",15 South Hope Street,,23663.0,United States,"15 South Hope Street, Hampton, VA 23663.0, United States",KE8U65N2NX,Shipped,6.0,1.75,4.75
SeeWhich Books,Wheel of Emotions Sticker,Wheel of Emotions Sticker,"Stickers, pins, & magnets",2026-02-19,10.5,Hampton,VA,"Hampton, VA",15 South Hope Street,,23663.0,United States,"15 South Hope Street, Hampton, VA 23663.0, United States",KE8U65N2NX,Shipped,6.0,1.75,4.75
SeeWhich Books,I Never Said That Jesus Sticker,I Never Said That Jesus Sticker,"Stickers, pins, & magnets",2026-02-19,10.5,Hampton,VA,"Hampton, VA",15 South Hope Street,,23663.0,United States,"15 South Hope Street, Hampton, VA 23663.0, United States",KE8U65N2NX,Shipped,6.0,1.75,4.75
SeeWhich Books,Thumbs Up Cat Sticker,Thumbs Up Cat Sticker,"Stickers, pins, & magnets",2026-02-19,10.5,Hampton,VA,"Hampton, VA",15 South Hope Street,,23663.0,United States,"15 South Hope Street, Hampton, VA 23663.0, United States",KE8U65N2NX,Shipped,6.0,1.75,4.75
SeeWhich Books,When Cruelty Becomes Normal Compassion Looks Radical Sticker,When Cruelty Becomes Normal Compassion Looks Radical Sticker,"Stickers, pins, & magnets",2026-02-19,10.5,Hampton,VA,"Hampton, VA",15 South Hope Street,,23663.0,United States,"15 South Hope Street, Hampton, VA 23663.0, United States",KE8U65N2NX,Shipped,6.0,1.75,4.75
SeeWhich Books,Be Soft But Stay Sharp Glitter Sticker,Be Soft But Stay Sharp Glitter Sticker,"Stickers, pins, & magnets",2026-02-19,10.5,Hampton,VA,"Hampton, VA",15 South Hope Street,,23663.0,United States,"15 South Hope Street, Hampton, VA 23663.0, United States",KE8U65N2NX,Shipped,6.0,1.75,4.95
SeeWhich Books,Community Is Resistance Sticker,Community Is Resistance Sticker,"Stickers, pins, & magnets",2026-02-19,10.5,Hampton,VA,"Hampton, VA",15 South Hope Street,,23663.0,United States,"15 South Hope Street, Hampton, VA 23663.0, United States",KE8U65N2NX,Shipped,6.0,1.75,4.75
SeeWhich Books,My Workout Is Reading In Bed Until My Arm Hurts Mini Glitter Sticker,My Workout Is Reading In Bed Until My Arm Hurts Mini Glitter Sticker,"Stickers, pins, & magnets",2026-02-19,9.0,Hampton,VA,"Hampton, VA",15 South Hope Street,,23663.0,United States,"15 South Hope Street, Hampton, VA 23663.0, United States",KE8U65N2NX,Shipped,6.0,1.5,4.25
SeeWhich Books,Overstimulated Sticker (2 styles available),Overstimulated Sticker (2 styles available),"Stickers, pins, & magnets",2026-02-19,10.5,Hampton,VA,"Hampton, VA",15 South Hope Street,,23663.0,United States,"15 South Hope Street, Hampton, VA 23663.0, United States",KE8U65N2NX,Shipped,6.0,1.75,4.75
SeeWhich Books,Your Anxiety Is A Lying Hoe Glitter Sticker,Your Anxiety Is A Lying Hoe Glitter Sticker,"Stickers, pins, & magnets",2026-02-19,10.5,Hampton,VA,"Hampton, VA",15 South Hope Street,,23663.0,United States,"15 South Hope Street, Hampton, VA 23663.0, United States",KE8U65N2NX,Shipped,6.0,1.75,4.75
SeeWhich Books,Dumpster Fire Sticker,Dumpster Fire Sticker,"Stickers, pins, & magnets",2026-02-19,10.5,Hampton,VA,"Hampton, VA",15 South Hope Street,,23663.0,United States,"15 South Hope Street, Hampton, VA 23663.0, United States",KE8U65N2NX,Shipped,6.0,1.75,4.75
SeeWhich Books,Scared Hamster Sticker,Scared Hamster Sticker,"Stickers, pins, & magnets",2026-02-19,10.5,Hampton,VA,"Hampton, VA",15 South Hope Street,,23663.0,United States,"15 South Hope Street, Hampton, VA 23663.0, United States",KE8U65N2NX,Shipped,6.0,1.75,4.75
CenterPeace,For The Fuckteenth Time Pen,For The Fuckteenth Time Pen,Stationery & writing,2026-02-19,5.1,Spindale,NC,"Spindale, NC",139 West Main Street,,28160-1539,United States,"139 West Main Street, Spindale, NC 28160-1539, United States",UQB62N48R7,Delivered,6.0,0.85,2.75
CenterPeace,"Mini Troll Surprise Packs - 3, 6 or 10!","Mini Troll Surprise Packs - 3, 6 or 10!","Stickers, pins, & magnets",2026-02-19,29.94,Spindale,NC,"Spindale, NC",139 West Main Street,,28160-1539,United States,"139 West Main Street, Spindale, NC 28160-1539, United States",UQB62N48R7,Delivered,6.0,4.99,9.99
CenterPeace,I Should Be Frolicking In A Forest But I'm Here. Wtf Pen,I Should Be Frolicking In A Forest But I'm Here. Wtf Pen,Stationery & writing,2026-02-19,5.1,Spindale,NC,"Spindale, NC",139 West Main Street,,28160-1539,United States,"139 West Main Street, Spindale, NC 28160-1539, United States",UQB62N48R7,Delivered,6.0,0.85,2.75
CenterPeace,Dumpster Fire Response Team Member Pen,Dumpster Fire Response Team Member Pen,Stationery & writing,2026-02-19,5.1,Spindale,NC,"Spindale, NC",139 West Main Street,,28160-1539,United States,"139 West Main Street, Spindale, NC 28160-1539, United States",UQB62N48R7,Delivered,6.0,0.85,2.75
CenterPeace,Currently Dissociating Pen,Currently Dissociating Pen,Stationery & writing,2026-02-19,5.1,Spindale,NC,"Spindale, NC",139 West Main Street,,28160-1539,United States,"139 West Main Street, Spindale, NC 28160-1539, United States",UQB62N48R7,Delivered,6.0,0.85,2.75
CenterPeace,Disappointed But Not Surprised Pen,Disappointed But Not Surprised Pen,Stationery & writing,2026-02-19,5.1,Spindale,NC,"Spindale, NC",139 West Main Street,,28160-1539,United States,"139 West Main Street, Spindale, NC 28160-1539, United States",UQB62N48R7,Delivered,6.0,0.85,2.75
CenterPeace,I May Be Wrong But I Doubt It Pen,I May Be Wrong But I Doubt It Pen,Stationery & writing,2026-02-19,5.1,Spindale,NC,"Spindale, NC",139 West Main Street,,28160-1539,United States,"139 West Main Street, Spindale, NC 28160-1539, United States",UQB62N48R7,Delivered,6.0,0.85,2.75
CenterPeace,"Sorry I Was Rude, It Was Probably Your Fault Pen","Sorry I Was Rude, It Was Probably Your Fault Pen",Stationery & writing,2026-02-19,5.1,Spindale,NC,"Spindale, NC",139 West Main Street,,28160-1539,United States,"139 West Main Street, Spindale, NC 28160-1539, United States",UQB62N48R7,Delivered,6.0,0.85,2.75
CenterPeace,Surprise Mini Troll,Surprise Mini Troll,"Stickers, pins, & magnets",2026-02-19,6.0,Spindale,NC,"Spindale, NC",139 West Main Street,,28160-1539,United States,"139 West Main Street, Spindale, NC 28160-1539, United States",UQB62N48R7,Delivered,10.0,0.6,1.5
CenterPeace,"I May Be Laid Back, But I Can Lean Forward Real Fucking Quick Glitter Sticker","I May Be Laid Back, But I Can Lean Forward Real Fucking Quick Glitter Sticker","Stickers, pins, & magnets",2026-02-19,10.5,Spindale,NC,"Spindale, NC",139 West Main Street,,28160-1539,United States,"139 West Main Street, Spindale, NC 28160-1539, United States",UQB62N48R7,Delivered,6.0,1.75,4.75
CenterPeace,"Do You Have Any Fucks? Not Even One, Girl. Go Fish. Sticker","Do You Have Any Fucks? Not Even One, Girl. Go Fish. Sticker","Stickers, pins, & magnets",2026-02-19,10.5,Spindale,NC,"Spindale, NC",139 West Main Street,,28160-1539,United States,"139 West Main Street, Spindale, NC 28160-1539, United States",UQB62N48R7,Delivered,6.0,1.75,4.75
CenterPeace,"When You Can Be Anything You Want, An Asshole Seems To Be A Really Odd Choice Glitter Sticker","When You Can Be Anything You Want, An Asshole Seems To Be A Really Odd Choice Glitter Sticker","Stickers, pins, & magnets",2026-02-19,10.5,Spindale,NC,"Spindale, NC",139 West Main Street,,28160-1539,United States,"139 West Main Street, Spindale, NC 28160-1539, United States",UQB62N48R7,Delivered,6.0,1.75,4.75
CenterPeace,Disappointments All Of You Sticker,Disappointments All Of You Sticker,"Stickers, pins, & magnets",2026-02-19,10.5,Spindale,NC,"Spindale, NC",139 West Main Street,,28160-1539,United States,"139 West Main Street, Spindale, NC 28160-1539, United States",UQB62N48R7,Delivered,6.0,1.75,4.75
CenterPeace,Please Hesitate To Reach Out To Me Sticker (2 colors available),Please Hesitate To Reach Out To Me Sticker (2 colors available),"Stickers, pins, & magnets",2026-02-19,10.5,Spindale,NC,"Spindale, NC",139 West Main Street,,28160-1539,United States,"139 West Main Street, Spindale, NC 28160-1539, United States",UQB62N48R7,Delivered,6.0,1.75,4.75
CenterPeace,"Due To Not Wanting To, I Will Not Be Sticker","Due To Not Wanting To, I Will Not Be Sticker","Stickers, pins, & magnets",2026-02-19,10.5,Spindale,NC,"Spindale, NC",139 West Main Street,,28160-1539,United States,"139 West Main Street, Spindale, NC 28160-1539, United States",UQB62N48R7,Delivered,6.0,1.75,4.95
CenterPeace,Are You Overthinking What I'm Overthinking Holographic Sticker,Are You Overthinking What I'm Overthinking Holographic Sticker,"Stickers, pins, & magnets",2026-02-19,10.5,Spindale,NC,"Spindale, NC",139 West Main Street,,28160-1539,United States,"139 West Main Street, Spindale, NC 28160-1539, United States",UQB62N48R7,Delivered,6.0,1.75,4.75
CenterPeace,Pickle Slut Pen,Pickle Slut Pen,Stationery & writing,2026-02-19,5.1,Spindale,NC,"Spindale, NC",139 West Main Street,,28160-1539,United States,"139 West Main Street, Spindale, NC 28160-1539, United States",UQB62N48R7,Delivered,6.0,0.85,2.75
CenterPeace,I'd Rather Be Bed Rotting Pen,I'd Rather Be Bed Rotting Pen,Stationery & writing,2026-02-19,5.1,Spindale,NC,"Spindale, NC",139 West Main Street,,28160-1539,United States,"139 West Main Street, Spindale, NC 28160-1539, United States",UQB62N48R7,Delivered,6.0,0.85,2.75
Stellar House Gift Shop,"When You Can Be Anything You Want, An Asshole Seems To Be A Really Odd Choice Glitter Sticker","When You Can Be Anything You Want, An Asshole Seems To Be A Really Odd Choice Glitter Sticker","Stickers, pins, & magnets",2026-02-19,10.5,Boyertown,PA,"Boyertown, PA",232 E. Philadelphia Ave.,,19512.0,United States,"232 E. Philadelphia Ave., Boyertown, PA 19512.0, United States",BTH3BEVCES,Shipped,6.0,1.75,4.75
Stellar House Gift Shop,Just Be A Good Human Glitter Sticker,Just Be A Good Human Glitter Sticker,"Stickers, pins, & magnets",2026-02-19,17.5,Boyertown,PA,"Boyertown, PA",232 E. Philadelphia Ave.,,19512.0,United States,"232 E. Philadelphia Ave., Boyertown, PA 19512.0, United States",BTH3BEVCES,Shipped,10.0,1.75,4.75
Stellar House Gift Shop,"I May Be Laid Back, But I Can Lean Forward Real Fucking Quick Glitter Sticker","I May Be Laid Back, But I Can Lean Forward Real Fucking Quick Glitter Sticker","Stickers, pins, & magnets",2026-02-19,10.5,Boyertown,PA,"Boyertown, PA",232 E. Philadelphia Ave.,,19512.0,United States,"232 E. Philadelphia Ave., Boyertown, PA 19512.0, United States",BTH3BEVCES,Shipped,6.0,1.75,4.75
Stellar House Gift Shop,Let's Be Better Humans Sticker,Let's Be Better Humans Sticker,"Stickers, pins, & magnets",2026-02-19,10.5,Boyertown,PA,"Boyertown, PA",232 E. Philadelphia Ave.,,19512.0,United States,"232 E. Philadelphia Ave., Boyertown, PA 19512.0, United States",BTH3BEVCES,Shipped,6.0,1.75,6.5
Stellar House Gift Shop,Currently Dissociating Pen,Currently Dissociating Pen,Stationery & writing,2026-02-19,5.1,Boyertown,PA,"Boyertown, PA",232 E. Philadelphia Ave.,,19512.0,United States,"232 E. Philadelphia Ave., Boyertown, PA 19512.0, United States",BTH3BEVCES,Shipped,6.0,0.85,2.75
Stellar House Gift Shop,Here Against My Will Stylus Click Pen,Here Against My Will Stylus Click Pen,Stationery & writing,2026-02-19,25.0,Boyertown,PA,"Boyertown, PA",232 E. Philadelphia Ave.,,19512.0,United States,"232 E. Philadelphia Ave., Boyertown, PA 19512.0, United States",BTH3BEVCES,Shipped,10.0,2.5,5.75
Stellar House Gift Shop,Big Fan Of Human Rights Holographic Sticker,Big Fan Of Human Rights Holographic Sticker,"Stickers, pins, & magnets",2026-02-19,10.5,Boyertown,PA,"Boyertown, PA",232 E. Philadelphia Ave.,,19512.0,United States,"232 E. Philadelphia Ave., Boyertown, PA 19512.0, United States",BTH3BEVCES,Shipped,6.0,1.75,4.75
Stellar House Gift Shop,The Only Ice I Like Is The Ice That My Two Gay Boyfriends Skate Around On Sticker,The Only Ice I Like Is The Ice That My Two Gay Boyfriends Skate Around On Sticker,"Stickers, pins, & magnets",2026-02-19,10.5,Boyertown,PA,"Boyertown, PA",232 E. Philadelphia Ave.,,19512.0,United States,"232 E. Philadelphia Ave., Boyertown, PA 19512.0, United States",BTH3BEVCES,Shipped,6.0,1.75,4.75
Stellar House Gift Shop,Peace Sign Hamster Sticker,Peace Sign Hamster Sticker,"Stickers, pins, & magnets",2026-02-19,10.5,Boyertown,PA,"Boyertown, PA",232 E. Philadelphia Ave.,,19512.0,United States,"232 E. Philadelphia Ave., Boyertown, PA 19512.0, United States",BTH3BEVCES,Shipped,6.0,1.75,4.75
Stellar House Gift Shop,"Sorry I Was Rude, It Was Probably Your Fault Pen","Sorry I Was Rude, It Was Probably Your Fault Pen",Stationery & writing,2026-02-19,8.5,Boyertown,PA,"Boyertown, PA",232 E. Philadelphia Ave.,,19512.0,United States,"232 E. Philadelphia Ave., Boyertown, PA 19512.0, United States",BTH3BEVCES,Shipped,10.0,0.85,2.75
Stellar House Gift Shop,I May Be Wrong But I Doubt It Pen,I May Be Wrong But I Doubt It Pen,Stationery & writing,2026-02-19,8.5,Boyertown,PA,"Boyertown, PA",232 E. Philadelphia Ave.,,19512.0,United States,"232 E. Philadelphia Ave., Boyertown, PA 19512.0, United States",BTH3BEVCES,Shipped,10.0,0.85,2.75
Stellar House Gift Shop,Dumpster Fire Response Team Member Pen,Dumpster Fire Response Team Member Pen,Stationery & writing,2026-02-19,8.5,Boyertown,PA,"Boyertown, PA",232 E. Philadelphia Ave.,,19512.0,United States,"232 E. Philadelphia Ave., Boyertown, PA 19512.0, United States",BTH3BEVCES,Shipped,10.0,0.85,2.75
Stellar House Gift Shop,When Cruelty Becomes Normal Compassion Looks Radical Sticker,When Cruelty Becomes Normal Compassion Looks Radical Sticker,"Stickers, pins, & magnets",2026-02-19,10.5,Boyertown,PA,"Boyertown, PA",232 E. Philadelphia Ave.,,19512.0,United States,"232 E. Philadelphia Ave., Boyertown, PA 19512.0, United States",BTH3BEVCES,Shipped,6.0,1.75,4.75
Stellar House Gift Shop,I'd Rather Be Bed Rotting Pen,I'd Rather Be Bed Rotting Pen,Stationery & writing,2026-02-19,4.25,Boyertown,PA,"Boyertown, PA",232 E. Philadelphia Ave.,,19512.0,United States,"232 E. Philadelphia Ave., Boyertown, PA 19512.0, United States",BTH3BEVCES,Shipped,5.0,0.85,2.75
Jena Priebe,I Should Be Frolicking In A Forest But I'm Here. Wtf Pen,I Should Be Frolicking In A Forest But I'm Here. Wtf Pen,Stationery & writing,2026-02-19,21.25,Los Angeles,CA,"Los Angeles, CA",453 South Spring Street,301.0,90013.0,United States,"453 South Spring Street, 301.0, Los Angeles, CA 90013.0, United States",VQ4BQH67N6,Processing,25.0,0.85,2.75
Jena Priebe,"Bitch, You Stress Me Out Tote Bag","Bitch, You Stress Me Out Tote Bag","Stickers, pins, & magnets",2026-02-19,60.0,Los Angeles,CA,"Los Angeles, CA",453 South Spring Street,301.0,90013.0,United States,"453 South Spring Street, 301.0, Los Angeles, CA 90013.0, United States",VQ4BQH67N6,Processing,6.0,10.0,20.0
Jena Priebe,"Mini Troll Surprise Packs - 3, 6 or 10!","Mini Troll Surprise Packs - 3, 6 or 10!","Stickers, pins, & magnets",2026-02-19,39.92,Los Angeles,CA,"Los Angeles, CA",453 South Spring Street,301.0,90013.0,United States,"453 South Spring Street, 301.0, Los Angeles, CA 90013.0, United States",VQ4BQH67N6,Processing,8.0,4.99,9.99
Jena Priebe,Big Fan of Human Rights Button,Big Fan of Human Rights Button,"Stickers, pins, & magnets",2026-02-19,75.0,Los Angeles,CA,"Los Angeles, CA",453 South Spring Street,301.0,90013.0,United States,"453 South Spring Street, 301.0, Los Angeles, CA 90013.0, United States",VQ4BQH67N6,Processing,50.0,1.5,3.0
Jena Priebe,Literacy And Justice For All Tote Bag,Literacy And Justice For All Tote Bag,"Stickers, pins, & magnets",2026-02-19,60.0,Los Angeles,CA,"Los Angeles, CA",453 South Spring Street,301.0,90013.0,United States,"453 South Spring Street, 301.0, Los Angeles, CA 90013.0, United States",VQ4BQH67N6,Processing,6.0,10.0,20.0
Jena Priebe,Big Fan Of Human Rights Tote Bag,Big Fan Of Human Rights Tote Bag,"Stickers, pins, & magnets",2026-02-19,60.0,Los Angeles,CA,"Los Angeles, CA",453 South Spring Street,301.0,90013.0,United States,"453 South Spring Street, 301.0, Los Angeles, CA 90013.0, United States",VQ4BQH67N6,Processing,6.0,10.0,20.0
Jena Priebe,I Tried To Form A Gang But It Turned Into A Book Club Tote Bag,I Tried To Form A Gang But It Turned Into A Book Club Tote Bag,Stationery & writing,2026-02-19,60.0,Los Angeles,CA,"Los Angeles, CA",453 South Spring Street,301.0,90013.0,United States,"453 South Spring Street, 301.0, Los Angeles, CA 90013.0, United States",VQ4BQH67N6,Processing,6.0,10.0,20.0
The Grove Vintage,Proud Crybaby Glitter Sticker,Proud Crybaby Glitter Sticker,"Stickers, pins, & magnets",2026-02-16,52.5,Claremont,CA,"Claremont, CA",175 North Indian Hill Boulevard,100A,91711.0,United States,"175 North Indian Hill Boulevard, 100A, Claremont, CA 91711.0, United States",9ZXTEDSB44,Delivered,30.0,1.75,4.75
The Grove Vintage,The Grass Is Greener Where You Water It Glitter Sticker,The Grass Is Greener Where You Water It Glitter Sticker,"Stickers, pins, & magnets",2026-02-16,52.5,Claremont,CA,"Claremont, CA",175 North Indian Hill Boulevard,100A,91711.0,United States,"175 North Indian Hill Boulevard, 100A, Claremont, CA 91711.0, United States",9ZXTEDSB44,Delivered,30.0,1.75,4.75
The Grove Vintage,Lover Of Cancelled Plans Glitter Sticker,Lover Of Cancelled Plans Glitter Sticker,"Stickers, pins, & magnets",2026-02-16,52.5,Claremont,CA,"Claremont, CA",175 North Indian Hill Boulevard,100A,91711.0,United States,"175 North Indian Hill Boulevard, 100A, Claremont, CA 91711.0, United States",9ZXTEDSB44,Delivered,30.0,1.75,4.75
The Grove Vintage,Overstimulated Sticker (2 styles available),Overstimulated Sticker (2 styles available),"Stickers, pins, & magnets",2026-02-16,52.5,Claremont,CA,"Claremont, CA",175 North Indian Hill Boulevard,100A,91711.0,United States,"175 North Indian Hill Boulevard, 100A, Claremont, CA 91711.0, United States",9ZXTEDSB44,Delivered,30.0,1.75,4.75
The Grove Vintage,Publicly Shame Racists Button,Publicly Shame Racists Button,"Stickers, pins, & magnets",2026-02-16,18.75,Claremont,CA,"Claremont, CA",175 North Indian Hill Boulevard,100A,91711.0,United States,"175 North Indian Hill Boulevard, 100A, Claremont, CA 91711.0, United States",9ZXTEDSB44,Delivered,15.0,1.25,2.75
The Grove Vintage,What's More Punk Than The Public Library Button,What's More Punk Than The Public Library Button,"Stickers, pins, & magnets",2026-02-16,15.0,Claremont,CA,"Claremont, CA",175 North Indian Hill Boulevard,100A,91711.0,United States,"175 North Indian Hill Boulevard, 100A, Claremont, CA 91711.0, United States",9ZXTEDSB44,Delivered,15.0,1.0,2.75
The Grove Vintage,It's A Good Day To Read Button,It's A Good Day To Read Button,"Stickers, pins, & magnets",2026-02-16,15.0,Claremont,CA,"Claremont, CA",175 North Indian Hill Boulevard,100A,91711.0,United States,"175 North Indian Hill Boulevard, 100A, Claremont, CA 91711.0, United States",9ZXTEDSB44,Delivered,15.0,1.0,2.75
The Grove Vintage,Big Fan Of Human Rights Holographic Sticker,Big Fan Of Human Rights Holographic Sticker,"Stickers, pins, & magnets",2026-02-16,52.5,Claremont,CA,"Claremont, CA",175 North Indian Hill Boulevard,100A,91711.0,United States,"175 North Indian Hill Boulevard, 100A, Claremont, CA 91711.0, United States",9ZXTEDSB44,Delivered,30.0,1.75,4.75
The Grove Vintage,Your Lack Of Empathy Is Not The Flex You Think It Is Glitter Sticker,Your Lack Of Empathy Is Not The Flex You Think It Is Glitter Sticker,"Stickers, pins, & magnets",2026-02-16,52.5,Claremont,CA,"Claremont, CA",175 North Indian Hill Boulevard,100A,91711.0,United States,"175 North Indian Hill Boulevard, 100A, Claremont, CA 91711.0, United States",9ZXTEDSB44,Delivered,30.0,1.75,4.75
The Grove Vintage,Your Anxiety Is A Lying Hoe Glitter Sticker,Your Anxiety Is A Lying Hoe Glitter Sticker,"Stickers, pins, & magnets",2026-02-16,52.5,Claremont,CA,"Claremont, CA",175 North Indian Hill Boulevard,100A,91711.0,United States,"175 North Indian Hill Boulevard, 100A, Claremont, CA 91711.0, United States",9ZXTEDSB44,Delivered,30.0,1.75,4.75
The Grove Vintage,Be Nice To Me I'm Anxious Glitter Sticker,Be Nice To Me I'm Anxious Glitter Sticker,"Stickers, pins, & magnets",2026-02-16,56.0,Claremont,CA,"Claremont, CA",175 North Indian Hill Boulevard,100A,91711.0,United States,"175 North Indian Hill Boulevard, 100A, Claremont, CA 91711.0, United States",9ZXTEDSB44,Delivered,32.0,1.75,4.75
The Grove Vintage,Princess Fairy Mouse Sticker,Princess Fairy Mouse Sticker,"Stickers, pins, & magnets",2026-02-16,52.5,Claremont,CA,"Claremont, CA",175 North Indian Hill Boulevard,100A,91711.0,United States,"175 North Indian Hill Boulevard, 100A, Claremont, CA 91711.0, United States",9ZXTEDSB44,Delivered,30.0,1.75,4.75
The Grove Vintage,Shoutout To Everyone That Wanted To Read Their Book Today But Had To Adult Instead Glitter Sticker,Shoutout To Everyone That Wanted To Read Their Book Today But Had To Adult Instead Glitter Sticker,"Stickers, pins, & magnets",2026-02-16,52.5,Claremont,CA,"Claremont, CA",175 North Indian Hill Boulevard,100A,91711.0,United States,"175 North Indian Hill Boulevard, 100A, Claremont, CA 91711.0, United States",9ZXTEDSB44,Delivered,30.0,1.75,4.75
The Grove Vintage,"I May Be Laid Back, But I Can Lean Forward Real Fucking Quick Glitter Sticker","I May Be Laid Back, But I Can Lean Forward Real Fucking Quick Glitter Sticker","Stickers, pins, & magnets",2026-02-16,52.5,Claremont,CA,"Claremont, CA",175 North Indian Hill Boulevard,100A,91711.0,United States,"175 North Indian Hill Boulevard, 100A, Claremont, CA 91711.0, United States",9ZXTEDSB44,Delivered,30.0,1.75,4.75
The Grove Vintage,Thumbs Up Cat Sticker,Thumbs Up Cat Sticker,"Stickers, pins, & magnets",2026-02-16,70.0,Claremont,CA,"Claremont, CA",175 North Indian Hill Boulevard,100A,91711.0,United States,"175 North Indian Hill Boulevard, 100A, Claremont, CA 91711.0, United States",9ZXTEDSB44,Delivered,40.0,1.75,4.75
The Grove Vintage,Peace Sign Hamster Sticker,Peace Sign Hamster Sticker,"Stickers, pins, & magnets",2026-02-16,70.0,Claremont,CA,"Claremont, CA",175 North Indian Hill Boulevard,100A,91711.0,United States,"175 North Indian Hill Boulevard, 100A, Claremont, CA 91711.0, United States",9ZXTEDSB44,Delivered,40.0,1.75,4.75
The Grove Vintage,Scared Hamster Sticker,Scared Hamster Sticker,"Stickers, pins, & magnets",2026-02-16,70.0,Claremont,CA,"Claremont, CA",175 North Indian Hill Boulevard,100A,91711.0,United States,"175 North Indian Hill Boulevard, 100A, Claremont, CA 91711.0, United States",9ZXTEDSB44,Delivered,40.0,1.75,4.75
The Grove Vintage,It's A Good Day To Read Glitter Sticker,It's A Good Day To Read Glitter Sticker,"Stickers, pins, & magnets",2026-02-16,52.5,Claremont,CA,"Claremont, CA",175 North Indian Hill Boulevard,100A,91711.0,United States,"175 North Indian Hill Boulevard, 100A, Claremont, CA 91711.0, United States",9ZXTEDSB44,Delivered,30.0,1.75,4.75
The Grove Vintage,Some Of You Weren't Paying Attention In History Class And It Shows Pixie Glitter Sticker,Some Of You Weren't Paying Attention In History Class And It Shows Pixie Glitter Sticker,"Stickers, pins, & magnets",2026-02-16,52.5,Claremont,CA,"Claremont, CA",175 North Indian Hill Boulevard,100A,91711.0,United States,"175 North Indian Hill Boulevard, 100A, Claremont, CA 91711.0, United States",9ZXTEDSB44,Delivered,30.0,1.75,4.75
Mitchell's Book Corner,Let's Read Banned Books Tote Bag,Let's Read Banned Books Tote Bag,Stationery & writing,2026-02-16,30.0,Nantucket,MA,"Nantucket, MA",54 Main Street,,2554.0,United States,"54 Main Street, Nantucket, MA 2554.0, United States",AJVEKKWG9J,Shipped,3.0,10.0,20.0
Mitchell's Book Corner,Caring About People Is Not Political Sticker,Caring About People Is Not Political Sticker,"Stickers, pins, & magnets",2026-02-16,10.5,Nantucket,MA,"Nantucket, MA",54 Main Street,,2554.0,United States,"54 Main Street, Nantucket, MA 2554.0, United States",AJVEKKWG9J,Shipped,6.0,1.75,4.75
Mitchell's Book Corner,Big Fan Of Human Rights Holographic Sticker,Big Fan Of Human Rights Holographic Sticker,"Stickers, pins, & magnets",2026-02-16,10.5,Nantucket,MA,"Nantucket, MA",54 Main Street,,2554.0,United States,"54 Main Street, Nantucket, MA 2554.0, United States",AJVEKKWG9J,Shipped,6.0,1.75,4.75
Mitchell's Book Corner,Sorry I Can't Go I'm An Indoor Cat Glitter Sticker,Sorry I Can't Go I'm An Indoor Cat Glitter Sticker,"Stickers, pins, & magnets",2026-02-16,10.5,Nantucket,MA,"Nantucket, MA",54 Main Street,,2554.0,United States,"54 Main Street, Nantucket, MA 2554.0, United States",AJVEKKWG9J,Shipped,6.0,1.75,4.75
Mitchell's Book Corner,More Pride Less Prejudice Tote Bag,More Pride Less Prejudice Tote Bag,"Stickers, pins, & magnets",2026-02-16,30.0,Nantucket,MA,"Nantucket, MA",54 Main Street,,2554.0,United States,"54 Main Street, Nantucket, MA 2554.0, United States",AJVEKKWG9J,Shipped,3.0,10.0,20.0
Mitchell's Book Corner,The Only Ice I Like Is The Ice That My Two Gay Boyfriends Skate Around On Sticker,The Only Ice I Like Is The Ice That My Two Gay Boyfriends Skate Around On Sticker,"Stickers, pins, & magnets",2026-02-16,10.5,Nantucket,MA,"Nantucket, MA",54 Main Street,,2554.0,United States,"54 Main Street, Nantucket, MA 2554.0, United States",AJVEKKWG9J,Shipped,6.0,1.75,4.75
Mitchell's Book Corner,Maybe Books Are Addicted To Me Tote Bag,Maybe Books Are Addicted To Me Tote Bag,Stationery & writing,2026-02-16,30.0,Nantucket,MA,"Nantucket, MA",54 Main Street,,2554.0,United States,"54 Main Street, Nantucket, MA 2554.0, United States",AJVEKKWG9J,Shipped,3.0,10.0,20.0
Mitchell's Book Corner,Meet Me At The Pink Pony Club Glitter Sticker,Meet Me At The Pink Pony Club Glitter Sticker,"Stickers, pins, & magnets",2026-02-16,10.5,Nantucket,MA,"Nantucket, MA",54 Main Street,,2554.0,United States,"54 Main Street, Nantucket, MA 2554.0, United States",AJVEKKWG9J,Shipped,6.0,1.75,4.75
Mitchell's Book Corner,Don't Hate Me Just Because I'm A Little Cooler Sticker,Don't Hate Me Just Because I'm A Little Cooler Sticker,"Stickers, pins, & magnets",2026-02-16,10.5,Nantucket,MA,"Nantucket, MA",54 Main Street,,2554.0,United States,"54 Main Street, Nantucket, MA 2554.0, United States",AJVEKKWG9J,Shipped,6.0,1.75,4.75
Mitchell's Book Corner,Scared Hamster Sticker,Scared Hamster Sticker,"Stickers, pins, & magnets",2026-02-16,10.5,Nantucket,MA,"Nantucket, MA",54 Main Street,,2554.0,United States,"54 Main Street, Nantucket, MA 2554.0, United States",AJVEKKWG9J,Shipped,6.0,1.75,4.75
Ember and Aura Goods,Keep The Immigrants Deport The Racists Sticker,Keep The Immigrants Deport The Racists Sticker,"Stickers, pins, & magnets",2026-02-15,21.0,St. Louis,MO,"St. Louis, MO",5628 Winona Avenue,,63109-1562,United States,"5628 Winona Avenue, St. Louis, MO 63109-1562, United States",ZB2ZX88PSU,Delivered,12.0,1.75,4.75
Ember and Aura Goods,For The Fuckteenth Time Pen,For The Fuckteenth Time Pen,Stationery & writing,2026-02-15,17.0,St. Louis,MO,"St. Louis, MO",5628 Winona Avenue,,63109-1562,United States,"5628 Winona Avenue, St. Louis, MO 63109-1562, United States",ZB2ZX88PSU,Delivered,20.0,0.85,2.75
Ember and Aura Goods,Currently Dissociating Pen,Currently Dissociating Pen,Stationery & writing,2026-02-15,17.0,St. Louis,MO,"St. Louis, MO",5628 Winona Avenue,,63109-1562,United States,"5628 Winona Avenue, St. Louis, MO 63109-1562, United States",ZB2ZX88PSU,Delivered,20.0,0.85,2.75
Ember and Aura Goods,I Should Be Frolicking In A Forest But I'm Here. Wtf Pen,I Should Be Frolicking In A Forest But I'm Here. Wtf Pen,Stationery & writing,2026-02-15,17.0,St. Louis,MO,"St. Louis, MO",5628 Winona Avenue,,63109-1562,United States,"5628 Winona Avenue, St. Louis, MO 63109-1562, United States",ZB2ZX88PSU,Delivered,20.0,0.85,2.75
Ember and Aura Goods,Caring About People Is Not Political Sticker,Caring About People Is Not Political Sticker,"Stickers, pins, & magnets",2026-02-15,17.5,St. Louis,MO,"St. Louis, MO",5628 Winona Avenue,,63109-1562,United States,"5628 Winona Avenue, St. Louis, MO 63109-1562, United States",ZB2ZX88PSU,Delivered,10.0,1.75,4.75
Ember and Aura Goods,Resist Sticker,Resist Sticker,"Stickers, pins, & magnets",2026-02-15,26.25,St. Louis,MO,"St. Louis, MO",5628 Winona Avenue,,63109-1562,United States,"5628 Winona Avenue, St. Louis, MO 63109-1562, United States",ZB2ZX88PSU,Delivered,15.0,1.75,4.75
Ember and Aura Goods,The Only Minority Destroying This Country Are The Billionaires Sticker,The Only Minority Destroying This Country Are The Billionaires Sticker,"Stickers, pins, & magnets",2026-02-15,21.0,St. Louis,MO,"St. Louis, MO",5628 Winona Avenue,,63109-1562,United States,"5628 Winona Avenue, St. Louis, MO 63109-1562, United States",ZB2ZX88PSU,Delivered,12.0,1.75,4.75
Ember and Aura Goods,Be Brave Be Loud And Look Out For Others Sticker,Be Brave Be Loud And Look Out For Others Sticker,"Stickers, pins, & magnets",2026-02-15,26.25,St. Louis,MO,"St. Louis, MO",5628 Winona Avenue,,63109-1562,United States,"5628 Winona Avenue, St. Louis, MO 63109-1562, United States",ZB2ZX88PSU,Delivered,15.0,1.75,4.75
Ember and Aura Goods,When Cruelty Becomes Normal Compassion Looks Radical Sticker,When Cruelty Becomes Normal Compassion Looks Radical Sticker,"Stickers, pins, & magnets",2026-02-15,17.5,St. Louis,MO,"St. Louis, MO",5628 Winona Avenue,,63109-1562,United States,"5628 Winona Avenue, St. Louis, MO 63109-1562, United States",ZB2ZX88PSU,Delivered,10.0,1.75,4.75
Wildmother,The Hell I Won't Sticker,The Hell I Won't Sticker,"Stickers, pins, & magnets",2026-02-15,10.5,Zumbrota,MN,"Zumbrota, MN",15 Mill Street,,55992.0,United States,"15 Mill Street, Zumbrota, MN 55992.0, United States",NSQVTZNBTB,Delivered,6.0,1.75,4.75
Wildmother,Resist Sticker,Resist Sticker,"Stickers, pins, & magnets",2026-02-15,10.5,Zumbrota,MN,"Zumbrota, MN",15 Mill Street,,55992.0,United States,"15 Mill Street, Zumbrota, MN 55992.0, United States",NSQVTZNBTB,Delivered,6.0,1.75,4.75
Wildmother,In My Feminine Rage Era Sticker (2 styles available),In My Feminine Rage Era Sticker (2 styles available),"Stickers, pins, & magnets",2026-02-15,10.5,Zumbrota,MN,"Zumbrota, MN",15 Mill Street,,55992.0,United States,"15 Mill Street, Zumbrota, MN 55992.0, United States",NSQVTZNBTB,Delivered,6.0,1.75,4.75
Wildmother,Books Are Magic Pixie Glitter Sticker,Books Are Magic Pixie Glitter Sticker,"Stickers, pins, & magnets",2026-02-15,10.5,Zumbrota,MN,"Zumbrota, MN",15 Mill Street,,55992.0,United States,"15 Mill Street, Zumbrota, MN 55992.0, United States",NSQVTZNBTB,Delivered,6.0,1.75,4.75
Wildmother,Burn The Patriarchy Sticker,Burn The Patriarchy Sticker,"Stickers, pins, & magnets",2026-02-15,10.5,Zumbrota,MN,"Zumbrota, MN",15 Mill Street,,55992.0,United States,"15 Mill Street, Zumbrota, MN 55992.0, United States",NSQVTZNBTB,Delivered,6.0,1.75,4.75
Wildmother,Radicalized By Basic Decency Floral Sticker,Radicalized By Basic Decency Floral Sticker,"Stickers, pins, & magnets",2026-02-15,10.5,Zumbrota,MN,"Zumbrota, MN",15 Mill Street,,55992.0,United States,"15 Mill Street, Zumbrota, MN 55992.0, United States",NSQVTZNBTB,Delivered,6.0,1.75,4.75
Wildmother,"Do You Have Any Fucks? Not Even One, Girl. Go Fish. Sticker","Do You Have Any Fucks? Not Even One, Girl. Go Fish. Sticker","Stickers, pins, & magnets",2026-02-15,10.5,Zumbrota,MN,"Zumbrota, MN",15 Mill Street,,55992.0,United States,"15 Mill Street, Zumbrota, MN 55992.0, United States",NSQVTZNBTB,Delivered,6.0,1.75,4.75
Wildmother,Girls Will Be Girls Sticker,Girls Will Be Girls Sticker,"Stickers, pins, & magnets",2026-02-15,10.5,Zumbrota,MN,"Zumbrota, MN",15 Mill Street,,55992.0,United States,"15 Mill Street, Zumbrota, MN 55992.0, United States",NSQVTZNBTB,Delivered,6.0,1.75,4.75
Wildmother,54321 Grounding Technique Sticker,54321 Grounding Technique Sticker,"Stickers, pins, & magnets",2026-02-15,10.5,Zumbrota,MN,"Zumbrota, MN",15 Mill Street,,55992.0,United States,"15 Mill Street, Zumbrota, MN 55992.0, United States",NSQVTZNBTB,Delivered,6.0,1.75,4.75
Wildmother,Resist Sticker,Resist Sticker,"Stickers, pins, & magnets",2026-02-15,10.5,Zumbrota,MN,"Zumbrota, MN",15 Mill Street,,55992.0,United States,"15 Mill Street, Zumbrota, MN 55992.0, United States",NSQVTZNBTB,Delivered,6.0,1.75,4.75
Wildmother,What's More Punk Than The Public Library Tote Bag,What's More Punk Than The Public Library Tote Bag,"Stickers, pins, & magnets",2026-02-15,30.0,Zumbrota,MN,"Zumbrota, MN",15 Mill Street,,55992.0,United States,"15 Mill Street, Zumbrota, MN 55992.0, United States",NSQVTZNBTB,Delivered,3.0,10.0,20.0
Wildmother,I Support Women's Rights And Wrongs Tote Bag,I Support Women's Rights And Wrongs Tote Bag,Women's accessories,2026-02-15,30.0,Zumbrota,MN,"Zumbrota, MN",15 Mill Street,,55992.0,United States,"15 Mill Street, Zumbrota, MN 55992.0, United States",NSQVTZNBTB,Delivered,3.0,10.0,20.0
Merit Badge Books,"Mini Troll Surprise Packs - 3, 6 or 10!","Mini Troll Surprise Packs - 3, 6 or 10!","Stickers, pins, & magnets",2026-02-13,29.8,Hamburg,NY,"Hamburg, NY",276 Buffalo Street,,14075.0,United States,"276 Buffalo Street, Hamburg, NY 14075.0, United States",ZMSA3BRQFC,Shipped,20.0,1.49,2.99
Merit Badge Books,Radicalized By Basic Decency Button,Radicalized By Basic Decency Button,"Stickers, pins, & magnets",2026-02-13,7.5,Hamburg,NY,"Hamburg, NY",276 Buffalo Street,,14075.0,United States,"276 Buffalo Street, Hamburg, NY 14075.0, United States",ZMSA3BRQFC,Shipped,6.0,1.25,2.5
Merit Badge Books,It's A Good Day To Read Button,It's A Good Day To Read Button,"Stickers, pins, & magnets",2026-02-13,6.0,Hamburg,NY,"Hamburg, NY",276 Buffalo Street,,14075.0,United States,"276 Buffalo Street, Hamburg, NY 14075.0, United States",ZMSA3BRQFC,Shipped,6.0,1.0,2.75
Merit Badge Books,Fuck Ice Holographic Sticker,Fuck Ice Holographic Sticker,"Stickers, pins, & magnets",2026-02-13,10.5,Hamburg,NY,"Hamburg, NY",276 Buffalo Street,,14075.0,United States,"276 Buffalo Street, Hamburg, NY 14075.0, United States",ZMSA3BRQFC,Shipped,6.0,1.75,4.75
Merit Badge Books,Have The Day You Voted For Button,Have The Day You Voted For Button,"Stickers, pins, & magnets",2026-02-13,6.0,Hamburg,NY,"Hamburg, NY",276 Buffalo Street,,14075.0,United States,"276 Buffalo Street, Hamburg, NY 14075.0, United States",ZMSA3BRQFC,Shipped,6.0,1.0,2.75
Merit Badge Books,I May Be Wrong But I Doubt It Button,I May Be Wrong But I Doubt It Button,"Stickers, pins, & magnets",2026-02-13,6.0,Hamburg,NY,"Hamburg, NY",276 Buffalo Street,,14075.0,United States,"276 Buffalo Street, Hamburg, NY 14075.0, United States",ZMSA3BRQFC,Shipped,6.0,1.0,2.75
Merit Badge Books,I'd Rather Be Bed Rotting Pen,I'd Rather Be Bed Rotting Pen,Stationery & writing,2026-02-13,5.1,Hamburg,NY,"Hamburg, NY",276 Buffalo Street,,14075.0,United States,"276 Buffalo Street, Hamburg, NY 14075.0, United States",ZMSA3BRQFC,Shipped,6.0,0.85,2.75
Merit Badge Books,Don't Be A Dick Sticker,Don't Be A Dick Sticker,"Stickers, pins, & magnets",2026-02-13,17.5,Hamburg,NY,"Hamburg, NY",276 Buffalo Street,,14075.0,United States,"276 Buffalo Street, Hamburg, NY 14075.0, United States",ZMSA3BRQFC,Shipped,10.0,1.75,4.75
Merit Badge Books,"Sorry If I'm Mean, I'm Overstimulated Right Now Sticker","Sorry If I'm Mean, I'm Overstimulated Right Now Sticker","Stickers, pins, & magnets",2026-02-13,10.5,Hamburg,NY,"Hamburg, NY",276 Buffalo Street,,14075.0,United States,"276 Buffalo Street, Hamburg, NY 14075.0, United States",ZMSA3BRQFC,Shipped,6.0,1.75,4.75
Merit Badge Books,Community Is Resistance Sticker,Community Is Resistance Sticker,"Stickers, pins, & magnets",2026-02-13,10.5,Hamburg,NY,"Hamburg, NY",276 Buffalo Street,,14075.0,United States,"276 Buffalo Street, Hamburg, NY 14075.0, United States",ZMSA3BRQFC,Shipped,6.0,1.75,4.75
Merit Badge Books,What's More Punk Than The Public Library Button,What's More Punk Than The Public Library Button,"Stickers, pins, & magnets",2026-02-13,5.0,Hamburg,NY,"Hamburg, NY",276 Buffalo Street,,14075.0,United States,"276 Buffalo Street, Hamburg, NY 14075.0, United States",ZMSA3BRQFC,Shipped,5.0,1.0,2.75
Merit Badge Books,Awake But At What Cost Sticker,Awake But At What Cost Sticker,"Stickers, pins, & magnets",2026-02-13,10.5,Hamburg,NY,"Hamburg, NY",276 Buffalo Street,,14075.0,United States,"276 Buffalo Street, Hamburg, NY 14075.0, United States",ZMSA3BRQFC,Shipped,6.0,1.75,4.75
Merit Badge Books,Carry Yourself With The Confidence Of A Mediocre White Man Sticker,Carry Yourself With The Confidence Of A Mediocre White Man Sticker,"Stickers, pins, & magnets",2026-02-13,10.5,Hamburg,NY,"Hamburg, NY",276 Buffalo Street,,14075.0,United States,"276 Buffalo Street, Hamburg, NY 14075.0, United States",ZMSA3BRQFC,Shipped,6.0,1.75,4.75
Fish Wife Sweets,Fuck Ice Holographic Sticker,Fuck Ice Holographic Sticker,"Stickers, pins, & magnets",2026-02-13,10.5,Half Moon Bay,CA,"Half Moon Bay, CA",648 Myrtle Street,,94019.0,United States,"648 Myrtle Street, Half Moon Bay, CA 94019.0, United States",YUFNMCK6BC,Delivered,6.0,1.75,4.75
Gratitude,Big Fan Of Human Rights Holographic Sticker,Big Fan Of Human Rights Holographic Sticker,"Stickers, pins, & magnets",2026-02-12,10.5,Port Aransas,TX,"Port Aransas, TX",316 N STATION ST,,78373.0,United States,"316 N STATION ST, Port Aransas, TX 78373.0, United States",VP4VUPDPUM,Delivered,6.0,1.75,4.75
Gratitude,Your Lack Of Empathy Is Not The Flex You Think It Is Glitter Sticker,Your Lack Of Empathy Is Not The Flex You Think It Is Glitter Sticker,"Stickers, pins, & magnets",2026-02-12,10.5,Port Aransas,TX,"Port Aransas, TX",316 N STATION ST,,78373.0,United States,"316 N STATION ST, Port Aransas, TX 78373.0, United States",VP4VUPDPUM,Delivered,6.0,1.75,4.75
Gratitude,Let's Be Better Humans Sticker,Let's Be Better Humans Sticker,"Stickers, pins, & magnets",2026-02-12,10.5,Port Aransas,TX,"Port Aransas, TX",316 N STATION ST,,78373.0,United States,"316 N STATION ST, Port Aransas, TX 78373.0, United States",VP4VUPDPUM,Delivered,6.0,1.75,6.5
Gratitude,Radicalized By Basic Decency Floral Sticker,Radicalized By Basic Decency Floral Sticker,"Stickers, pins, & magnets",2026-02-12,10.5,Port Aransas,TX,"Port Aransas, TX",316 N STATION ST,,78373.0,United States,"316 N STATION ST, Port Aransas, TX 78373.0, United States",VP4VUPDPUM,Delivered,6.0,1.75,4.75
Gratitude,Just Be A Good Human Glitter Sticker,Just Be A Good Human Glitter Sticker,"Stickers, pins, & magnets",2026-02-12,10.5,Port Aransas,TX,"Port Aransas, TX",316 N STATION ST,,78373.0,United States,"316 N STATION ST, Port Aransas, TX 78373.0, United States",VP4VUPDPUM,Delivered,6.0,1.75,4.75
Gratitude,"When You Can Be Anything You Want, An Asshole Seems To Be A Really Odd Choice Glitter Sticker","When You Can Be Anything You Want, An Asshole Seems To Be A Really Odd Choice Glitter Sticker","Stickers, pins, & magnets",2026-02-12,10.5,Port Aransas,TX,"Port Aransas, TX",316 N STATION ST,,78373.0,United States,"316 N STATION ST, Port Aransas, TX 78373.0, United States",VP4VUPDPUM,Delivered,6.0,1.75,4.75
Gratitude,Shoutout To Everyone That Wanted To Read Their Book Today But Had To Adult Instead Glitter Sticker,Shoutout To Everyone That Wanted To Read Their Book Today But Had To Adult Instead Glitter Sticker,"Stickers, pins, & magnets",2026-02-12,10.5,Port Aransas,TX,"Port Aransas, TX",316 N STATION ST,,78373.0,United States,"316 N STATION ST, Port Aransas, TX 78373.0, United States",VP4VUPDPUM,Delivered,6.0,1.75,4.75
Gratitude,Some Of You Weren't Paying Attention In History Class And It Shows Pixie Glitter Sticker,Some Of You Weren't Paying Attention In History Class And It Shows Pixie Glitter Sticker,"Stickers, pins, & magnets",2026-02-12,10.5,Port Aransas,TX,"Port Aransas, TX",316 N STATION ST,,78373.0,United States,"316 N STATION ST, Port Aransas, TX 78373.0, United States",VP4VUPDPUM,Delivered,6.0,1.75,4.75
Gratitude,If They Can Affect Policy They Can Pay Taxes Sticker,If They Can Affect Policy They Can Pay Taxes Sticker,"Stickers, pins, & magnets",2026-02-12,3.5,Port Aransas,TX,"Port Aransas, TX",316 N STATION ST,,78373.0,United States,"316 N STATION ST, Port Aransas, TX 78373.0, United States",VP4VUPDPUM,Delivered,2.0,1.75,4.75
Gratitude,The Road To Fascism Is Paved With The People That Told You To Stop Overreacting Holographic Sticker,The Road To Fascism Is Paved With The People That Told You To Stop Overreacting Holographic Sticker,"Stickers, pins, & magnets",2026-02-12,10.5,Port Aransas,TX,"Port Aransas, TX",316 N STATION ST,,78373.0,United States,"316 N STATION ST, Port Aransas, TX 78373.0, United States",VP4VUPDPUM,Delivered,6.0,1.75,4.75
Gratitude,For The Fuckteenth Time Pen,For The Fuckteenth Time Pen,Stationery & writing,2026-02-12,5.1,Port Aransas,TX,"Port Aransas, TX",316 N STATION ST,,78373.0,United States,"316 N STATION ST, Port Aransas, TX 78373.0, United States",VP4VUPDPUM,Delivered,6.0,0.85,2.75
Gratitude,Currently Dissociating Pen,Currently Dissociating Pen,Stationery & writing,2026-02-12,5.1,Port Aransas,TX,"Port Aransas, TX",316 N STATION ST,,78373.0,United States,"316 N STATION ST, Port Aransas, TX 78373.0, United States",VP4VUPDPUM,Delivered,6.0,0.85,2.75
Gratitude,I Should Be Frolicking In A Forest But I'm Here. Wtf Pen,I Should Be Frolicking In A Forest But I'm Here. Wtf Pen,Stationery & writing,2026-02-12,5.1,Port Aransas,TX,"Port Aransas, TX",316 N STATION ST,,78373.0,United States,"316 N STATION ST, Port Aransas, TX 78373.0, United States",VP4VUPDPUM,Delivered,6.0,0.85,2.75
Gratitude,Caring About People Is Not Political Sticker,Caring About People Is Not Political Sticker,"Stickers, pins, & magnets",2026-02-12,10.5,Port Aransas,TX,"Port Aransas, TX",316 N STATION ST,,78373.0,United States,"316 N STATION ST, Port Aransas, TX 78373.0, United States",VP4VUPDPUM,Delivered,6.0,1.75,4.75
Gratitude,"Hey, You Dropped This Holographic Sticker","Hey, You Dropped This Holographic Sticker","Stickers, pins, & magnets",2026-02-12,10.5,Port Aransas,TX,"Port Aransas, TX",316 N STATION ST,,78373.0,United States,"316 N STATION ST, Port Aransas, TX 78373.0, United States",VP4VUPDPUM,Delivered,6.0,1.75,4.75
Gratitude,Have The Day You Voted For Button,Have The Day You Voted For Button,"Stickers, pins, & magnets",2026-02-12,6.0,Port Aransas,TX,"Port Aransas, TX",316 N STATION ST,,78373.0,United States,"316 N STATION ST, Port Aransas, TX 78373.0, United States",VP4VUPDPUM,Delivered,6.0,1.0,2.75
Gratitude,Caring About People Is Not Political Button,Caring About People Is Not Political Button,"Stickers, pins, & magnets",2026-02-12,6.0,Port Aransas,TX,"Port Aransas, TX",316 N STATION ST,,78373.0,United States,"316 N STATION ST, Port Aransas, TX 78373.0, United States",VP4VUPDPUM,Delivered,6.0,1.0,2.75
Gratitude,If Explosive Diarrhea Was A Person Button,If Explosive Diarrhea Was A Person Button,"Stickers, pins, & magnets",2026-02-12,6.0,Port Aransas,TX,"Port Aransas, TX",316 N STATION ST,,78373.0,United States,"316 N STATION ST, Port Aransas, TX 78373.0, United States",VP4VUPDPUM,Delivered,6.0,1.0,2.75
Gratitude,Radicalized By Basic Decency Button,Radicalized By Basic Decency Button,"Stickers, pins, & magnets",2026-02-12,7.5,Port Aransas,TX,"Port Aransas, TX",316 N STATION ST,,78373.0,United States,"316 N STATION ST, Port Aransas, TX 78373.0, United States",VP4VUPDPUM,Delivered,6.0,1.25,2.5
Gratitude,When Cruelty Becomes Normal Compassion Looks Radical Sticker,When Cruelty Becomes Normal Compassion Looks Radical Sticker,"Stickers, pins, & magnets",2026-02-12,10.5,Port Aransas,TX,"Port Aransas, TX",316 N STATION ST,,78373.0,United States,"316 N STATION ST, Port Aransas, TX 78373.0, United States",VP4VUPDPUM,Delivered,6.0,1.75,4.75
Edge of Urge,I May Be Wrong But I Doubt It Pen,I May Be Wrong But I Doubt It Pen,Stationery & writing,2026-02-11,10.2,Raleigh,NC,"Raleigh, NC",215 e Franklin st,ste 110,27604.0,United States,"215 e Franklin st, ste 110, Raleigh, NC 27604.0, United States",UV77SG8JMP,Delivered,12.0,0.85,2.75
Edge of Urge,I Should Be Frolicking In A Forest But I'm Here. Wtf Pen,I Should Be Frolicking In A Forest But I'm Here. Wtf Pen,Stationery & writing,2026-02-11,10.2,Raleigh,NC,"Raleigh, NC",215 e Franklin st,ste 110,27604.0,United States,"215 e Franklin st, ste 110, Raleigh, NC 27604.0, United States",UV77SG8JMP,Delivered,12.0,0.85,2.75
Edge of Urge,Dumpster Fire Response Team Member Pen,Dumpster Fire Response Team Member Pen,Stationery & writing,2026-02-11,10.2,Raleigh,NC,"Raleigh, NC",215 e Franklin st,ste 110,27604.0,United States,"215 e Franklin st, ste 110, Raleigh, NC 27604.0, United States",UV77SG8JMP,Delivered,12.0,0.85,2.75
Edge of Urge,I'd Rather Be Bed Rotting Pen,I'd Rather Be Bed Rotting Pen,Stationery & writing,2026-02-11,10.2,Raleigh,NC,"Raleigh, NC",215 e Franklin st,ste 110,27604.0,United States,"215 e Franklin st, ste 110, Raleigh, NC 27604.0, United States",UV77SG8JMP,Delivered,12.0,0.85,2.75
Edge of Urge,Princess Fairy Mouse Sticker,Princess Fairy Mouse Sticker,"Stickers, pins, & magnets",2026-02-11,21.0,Raleigh,NC,"Raleigh, NC",215 e Franklin st,ste 110,27604.0,United States,"215 e Franklin st, ste 110, Raleigh, NC 27604.0, United States",UV77SG8JMP,Delivered,12.0,1.75,4.75
Edge of Urge,Thumbs Up Cat Sticker,Thumbs Up Cat Sticker,"Stickers, pins, & magnets",2026-02-11,21.0,Raleigh,NC,"Raleigh, NC",215 e Franklin st,ste 110,27604.0,United States,"215 e Franklin st, ste 110, Raleigh, NC 27604.0, United States",UV77SG8JMP,Delivered,12.0,1.75,4.75
Edge of Urge,Strawberry Candy Holographic Sticker,Strawberry Candy Holographic Sticker,"Stickers, pins, & magnets",2026-02-11,21.0,Raleigh,NC,"Raleigh, NC",215 e Franklin st,ste 110,27604.0,United States,"215 e Franklin st, ste 110, Raleigh, NC 27604.0, United States",UV77SG8JMP,Delivered,12.0,1.75,4.75
Edge of Urge,What's More Punk Than The Public Library Button,What's More Punk Than The Public Library Button,"Stickers, pins, & magnets",2026-02-11,8.0,Raleigh,NC,"Raleigh, NC",215 e Franklin st,ste 110,27604.0,United States,"215 e Franklin st, ste 110, Raleigh, NC 27604.0, United States",UV77SG8JMP,Delivered,8.0,1.0,2.75
Edge of Urge,No Human Is Illegal Glitter Sticker,No Human Is Illegal Glitter Sticker,"Stickers, pins, & magnets",2026-02-11,21.0,Raleigh,NC,"Raleigh, NC",215 e Franklin st,ste 110,27604.0,United States,"215 e Franklin st, ste 110, Raleigh, NC 27604.0, United States",UV77SG8JMP,Delivered,12.0,1.75,4.75
Edge of Urge,Fuck Ice Holographic Sticker,Fuck Ice Holographic Sticker,"Stickers, pins, & magnets",2026-02-11,21.0,Raleigh,NC,"Raleigh, NC",215 e Franklin st,ste 110,27604.0,United States,"215 e Franklin st, ste 110, Raleigh, NC 27604.0, United States",UV77SG8JMP,Delivered,12.0,1.75,4.75
Edge of Urge,Peace Sign Hamster Sticker,Peace Sign Hamster Sticker,"Stickers, pins, & magnets",2026-02-11,21.0,Raleigh,NC,"Raleigh, NC",215 e Franklin st,ste 110,27604.0,United States,"215 e Franklin st, ste 110, Raleigh, NC 27604.0, United States",UV77SG8JMP,Delivered,12.0,1.75,4.75
Edge of Urge,When Cruelty Becomes Normal Compassion Looks Radical Sticker,When Cruelty Becomes Normal Compassion Looks Radical Sticker,"Stickers, pins, & magnets",2026-02-11,21.0,Raleigh,NC,"Raleigh, NC",215 e Franklin st,ste 110,27604.0,United States,"215 e Franklin st, ste 110, Raleigh, NC 27604.0, United States",UV77SG8JMP,Delivered,12.0,1.75,4.75
Edge of Urge,Your Lack Of Empathy Is Not The Flex You Think It Is Glitter Sticker,Your Lack Of Empathy Is Not The Flex You Think It Is Glitter Sticker,"Stickers, pins, & magnets",2026-02-11,21.0,Raleigh,NC,"Raleigh, NC",215 e Franklin st,ste 110,27604.0,United States,"215 e Franklin st, ste 110, Raleigh, NC 27604.0, United States",UV77SG8JMP,Delivered,12.0,1.75,4.75
Edge of Urge,Big Fan Of Human Rights Holographic Sticker,Big Fan Of Human Rights Holographic Sticker,"Stickers, pins, & magnets",2026-02-11,21.0,Raleigh,NC,"Raleigh, NC",215 e Franklin st,ste 110,27604.0,United States,"215 e Franklin st, ste 110, Raleigh, NC 27604.0, United States",UV77SG8JMP,Delivered,12.0,1.75,4.75
Edge of Urge,"I May Be Laid Back, But I Can Lean Forward Real Fucking Quick Glitter Sticker","I May Be Laid Back, But I Can Lean Forward Real Fucking Quick Glitter Sticker","Stickers, pins, & magnets",2026-02-11,21.0,Raleigh,NC,"Raleigh, NC",215 e Franklin st,ste 110,27604.0,United States,"215 e Franklin st, ste 110, Raleigh, NC 27604.0, United States",UV77SG8JMP,Delivered,12.0,1.75,4.75
Edge of Urge,America Was Built By Immigrants Sticker,America Was Built By Immigrants Sticker,"Stickers, pins, & magnets",2026-02-11,21.0,Raleigh,NC,"Raleigh, NC",215 e Franklin st,ste 110,27604.0,United States,"215 e Franklin st, ste 110, Raleigh, NC 27604.0, United States",UV77SG8JMP,Delivered,12.0,1.75,4.75
Edge of Urge,You've Just Buttered Your Last Biscuit Sticker,You've Just Buttered Your Last Biscuit Sticker,"Stickers, pins, & magnets",2026-02-11,21.0,Raleigh,NC,"Raleigh, NC",215 e Franklin st,ste 110,27604.0,United States,"215 e Franklin st, ste 110, Raleigh, NC 27604.0, United States",UV77SG8JMP,Delivered,12.0,1.75,4.75
Edge of Urge,When Cruelty Becomes Normal Compassion Looks Radical Tote Bag,When Cruelty Becomes Normal Compassion Looks Radical Tote Bag,"Stickers, pins, & magnets",2026-02-11,60.0,Raleigh,NC,"Raleigh, NC",215 e Franklin st,ste 110,27604.0,United States,"215 e Franklin st, ste 110, Raleigh, NC 27604.0, United States",UV77SG8JMP,Delivered,6.0,10.0,20.0
Edge of Urge,"Sorry I Was Rude, It Was Probably Your Fault Pen","Sorry I Was Rude, It Was Probably Your Fault Pen",Stationery & writing,2026-02-11,10.2,Raleigh,NC,"Raleigh, NC",215 e Franklin st,ste 110,27604.0,United States,"215 e Franklin st, ste 110, Raleigh, NC 27604.0, United States",UV77SG8JMP,Delivered,12.0,0.85,2.75
Edge of Urge,Currently Dissociating Pen,Currently Dissociating Pen,Stationery & writing,2026-02-11,10.2,Raleigh,NC,"Raleigh, NC",215 e Franklin st,ste 110,27604.0,United States,"215 e Franklin st, ste 110, Raleigh, NC 27604.0, United States",UV77SG8JMP,Delivered,12.0,0.85,2.75
Edge of Urge,Disappointed But Not Surprised Pen,Disappointed But Not Surprised Pen,Stationery & writing,2026-02-11,10.2,Raleigh,NC,"Raleigh, NC",215 e Franklin st,ste 110,27604.0,United States,"215 e Franklin st, ste 110, Raleigh, NC 27604.0, United States",UV77SG8JMP,Delivered,12.0,0.85,2.75
Salty Pages,Strawberry Candy Holographic Sticker,Strawberry Candy Holographic Sticker,"Stickers, pins, & magnets",2026-02-13,10.5,Cambria,CA,"Cambria, CA",2024 Main Street,,93428.0,United States,"2024 Main Street, Cambria, CA 93428.0, United States",WDYZCE4BGK,Delivered,6.0,1.75,4.75
Salty Pages,I Don't Struggle With Anxiety; I'm Actually Pretty Good At It Tote Bag,I Don't Struggle With Anxiety; I'm Actually Pretty Good At It Tote Bag,"Stickers, pins, & magnets",2026-02-13,30.0,Cambria,CA,"Cambria, CA",2024 Main Street,,93428.0,United States,"2024 Main Street, Cambria, CA 93428.0, United States",WDYZCE4BGK,Delivered,3.0,10.0,20.0
Salty Pages,No Human Is Illegal On Stolen Land Tote Bag,No Human Is Illegal On Stolen Land Tote Bag,"Stickers, pins, & magnets",2026-02-13,30.0,Cambria,CA,"Cambria, CA",2024 Main Street,,93428.0,United States,"2024 Main Street, Cambria, CA 93428.0, United States",WDYZCE4BGK,Delivered,3.0,10.0,20.0
Salty Pages,Currently Dissociating Pen,Currently Dissociating Pen,Stationery & writing,2026-02-13,5.1,Cambria,CA,"Cambria, CA",2024 Main Street,,93428.0,United States,"2024 Main Street, Cambria, CA 93428.0, United States",WDYZCE4BGK,Delivered,6.0,0.85,2.75
Salty Pages,I Should Be Frolicking In A Forest But I'm Here. Wtf Pen,I Should Be Frolicking In A Forest But I'm Here. Wtf Pen,Stationery & writing,2026-02-13,2.55,Cambria,CA,"Cambria, CA",2024 Main Street,,93428.0,United States,"2024 Main Street, Cambria, CA 93428.0, United States",WDYZCE4BGK,Delivered,3.0,0.85,2.75
Salty Pages,Books Because Coping With Reality Is Not An Option At The Moment Glitter Sticker,Books Because Coping With Reality Is Not An Option At The Moment Glitter Sticker,"Stickers, pins, & magnets",2026-02-13,10.5,Cambria,CA,"Cambria, CA",2024 Main Street,,93428.0,United States,"2024 Main Street, Cambria, CA 93428.0, United States",WDYZCE4BGK,Delivered,6.0,1.75,4.75
Salty Pages,Wheel of Emotions Sticker,Wheel of Emotions Sticker,"Stickers, pins, & magnets",2026-02-13,10.5,Cambria,CA,"Cambria, CA",2024 Main Street,,93428.0,United States,"2024 Main Street, Cambria, CA 93428.0, United States",WDYZCE4BGK,Delivered,6.0,1.75,4.75
Salty Pages,I May Be Wrong But I Doubt It Pen,I May Be Wrong But I Doubt It Pen,Stationery & writing,2026-02-13,0.85,Cambria,CA,"Cambria, CA",2024 Main Street,,93428.0,United States,"2024 Main Street, Cambria, CA 93428.0, United States",WDYZCE4BGK,Delivered,1.0,0.85,2.75
Salty Pages,I Tried To Form A Gang But It Turned Into A Book Club Tote Bag,I Tried To Form A Gang But It Turned Into A Book Club Tote Bag,Stationery & writing,2026-02-13,30.0,Cambria,CA,"Cambria, CA",2024 Main Street,,93428.0,United States,"2024 Main Street, Cambria, CA 93428.0, United States",WDYZCE4BGK,Delivered,3.0,10.0,20.0
Salty Pages,Support Local Tote Bag,Support Local Tote Bag,"Stickers, pins, & magnets",2026-02-13,30.0,Cambria,CA,"Cambria, CA",2024 Main Street,,93428.0,United States,"2024 Main Street, Cambria, CA 93428.0, United States",WDYZCE4BGK,Delivered,3.0,10.0,20.0
The Book Juggler,Resist Sticker,Resist Sticker,"Stickers, pins, & magnets",2026-02-10,10.5,Willits,CA,"Willits, CA",182 S Main St,,95490.0,United States,"182 S Main St, Willits, CA 95490.0, United States",VS5ERPN9KN,Delivered,6.0,1.75,4.75
The Book Juggler,Keep The Immigrants Deport The Racists Sticker,Keep The Immigrants Deport The Racists Sticker,"Stickers, pins, & magnets",2026-02-10,10.5,Willits,CA,"Willits, CA",182 S Main St,,95490.0,United States,"182 S Main St, Willits, CA 95490.0, United States",VS5ERPN9KN,Delivered,6.0,1.75,4.75
The Book Juggler,The Only Minority Destroying This Country Are The Billionaires Sticker,The Only Minority Destroying This Country Are The Billionaires Sticker,"Stickers, pins, & magnets",2026-02-10,10.5,Willits,CA,"Willits, CA",182 S Main St,,95490.0,United States,"182 S Main St, Willits, CA 95490.0, United States",VS5ERPN9KN,Delivered,6.0,1.75,4.75
The Book Juggler,Resist Sticker,Resist Sticker,"Stickers, pins, & magnets",2026-02-10,10.5,Willits,CA,"Willits, CA",182 S Main St,,95490.0,United States,"182 S Main St, Willits, CA 95490.0, United States",VS5ERPN9KN,Delivered,6.0,1.75,4.75
The Book Juggler,Radicalized By Basic Decency Floral Sticker,Radicalized By Basic Decency Floral Sticker,"Stickers, pins, & magnets",2026-02-10,10.5,Willits,CA,"Willits, CA",182 S Main St,,95490.0,United States,"182 S Main St, Willits, CA 95490.0, United States",VS5ERPN9KN,Delivered,6.0,1.75,4.75
The Book Juggler,Make Orwell Fiction Again Tote Bag,Make Orwell Fiction Again Tote Bag,"Stickers, pins, & magnets",2026-02-10,60.0,Willits,CA,"Willits, CA",182 S Main St,,95490.0,United States,"182 S Main St, Willits, CA 95490.0, United States",VS5ERPN9KN,Delivered,6.0,10.0,20.0
The Book Juggler,Radicalized By Basic Decency Floral Tote Bag,Radicalized By Basic Decency Floral Tote Bag,"Stickers, pins, & magnets",2026-02-10,30.0,Willits,CA,"Willits, CA",182 S Main St,,95490.0,United States,"182 S Main St, Willits, CA 95490.0, United States",VS5ERPN9KN,Delivered,3.0,10.0,20.0
The Book Juggler,Let's Read Banned Books Tote Bag,Let's Read Banned Books Tote Bag,Stationery & writing,2026-02-10,60.0,Willits,CA,"Willits, CA",182 S Main St,,95490.0,United States,"182 S Main St, Willits, CA 95490.0, United States",VS5ERPN9KN,Delivered,6.0,10.0,20.0
The Book Juggler,The Only Ice I Like Is The Ice That My Two Gay Boyfriends Skate Around On Sticker,The Only Ice I Like Is The Ice That My Two Gay Boyfriends Skate Around On Sticker,"Stickers, pins, & magnets",2026-02-10,10.5,Willits,CA,"Willits, CA",182 S Main St,,95490.0,United States,"182 S Main St, Willits, CA 95490.0, United States",VS5ERPN9KN,Delivered,6.0,1.75,4.75
The Book Juggler,Make Orwell Fiction Again Sticker,Make Orwell Fiction Again Sticker,"Stickers, pins, & magnets",2026-02-10,10.5,Willits,CA,"Willits, CA",182 S Main St,,95490.0,United States,"182 S Main St, Willits, CA 95490.0, United States",VS5ERPN9KN,Delivered,6.0,1.75,4.75
Sisters Books & Nooks,Lover Of Cancelled Plans Glitter Sticker,Lover Of Cancelled Plans Glitter Sticker,"Stickers, pins, & magnets",2026-02-10,10.5,Cedar Rapids,IA,"Cedar Rapids, IA",2620 Primrose Lane Southwest,,52404-2452,United States,"2620 Primrose Lane Southwest, Cedar Rapids, IA 52404-2452, United States",67Y7CTMZD8,Delivered,6.0,1.75,4.75
Sisters Books & Nooks,Keep The Immigrants Deport The Racists Sticker,Keep The Immigrants Deport The Racists Sticker,"Stickers, pins, & magnets",2026-02-10,10.5,Cedar Rapids,IA,"Cedar Rapids, IA",2620 Primrose Lane Southwest,,52404-2452,United States,"2620 Primrose Lane Southwest, Cedar Rapids, IA 52404-2452, United States",67Y7CTMZD8,Delivered,6.0,1.75,4.75
Sisters Books & Nooks,Your Lack Of Empathy Is Not The Flex You Think It Is Glitter Sticker,Your Lack Of Empathy Is Not The Flex You Think It Is Glitter Sticker,"Stickers, pins, & magnets",2026-02-10,10.5,Cedar Rapids,IA,"Cedar Rapids, IA",2620 Primrose Lane Southwest,,52404-2452,United States,"2620 Primrose Lane Southwest, Cedar Rapids, IA 52404-2452, United States",67Y7CTMZD8,Delivered,6.0,1.75,4.75
Sisters Books & Nooks,Overstimulated Sticker (2 styles available),Overstimulated Sticker (2 styles available),"Stickers, pins, & magnets",2026-02-10,10.5,Cedar Rapids,IA,"Cedar Rapids, IA",2620 Primrose Lane Southwest,,52404-2452,United States,"2620 Primrose Lane Southwest, Cedar Rapids, IA 52404-2452, United States",67Y7CTMZD8,Delivered,6.0,1.75,4.75
Sisters Books & Nooks,No One Is Illegal On Stolen Land Sticker,No One Is Illegal On Stolen Land Sticker,"Stickers, pins, & magnets",2026-02-10,10.5,Cedar Rapids,IA,"Cedar Rapids, IA",2620 Primrose Lane Southwest,,52404-2452,United States,"2620 Primrose Lane Southwest, Cedar Rapids, IA 52404-2452, United States",67Y7CTMZD8,Delivered,6.0,1.75,4.75
Sisters Books & Nooks,Women Are Born To Serve Men Sticker,Women Are Born To Serve Men Sticker,"Stickers, pins, & magnets",2026-02-10,10.5,Cedar Rapids,IA,"Cedar Rapids, IA",2620 Primrose Lane Southwest,,52404-2452,United States,"2620 Primrose Lane Southwest, Cedar Rapids, IA 52404-2452, United States",67Y7CTMZD8,Delivered,6.0,1.75,4.75
Sisters Books & Nooks,Girls Will Be Girls Sticker,Girls Will Be Girls Sticker,"Stickers, pins, & magnets",2026-02-10,10.5,Cedar Rapids,IA,"Cedar Rapids, IA",2620 Primrose Lane Southwest,,52404-2452,United States,"2620 Primrose Lane Southwest, Cedar Rapids, IA 52404-2452, United States",67Y7CTMZD8,Delivered,6.0,1.75,4.75
Sisters Books & Nooks,When Cruelty Becomes Normal Compassion Looks Radical Sticker,When Cruelty Becomes Normal Compassion Looks Radical Sticker,"Stickers, pins, & magnets",2026-02-10,10.5,Cedar Rapids,IA,"Cedar Rapids, IA",2620 Primrose Lane Southwest,,52404-2452,United States,"2620 Primrose Lane Southwest, Cedar Rapids, IA 52404-2452, United States",67Y7CTMZD8,Delivered,6.0,1.75,4.75
Sisters Books & Nooks,Can I Be Mean Pixie Glitter Sticker,Can I Be Mean Pixie Glitter Sticker,"Stickers, pins, & magnets",2026-02-10,10.5,Cedar Rapids,IA,"Cedar Rapids, IA",2620 Primrose Lane Southwest,,52404-2452,United States,"2620 Primrose Lane Southwest, Cedar Rapids, IA 52404-2452, United States",67Y7CTMZD8,Delivered,6.0,1.75,4.75
Sisters Books & Nooks,Girls Will Be Girls Sticker,Girls Will Be Girls Sticker,"Stickers, pins, & magnets",2026-02-10,10.5,Cedar Rapids,IA,"Cedar Rapids, IA",2620 Primrose Lane Southwest,,52404-2452,United States,"2620 Primrose Lane Southwest, Cedar Rapids, IA 52404-2452, United States",67Y7CTMZD8,Delivered,6.0,1.75,4.75
The Smokin' Onion,You've Just Buttered Your Last Biscuit Sticker,You've Just Buttered Your Last Biscuit Sticker,"Stickers, pins, & magnets",2026-02-08,10.5,Asheville,NC,"Asheville, NC",7 homewood dr,,28803.0,United States,"7 homewood dr, Asheville, NC 28803.0, United States",NMQAJJQBWE,Delivered,6.0,1.75,4.75
The Smokin' Onion,If You Are Neutral In Situations Of Injustice You Have Chosen The Side Of The Oppressors Sticker,If You Are Neutral In Situations Of Injustice You Have Chosen The Side Of The Oppressors Sticker,"Stickers, pins, & magnets",2026-02-08,10.5,Asheville,NC,"Asheville, NC",7 homewood dr,,28803.0,United States,"7 homewood dr, Asheville, NC 28803.0, United States",NMQAJJQBWE,Delivered,6.0,1.75,4.75
The Smokin' Onion,Spooky Liberal Feminist Witch Sticker,Spooky Liberal Feminist Witch Sticker,"Stickers, pins, & magnets",2026-02-08,10.5,Asheville,NC,"Asheville, NC",7 homewood dr,,28803.0,United States,"7 homewood dr, Asheville, NC 28803.0, United States",NMQAJJQBWE,Delivered,6.0,1.75,4.75
The Smokin' Onion,"Hidden ""Fuck Trump"" Floral Sticker","Hidden ""Fuck Trump"" Floral Sticker","Stickers, pins, & magnets",2026-02-08,10.5,Asheville,NC,"Asheville, NC",7 homewood dr,,28803.0,United States,"7 homewood dr, Asheville, NC 28803.0, United States",NMQAJJQBWE,Delivered,6.0,1.75,4.75
The Smokin' Onion,The Hell I Won't Sticker,The Hell I Won't Sticker,"Stickers, pins, & magnets",2026-02-08,10.5,Asheville,NC,"Asheville, NC",7 homewood dr,,28803.0,United States,"7 homewood dr, Asheville, NC 28803.0, United States",NMQAJJQBWE,Delivered,6.0,1.75,4.75
The Smokin' Onion,Keep The Immigrants Deport The Racists Sticker,Keep The Immigrants Deport The Racists Sticker,"Stickers, pins, & magnets",2026-02-08,17.5,Asheville,NC,"Asheville, NC",7 homewood dr,,28803.0,United States,"7 homewood dr, Asheville, NC 28803.0, United States",NMQAJJQBWE,Delivered,10.0,1.75,4.75
The Smokin' Onion,Your Lack Of Empathy Is Not The Flex You Think It Is Glitter Sticker,Your Lack Of Empathy Is Not The Flex You Think It Is Glitter Sticker,"Stickers, pins, & magnets",2026-02-08,10.5,Asheville,NC,"Asheville, NC",7 homewood dr,,28803.0,United States,"7 homewood dr, Asheville, NC 28803.0, United States",NMQAJJQBWE,Delivered,6.0,1.75,4.75
The Smokin' Onion,Radical Left Scum Sticker,Radical Left Scum Sticker,"Stickers, pins, & magnets",2026-02-08,10.5,Asheville,NC,"Asheville, NC",7 homewood dr,,28803.0,United States,"7 homewood dr, Asheville, NC 28803.0, United States",NMQAJJQBWE,Delivered,6.0,1.75,4.75
The Smokin' Onion,Little Ray Of Pitch Black Sticker,Little Ray Of Pitch Black Sticker,"Stickers, pins, & magnets",2026-02-08,10.5,Asheville,NC,"Asheville, NC",7 homewood dr,,28803.0,United States,"7 homewood dr, Asheville, NC 28803.0, United States",NMQAJJQBWE,Delivered,6.0,1.75,4.75
The Smokin' Onion,Your Anxiety Is A Lying Hoe Glitter Sticker,Your Anxiety Is A Lying Hoe Glitter Sticker,"Stickers, pins, & magnets",2026-02-08,10.5,Asheville,NC,"Asheville, NC",7 homewood dr,,28803.0,United States,"7 homewood dr, Asheville, NC 28803.0, United States",NMQAJJQBWE,Delivered,6.0,1.75,4.75
The Smokin' Onion,Become Ungovernable Sticker,Become Ungovernable Sticker,"Stickers, pins, & magnets",2026-02-08,10.5,Asheville,NC,"Asheville, NC",7 homewood dr,,28803.0,United States,"7 homewood dr, Asheville, NC 28803.0, United States",NMQAJJQBWE,Delivered,6.0,1.75,4.25
The Smokin' Onion,Fueled By Tender Rage Sticker,Fueled By Tender Rage Sticker,"Stickers, pins, & magnets",2026-02-08,10.5,Asheville,NC,"Asheville, NC",7 homewood dr,,28803.0,United States,"7 homewood dr, Asheville, NC 28803.0, United States",NMQAJJQBWE,Delivered,6.0,1.75,4.75
The Smokin' Onion,Radicalized By Basic Decency Floral Sticker,Radicalized By Basic Decency Floral Sticker,"Stickers, pins, & magnets",2026-02-08,17.5,Asheville,NC,"Asheville, NC",7 homewood dr,,28803.0,United States,"7 homewood dr, Asheville, NC 28803.0, United States",NMQAJJQBWE,Delivered,10.0,1.75,4.75
The Smokin' Onion,What's More Punk Than The Public Library Button,What's More Punk Than The Public Library Button,"Stickers, pins, & magnets",2026-02-08,3.0,Asheville,NC,"Asheville, NC",7 homewood dr,,28803.0,United States,"7 homewood dr, Asheville, NC 28803.0, United States",NMQAJJQBWE,Delivered,3.0,1.0,2.75
The Smokin' Onion,Manifesting The Revolution Sticker,Manifesting The Revolution Sticker,"Stickers, pins, & magnets",2026-02-08,10.5,Asheville,NC,"Asheville, NC",7 homewood dr,,28803.0,United States,"7 homewood dr, Asheville, NC 28803.0, United States",NMQAJJQBWE,Delivered,6.0,1.75,4.75
The Smokin' Onion,Radicalized By Basic Decency Button,Radicalized By Basic Decency Button,"Stickers, pins, & magnets",2026-02-08,3.75,Asheville,NC,"Asheville, NC",7 homewood dr,,28803.0,United States,"7 homewood dr, Asheville, NC 28803.0, United States",NMQAJJQBWE,Delivered,3.0,1.25,2.5
The Smokin' Onion,The Only Minority Destroying This Country Are The Billionaires Sticker,The Only Minority Destroying This Country Are The Billionaires Sticker,"Stickers, pins, & magnets",2026-02-08,10.5,Asheville,NC,"Asheville, NC",7 homewood dr,,28803.0,United States,"7 homewood dr, Asheville, NC 28803.0, United States",NMQAJJQBWE,Delivered,6.0,1.75,4.75
Canary Books,Radicalized By Basic Decency Floral Tote Bag,Radicalized By Basic Decency Floral Tote Bag,"Stickers, pins, & magnets",2026-02-08,30.0,Nampa,ID,"Nampa, ID",1403 Third St S,,83651.0,United States,"1403 Third St S, Nampa, ID 83651.0, United States",FPAN28DB2X,Delivered,3.0,10.0,20.0
Canary Books,More Pride Less Prejudice Tote Bag,More Pride Less Prejudice Tote Bag,"Stickers, pins, & magnets",2026-02-08,30.0,Nampa,ID,"Nampa, ID",1403 Third St S,,83651.0,United States,"1403 Third St S, Nampa, ID 83651.0, United States",FPAN28DB2X,Delivered,3.0,10.0,20.0
Canary Books,Girls Will Be Girls Tote Bag,Girls Will Be Girls Tote Bag,"Stickers, pins, & magnets",2026-02-08,30.0,Nampa,ID,"Nampa, ID",1403 Third St S,,83651.0,United States,"1403 Third St S, Nampa, ID 83651.0, United States",FPAN28DB2X,Delivered,3.0,10.0,20.0
Canary Books,I May Be Wrong But I Doubt It Pen,I May Be Wrong But I Doubt It Pen,Stationery & writing,2026-02-08,4.25,Nampa,ID,"Nampa, ID",1403 Third St S,,83651.0,United States,"1403 Third St S, Nampa, ID 83651.0, United States",FPAN28DB2X,Delivered,5.0,0.85,2.75
Canary Books,Currently Dissociating Pen,Currently Dissociating Pen,Stationery & writing,2026-02-08,4.25,Nampa,ID,"Nampa, ID",1403 Third St S,,83651.0,United States,"1403 Third St S, Nampa, ID 83651.0, United States",FPAN28DB2X,Delivered,5.0,0.85,2.75
Canary Books,"Sorry I Was Rude, It Was Probably Your Fault Pen","Sorry I Was Rude, It Was Probably Your Fault Pen",Stationery & writing,2026-02-08,4.25,Nampa,ID,"Nampa, ID",1403 Third St S,,83651.0,United States,"1403 Third St S, Nampa, ID 83651.0, United States",FPAN28DB2X,Delivered,5.0,0.85,2.75
Canary Books,Disappointed But Not Surprised Pen,Disappointed But Not Surprised Pen,Stationery & writing,2026-02-08,4.25,Nampa,ID,"Nampa, ID",1403 Third St S,,83651.0,United States,"1403 Third St S, Nampa, ID 83651.0, United States",FPAN28DB2X,Delivered,5.0,0.85,2.75
Canary Books,Let's Read Banned Books Tote Bag,Let's Read Banned Books Tote Bag,Stationery & writing,2026-02-08,30.0,Nampa,ID,"Nampa, ID",1403 Third St S,,83651.0,United States,"1403 Third St S, Nampa, ID 83651.0, United States",FPAN28DB2X,Delivered,3.0,10.0,20.0
Canary Books,Big Fan Of Human Rights Tote Bag,Big Fan Of Human Rights Tote Bag,"Stickers, pins, & magnets",2026-02-08,30.0,Nampa,ID,"Nampa, ID",1403 Third St S,,83651.0,United States,"1403 Third St S, Nampa, ID 83651.0, United States",FPAN28DB2X,Delivered,3.0,10.0,20.0
Canary Books,I Closed My Book To Be Here Tote Bag,I Closed My Book To Be Here Tote Bag,Stationery & writing,2026-02-08,30.0,Nampa,ID,"Nampa, ID",1403 Third St S,,83651.0,United States,"1403 Third St S, Nampa, ID 83651.0, United States",FPAN28DB2X,Delivered,3.0,10.0,20.0
Canary Books,Do You Have Any Fucks? Not Even One Girl. Go Fish Tote Bag,Do You Have Any Fucks? Not Even One Girl. Go Fish Tote Bag,"Stickers, pins, & magnets",2026-02-08,30.0,Nampa,ID,"Nampa, ID",1403 Third St S,,83651.0,United States,"1403 Third St S, Nampa, ID 83651.0, United States",FPAN28DB2X,Delivered,3.0,10.0,20.0
Canary Books,The Hell I Won't Tote Bag,The Hell I Won't Tote Bag,"Stickers, pins, & magnets",2026-02-08,30.0,Nampa,ID,"Nampa, ID",1403 Third St S,,83651.0,United States,"1403 Third St S, Nampa, ID 83651.0, United States",FPAN28DB2X,Delivered,3.0,10.0,20.0
Canary Books,What's More Punk Than The Public Library Tote Bag,What's More Punk Than The Public Library Tote Bag,"Stickers, pins, & magnets",2026-02-08,30.0,Nampa,ID,"Nampa, ID",1403 Third St S,,83651.0,United States,"1403 Third St S, Nampa, ID 83651.0, United States",FPAN28DB2X,Delivered,3.0,10.0,20.0
Artsy Fartsy WI,Radicalized By Basic Decency Button,Radicalized By Basic Decency Button,"Stickers, pins, & magnets",2026-02-07,25.0,Madison,WI,"Madison, WI",1717 Monroe Street,,53711.0,United States,"1717 Monroe Street, Madison, WI 53711.0, United States",9782KP4Q3P,Delivered,20.0,1.25,2.5
Artsy Fartsy WI,Big Fan Of Human Rights Holographic Sticker,Big Fan Of Human Rights Holographic Sticker,"Stickers, pins, & magnets",2026-02-07,21.0,Madison,WI,"Madison, WI",1717 Monroe Street,,53711.0,United States,"1717 Monroe Street, Madison, WI 53711.0, United States",9782KP4Q3P,Delivered,12.0,1.75,4.75
Artsy Fartsy WI,I Brake For Thrift Shops Bumper Sticker,I Brake For Thrift Shops Bumper Sticker,"Stickers, pins, & magnets",2026-02-07,21.0,Madison,WI,"Madison, WI",1717 Monroe Street,,53711.0,United States,"1717 Monroe Street, Madison, WI 53711.0, United States",9782KP4Q3P,Delivered,6.0,3.5,9.0
Artsy Fartsy WI,Big Fan Of Human Rights Tote Bag,Big Fan Of Human Rights Tote Bag,"Stickers, pins, & magnets",2026-02-07,100.0,Madison,WI,"Madison, WI",1717 Monroe Street,,53711.0,United States,"1717 Monroe Street, Madison, WI 53711.0, United States",9782KP4Q3P,Delivered,10.0,10.0,20.0
Artsy Fartsy WI,No Human Is Illegal Glitter Sticker,No Human Is Illegal Glitter Sticker,"Stickers, pins, & magnets",2026-02-07,21.0,Madison,WI,"Madison, WI",1717 Monroe Street,,53711.0,United States,"1717 Monroe Street, Madison, WI 53711.0, United States",9782KP4Q3P,Delivered,12.0,1.75,4.75
Artsy Fartsy WI,You Just Got Passed By 3 Raccoons In A Trench Coat Bumper Sticker,You Just Got Passed By 3 Raccoons In A Trench Coat Bumper Sticker,"Stickers, pins, & magnets",2026-02-07,21.0,Madison,WI,"Madison, WI",1717 Monroe Street,,53711.0,United States,"1717 Monroe Street, Madison, WI 53711.0, United States",9782KP4Q3P,Delivered,6.0,3.5,9.0
Artsy Fartsy WI,Big Fan of Human Rights Button,Big Fan of Human Rights Button,"Stickers, pins, & magnets",2026-02-07,30.0,Madison,WI,"Madison, WI",1717 Monroe Street,,53711.0,United States,"1717 Monroe Street, Madison, WI 53711.0, United States",9782KP4Q3P,Delivered,20.0,1.5,3.0
Skylight Books,I Tried To Form A Gang But It Turned Into A Book Club Tote Bag,I Tried To Form A Gang But It Turned Into A Book Club Tote Bag,Stationery & writing,2026-02-06,50.0,Los Angeles,CA,"Los Angeles, CA",1818 North Vermont Avenue,,90027.0,United States,"1818 North Vermont Avenue, Los Angeles, CA 90027.0, United States",EQWX6D7JHN,Delivered,5.0,10.0,20.0
Skylight Books,Stop Brain Rot Read A Book Tote Bag,Stop Brain Rot Read A Book Tote Bag,Stationery & writing,2026-02-06,50.0,Los Angeles,CA,"Los Angeles, CA",1818 North Vermont Avenue,,90027.0,United States,"1818 North Vermont Avenue, Los Angeles, CA 90027.0, United States",EQWX6D7JHN,Delivered,5.0,10.0,20.0
Skylight Books,Be The Person Levar Burton Knew You Could Be Tote Bag,Be The Person Levar Burton Knew You Could Be Tote Bag,"Stickers, pins, & magnets",2026-02-06,30.0,Los Angeles,CA,"Los Angeles, CA",1818 North Vermont Avenue,,90027.0,United States,"1818 North Vermont Avenue, Los Angeles, CA 90027.0, United States",EQWX6D7JHN,Delivered,3.0,10.0,20.0
Skylight Books,You've Just Buttered Your Last Biscuit Sticker,You've Just Buttered Your Last Biscuit Sticker,"Stickers, pins, & magnets",2026-02-06,10.5,Los Angeles,CA,"Los Angeles, CA",1818 North Vermont Avenue,,90027.0,United States,"1818 North Vermont Avenue, Los Angeles, CA 90027.0, United States",EQWX6D7JHN,Delivered,6.0,1.75,4.75
Skylight Books,Dream Job? I Do Not Dream Of Labor Glitter Sticker,Dream Job? I Do Not Dream Of Labor Glitter Sticker,"Stickers, pins, & magnets",2026-02-06,10.5,Los Angeles,CA,"Los Angeles, CA",1818 North Vermont Avenue,,90027.0,United States,"1818 North Vermont Avenue, Los Angeles, CA 90027.0, United States",EQWX6D7JHN,Delivered,6.0,1.75,4.75
Skylight Books,Sorry I Can't Go I'm An Indoor Cat Glitter Sticker,Sorry I Can't Go I'm An Indoor Cat Glitter Sticker,"Stickers, pins, & magnets",2026-02-06,10.5,Los Angeles,CA,"Los Angeles, CA",1818 North Vermont Avenue,,90027.0,United States,"1818 North Vermont Avenue, Los Angeles, CA 90027.0, United States",EQWX6D7JHN,Delivered,6.0,1.75,4.75
Skylight Books,Compost The Patriarchy Sticker,Compost The Patriarchy Sticker,"Stickers, pins, & magnets",2026-02-06,10.5,Los Angeles,CA,"Los Angeles, CA",1818 North Vermont Avenue,,90027.0,United States,"1818 North Vermont Avenue, Los Angeles, CA 90027.0, United States",EQWX6D7JHN,Delivered,6.0,1.75,4.75
Skylight Books,Leaving Reality Entering Fiction Tote Bag,Leaving Reality Entering Fiction Tote Bag,"Stickers, pins, & magnets",2026-02-06,50.0,Los Angeles,CA,"Los Angeles, CA",1818 North Vermont Avenue,,90027.0,United States,"1818 North Vermont Avenue, Los Angeles, CA 90027.0, United States",EQWX6D7JHN,Delivered,5.0,10.0,20.0
Dandelion,Read Banned Books Sticker,Read Banned Books Sticker,"Stickers, pins, & magnets",2026-02-06,10.5,Sandusky,OH,"Sandusky, OH",247 E Market St,9.0,44870.0,United States,"247 E Market St, 9.0, Sandusky, OH 44870.0, United States",DF4M75WD7C,Delivered,6.0,1.75,4.75
Dandelion,Girls Will Be Girls Sticker,Girls Will Be Girls Sticker,"Stickers, pins, & magnets",2026-02-06,10.5,Sandusky,OH,"Sandusky, OH",247 E Market St,9.0,44870.0,United States,"247 E Market St, 9.0, Sandusky, OH 44870.0, United States",DF4M75WD7C,Delivered,6.0,1.75,4.75
Dandelion,Big Fan of Human Rights Button,Big Fan of Human Rights Button,"Stickers, pins, & magnets",2026-02-06,9.0,Sandusky,OH,"Sandusky, OH",247 E Market St,9.0,44870.0,United States,"247 E Market St, 9.0, Sandusky, OH 44870.0, United States",DF4M75WD7C,Delivered,6.0,1.5,3.0
Dandelion,Let's Read Banned Books Tote Bag,Let's Read Banned Books Tote Bag,Stationery & writing,2026-02-06,30.0,Sandusky,OH,"Sandusky, OH",247 E Market St,9.0,44870.0,United States,"247 E Market St, 9.0, Sandusky, OH 44870.0, United States",DF4M75WD7C,Delivered,3.0,10.0,20.0
Dandelion,Read Banned Books Tote Bag,Read Banned Books Tote Bag,Stationery & writing,2026-02-06,30.0,Sandusky,OH,"Sandusky, OH",247 E Market St,9.0,44870.0,United States,"247 E Market St, 9.0, Sandusky, OH 44870.0, United States",DF4M75WD7C,Delivered,3.0,10.0,20.0
Dandelion,Girls Will Be Girls Tote Bag,Girls Will Be Girls Tote Bag,"Stickers, pins, & magnets",2026-02-06,30.0,Sandusky,OH,"Sandusky, OH",247 E Market St,9.0,44870.0,United States,"247 E Market St, 9.0, Sandusky, OH 44870.0, United States",DF4M75WD7C,Delivered,3.0,10.0,20.0
Dandelion,Support Local Tote Bag,Support Local Tote Bag,"Stickers, pins, & magnets",2026-02-06,30.0,Sandusky,OH,"Sandusky, OH",247 E Market St,9.0,44870.0,United States,"247 E Market St, 9.0, Sandusky, OH 44870.0, United States",DF4M75WD7C,Delivered,3.0,10.0,20.0
Cedar Chest,Fueled By Tender Rage Sticker,Fueled By Tender Rage Sticker,"Stickers, pins, & magnets",2026-02-06,10.5,Northampton,MA,"Northampton, MA",150 Main Street,,1060.0,United States,"150 Main Street, Northampton, MA 1060.0, United States",HM2VP3HS6P,Delivered,6.0,1.75,4.75
Cedar Chest,Emotional Support Water Bottle (Blue) Sticker,Emotional Support Water Bottle (Blue) Sticker,"Stickers, pins, & magnets",2026-02-06,10.5,Northampton,MA,"Northampton, MA",150 Main Street,,1060.0,United States,"150 Main Street, Northampton, MA 1060.0, United States",HM2VP3HS6P,Delivered,6.0,1.75,4.75
Cedar Chest,Fuck Ice Holographic Sticker,Fuck Ice Holographic Sticker,"Stickers, pins, & magnets",2026-02-06,10.5,Northampton,MA,"Northampton, MA",150 Main Street,,1060.0,United States,"150 Main Street, Northampton, MA 1060.0, United States",HM2VP3HS6P,Delivered,6.0,1.75,4.75
Cedar Chest,The Many Faces Of Cats Tote Bag,The Many Faces Of Cats Tote Bag,"Stickers, pins, & magnets",2026-02-06,30.0,Northampton,MA,"Northampton, MA",150 Main Street,,1060.0,United States,"150 Main Street, Northampton, MA 1060.0, United States",HM2VP3HS6P,Delivered,3.0,10.0,20.0
Cedar Chest,Women Don't Owe You Shit Tote Bag,Women Don't Owe You Shit Tote Bag,Women's accessories,2026-02-06,30.0,Northampton,MA,"Northampton, MA",150 Main Street,,1060.0,United States,"150 Main Street, Northampton, MA 1060.0, United States",HM2VP3HS6P,Delivered,3.0,10.0,20.0
Cedar Chest,Be Nice To Me I'm Anxious Tote Bag,Be Nice To Me I'm Anxious Tote Bag,"Stickers, pins, & magnets",2026-02-06,30.0,Northampton,MA,"Northampton, MA",150 Main Street,,1060.0,United States,"150 Main Street, Northampton, MA 1060.0, United States",HM2VP3HS6P,Delivered,3.0,10.0,20.0
Cedar Chest,Fueled By Tender Rage Tote Bag,Fueled By Tender Rage Tote Bag,"Stickers, pins, & magnets",2026-02-06,30.0,Northampton,MA,"Northampton, MA",150 Main Street,,1060.0,United States,"150 Main Street, Northampton, MA 1060.0, United States",HM2VP3HS6P,Delivered,3.0,10.0,20.0
Cedar Chest,When Cruelty Becomes Normal Compassion Looks Radical Tote Bag,When Cruelty Becomes Normal Compassion Looks Radical Tote Bag,"Stickers, pins, & magnets",2026-02-06,30.0,Northampton,MA,"Northampton, MA",150 Main Street,,1060.0,United States,"150 Main Street, Northampton, MA 1060.0, United States",HM2VP3HS6P,Delivered,3.0,10.0,20.0
Cedar Chest,Stop People Pleasing. People Are Never Pleased Tote Bag,Stop People Pleasing. People Are Never Pleased Tote Bag,"Stickers, pins, & magnets",2026-02-06,30.0,Northampton,MA,"Northampton, MA",150 Main Street,,1060.0,United States,"150 Main Street, Northampton, MA 1060.0, United States",HM2VP3HS6P,Delivered,3.0,10.0,20.0
Cedar Chest,When Cruelty Becomes Normal Compassion Looks Radical Sticker,When Cruelty Becomes Normal Compassion Looks Radical Sticker,"Stickers, pins, & magnets",2026-02-06,10.5,Northampton,MA,"Northampton, MA",150 Main Street,,1060.0,United States,"150 Main Street, Northampton, MA 1060.0, United States",HM2VP3HS6P,Delivered,6.0,1.75,4.75
Cedar Chest,Dumpster Fire Response Team Member Pen,Dumpster Fire Response Team Member Pen,Stationery & writing,2026-02-06,8.5,Northampton,MA,"Northampton, MA",150 Main Street,,1060.0,United States,"150 Main Street, Northampton, MA 1060.0, United States",HM2VP3HS6P,Delivered,10.0,0.85,2.75
Cedar Chest,Currently Dissociating Pen,Currently Dissociating Pen,Stationery & writing,2026-02-06,8.5,Northampton,MA,"Northampton, MA",150 Main Street,,1060.0,United States,"150 Main Street, Northampton, MA 1060.0, United States",HM2VP3HS6P,Delivered,10.0,0.85,2.75
Cedar Chest,"Sorry I Was Rude, It Was Probably Your Fault Pen","Sorry I Was Rude, It Was Probably Your Fault Pen",Stationery & writing,2026-02-06,8.5,Northampton,MA,"Northampton, MA",150 Main Street,,1060.0,United States,"150 Main Street, Northampton, MA 1060.0, United States",HM2VP3HS6P,Delivered,10.0,0.85,2.75
Cedar Chest,I'd Rather Be Bed Rotting Pen,I'd Rather Be Bed Rotting Pen,Stationery & writing,2026-02-06,8.5,Northampton,MA,"Northampton, MA",150 Main Street,,1060.0,United States,"150 Main Street, Northampton, MA 1060.0, United States",HM2VP3HS6P,Delivered,10.0,0.85,2.75
Cedar Chest,For The Fuckteenth Time Pen,For The Fuckteenth Time Pen,Stationery & writing,2026-02-06,8.5,Northampton,MA,"Northampton, MA",150 Main Street,,1060.0,United States,"150 Main Street, Northampton, MA 1060.0, United States",HM2VP3HS6P,Delivered,10.0,0.85,2.75
Cedar Chest,Stay Salty Melt Ice Tote Bag,Stay Salty Melt Ice Tote Bag,"Stickers, pins, & magnets",2026-02-06,30.0,Northampton,MA,"Northampton, MA",150 Main Street,,1060.0,United States,"150 Main Street, Northampton, MA 1060.0, United States",HM2VP3HS6P,Delivered,3.0,10.0,20.0
Cedar Chest,Love Thy Neighbor Abolish Ice Tote Bag,Love Thy Neighbor Abolish Ice Tote Bag,"Stickers, pins, & magnets",2026-02-06,30.0,Northampton,MA,"Northampton, MA",150 Main Street,,1060.0,United States,"150 Main Street, Northampton, MA 1060.0, United States",HM2VP3HS6P,Delivered,3.0,10.0,20.0
Cedar Chest,This Place Sucks. I'm Outta Here. Tote Bag,This Place Sucks. I'm Outta Here. Tote Bag,"Stickers, pins, & magnets",2026-02-06,30.0,Northampton,MA,"Northampton, MA",150 Main Street,,1060.0,United States,"150 Main Street, Northampton, MA 1060.0, United States",HM2VP3HS6P,Delivered,3.0,10.0,20.0
Roost & Company,Big Fan Of Human Rights Holographic Sticker,Big Fan Of Human Rights Holographic Sticker,"Stickers, pins, & magnets",2026-02-06,21.0,Salem,MA,"Salem, MA",40 Front Street,,1970.0,United States,"40 Front Street, Salem, MA 1970.0, United States",K4P6VB8V8W,Delivered,12.0,1.75,4.75
Roost & Company,The Only Ice I Like Is The Ice That My Two Gay Boyfriends Skate Around On Sticker,The Only Ice I Like Is The Ice That My Two Gay Boyfriends Skate Around On Sticker,"Stickers, pins, & magnets",2026-02-06,21.0,Salem,MA,"Salem, MA",40 Front Street,,1970.0,United States,"40 Front Street, Salem, MA 1970.0, United States",K4P6VB8V8W,Delivered,12.0,1.75,4.75
Roost & Company,Let's Be Better Humans Sticker,Let's Be Better Humans Sticker,"Stickers, pins, & magnets",2026-02-06,21.0,Salem,MA,"Salem, MA",40 Front Street,,1970.0,United States,"40 Front Street, Salem, MA 1970.0, United States",K4P6VB8V8W,Delivered,12.0,1.75,6.5
Roost & Company,Fuck Ice Holographic Sticker,Fuck Ice Holographic Sticker,"Stickers, pins, & magnets",2026-02-06,42.0,Salem,MA,"Salem, MA",40 Front Street,,1970.0,United States,"40 Front Street, Salem, MA 1970.0, United States",K4P6VB8V8W,Delivered,24.0,1.75,4.75
Roost & Company,No One Is Illegal On Stolen Land Sticker,No One Is Illegal On Stolen Land Sticker,"Stickers, pins, & magnets",2026-02-06,31.5,Salem,MA,"Salem, MA",40 Front Street,,1970.0,United States,"40 Front Street, Salem, MA 1970.0, United States",K4P6VB8V8W,Delivered,18.0,1.75,4.75
Roost & Company,Radicalized By Basic Decency Button,Radicalized By Basic Decency Button,"Stickers, pins, & magnets",2026-02-06,15.0,Salem,MA,"Salem, MA",40 Front Street,,1970.0,United States,"40 Front Street, Salem, MA 1970.0, United States",K4P6VB8V8W,Delivered,12.0,1.25,2.5
Roost & Company,No Human Is Illegal Glitter Sticker,No Human Is Illegal Glitter Sticker,"Stickers, pins, & magnets",2026-02-06,21.0,Salem,MA,"Salem, MA",40 Front Street,,1970.0,United States,"40 Front Street, Salem, MA 1970.0, United States",K4P6VB8V8W,Delivered,12.0,1.75,4.75
Roost & Company,Caring About People Is Not Political Button,Caring About People Is Not Political Button,"Stickers, pins, & magnets",2026-02-06,18.0,Salem,MA,"Salem, MA",40 Front Street,,1970.0,United States,"40 Front Street, Salem, MA 1970.0, United States",K4P6VB8V8W,Delivered,18.0,1.0,2.75
Roost & Company,Big Fan of Human Rights Button,Big Fan of Human Rights Button,"Stickers, pins, & magnets",2026-02-06,21.0,Salem,MA,"Salem, MA",40 Front Street,,1970.0,United States,"40 Front Street, Salem, MA 1970.0, United States",K4P6VB8V8W,Delivered,14.0,1.5,3.0
Roost & Company,Caring About People Is Not Political Sticker,Caring About People Is Not Political Sticker,"Stickers, pins, & magnets",2026-02-06,10.5,Salem,MA,"Salem, MA",40 Front Street,,1970.0,United States,"40 Front Street, Salem, MA 1970.0, United States",K4P6VB8V8W,Delivered,6.0,1.75,4.75
Roost & Company,When Cruelty Becomes Normal Compassion Looks Radical Sticker,When Cruelty Becomes Normal Compassion Looks Radical Sticker,"Stickers, pins, & magnets",2026-02-06,10.5,Salem,MA,"Salem, MA",40 Front Street,,1970.0,United States,"40 Front Street, Salem, MA 1970.0, United States",K4P6VB8V8W,Delivered,6.0,1.75,4.75
Roost & Company,Radicalized By Basic Decency Floral Sticker,Radicalized By Basic Decency Floral Sticker,"Stickers, pins, & magnets",2026-02-06,10.5,Salem,MA,"Salem, MA",40 Front Street,,1970.0,United States,"40 Front Street, Salem, MA 1970.0, United States",K4P6VB8V8W,Delivered,6.0,1.75,4.75
Roost & Company,Strawberry Candy Holographic Sticker,Strawberry Candy Holographic Sticker,"Stickers, pins, & magnets",2026-02-06,10.5,Salem,MA,"Salem, MA",40 Front Street,,1970.0,United States,"40 Front Street, Salem, MA 1970.0, United States",K4P6VB8V8W,Delivered,6.0,1.75,4.75
Roost & Company,America Was Built By Immigrants Sticker,America Was Built By Immigrants Sticker,"Stickers, pins, & magnets",2026-02-06,21.0,Salem,MA,"Salem, MA",40 Front Street,,1970.0,United States,"40 Front Street, Salem, MA 1970.0, United States",K4P6VB8V8W,Delivered,12.0,1.75,4.75
Roost & Company,Sorry I Can't Go I'm An Indoor Cat Glitter Sticker,Sorry I Can't Go I'm An Indoor Cat Glitter Sticker,"Stickers, pins, & magnets",2026-02-06,10.5,Salem,MA,"Salem, MA",40 Front Street,,1970.0,United States,"40 Front Street, Salem, MA 1970.0, United States",K4P6VB8V8W,Delivered,6.0,1.75,4.75
Roost & Company,"When You Can Be Anything You Want, An Asshole Seems To Be A Really Odd Choice Glitter Sticker","When You Can Be Anything You Want, An Asshole Seems To Be A Really Odd Choice Glitter Sticker","Stickers, pins, & magnets",2026-02-06,10.5,Salem,MA,"Salem, MA",40 Front Street,,1970.0,United States,"40 Front Street, Salem, MA 1970.0, United States",K4P6VB8V8W,Delivered,6.0,1.75,4.75
Roost & Company,Raccoon Fairy Holographic Sticker,Raccoon Fairy Holographic Sticker,"Stickers, pins, & magnets",2026-02-06,10.5,Salem,MA,"Salem, MA",40 Front Street,,1970.0,United States,"40 Front Street, Salem, MA 1970.0, United States",K4P6VB8V8W,Delivered,6.0,1.75,4.75
Onalaska Smokes 4 Less,May They Burn In Hell Glitter Sticker,May They Burn In Hell Glitter Sticker,"Stickers, pins, & magnets",2026-02-06,10.5,Onalaska,WI,"Onalaska, WI",1220 Crossing Meadows Drive,#280,54650.0,United States,"1220 Crossing Meadows Drive, #280, Onalaska, WI 54650.0, United States",SEEJVJJHXC,Delivered,6.0,1.75,4.75
Onalaska Smokes 4 Less,Surprise Mini Troll,Surprise Mini Troll,"Stickers, pins, & magnets",2026-02-06,3.0,Onalaska,WI,"Onalaska, WI",1220 Crossing Meadows Drive,#280,54650.0,United States,"1220 Crossing Meadows Drive, #280, Onalaska, WI 54650.0, United States",SEEJVJJHXC,Delivered,5.0,0.6,1.5
Onalaska Smokes 4 Less,"Do You Have Any Fucks? Not Even One, Girl. Go Fish. Sticker","Do You Have Any Fucks? Not Even One, Girl. Go Fish. Sticker","Stickers, pins, & magnets",2026-02-06,10.5,Onalaska,WI,"Onalaska, WI",1220 Crossing Meadows Drive,#280,54650.0,United States,"1220 Crossing Meadows Drive, #280, Onalaska, WI 54650.0, United States",SEEJVJJHXC,Delivered,6.0,1.75,4.75
Onalaska Smokes 4 Less,Strawberry Candy Holographic Sticker,Strawberry Candy Holographic Sticker,"Stickers, pins, & magnets",2026-02-06,10.5,Onalaska,WI,"Onalaska, WI",1220 Crossing Meadows Drive,#280,54650.0,United States,"1220 Crossing Meadows Drive, #280, Onalaska, WI 54650.0, United States",SEEJVJJHXC,Delivered,6.0,1.75,4.75
Onalaska Smokes 4 Less,You've Just Buttered Your Last Biscuit Sticker,You've Just Buttered Your Last Biscuit Sticker,"Stickers, pins, & magnets",2026-02-06,10.5,Onalaska,WI,"Onalaska, WI",1220 Crossing Meadows Drive,#280,54650.0,United States,"1220 Crossing Meadows Drive, #280, Onalaska, WI 54650.0, United States",SEEJVJJHXC,Delivered,6.0,1.75,4.75
Onalaska Smokes 4 Less,"Hey, You Dropped This Holographic Sticker","Hey, You Dropped This Holographic Sticker","Stickers, pins, & magnets",2026-02-06,10.5,Onalaska,WI,"Onalaska, WI",1220 Crossing Meadows Drive,#280,54650.0,United States,"1220 Crossing Meadows Drive, #280, Onalaska, WI 54650.0, United States",SEEJVJJHXC,Delivered,6.0,1.75,4.75
Onalaska Smokes 4 Less,I Can Do All Things Through SPITE Which Strengthens Me Glitter Sticker,I Can Do All Things Through SPITE Which Strengthens Me Glitter Sticker,"Stickers, pins, & magnets",2026-02-06,10.5,Onalaska,WI,"Onalaska, WI",1220 Crossing Meadows Drive,#280,54650.0,United States,"1220 Crossing Meadows Drive, #280, Onalaska, WI 54650.0, United States",SEEJVJJHXC,Delivered,6.0,1.75,4.75
Onalaska Smokes 4 Less,Radicalized By Basic Decency Magnet,Radicalized By Basic Decency Magnet,"Stickers, pins, & magnets",2026-02-06,7.5,Onalaska,WI,"Onalaska, WI",1220 Crossing Meadows Drive,#280,54650.0,United States,"1220 Crossing Meadows Drive, #280, Onalaska, WI 54650.0, United States",SEEJVJJHXC,Delivered,3.0,2.5,6.5
Onalaska Smokes 4 Less,Wheel Of Emotions Magnet,Wheel Of Emotions Magnet,"Stickers, pins, & magnets",2026-02-06,7.5,Onalaska,WI,"Onalaska, WI",1220 Crossing Meadows Drive,#280,54650.0,United States,"1220 Crossing Meadows Drive, #280, Onalaska, WI 54650.0, United States",SEEJVJJHXC,Delivered,3.0,2.5,5.0
Onalaska Smokes 4 Less,"Mini Troll Surprise Packs - 3, 6 or 10!","Mini Troll Surprise Packs - 3, 6 or 10!","Stickers, pins, & magnets",2026-02-06,9.98,Onalaska,WI,"Onalaska, WI",1220 Crossing Meadows Drive,#280,54650.0,United States,"1220 Crossing Meadows Drive, #280, Onalaska, WI 54650.0, United States",SEEJVJJHXC,Delivered,2.0,4.99,9.99
Onalaska Smokes 4 Less,Fuck Ice Holographic Sticker,Fuck Ice Holographic Sticker,"Stickers, pins, & magnets",2026-02-06,10.5,Onalaska,WI,"Onalaska, WI",1220 Crossing Meadows Drive,#280,54650.0,United States,"1220 Crossing Meadows Drive, #280, Onalaska, WI 54650.0, United States",SEEJVJJHXC,Delivered,6.0,1.75,4.75
Onalaska Smokes 4 Less,On My Way To Get More Trinkets And Knick Knacks Glitter Sticker,On My Way To Get More Trinkets And Knick Knacks Glitter Sticker,"Stickers, pins, & magnets",2026-02-06,10.5,Onalaska,WI,"Onalaska, WI",1220 Crossing Meadows Drive,#280,54650.0,United States,"1220 Crossing Meadows Drive, #280, Onalaska, WI 54650.0, United States",SEEJVJJHXC,Delivered,6.0,1.75,4.75
Onalaska Smokes 4 Less,Don't Be A Dick Sticker,Don't Be A Dick Sticker,"Stickers, pins, & magnets",2026-02-06,10.5,Onalaska,WI,"Onalaska, WI",1220 Crossing Meadows Drive,#280,54650.0,United States,"1220 Crossing Meadows Drive, #280, Onalaska, WI 54650.0, United States",SEEJVJJHXC,Delivered,6.0,1.75,4.75
Onalaska Smokes 4 Less,Princess Fairy Mouse Sticker,Princess Fairy Mouse Sticker,"Stickers, pins, & magnets",2026-02-06,10.5,Onalaska,WI,"Onalaska, WI",1220 Crossing Meadows Drive,#280,54650.0,United States,"1220 Crossing Meadows Drive, #280, Onalaska, WI 54650.0, United States",SEEJVJJHXC,Delivered,6.0,1.75,4.75
Onalaska Smokes 4 Less,"I May Be Laid Back, But I Can Lean Forward Real Fucking Quick Glitter Sticker","I May Be Laid Back, But I Can Lean Forward Real Fucking Quick Glitter Sticker","Stickers, pins, & magnets",2026-02-06,10.5,Onalaska,WI,"Onalaska, WI",1220 Crossing Meadows Drive,#280,54650.0,United States,"1220 Crossing Meadows Drive, #280, Onalaska, WI 54650.0, United States",SEEJVJJHXC,Delivered,6.0,1.75,4.75
Onalaska Smokes 4 Less,Radicalized By Basic Decency Floral Sticker,Radicalized By Basic Decency Floral Sticker,"Stickers, pins, & magnets",2026-02-06,10.5,Onalaska,WI,"Onalaska, WI",1220 Crossing Meadows Drive,#280,54650.0,United States,"1220 Crossing Meadows Drive, #280, Onalaska, WI 54650.0, United States",SEEJVJJHXC,Delivered,6.0,1.75,4.75
Greedy Reads,Dream Job? I Do Not Dream Of Labor Glitter Sticker,Dream Job? I Do Not Dream Of Labor Glitter Sticker,"Stickers, pins, & magnets",2026-02-05,17.5,Baltimore,MD,"Baltimore, MD",1744 Aliceanna Street,,21231.0,United States,"1744 Aliceanna Street, Baltimore, MD 21231.0, United States",SZ62YYUTM9,Delivered,10.0,1.75,4.75
Greedy Reads,No Worries If Not Totally Cool Either Way Sticker,No Worries If Not Totally Cool Either Way Sticker,"Stickers, pins, & magnets",2026-02-05,17.5,Baltimore,MD,"Baltimore, MD",1744 Aliceanna Street,,21231.0,United States,"1744 Aliceanna Street, Baltimore, MD 21231.0, United States",SZ62YYUTM9,Delivered,10.0,1.75,4.75
Greedy Reads,I May Be Wrong But I Doubt It Button,I May Be Wrong But I Doubt It Button,"Stickers, pins, & magnets",2026-02-05,20.0,Baltimore,MD,"Baltimore, MD",1744 Aliceanna Street,,21231.0,United States,"1744 Aliceanna Street, Baltimore, MD 21231.0, United States",SZ62YYUTM9,Delivered,20.0,1.0,2.75
Greedy Reads,Leave Trans Kids Alone You Fucking Weirdo Glitter Sticker,Leave Trans Kids Alone You Fucking Weirdo Glitter Sticker,"Stickers, pins, & magnets",2026-02-05,21.0,Baltimore,MD,"Baltimore, MD",1744 Aliceanna Street,,21231.0,United States,"1744 Aliceanna Street, Baltimore, MD 21231.0, United States",SZ62YYUTM9,Delivered,12.0,1.75,4.75
Greedy Reads,Lost In A Book Don't Send Help Glitter Sticker,Lost In A Book Don't Send Help Glitter Sticker,"Stickers, pins, & magnets",2026-02-05,21.0,Baltimore,MD,"Baltimore, MD",1744 Aliceanna Street,,21231.0,United States,"1744 Aliceanna Street, Baltimore, MD 21231.0, United States",SZ62YYUTM9,Delivered,12.0,1.75,4.75
Greedy Reads,Big Fan of Human Rights Button,Big Fan of Human Rights Button,"Stickers, pins, & magnets",2026-02-05,45.0,Baltimore,MD,"Baltimore, MD",1744 Aliceanna Street,,21231.0,United States,"1744 Aliceanna Street, Baltimore, MD 21231.0, United States",SZ62YYUTM9,Delivered,30.0,1.5,3.0
Greedy Reads,Publicly Shame Racists Button,Publicly Shame Racists Button,"Stickers, pins, & magnets",2026-02-05,25.0,Baltimore,MD,"Baltimore, MD",1744 Aliceanna Street,,21231.0,United States,"1744 Aliceanna Street, Baltimore, MD 21231.0, United States",SZ62YYUTM9,Delivered,20.0,1.25,2.75
Greedy Reads,It's A Good Day To Read Button,It's A Good Day To Read Button,"Stickers, pins, & magnets",2026-02-05,20.0,Baltimore,MD,"Baltimore, MD",1744 Aliceanna Street,,21231.0,United States,"1744 Aliceanna Street, Baltimore, MD 21231.0, United States",SZ62YYUTM9,Delivered,20.0,1.0,2.75
Caspian Books,Cats Against Capitalism Sticker,Cats Against Capitalism Sticker,"Stickers, pins, & magnets",2026-02-05,10.5,Tracy,CA,"Tracy, CA",1611 W 12TH ST,,95376.0,United States,"1611 W 12TH ST, Tracy, CA 95376.0, United States",BZED7DXEZJ,Delivered,6.0,1.75,4.75
Caspian Books,You Don't Have To Experience Something To Have Empathy For Others Holographic Sticker,You Don't Have To Experience Something To Have Empathy For Others Holographic Sticker,"Stickers, pins, & magnets",2026-02-05,10.5,Tracy,CA,"Tracy, CA",1611 W 12TH ST,,95376.0,United States,"1611 W 12TH ST, Tracy, CA 95376.0, United States",BZED7DXEZJ,Delivered,6.0,1.75,4.75
Caspian Books,Hot Girls Take Their Meds Holographic Sticker,Hot Girls Take Their Meds Holographic Sticker,"Stickers, pins, & magnets",2026-02-05,10.5,Tracy,CA,"Tracy, CA",1611 W 12TH ST,,95376.0,United States,"1611 W 12TH ST, Tracy, CA 95376.0, United States",BZED7DXEZJ,Delivered,6.0,1.75,4.75
Caspian Books,When Cruelty Becomes Normal Compassion Looks Radical Sticker,When Cruelty Becomes Normal Compassion Looks Radical Sticker,"Stickers, pins, & magnets",2026-02-05,10.5,Tracy,CA,"Tracy, CA",1611 W 12TH ST,,95376.0,United States,"1611 W 12TH ST, Tracy, CA 95376.0, United States",BZED7DXEZJ,Delivered,6.0,1.75,4.75
Caspian Books,Big Fan Of Human Rights Holographic Sticker,Big Fan Of Human Rights Holographic Sticker,"Stickers, pins, & magnets",2026-02-05,10.5,Tracy,CA,"Tracy, CA",1611 W 12TH ST,,95376.0,United States,"1611 W 12TH ST, Tracy, CA 95376.0, United States",BZED7DXEZJ,Delivered,6.0,1.75,4.75
Caspian Books,Your Lack Of Empathy Is Not The Flex You Think It Is Glitter Sticker,Your Lack Of Empathy Is Not The Flex You Think It Is Glitter Sticker,"Stickers, pins, & magnets",2026-02-05,10.5,Tracy,CA,"Tracy, CA",1611 W 12TH ST,,95376.0,United States,"1611 W 12TH ST, Tracy, CA 95376.0, United States",BZED7DXEZJ,Delivered,6.0,1.75,4.75
Caspian Books,Be Nice To Me I'm Anxious Glitter Sticker,Be Nice To Me I'm Anxious Glitter Sticker,"Stickers, pins, & magnets",2026-02-05,10.5,Tracy,CA,"Tracy, CA",1611 W 12TH ST,,95376.0,United States,"1611 W 12TH ST, Tracy, CA 95376.0, United States",BZED7DXEZJ,Delivered,6.0,1.75,4.75
Caspian Books,Lover Of Cancelled Plans Glitter Sticker,Lover Of Cancelled Plans Glitter Sticker,"Stickers, pins, & magnets",2026-02-05,10.5,Tracy,CA,"Tracy, CA",1611 W 12TH ST,,95376.0,United States,"1611 W 12TH ST, Tracy, CA 95376.0, United States",BZED7DXEZJ,Delivered,6.0,1.75,4.75
Caspian Books,Shoutout To Everyone That Wanted To Read Their Book Today But Had To Adult Instead Glitter Sticker,Shoutout To Everyone That Wanted To Read Their Book Today But Had To Adult Instead Glitter Sticker,"Stickers, pins, & magnets",2026-02-05,10.5,Tracy,CA,"Tracy, CA",1611 W 12TH ST,,95376.0,United States,"1611 W 12TH ST, Tracy, CA 95376.0, United States",BZED7DXEZJ,Delivered,6.0,1.75,4.75
Caspian Books,Just A Girl Who Loves Books Glitter Sticker,Just A Girl Who Loves Books Glitter Sticker,"Stickers, pins, & magnets",2026-02-05,10.5,Tracy,CA,"Tracy, CA",1611 W 12TH ST,,95376.0,United States,"1611 W 12TH ST, Tracy, CA 95376.0, United States",BZED7DXEZJ,Delivered,6.0,1.75,4.75
Caspian Books,I Can't Go On..I Need A Snack Pls Glitter Sticker,I Can't Go On..I Need A Snack Pls Glitter Sticker,"Stickers, pins, & magnets",2026-02-05,10.5,Tracy,CA,"Tracy, CA",1611 W 12TH ST,,95376.0,United States,"1611 W 12TH ST, Tracy, CA 95376.0, United States",BZED7DXEZJ,Delivered,6.0,1.75,4.75
Caspian Books,"When You Can Be Anything You Want, An Asshole Seems To Be A Really Odd Choice Glitter Sticker","When You Can Be Anything You Want, An Asshole Seems To Be A Really Odd Choice Glitter Sticker","Stickers, pins, & magnets",2026-02-05,10.5,Tracy,CA,"Tracy, CA",1611 W 12TH ST,,95376.0,United States,"1611 W 12TH ST, Tracy, CA 95376.0, United States",BZED7DXEZJ,Delivered,6.0,1.75,4.75
Caspian Books,I Love It When Women Glitter Sticker,I Love It When Women Glitter Sticker,"Stickers, pins, & magnets",2026-02-05,10.5,Tracy,CA,"Tracy, CA",1611 W 12TH ST,,95376.0,United States,"1611 W 12TH ST, Tracy, CA 95376.0, United States",BZED7DXEZJ,Delivered,6.0,1.75,4.75
Navarro Official,The Only Ice I Like Is The Ice That My Two Gay Boyfriends Skate Around On Tote Bag,The Only Ice I Like Is The Ice That My Two Gay Boyfriends Skate Around On Tote Bag,"Stickers, pins, & magnets",2026-02-05,30.0,Miami Beach,FL,"Miami Beach, FL",1557 Meridian Avenue,Apt 106,33139.0,United States,"1557 Meridian Avenue, Apt 106, Miami Beach, FL 33139.0, United States",TNJGBP3EM5,Delivered,3.0,10.0,20.0
Navarro Official,Fueled By Tender Rage Tote Bag,Fueled By Tender Rage Tote Bag,"Stickers, pins, & magnets",2026-02-05,30.0,Miami Beach,FL,"Miami Beach, FL",1557 Meridian Avenue,Apt 106,33139.0,United States,"1557 Meridian Avenue, Apt 106, Miami Beach, FL 33139.0, United States",TNJGBP3EM5,Delivered,3.0,10.0,20.0
Navarro Official,Let's Read Banned Books Tote Bag,Let's Read Banned Books Tote Bag,Stationery & writing,2026-02-05,30.0,Miami Beach,FL,"Miami Beach, FL",1557 Meridian Avenue,Apt 106,33139.0,United States,"1557 Meridian Avenue, Apt 106, Miami Beach, FL 33139.0, United States",TNJGBP3EM5,Delivered,3.0,10.0,20.0
Navarro Official,Have The Day You Voted For Tote Bag,Have The Day You Voted For Tote Bag,"Stickers, pins, & magnets",2026-02-05,30.0,Miami Beach,FL,"Miami Beach, FL",1557 Meridian Avenue,Apt 106,33139.0,United States,"1557 Meridian Avenue, Apt 106, Miami Beach, FL 33139.0, United States",TNJGBP3EM5,Delivered,3.0,10.0,20.0
Zandbroz Variety,Disappointed But Not Surprised Pen,Disappointed But Not Surprised Pen,Stationery & writing,2026-02-05,10.2,Sioux Falls,SD,"Sioux Falls, SD",209 South Phillips Avenue,,57104.0,United States,"209 South Phillips Avenue, Sioux Falls, SD 57104.0, United States",SU8R5P942S,Delivered,12.0,0.85,2.75
Zandbroz Variety,It's A Good Day To Read Button,It's A Good Day To Read Button,"Stickers, pins, & magnets",2026-02-05,6.0,Sioux Falls,SD,"Sioux Falls, SD",209 South Phillips Avenue,,57104.0,United States,"209 South Phillips Avenue, Sioux Falls, SD 57104.0, United States",SU8R5P942S,Delivered,6.0,1.0,2.75
Zandbroz Variety,Radicalized By Basic Decency Button,Radicalized By Basic Decency Button,"Stickers, pins, & magnets",2026-02-05,7.5,Sioux Falls,SD,"Sioux Falls, SD",209 South Phillips Avenue,,57104.0,United States,"209 South Phillips Avenue, Sioux Falls, SD 57104.0, United States",SU8R5P942S,Delivered,6.0,1.25,2.5
Zandbroz Variety,Big Fan of Human Rights Button,Big Fan of Human Rights Button,"Stickers, pins, & magnets",2026-02-05,9.0,Sioux Falls,SD,"Sioux Falls, SD",209 South Phillips Avenue,,57104.0,United States,"209 South Phillips Avenue, Sioux Falls, SD 57104.0, United States",SU8R5P942S,Delivered,6.0,1.5,3.0
Zandbroz Variety,Publicly Shame Racists Button,Publicly Shame Racists Button,"Stickers, pins, & magnets",2026-02-05,7.5,Sioux Falls,SD,"Sioux Falls, SD",209 South Phillips Avenue,,57104.0,United States,"209 South Phillips Avenue, Sioux Falls, SD 57104.0, United States",SU8R5P942S,Delivered,6.0,1.25,2.75
Zandbroz Variety,What's More Punk Than The Public Library Button,What's More Punk Than The Public Library Button,"Stickers, pins, & magnets",2026-02-05,6.0,Sioux Falls,SD,"Sioux Falls, SD",209 South Phillips Avenue,,57104.0,United States,"209 South Phillips Avenue, Sioux Falls, SD 57104.0, United States",SU8R5P942S,Delivered,6.0,1.0,2.75
Zandbroz Variety,America Was Built By Immigrants Sticker,America Was Built By Immigrants Sticker,"Stickers, pins, & magnets",2026-02-05,10.5,Sioux Falls,SD,"Sioux Falls, SD",209 South Phillips Avenue,,57104.0,United States,"209 South Phillips Avenue, Sioux Falls, SD 57104.0, United States",SU8R5P942S,Delivered,6.0,1.75,4.75
Zandbroz Variety,Caring About People Is Not Political Button,Caring About People Is Not Political Button,"Stickers, pins, & magnets",2026-02-05,6.0,Sioux Falls,SD,"Sioux Falls, SD",209 South Phillips Avenue,,57104.0,United States,"209 South Phillips Avenue, Sioux Falls, SD 57104.0, United States",SU8R5P942S,Delivered,6.0,1.0,2.75
Zandbroz Variety,Build This Wall Sticker,Build This Wall Sticker,"Stickers, pins, & magnets",2026-02-05,10.5,Sioux Falls,SD,"Sioux Falls, SD",209 South Phillips Avenue,,57104.0,United States,"209 South Phillips Avenue, Sioux Falls, SD 57104.0, United States",SU8R5P942S,Delivered,6.0,1.75,4.75
Zandbroz Variety,Regulate Dick Not Jane Button,Regulate Dick Not Jane Button,"Stickers, pins, & magnets",2026-02-05,7.5,Sioux Falls,SD,"Sioux Falls, SD",209 South Phillips Avenue,,57104.0,United States,"209 South Phillips Avenue, Sioux Falls, SD 57104.0, United States",SU8R5P942S,Delivered,6.0,1.25,2.75
Zandbroz Variety,If Explosive Diarrhea Was A Person Glitter Sticker,If Explosive Diarrhea Was A Person Glitter Sticker,"Stickers, pins, & magnets",2026-02-05,21.0,Sioux Falls,SD,"Sioux Falls, SD",209 South Phillips Avenue,,57104.0,United States,"209 South Phillips Avenue, Sioux Falls, SD 57104.0, United States",SU8R5P942S,Delivered,12.0,1.75,4.75
Zandbroz Variety,Pickle Slut Pen,Pickle Slut Pen,Stationery & writing,2026-02-05,10.2,Sioux Falls,SD,"Sioux Falls, SD",209 South Phillips Avenue,,57104.0,United States,"209 South Phillips Avenue, Sioux Falls, SD 57104.0, United States",SU8R5P942S,Delivered,12.0,0.85,2.75
Zandbroz Variety,For The Fuckteenth Time Pen,For The Fuckteenth Time Pen,Stationery & writing,2026-02-05,10.2,Sioux Falls,SD,"Sioux Falls, SD",209 South Phillips Avenue,,57104.0,United States,"209 South Phillips Avenue, Sioux Falls, SD 57104.0, United States",SU8R5P942S,Delivered,12.0,0.85,2.75
Zandbroz Variety,Currently Dissociating Pen,Currently Dissociating Pen,Stationery & writing,2026-02-05,10.2,Sioux Falls,SD,"Sioux Falls, SD",209 South Phillips Avenue,,57104.0,United States,"209 South Phillips Avenue, Sioux Falls, SD 57104.0, United States",SU8R5P942S,Delivered,12.0,0.85,2.75
Zandbroz Variety,I May Be Wrong But I Doubt It Pen,I May Be Wrong But I Doubt It Pen,Stationery & writing,2026-02-05,10.2,Sioux Falls,SD,"Sioux Falls, SD",209 South Phillips Avenue,,57104.0,United States,"209 South Phillips Avenue, Sioux Falls, SD 57104.0, United States",SU8R5P942S,Delivered,12.0,0.85,2.75
Zandbroz Variety,"Sorry I Was Rude, It Was Probably Your Fault Pen","Sorry I Was Rude, It Was Probably Your Fault Pen",Stationery & writing,2026-02-05,10.2,Sioux Falls,SD,"Sioux Falls, SD",209 South Phillips Avenue,,57104.0,United States,"209 South Phillips Avenue, Sioux Falls, SD 57104.0, United States",SU8R5P942S,Delivered,12.0,0.85,2.75
The Record Exchange,This Place Sucks. I'm Outta Here. Tote Bag,This Place Sucks. I'm Outta Here. Tote Bag,"Stickers, pins, & magnets",2026-02-04,30.0,Boise,ID,"Boise, ID",1105 West Idaho Street,,83702.0,United States,"1105 West Idaho Street, Boise, ID 83702.0, United States",P274XJDJF5,Delivered,3.0,10.0,20.0
The Record Exchange,America Was Built By Immigrants Sticker,America Was Built By Immigrants Sticker,"Stickers, pins, & magnets",2026-02-04,15.75,Boise,ID,"Boise, ID",1105 West Idaho Street,,83702.0,United States,"1105 West Idaho Street, Boise, ID 83702.0, United States",P274XJDJF5,Delivered,9.0,1.75,4.75
The Record Exchange,Resist Sticker,Resist Sticker,"Stickers, pins, & magnets",2026-02-04,15.75,Boise,ID,"Boise, ID",1105 West Idaho Street,,83702.0,United States,"1105 West Idaho Street, Boise, ID 83702.0, United States",P274XJDJF5,Delivered,9.0,1.75,4.75
The Record Exchange,Burn The Patriarchy Sticker,Burn The Patriarchy Sticker,"Stickers, pins, & magnets",2026-02-04,15.75,Boise,ID,"Boise, ID",1105 West Idaho Street,,83702.0,United States,"1105 West Idaho Street, Boise, ID 83702.0, United States",P274XJDJF5,Delivered,9.0,1.75,4.75
The Record Exchange,Community Is Resistance Sticker,Community Is Resistance Sticker,"Stickers, pins, & magnets",2026-02-04,15.75,Boise,ID,"Boise, ID",1105 West Idaho Street,,83702.0,United States,"1105 West Idaho Street, Boise, ID 83702.0, United States",P274XJDJF5,Delivered,9.0,1.75,4.75
The Record Exchange,Awake But At What Cost Sticker,Awake But At What Cost Sticker,"Stickers, pins, & magnets",2026-02-04,10.5,Boise,ID,"Boise, ID",1105 West Idaho Street,,83702.0,United States,"1105 West Idaho Street, Boise, ID 83702.0, United States",P274XJDJF5,Delivered,6.0,1.75,4.75
The Record Exchange,Dumpster Fire Response Team Button,Dumpster Fire Response Team Button,"Stickers, pins, & magnets",2026-02-04,4.0,Boise,ID,"Boise, ID",1105 West Idaho Street,,83702.0,United States,"1105 West Idaho Street, Boise, ID 83702.0, United States",P274XJDJF5,Delivered,4.0,1.0,3.0
The Record Exchange,Spooky Liberal Feminist Witch Sticker,Spooky Liberal Feminist Witch Sticker,"Stickers, pins, & magnets",2026-02-04,10.5,Boise,ID,"Boise, ID",1105 West Idaho Street,,83702.0,United States,"1105 West Idaho Street, Boise, ID 83702.0, United States",P274XJDJF5,Delivered,6.0,1.75,4.75
The Record Exchange,"Anyway, Here's Wonderwall Sticker","Anyway, Here's Wonderwall Sticker","Stickers, pins, & magnets",2026-02-04,10.5,Boise,ID,"Boise, ID",1105 West Idaho Street,,83702.0,United States,"1105 West Idaho Street, Boise, ID 83702.0, United States",P274XJDJF5,Delivered,6.0,1.75,4.75
The Record Exchange,Justifiably Furious Tote Bag,Justifiably Furious Tote Bag,"Stickers, pins, & magnets",2026-02-04,30.0,Boise,ID,"Boise, ID",1105 West Idaho Street,,83702.0,United States,"1105 West Idaho Street, Boise, ID 83702.0, United States",P274XJDJF5,Delivered,3.0,10.0,20.0
The Record Exchange,Dream Job? I Do Not Dream Of Labor Glitter Sticker,Dream Job? I Do Not Dream Of Labor Glitter Sticker,"Stickers, pins, & magnets",2026-02-04,10.5,Boise,ID,"Boise, ID",1105 West Idaho Street,,83702.0,United States,"1105 West Idaho Street, Boise, ID 83702.0, United States",P274XJDJF5,Delivered,6.0,1.75,4.75
The Record Exchange,Radical Left Scum Sticker,Radical Left Scum Sticker,"Stickers, pins, & magnets",2026-02-04,10.5,Boise,ID,"Boise, ID",1105 West Idaho Street,,83702.0,United States,"1105 West Idaho Street, Boise, ID 83702.0, United States",P274XJDJF5,Delivered,6.0,1.75,4.75
The Record Exchange,The Hell I Won't Tote Bag,The Hell I Won't Tote Bag,"Stickers, pins, & magnets",2026-02-04,30.0,Boise,ID,"Boise, ID",1105 West Idaho Street,,83702.0,United States,"1105 West Idaho Street, Boise, ID 83702.0, United States",P274XJDJF5,Delivered,3.0,10.0,20.0
The Record Exchange,The Many Faces Of Cats Tote Bag,The Many Faces Of Cats Tote Bag,"Stickers, pins, & magnets",2026-02-04,30.0,Boise,ID,"Boise, ID",1105 West Idaho Street,,83702.0,United States,"1105 West Idaho Street, Boise, ID 83702.0, United States",P274XJDJF5,Delivered,3.0,10.0,20.0
Karma Records of Warsaw,Daily Shitstorm Survivors Club Button,Daily Shitstorm Survivors Club Button,"Stickers, pins, & magnets",2026-02-04,3.0,Warsaw,IN,"Warsaw, IN",919 E WINONA AVE,Suite 1,46580.0,United States,"919 E WINONA AVE, Suite 1, Warsaw, IN 46580.0, United States",PQFV2KQ562,Delivered,3.0,1.0,2.75
Karma Records of Warsaw,What's More Punk Than The Public Library Button,What's More Punk Than The Public Library Button,"Stickers, pins, & magnets",2026-02-04,3.0,Warsaw,IN,"Warsaw, IN",919 E WINONA AVE,Suite 1,46580.0,United States,"919 E WINONA AVE, Suite 1, Warsaw, IN 46580.0, United States",PQFV2KQ562,Delivered,3.0,1.0,2.75
Karma Records of Warsaw,Publicly Shame Racists Button,Publicly Shame Racists Button,"Stickers, pins, & magnets",2026-02-04,3.75,Warsaw,IN,"Warsaw, IN",919 E WINONA AVE,Suite 1,46580.0,United States,"919 E WINONA AVE, Suite 1, Warsaw, IN 46580.0, United States",PQFV2KQ562,Delivered,3.0,1.25,2.75
Karma Records of Warsaw,Radicalized By Basic Decency Button,Radicalized By Basic Decency Button,"Stickers, pins, & magnets",2026-02-04,3.75,Warsaw,IN,"Warsaw, IN",919 E WINONA AVE,Suite 1,46580.0,United States,"919 E WINONA AVE, Suite 1, Warsaw, IN 46580.0, United States",PQFV2KQ562,Delivered,3.0,1.25,2.5
Karma Records of Warsaw,Burn The Patriarchy Sticker,Burn The Patriarchy Sticker,"Stickers, pins, & magnets",2026-02-04,10.5,Warsaw,IN,"Warsaw, IN",919 E WINONA AVE,Suite 1,46580.0,United States,"919 E WINONA AVE, Suite 1, Warsaw, IN 46580.0, United States",PQFV2KQ562,Delivered,6.0,1.75,4.75
Karma Records of Warsaw,I Didn't Survive A Pandemic For This Shit Glitter Sticker,I Didn't Survive A Pandemic For This Shit Glitter Sticker,"Stickers, pins, & magnets",2026-02-04,10.5,Warsaw,IN,"Warsaw, IN",919 E WINONA AVE,Suite 1,46580.0,United States,"919 E WINONA AVE, Suite 1, Warsaw, IN 46580.0, United States",PQFV2KQ562,Delivered,6.0,1.75,4.75
Karma Records of Warsaw,If You Support Fascism We Can't Be Friends Glitter Sticker,If You Support Fascism We Can't Be Friends Glitter Sticker,"Stickers, pins, & magnets",2026-02-04,10.5,Warsaw,IN,"Warsaw, IN",919 E WINONA AVE,Suite 1,46580.0,United States,"919 E WINONA AVE, Suite 1, Warsaw, IN 46580.0, United States",PQFV2KQ562,Delivered,6.0,1.75,4.75
Karma Records of Warsaw,Big Fan Of Human Rights Holographic Sticker,Big Fan Of Human Rights Holographic Sticker,"Stickers, pins, & magnets",2026-02-04,10.5,Warsaw,IN,"Warsaw, IN",919 E WINONA AVE,Suite 1,46580.0,United States,"919 E WINONA AVE, Suite 1, Warsaw, IN 46580.0, United States",PQFV2KQ562,Delivered,6.0,1.75,4.75
Karma Records of Warsaw,Compost The Patriarchy Sticker,Compost The Patriarchy Sticker,"Stickers, pins, & magnets",2026-02-04,10.5,Warsaw,IN,"Warsaw, IN",919 E WINONA AVE,Suite 1,46580.0,United States,"919 E WINONA AVE, Suite 1, Warsaw, IN 46580.0, United States",PQFV2KQ562,Delivered,6.0,1.75,4.75
Karma Records of Warsaw,The Only Minority Destroying This Country Are The Billionaires Sticker,The Only Minority Destroying This Country Are The Billionaires Sticker,"Stickers, pins, & magnets",2026-02-04,10.5,Warsaw,IN,"Warsaw, IN",919 E WINONA AVE,Suite 1,46580.0,United States,"919 E WINONA AVE, Suite 1, Warsaw, IN 46580.0, United States",PQFV2KQ562,Delivered,6.0,1.75,4.75
Karma Records of Warsaw,Fight Oligarchy Sticker,Fight Oligarchy Sticker,"Stickers, pins, & magnets",2026-02-04,10.5,Warsaw,IN,"Warsaw, IN",919 E WINONA AVE,Suite 1,46580.0,United States,"919 E WINONA AVE, Suite 1, Warsaw, IN 46580.0, United States",PQFV2KQ562,Delivered,6.0,1.75,4.75
Karma Records of Warsaw,Fuck Ice Holographic Sticker,Fuck Ice Holographic Sticker,"Stickers, pins, & magnets",2026-02-04,10.5,Warsaw,IN,"Warsaw, IN",919 E WINONA AVE,Suite 1,46580.0,United States,"919 E WINONA AVE, Suite 1, Warsaw, IN 46580.0, United States",PQFV2KQ562,Delivered,6.0,1.75,4.75
Karma Records of Warsaw,Only You Can Prevent Fascism Sticker,Only You Can Prevent Fascism Sticker,"Stickers, pins, & magnets",2026-02-04,10.5,Warsaw,IN,"Warsaw, IN",919 E WINONA AVE,Suite 1,46580.0,United States,"919 E WINONA AVE, Suite 1, Warsaw, IN 46580.0, United States",PQFV2KQ562,Delivered,6.0,1.75,4.75
Karma Records of Warsaw,You Just Got Passed By 3 Raccoons In A Trench Coat Bumper Sticker,You Just Got Passed By 3 Raccoons In A Trench Coat Bumper Sticker,"Stickers, pins, & magnets",2026-02-04,10.5,Warsaw,IN,"Warsaw, IN",919 E WINONA AVE,Suite 1,46580.0,United States,"919 E WINONA AVE, Suite 1, Warsaw, IN 46580.0, United States",PQFV2KQ562,Delivered,3.0,3.5,9.0
Karma Records of Warsaw,Fueled By Tender Rage Sticker,Fueled By Tender Rage Sticker,"Stickers, pins, & magnets",2026-02-04,10.5,Warsaw,IN,"Warsaw, IN",919 E WINONA AVE,Suite 1,46580.0,United States,"919 E WINONA AVE, Suite 1, Warsaw, IN 46580.0, United States",PQFV2KQ562,Delivered,6.0,1.75,4.75
Karma Records of Warsaw,Slut For Farmer's Market Glitter Sticker,Slut For Farmer's Market Glitter Sticker,"Stickers, pins, & magnets",2026-02-04,10.5,Warsaw,IN,"Warsaw, IN",919 E WINONA AVE,Suite 1,46580.0,United States,"919 E WINONA AVE, Suite 1, Warsaw, IN 46580.0, United States",PQFV2KQ562,Delivered,6.0,1.75,4.75
Karma Records of Warsaw,The Hell I Won't Sticker,The Hell I Won't Sticker,"Stickers, pins, & magnets",2026-02-04,10.5,Warsaw,IN,"Warsaw, IN",919 E WINONA AVE,Suite 1,46580.0,United States,"919 E WINONA AVE, Suite 1, Warsaw, IN 46580.0, United States",PQFV2KQ562,Delivered,6.0,1.75,4.75
Karma Records of Warsaw,When Cruelty Becomes Normal Compassion Looks Radical Sticker,When Cruelty Becomes Normal Compassion Looks Radical Sticker,"Stickers, pins, & magnets",2026-02-04,10.5,Warsaw,IN,"Warsaw, IN",919 E WINONA AVE,Suite 1,46580.0,United States,"919 E WINONA AVE, Suite 1, Warsaw, IN 46580.0, United States",PQFV2KQ562,Delivered,6.0,1.75,4.75
Edmonds Bowl Ace Hardware,I May Be Wrong But I Doubt It Pen,I May Be Wrong But I Doubt It Pen,Stationery & writing,2026-02-03,17.0,Edmonds,WA,"Edmonds, WA",550 5th Avenue South,,98020.0,United States,"550 5th Avenue South, Edmonds, WA 98020.0, United States",6RUTJG83GN,Delivered,20.0,0.85,2.75
Edmonds Bowl Ace Hardware,"Sorry I Was Rude, It Was Probably Your Fault Pen","Sorry I Was Rude, It Was Probably Your Fault Pen",Stationery & writing,2026-02-03,17.0,Edmonds,WA,"Edmonds, WA",550 5th Avenue South,,98020.0,United States,"550 5th Avenue South, Edmonds, WA 98020.0, United States",6RUTJG83GN,Delivered,20.0,0.85,2.75
Edmonds Bowl Ace Hardware,Have The Day You Voted For Button,Have The Day You Voted For Button,"Stickers, pins, & magnets",2026-02-03,20.0,Edmonds,WA,"Edmonds, WA",550 5th Avenue South,,98020.0,United States,"550 5th Avenue South, Edmonds, WA 98020.0, United States",6RUTJG83GN,Delivered,20.0,1.0,2.75
Edmonds Bowl Ace Hardware,Please Hesitate To Reach Out To Me Sticker (2 colors available),Please Hesitate To Reach Out To Me Sticker (2 colors available),"Stickers, pins, & magnets",2026-02-03,17.5,Edmonds,WA,"Edmonds, WA",550 5th Avenue South,,98020.0,United States,"550 5th Avenue South, Edmonds, WA 98020.0, United States",6RUTJG83GN,Delivered,10.0,1.75,4.75
Edmonds Bowl Ace Hardware,"Do You Have Any Fucks? Not Even One, Girl. Go Fish. Sticker","Do You Have Any Fucks? Not Even One, Girl. Go Fish. Sticker","Stickers, pins, & magnets",2026-02-03,17.5,Edmonds,WA,"Edmonds, WA",550 5th Avenue South,,98020.0,United States,"550 5th Avenue South, Edmonds, WA 98020.0, United States",6RUTJG83GN,Delivered,10.0,1.75,4.75
Edmonds Bowl Ace Hardware,Awake But At What Cost Sticker,Awake But At What Cost Sticker,"Stickers, pins, & magnets",2026-02-03,10.5,Edmonds,WA,"Edmonds, WA",550 5th Avenue South,,98020.0,United States,"550 5th Avenue South, Edmonds, WA 98020.0, United States",6RUTJG83GN,Delivered,6.0,1.75,4.75
Edmonds Bowl Ace Hardware,Fuck Ice Holographic Sticker,Fuck Ice Holographic Sticker,"Stickers, pins, & magnets",2026-02-03,10.5,Edmonds,WA,"Edmonds, WA",550 5th Avenue South,,98020.0,United States,"550 5th Avenue South, Edmonds, WA 98020.0, United States",6RUTJG83GN,Delivered,6.0,1.75,4.75
Edmonds Bowl Ace Hardware,Please Don't Hit Me IDK How Insurance Works Bumper Sticker,Please Don't Hit Me IDK How Insurance Works Bumper Sticker,"Stickers, pins, & magnets",2026-02-03,50.0,Edmonds,WA,"Edmonds, WA",550 5th Avenue South,,98020.0,United States,"550 5th Avenue South, Edmonds, WA 98020.0, United States",6RUTJG83GN,Delivered,20.0,2.5,7.25
Edmonds Bowl Ace Hardware,I've Heard Enough From Old White Men Button,I've Heard Enough From Old White Men Button,"Stickers, pins, & magnets",2026-02-03,7.0,Edmonds,WA,"Edmonds, WA",550 5th Avenue South,,98020.0,United States,"550 5th Avenue South, Edmonds, WA 98020.0, United States",6RUTJG83GN,Delivered,7.0,1.0,2.75
Edmonds Bowl Ace Hardware,Radicalized By Basic Decency Button,Radicalized By Basic Decency Button,"Stickers, pins, & magnets",2026-02-03,12.5,Edmonds,WA,"Edmonds, WA",550 5th Avenue South,,98020.0,United States,"550 5th Avenue South, Edmonds, WA 98020.0, United States",6RUTJG83GN,Delivered,10.0,1.25,2.5
Edmonds Bowl Ace Hardware,Sorry I Can't Go I'm An Indoor Cat Glitter Sticker,Sorry I Can't Go I'm An Indoor Cat Glitter Sticker,"Stickers, pins, & magnets",2026-02-03,10.5,Edmonds,WA,"Edmonds, WA",550 5th Avenue South,,98020.0,United States,"550 5th Avenue South, Edmonds, WA 98020.0, United States",6RUTJG83GN,Delivered,6.0,1.75,4.75
Edmonds Bowl Ace Hardware,Educate Your Son Sticker,Educate Your Son Sticker,"Stickers, pins, & magnets",2026-02-03,10.5,Edmonds,WA,"Edmonds, WA",550 5th Avenue South,,98020.0,United States,"550 5th Avenue South, Edmonds, WA 98020.0, United States",6RUTJG83GN,Delivered,6.0,1.75,4.75
Edmonds Bowl Ace Hardware,Emotional Support Co-Worker Sticker,Emotional Support Co-Worker Sticker,"Stickers, pins, & magnets",2026-02-03,10.5,Edmonds,WA,"Edmonds, WA",550 5th Avenue South,,98020.0,United States,"550 5th Avenue South, Edmonds, WA 98020.0, United States",6RUTJG83GN,Delivered,6.0,1.75,4.75
Edmonds Bowl Ace Hardware,Have The Day You Voted For Tote Bag,Have The Day You Voted For Tote Bag,"Stickers, pins, & magnets",2026-02-03,30.0,Edmonds,WA,"Edmonds, WA",550 5th Avenue South,,98020.0,United States,"550 5th Avenue South, Edmonds, WA 98020.0, United States",6RUTJG83GN,Delivered,3.0,10.0,20.0
Edmonds Bowl Ace Hardware,Do You Have Any Fucks? Not Even One Girl. Go Fish Tote Bag,Do You Have Any Fucks? Not Even One Girl. Go Fish Tote Bag,"Stickers, pins, & magnets",2026-02-03,30.0,Edmonds,WA,"Edmonds, WA",550 5th Avenue South,,98020.0,United States,"550 5th Avenue South, Edmonds, WA 98020.0, United States",6RUTJG83GN,Delivered,3.0,10.0,20.0
Edmonds Bowl Ace Hardware,Publicly Shame Racists Button,Publicly Shame Racists Button,"Stickers, pins, & magnets",2026-02-03,6.25,Edmonds,WA,"Edmonds, WA",550 5th Avenue South,,98020.0,United States,"550 5th Avenue South, Edmonds, WA 98020.0, United States",6RUTJG83GN,Delivered,5.0,1.25,2.75
Edmonds Bowl Ace Hardware,Big Fan of Human Rights Button,Big Fan of Human Rights Button,"Stickers, pins, & magnets",2026-02-03,15.0,Edmonds,WA,"Edmonds, WA",550 5th Avenue South,,98020.0,United States,"550 5th Avenue South, Edmonds, WA 98020.0, United States",6RUTJG83GN,Delivered,10.0,1.5,3.0
Edmonds Bowl Ace Hardware,I Took My Medication To Be Here Button,I Took My Medication To Be Here Button,"Stickers, pins, & magnets",2026-02-03,5.0,Edmonds,WA,"Edmonds, WA",550 5th Avenue South,,98020.0,United States,"550 5th Avenue South, Edmonds, WA 98020.0, United States",6RUTJG83GN,Delivered,5.0,1.0,2.75
Edmonds Bowl Ace Hardware,"I May Be Wrong, But I Doubt It Keychain","I May Be Wrong, But I Doubt It Keychain","Stickers, pins, & magnets",2026-02-03,22.5,Edmonds,WA,"Edmonds, WA",550 5th Avenue South,,98020.0,United States,"550 5th Avenue South, Edmonds, WA 98020.0, United States",6RUTJG83GN,Delivered,5.0,4.5,10.0
Edmonds Bowl Ace Hardware,I May Be Wrong But I Doubt It Button,I May Be Wrong But I Doubt It Button,"Stickers, pins, & magnets",2026-02-03,9.0,Edmonds,WA,"Edmonds, WA",550 5th Avenue South,,98020.0,United States,"550 5th Avenue South, Edmonds, WA 98020.0, United States",6RUTJG83GN,Delivered,9.0,1.0,2.75
Edmonds Bowl Ace Hardware,Surprise Mini Troll,Surprise Mini Troll,"Stickers, pins, & magnets",2026-02-03,15.0,Edmonds,WA,"Edmonds, WA",550 5th Avenue South,,98020.0,United States,"550 5th Avenue South, Edmonds, WA 98020.0, United States",6RUTJG83GN,Delivered,25.0,0.6,1.5
Edmonds Bowl Ace Hardware,Currently Dissociating Pen,Currently Dissociating Pen,Stationery & writing,2026-02-03,17.0,Edmonds,WA,"Edmonds, WA",550 5th Avenue South,,98020.0,United States,"550 5th Avenue South, Edmonds, WA 98020.0, United States",6RUTJG83GN,Delivered,20.0,0.85,2.75
Edmonds Bowl Ace Hardware,Dumpster Fire Response Team Member Pen,Dumpster Fire Response Team Member Pen,Stationery & writing,2026-02-03,17.0,Edmonds,WA,"Edmonds, WA",550 5th Avenue South,,98020.0,United States,"550 5th Avenue South, Edmonds, WA 98020.0, United States",6RUTJG83GN,Delivered,20.0,0.85,2.75
Edmonds Bowl Ace Hardware,Disappointed But Not Surprised Pen,Disappointed But Not Surprised Pen,Stationery & writing,2026-02-03,13.6,Edmonds,WA,"Edmonds, WA",550 5th Avenue South,,98020.0,United States,"550 5th Avenue South, Edmonds, WA 98020.0, United States",6RUTJG83GN,Delivered,16.0,0.85,2.75
Token 249,Pathetic Sticker,Pathetic Sticker,"Stickers, pins, & magnets",2026-02-02,10.5,Easton,PA,"Easton, PA",249 Northampton Street,,18042.0,United States,"249 Northampton Street, Easton, PA 18042.0, United States",8KKNUYSW2S,Delivered,6.0,1.75,4.75
Token 249,Fuck Ice Holographic Sticker,Fuck Ice Holographic Sticker,"Stickers, pins, & magnets",2026-02-02,10.5,Easton,PA,"Easton, PA",249 Northampton Street,,18042.0,United States,"249 Northampton Street, Easton, PA 18042.0, United States",8KKNUYSW2S,Delivered,6.0,1.75,4.75
Token 249,Radicalized By Basic Decency Floral Tote Bag,Radicalized By Basic Decency Floral Tote Bag,"Stickers, pins, & magnets",2026-02-02,30.0,Easton,PA,"Easton, PA",249 Northampton Street,,18042.0,United States,"249 Northampton Street, Easton, PA 18042.0, United States",8KKNUYSW2S,Delivered,3.0,10.0,20.0
Token 249,Big Fan Of Human Rights Tote Bag,Big Fan Of Human Rights Tote Bag,"Stickers, pins, & magnets",2026-02-02,30.0,Easton,PA,"Easton, PA",249 Northampton Street,,18042.0,United States,"249 Northampton Street, Easton, PA 18042.0, United States",8KKNUYSW2S,Delivered,3.0,10.0,20.0
Token 249,Dumpster Fire Response Team Member Pen,Dumpster Fire Response Team Member Pen,Stationery & writing,2026-02-02,10.2,Easton,PA,"Easton, PA",249 Northampton Street,,18042.0,United States,"249 Northampton Street, Easton, PA 18042.0, United States",8KKNUYSW2S,Delivered,12.0,0.85,2.75
Token 249,Surprise Mini Troll,Surprise Mini Troll,"Stickers, pins, & magnets",2026-02-02,14.4,Easton,PA,"Easton, PA",249 Northampton Street,,18042.0,United States,"249 Northampton Street, Easton, PA 18042.0, United States",8KKNUYSW2S,Delivered,24.0,0.6,1.5
Token 249,For The Fuckteenth Time Pen,For The Fuckteenth Time Pen,Stationery & writing,2026-02-02,10.2,Easton,PA,"Easton, PA",249 Northampton Street,,18042.0,United States,"249 Northampton Street, Easton, PA 18042.0, United States",8KKNUYSW2S,Delivered,12.0,0.85,2.75
Token 249,I'd Rather Be Bed Rotting Pen,I'd Rather Be Bed Rotting Pen,Stationery & writing,2026-02-02,10.2,Easton,PA,"Easton, PA",249 Northampton Street,,18042.0,United States,"249 Northampton Street, Easton, PA 18042.0, United States",8KKNUYSW2S,Delivered,12.0,0.85,2.75
Token 249,Radicalized By Basic Decency Floral Sticker,Radicalized By Basic Decency Floral Sticker,"Stickers, pins, & magnets",2026-02-02,10.5,Easton,PA,"Easton, PA",249 Northampton Street,,18042.0,United States,"249 Northampton Street, Easton, PA 18042.0, United States",8KKNUYSW2S,Delivered,6.0,1.75,4.75
Token 249,Girl Power Tote Bag,Girl Power Tote Bag,"Stickers, pins, & magnets",2026-02-02,30.0,Easton,PA,"Easton, PA",249 Northampton Street,,18042.0,United States,"249 Northampton Street, Easton, PA 18042.0, United States",8KKNUYSW2S,Delivered,3.0,10.0,20.0
Treasureology,"Do You Have Any Fucks? Not Even One, Girl. Go Fish. Sticker","Do You Have Any Fucks? Not Even One, Girl. Go Fish. Sticker","Stickers, pins, & magnets",2026-02-02,17.5,Mishawaka,IN,"Mishawaka, IN",56260 Pershing Street,,46545.0,United States,"56260 Pershing Street, Mishawaka, IN 46545.0, United States",9GR7DCU28U,Delivered,10.0,1.75,4.75
Treasureology,What's More Punk Than The Public Library Sticker,What's More Punk Than The Public Library Sticker,"Stickers, pins, & magnets",2026-02-02,10.5,Mishawaka,IN,"Mishawaka, IN",56260 Pershing Street,,46545.0,United States,"56260 Pershing Street, Mishawaka, IN 46545.0, United States",9GR7DCU28U,Delivered,6.0,1.75,4.75
Treasureology,No Human Is Illegal Glitter Sticker,No Human Is Illegal Glitter Sticker,"Stickers, pins, & magnets",2026-02-02,10.5,Mishawaka,IN,"Mishawaka, IN",56260 Pershing Street,,46545.0,United States,"56260 Pershing Street, Mishawaka, IN 46545.0, United States",9GR7DCU28U,Delivered,6.0,1.75,4.75
Treasureology,When Cruelty Becomes Normal Compassion Looks Radical Sticker,When Cruelty Becomes Normal Compassion Looks Radical Sticker,"Stickers, pins, & magnets",2026-02-02,17.5,Mishawaka,IN,"Mishawaka, IN",56260 Pershing Street,,46545.0,United States,"56260 Pershing Street, Mishawaka, IN 46545.0, United States",9GR7DCU28U,Delivered,10.0,1.75,4.75
Treasureology,Disappointments All Of You Sticker,Disappointments All Of You Sticker,"Stickers, pins, & magnets",2026-02-02,17.5,Mishawaka,IN,"Mishawaka, IN",56260 Pershing Street,,46545.0,United States,"56260 Pershing Street, Mishawaka, IN 46545.0, United States",9GR7DCU28U,Delivered,10.0,1.75,4.75
Treasureology,Shoutout To Everyone That Wanted To Read Their Book Today But Had To Adult Instead Glitter Sticker,Shoutout To Everyone That Wanted To Read Their Book Today But Had To Adult Instead Glitter Sticker,"Stickers, pins, & magnets",2026-02-02,10.5,Mishawaka,IN,"Mishawaka, IN",56260 Pershing Street,,46545.0,United States,"56260 Pershing Street, Mishawaka, IN 46545.0, United States",9GR7DCU28U,Delivered,6.0,1.75,4.75
Treasureology,Spooky Liberal Feminist Witch Sticker,Spooky Liberal Feminist Witch Sticker,"Stickers, pins, & magnets",2026-02-02,10.5,Mishawaka,IN,"Mishawaka, IN",56260 Pershing Street,,46545.0,United States,"56260 Pershing Street, Mishawaka, IN 46545.0, United States",9GR7DCU28U,Delivered,6.0,1.75,4.75
Treasureology,Are You Overthinking What I'm Overthinking Holographic Sticker,Are You Overthinking What I'm Overthinking Holographic Sticker,"Stickers, pins, & magnets",2026-02-02,10.5,Mishawaka,IN,"Mishawaka, IN",56260 Pershing Street,,46545.0,United States,"56260 Pershing Street, Mishawaka, IN 46545.0, United States",9GR7DCU28U,Delivered,6.0,1.75,4.75
Treasureology,Emotional Support Water Bottle (Blue) Sticker,Emotional Support Water Bottle (Blue) Sticker,"Stickers, pins, & magnets",2026-02-02,10.5,Mishawaka,IN,"Mishawaka, IN",56260 Pershing Street,,46545.0,United States,"56260 Pershing Street, Mishawaka, IN 46545.0, United States",9GR7DCU28U,Delivered,6.0,1.75,4.75
Treasureology,Radical Left Scum Sticker,Radical Left Scum Sticker,"Stickers, pins, & magnets",2026-02-02,17.5,Mishawaka,IN,"Mishawaka, IN",56260 Pershing Street,,46545.0,United States,"56260 Pershing Street, Mishawaka, IN 46545.0, United States",9GR7DCU28U,Delivered,10.0,1.75,4.75
Treasureology,Your Lack Of Empathy Is Not The Flex You Think It Is Glitter Sticker,Your Lack Of Empathy Is Not The Flex You Think It Is Glitter Sticker,"Stickers, pins, & magnets",2026-02-02,17.5,Mishawaka,IN,"Mishawaka, IN",56260 Pershing Street,,46545.0,United States,"56260 Pershing Street, Mishawaka, IN 46545.0, United States",9GR7DCU28U,Delivered,10.0,1.75,4.75
Treasureology,Fuck Ice Holographic Sticker,Fuck Ice Holographic Sticker,"Stickers, pins, & magnets",2026-02-02,17.5,Mishawaka,IN,"Mishawaka, IN",56260 Pershing Street,,46545.0,United States,"56260 Pershing Street, Mishawaka, IN 46545.0, United States",9GR7DCU28U,Delivered,10.0,1.75,4.75
Treasureology,America Was Built By Immigrants Sticker,America Was Built By Immigrants Sticker,"Stickers, pins, & magnets",2026-02-02,17.5,Mishawaka,IN,"Mishawaka, IN",56260 Pershing Street,,46545.0,United States,"56260 Pershing Street, Mishawaka, IN 46545.0, United States",9GR7DCU28U,Delivered,10.0,1.75,4.75
Treasureology,Be Brave Be Loud And Look Out For Others Sticker,Be Brave Be Loud And Look Out For Others Sticker,"Stickers, pins, & magnets",2026-02-02,17.5,Mishawaka,IN,"Mishawaka, IN",56260 Pershing Street,,46545.0,United States,"56260 Pershing Street, Mishawaka, IN 46545.0, United States",9GR7DCU28U,Delivered,10.0,1.75,4.75
Treasureology,Resist Sticker,Resist Sticker,"Stickers, pins, & magnets",2026-02-02,17.5,Mishawaka,IN,"Mishawaka, IN",56260 Pershing Street,,46545.0,United States,"56260 Pershing Street, Mishawaka, IN 46545.0, United States",9GR7DCU28U,Delivered,10.0,1.75,4.75
Treasureology,No One Is Illegal On Stolen Land Bumper Sticker,No One Is Illegal On Stolen Land Bumper Sticker,"Stickers, pins, & magnets",2026-02-02,30.0,Mishawaka,IN,"Mishawaka, IN",56260 Pershing Street,,46545.0,United States,"56260 Pershing Street, Mishawaka, IN 46545.0, United States",9GR7DCU28U,Delivered,8.0,3.75,9.0
Treasureology,Have The Day You Voted For Bumper Sticker (2 colors available),Have The Day You Voted For Bumper Sticker (2 colors available),"Stickers, pins, & magnets",2026-02-02,20.0,Mishawaka,IN,"Mishawaka, IN",56260 Pershing Street,,46545.0,United States,"56260 Pershing Street, Mishawaka, IN 46545.0, United States",9GR7DCU28U,Delivered,8.0,2.5,8.0
Treasureology,I Brake For Thrift Shops Bumper Sticker,I Brake For Thrift Shops Bumper Sticker,"Stickers, pins, & magnets",2026-02-02,21.0,Mishawaka,IN,"Mishawaka, IN",56260 Pershing Street,,46545.0,United States,"56260 Pershing Street, Mishawaka, IN 46545.0, United States",9GR7DCU28U,Delivered,6.0,3.5,9.0
Treasureology,"Pro Choice, Pro Love, Pro Science, Pro Women Sticker","Pro Choice, Pro Love, Pro Science, Pro Women Sticker","Stickers, pins, & magnets",2026-02-02,10.5,Mishawaka,IN,"Mishawaka, IN",56260 Pershing Street,,46545.0,United States,"56260 Pershing Street, Mishawaka, IN 46545.0, United States",9GR7DCU28U,Delivered,6.0,1.75,4.75
Treasureology,I Never Said That Jesus Sticker,I Never Said That Jesus Sticker,"Stickers, pins, & magnets",2026-02-02,10.5,Mishawaka,IN,"Mishawaka, IN",56260 Pershing Street,,46545.0,United States,"56260 Pershing Street, Mishawaka, IN 46545.0, United States",9GR7DCU28U,Delivered,6.0,1.75,4.75
Treasureology,Let's Be Better Humans Sticker,Let's Be Better Humans Sticker,"Stickers, pins, & magnets",2026-02-02,10.5,Mishawaka,IN,"Mishawaka, IN",56260 Pershing Street,,46545.0,United States,"56260 Pershing Street, Mishawaka, IN 46545.0, United States",9GR7DCU28U,Delivered,6.0,1.75,6.5
Treasureology,"I May Be Laid Back, But I Can Lean Forward Real Fucking Quick Glitter Sticker","I May Be Laid Back, But I Can Lean Forward Real Fucking Quick Glitter Sticker","Stickers, pins, & magnets",2026-02-02,10.5,Mishawaka,IN,"Mishawaka, IN",56260 Pershing Street,,46545.0,United States,"56260 Pershing Street, Mishawaka, IN 46545.0, United States",9GR7DCU28U,Delivered,6.0,1.75,4.75
Treasureology,You Just Got Passed By 3 Raccoons In A Trench Coat Bumper Sticker,You Just Got Passed By 3 Raccoons In A Trench Coat Bumper Sticker,"Stickers, pins, & magnets",2026-02-02,10.5,Mishawaka,IN,"Mishawaka, IN",56260 Pershing Street,,46545.0,United States,"56260 Pershing Street, Mishawaka, IN 46545.0, United States",9GR7DCU28U,Delivered,3.0,3.5,9.0
Treasureology,I'm No Gynecologist But I Know A Cunt When I See One Glitter Sticker,I'm No Gynecologist But I Know A Cunt When I See One Glitter Sticker,"Stickers, pins, & magnets",2026-02-02,10.5,Mishawaka,IN,"Mishawaka, IN",56260 Pershing Street,,46545.0,United States,"56260 Pershing Street, Mishawaka, IN 46545.0, United States",9GR7DCU28U,Delivered,6.0,1.75,4.75
Fish Wife Sweets,Build This Wall Sticker,Build This Wall Sticker,"Stickers, pins, & magnets",2026-02-01,10.5,Half Moon Bay,CA,"Half Moon Bay, CA",648 Myrtle Street,,94019.0,United States,"648 Myrtle Street, Half Moon Bay, CA 94019.0, United States",ZSM7SD5UZC,Delivered,6.0,1.75,4.75
Fish Wife Sweets,Big Fan Of Human Rights Holographic Sticker,Big Fan Of Human Rights Holographic Sticker,"Stickers, pins, & magnets",2026-02-01,10.5,Half Moon Bay,CA,"Half Moon Bay, CA",648 Myrtle Street,,94019.0,United States,"648 Myrtle Street, Half Moon Bay, CA 94019.0, United States",ZSM7SD5UZC,Delivered,6.0,1.75,4.75
Fish Wife Sweets,Some Of You Weren't Paying Attention In History Class And It Shows Pixie Glitter Sticker,Some Of You Weren't Paying Attention In History Class And It Shows Pixie Glitter Sticker,"Stickers, pins, & magnets",2026-02-01,10.5,Half Moon Bay,CA,"Half Moon Bay, CA",648 Myrtle Street,,94019.0,United States,"648 Myrtle Street, Half Moon Bay, CA 94019.0, United States",ZSM7SD5UZC,Delivered,6.0,1.75,4.75
Fish Wife Sweets,Policy & Change Sticker,Policy & Change Sticker,"Stickers, pins, & magnets",2026-02-01,10.5,Half Moon Bay,CA,"Half Moon Bay, CA",648 Myrtle Street,,94019.0,United States,"648 Myrtle Street, Half Moon Bay, CA 94019.0, United States",ZSM7SD5UZC,Delivered,6.0,1.75,4.75
Fish Wife Sweets,Resist Sticker,Resist Sticker,"Stickers, pins, & magnets",2026-02-01,10.5,Half Moon Bay,CA,"Half Moon Bay, CA",648 Myrtle Street,,94019.0,United States,"648 Myrtle Street, Half Moon Bay, CA 94019.0, United States",ZSM7SD5UZC,Delivered,6.0,1.75,4.75
Fish Wife Sweets,Just Be A Good Human Glitter Sticker,Just Be A Good Human Glitter Sticker,"Stickers, pins, & magnets",2026-02-01,10.5,Half Moon Bay,CA,"Half Moon Bay, CA",648 Myrtle Street,,94019.0,United States,"648 Myrtle Street, Half Moon Bay, CA 94019.0, United States",ZSM7SD5UZC,Delivered,6.0,1.75,4.75
Fish Wife Sweets,Fuck Ice Holographic Sticker,Fuck Ice Holographic Sticker,"Stickers, pins, & magnets",2026-02-01,10.5,Half Moon Bay,CA,"Half Moon Bay, CA",648 Myrtle Street,,94019.0,United States,"648 Myrtle Street, Half Moon Bay, CA 94019.0, United States",ZSM7SD5UZC,Delivered,6.0,1.75,4.75
Fish Wife Sweets,The Only Ice I Like Is The Ice That My Two Gay Boyfriends Skate Around On Sticker,The Only Ice I Like Is The Ice That My Two Gay Boyfriends Skate Around On Sticker,"Stickers, pins, & magnets",2026-02-01,10.5,Half Moon Bay,CA,"Half Moon Bay, CA",648 Myrtle Street,,94019.0,United States,"648 Myrtle Street, Half Moon Bay, CA 94019.0, United States",ZSM7SD5UZC,Delivered,6.0,1.75,4.75
Fish Wife Sweets,Diet Coke Slut Glitter Sticker,Diet Coke Slut Glitter Sticker,"Stickers, pins, & magnets",2026-02-01,10.5,Half Moon Bay,CA,"Half Moon Bay, CA",648 Myrtle Street,,94019.0,United States,"648 Myrtle Street, Half Moon Bay, CA 94019.0, United States",ZSM7SD5UZC,Delivered,6.0,1.75,4.75
Fish Wife Sweets,Radical Left Scum Sticker,Radical Left Scum Sticker,"Stickers, pins, & magnets",2026-02-01,10.5,Half Moon Bay,CA,"Half Moon Bay, CA",648 Myrtle Street,,94019.0,United States,"648 Myrtle Street, Half Moon Bay, CA 94019.0, United States",ZSM7SD5UZC,Delivered,6.0,1.75,4.75
Fish Wife Sweets,Stay Salty Melt Ice Tote Bag,Stay Salty Melt Ice Tote Bag,"Stickers, pins, & magnets",2026-02-01,30.0,Half Moon Bay,CA,"Half Moon Bay, CA",648 Myrtle Street,,94019.0,United States,"648 Myrtle Street, Half Moon Bay, CA 94019.0, United States",ZSM7SD5UZC,Delivered,3.0,10.0,20.0
Fish Wife Sweets,If Explosive Diarrhea Was A Person Glitter Sticker,If Explosive Diarrhea Was A Person Glitter Sticker,"Stickers, pins, & magnets",2026-02-01,10.5,Half Moon Bay,CA,"Half Moon Bay, CA",648 Myrtle Street,,94019.0,United States,"648 Myrtle Street, Half Moon Bay, CA 94019.0, United States",ZSM7SD5UZC,Delivered,6.0,1.75,4.75
Fish Wife Sweets,The Only Minority Destroying This Country Are The Billionaires Sticker,The Only Minority Destroying This Country Are The Billionaires Sticker,"Stickers, pins, & magnets",2026-02-01,10.5,Half Moon Bay,CA,"Half Moon Bay, CA",648 Myrtle Street,,94019.0,United States,"648 Myrtle Street, Half Moon Bay, CA 94019.0, United States",ZSM7SD5UZC,Delivered,6.0,1.75,4.75
Fish Wife Sweets,Spooky Liberal Feminist Witch Sticker,Spooky Liberal Feminist Witch Sticker,"Stickers, pins, & magnets",2026-02-01,10.5,Half Moon Bay,CA,"Half Moon Bay, CA",648 Myrtle Street,,94019.0,United States,"648 Myrtle Street, Half Moon Bay, CA 94019.0, United States",ZSM7SD5UZC,Delivered,6.0,1.75,4.75
Fish Wife Sweets,F*ck Them Boats Orca Sticker,F*ck Them Boats Orca Sticker,"Stickers, pins, & magnets",2026-02-01,10.5,Half Moon Bay,CA,"Half Moon Bay, CA",648 Myrtle Street,,94019.0,United States,"648 Myrtle Street, Half Moon Bay, CA 94019.0, United States",ZSM7SD5UZC,Delivered,6.0,1.75,4.25
Tandem Brick Gallery,It's A Good Day To Read Button,It's A Good Day To Read Button,"Stickers, pins, & magnets",2026-01-30,8.0,Des Moines,IA,"Des Moines, IA",2722 Ingersoll Ave.,,50312.0,United States,"2722 Ingersoll Ave., Des Moines, IA 50312.0, United States",2D4UHEAZ7F,Delivered,8.0,1.0,2.75
Tandem Brick Gallery,Love Thy Neighbor Abolish Ice Tote Bag,Love Thy Neighbor Abolish Ice Tote Bag,"Stickers, pins, & magnets",2026-01-30,30.0,Des Moines,IA,"Des Moines, IA",2722 Ingersoll Ave.,,50312.0,United States,"2722 Ingersoll Ave., Des Moines, IA 50312.0, United States",2D4UHEAZ7F,Delivered,3.0,10.0,20.0
Tandem Brick Gallery,You Did It Glitter Sticker,You Did It Glitter Sticker,"Stickers, pins, & magnets",2026-01-30,10.5,Des Moines,IA,"Des Moines, IA",2722 Ingersoll Ave.,,50312.0,United States,"2722 Ingersoll Ave., Des Moines, IA 50312.0, United States",2D4UHEAZ7F,Delivered,6.0,1.75,4.75
Tandem Brick Gallery,If Explosive Diarrhea Was A Person Magnet,If Explosive Diarrhea Was A Person Magnet,"Stickers, pins, & magnets",2026-01-30,15.0,Des Moines,IA,"Des Moines, IA",2722 Ingersoll Ave.,,50312.0,United States,"2722 Ingersoll Ave., Des Moines, IA 50312.0, United States",2D4UHEAZ7F,Delivered,6.0,2.5,6.5
Tandem Brick Gallery,When Cruelty Becomes Normal Compassion Looks Radical Sticker,When Cruelty Becomes Normal Compassion Looks Radical Sticker,"Stickers, pins, & magnets",2026-01-30,10.5,Des Moines,IA,"Des Moines, IA",2722 Ingersoll Ave.,,50312.0,United States,"2722 Ingersoll Ave., Des Moines, IA 50312.0, United States",2D4UHEAZ7F,Delivered,6.0,1.75,4.75
Tandem Brick Gallery,Caring About People Is Not Political Sticker,Caring About People Is Not Political Sticker,"Stickers, pins, & magnets",2026-01-30,10.5,Des Moines,IA,"Des Moines, IA",2722 Ingersoll Ave.,,50312.0,United States,"2722 Ingersoll Ave., Des Moines, IA 50312.0, United States",2D4UHEAZ7F,Delivered,6.0,1.75,4.75
Tandem Brick Gallery,I May Be Wrong But I Doubt It Pen,I May Be Wrong But I Doubt It Pen,Stationery & writing,2026-01-30,5.1,Des Moines,IA,"Des Moines, IA",2722 Ingersoll Ave.,,50312.0,United States,"2722 Ingersoll Ave., Des Moines, IA 50312.0, United States",2D4UHEAZ7F,Delivered,6.0,0.85,2.75
Tandem Brick Gallery,For The Fuckteenth Time Pen,For The Fuckteenth Time Pen,Stationery & writing,2026-01-30,5.1,Des Moines,IA,"Des Moines, IA",2722 Ingersoll Ave.,,50312.0,United States,"2722 Ingersoll Ave., Des Moines, IA 50312.0, United States",2D4UHEAZ7F,Delivered,6.0,0.85,2.75
Tandem Brick Gallery,Pickle Slut Pen,Pickle Slut Pen,Stationery & writing,2026-01-30,5.1,Des Moines,IA,"Des Moines, IA",2722 Ingersoll Ave.,,50312.0,United States,"2722 Ingersoll Ave., Des Moines, IA 50312.0, United States",2D4UHEAZ7F,Delivered,6.0,0.85,2.75
Tandem Brick Gallery,More Pride Less Prejudice Tote Bag,More Pride Less Prejudice Tote Bag,"Stickers, pins, & magnets",2026-01-30,30.0,Des Moines,IA,"Des Moines, IA",2722 Ingersoll Ave.,,50312.0,United States,"2722 Ingersoll Ave., Des Moines, IA 50312.0, United States",2D4UHEAZ7F,Delivered,3.0,10.0,20.0
Tandem Brick Gallery,America Was Built By Immigrants Sticker,America Was Built By Immigrants Sticker,"Stickers, pins, & magnets",2026-01-30,10.5,Des Moines,IA,"Des Moines, IA",2722 Ingersoll Ave.,,50312.0,United States,"2722 Ingersoll Ave., Des Moines, IA 50312.0, United States",2D4UHEAZ7F,Delivered,6.0,1.75,4.75
Tandem Brick Gallery,Literacy and Justice For All Sticker,Literacy and Justice For All Sticker,"Stickers, pins, & magnets",2026-01-30,10.5,Des Moines,IA,"Des Moines, IA",2722 Ingersoll Ave.,,50312.0,United States,"2722 Ingersoll Ave., Des Moines, IA 50312.0, United States",2D4UHEAZ7F,Delivered,6.0,1.75,4.75
Tandem Brick Gallery,Stay Salty Melt Ice Tote Bag,Stay Salty Melt Ice Tote Bag,"Stickers, pins, & magnets",2026-01-30,30.0,Des Moines,IA,"Des Moines, IA",2722 Ingersoll Ave.,,50312.0,United States,"2722 Ingersoll Ave., Des Moines, IA 50312.0, United States",2D4UHEAZ7F,Delivered,3.0,10.0,20.0
Becomingdiva @ the Hairitage Salon,Radicalized By Basic Decency Floral Sticker,Radicalized By Basic Decency Floral Sticker,"Stickers, pins, & magnets",2026-01-30,10.5,Paso Robles,CA,"Paso Robles, CA",1029 Nanette LN,,93446.0,United States,"1029 Nanette LN, Paso Robles, CA 93446.0, United States",XXFGV32Q2X,Delivered,6.0,1.75,4.75
Becomingdiva @ the Hairitage Salon,No One Is Illegal On Stolen Land Sticker,No One Is Illegal On Stolen Land Sticker,"Stickers, pins, & magnets",2026-01-30,10.5,Paso Robles,CA,"Paso Robles, CA",1029 Nanette LN,,93446.0,United States,"1029 Nanette LN, Paso Robles, CA 93446.0, United States",XXFGV32Q2X,Delivered,6.0,1.75,4.75
Becomingdiva @ the Hairitage Salon,Radicalized By Basic Decency Button,Radicalized By Basic Decency Button,"Stickers, pins, & magnets",2026-01-30,2.5,Paso Robles,CA,"Paso Robles, CA",1029 Nanette LN,,93446.0,United States,"1029 Nanette LN, Paso Robles, CA 93446.0, United States",XXFGV32Q2X,Delivered,2.0,1.25,2.5
Becomingdiva @ the Hairitage Salon,I've Heard Enough From Old White Men Button,I've Heard Enough From Old White Men Button,"Stickers, pins, & magnets",2026-01-30,2.0,Paso Robles,CA,"Paso Robles, CA",1029 Nanette LN,,93446.0,United States,"1029 Nanette LN, Paso Robles, CA 93446.0, United States",XXFGV32Q2X,Delivered,2.0,1.0,2.75
Becomingdiva @ the Hairitage Salon,"Hidden ""Fuck Trump"" Floral Pixie Glitter Sticker","Hidden ""Fuck Trump"" Floral Pixie Glitter Sticker","Stickers, pins, & magnets",2026-01-30,10.5,Paso Robles,CA,"Paso Robles, CA",1029 Nanette LN,,93446.0,United States,"1029 Nanette LN, Paso Robles, CA 93446.0, United States",XXFGV32Q2X,Delivered,6.0,1.75,4.75
Becomingdiva @ the Hairitage Salon,Caring About People Is Not Political Sticker,Caring About People Is Not Political Sticker,"Stickers, pins, & magnets",2026-01-30,10.5,Paso Robles,CA,"Paso Robles, CA",1029 Nanette LN,,93446.0,United States,"1029 Nanette LN, Paso Robles, CA 93446.0, United States",XXFGV32Q2X,Delivered,6.0,1.75,4.75
Becomingdiva @ the Hairitage Salon,America Was Built By Immigrants Sticker,America Was Built By Immigrants Sticker,"Stickers, pins, & magnets",2026-01-30,10.5,Paso Robles,CA,"Paso Robles, CA",1029 Nanette LN,,93446.0,United States,"1029 Nanette LN, Paso Robles, CA 93446.0, United States",XXFGV32Q2X,Delivered,6.0,1.75,4.75
Becomingdiva @ the Hairitage Salon,When Cruelty Becomes Normal Compassion Looks Radical Sticker,When Cruelty Becomes Normal Compassion Looks Radical Sticker,"Stickers, pins, & magnets",2026-01-30,10.5,Paso Robles,CA,"Paso Robles, CA",1029 Nanette LN,,93446.0,United States,"1029 Nanette LN, Paso Robles, CA 93446.0, United States",XXFGV32Q2X,Delivered,6.0,1.75,4.75
Becomingdiva @ the Hairitage Salon,Don't Hate Me Just Because I'm A Little Cooler Sticker,Don't Hate Me Just Because I'm A Little Cooler Sticker,"Stickers, pins, & magnets",2026-01-30,10.5,Paso Robles,CA,"Paso Robles, CA",1029 Nanette LN,,93446.0,United States,"1029 Nanette LN, Paso Robles, CA 93446.0, United States",XXFGV32Q2X,Delivered,6.0,1.75,4.75
Becomingdiva @ the Hairitage Salon,Keep The Immigrants Deport The Racists Sticker,Keep The Immigrants Deport The Racists Sticker,"Stickers, pins, & magnets",2026-01-30,10.5,Paso Robles,CA,"Paso Robles, CA",1029 Nanette LN,,93446.0,United States,"1029 Nanette LN, Paso Robles, CA 93446.0, United States",XXFGV32Q2X,Delivered,6.0,1.75,4.75
Becomingdiva @ the Hairitage Salon,The Road To Fascism Is Paved With The People That Told You To Stop Overreacting Holographic Sticker,The Road To Fascism Is Paved With The People That Told You To Stop Overreacting Holographic Sticker,"Stickers, pins, & magnets",2026-01-30,10.5,Paso Robles,CA,"Paso Robles, CA",1029 Nanette LN,,93446.0,United States,"1029 Nanette LN, Paso Robles, CA 93446.0, United States",XXFGV32Q2X,Delivered,6.0,1.75,4.75
Becomingdiva @ the Hairitage Salon,Proud Crybaby Glitter Sticker,Proud Crybaby Glitter Sticker,"Stickers, pins, & magnets",2026-01-30,10.5,Paso Robles,CA,"Paso Robles, CA",1029 Nanette LN,,93446.0,United States,"1029 Nanette LN, Paso Robles, CA 93446.0, United States",XXFGV32Q2X,Delivered,6.0,1.75,4.75
Becomingdiva @ the Hairitage Salon,I've Heard Enough From Old White Men Sticker,I've Heard Enough From Old White Men Sticker,"Stickers, pins, & magnets",2026-01-30,10.5,Paso Robles,CA,"Paso Robles, CA",1029 Nanette LN,,93446.0,United States,"1029 Nanette LN, Paso Robles, CA 93446.0, United States",XXFGV32Q2X,Delivered,6.0,1.75,4.75
Becomingdiva @ the Hairitage Salon,Regulate Dick Not Jane Button,Regulate Dick Not Jane Button,"Stickers, pins, & magnets",2026-01-30,2.5,Paso Robles,CA,"Paso Robles, CA",1029 Nanette LN,,93446.0,United States,"1029 Nanette LN, Paso Robles, CA 93446.0, United States",XXFGV32Q2X,Delivered,2.0,1.25,2.75
Becomingdiva @ the Hairitage Salon,Sad Girls Against The System Sticker,Sad Girls Against The System Sticker,"Stickers, pins, & magnets",2026-01-30,10.5,Paso Robles,CA,"Paso Robles, CA",1029 Nanette LN,,93446.0,United States,"1029 Nanette LN, Paso Robles, CA 93446.0, United States",XXFGV32Q2X,Delivered,6.0,1.75,4.75
Becomingdiva @ the Hairitage Salon,Publicly Shame Racists Button,Publicly Shame Racists Button,"Stickers, pins, & magnets",2026-01-30,2.5,Paso Robles,CA,"Paso Robles, CA",1029 Nanette LN,,93446.0,United States,"1029 Nanette LN, Paso Robles, CA 93446.0, United States",XXFGV32Q2X,Delivered,2.0,1.25,2.75
Julia’s Shoppe,Big Fan of Human Rights Button,Big Fan of Human Rights Button,"Stickers, pins, & magnets",2026-01-30,9.0,Richfield,UT,"Richfield, UT",25 North Main Street,,84701-2552,United States,"25 North Main Street, Richfield, UT 84701-2552, United States",B33G7T5ZTZ,Shipped,6.0,1.5,3.0
Julia’s Shoppe,Be Brave Be Loud And Look Out For Others Sticker,Be Brave Be Loud And Look Out For Others Sticker,"Stickers, pins, & magnets",2026-01-30,21.0,Richfield,UT,"Richfield, UT",25 North Main Street,,84701-2552,United States,"25 North Main Street, Richfield, UT 84701-2552, United States",B33G7T5ZTZ,Shipped,12.0,1.75,4.75
Julia’s Shoppe,Let's Be Better Humans Sticker,Let's Be Better Humans Sticker,"Stickers, pins, & magnets",2026-01-30,21.0,Richfield,UT,"Richfield, UT",25 North Main Street,,84701-2552,United States,"25 North Main Street, Richfield, UT 84701-2552, United States",B33G7T5ZTZ,Shipped,12.0,1.75,6.5
Julia’s Shoppe,Dumpster Fire Response Team Button,Dumpster Fire Response Team Button,"Stickers, pins, & magnets",2026-01-30,6.0,Richfield,UT,"Richfield, UT",25 North Main Street,,84701-2552,United States,"25 North Main Street, Richfield, UT 84701-2552, United States",B33G7T5ZTZ,Shipped,6.0,1.0,3.0
Julia’s Shoppe,Dumpster Fire Response Team Team Leader Sticker,Dumpster Fire Response Team Team Leader Sticker,"Stickers, pins, & magnets",2026-01-30,21.0,Richfield,UT,"Richfield, UT",25 North Main Street,,84701-2552,United States,"25 North Main Street, Richfield, UT 84701-2552, United States",B33G7T5ZTZ,Shipped,12.0,1.75,4.75
Julia’s Shoppe,Just Be A Good Human Glitter Sticker,Just Be A Good Human Glitter Sticker,"Stickers, pins, & magnets",2026-01-30,21.0,Richfield,UT,"Richfield, UT",25 North Main Street,,84701-2552,United States,"25 North Main Street, Richfield, UT 84701-2552, United States",B33G7T5ZTZ,Shipped,12.0,1.75,4.75
Julia’s Shoppe,Radicalized By Basic Decency Button,Radicalized By Basic Decency Button,"Stickers, pins, & magnets",2026-01-30,7.5,Richfield,UT,"Richfield, UT",25 North Main Street,,84701-2552,United States,"25 North Main Street, Richfield, UT 84701-2552, United States",B33G7T5ZTZ,Shipped,6.0,1.25,2.5
Julia’s Shoppe,Caring About People Is Not Political Sticker,Caring About People Is Not Political Sticker,"Stickers, pins, & magnets",2026-01-30,21.0,Richfield,UT,"Richfield, UT",25 North Main Street,,84701-2552,United States,"25 North Main Street, Richfield, UT 84701-2552, United States",B33G7T5ZTZ,Shipped,12.0,1.75,4.75
Charmers Cafe,Resist Sticker,Resist Sticker,"Stickers, pins, & magnets",2026-01-30,10.5,Chicago,IL,"Chicago, IL",1500 West Jarvis Avenue,,60626.0,United States,"1500 West Jarvis Avenue, Chicago, IL 60626.0, United States",RHZXSMQQ92,Delivered,6.0,1.75,4.75
Charmers Cafe,Smash The Oligarchy Sticker,Smash The Oligarchy Sticker,"Stickers, pins, & magnets",2026-01-30,10.5,Chicago,IL,"Chicago, IL",1500 West Jarvis Avenue,,60626.0,United States,"1500 West Jarvis Avenue, Chicago, IL 60626.0, United States",RHZXSMQQ92,Delivered,6.0,1.75,4.75
Charmers Cafe,Black Cat Middle Finger Sticker,Black Cat Middle Finger Sticker,"Stickers, pins, & magnets",2026-01-30,10.5,Chicago,IL,"Chicago, IL",1500 West Jarvis Avenue,,60626.0,United States,"1500 West Jarvis Avenue, Chicago, IL 60626.0, United States",RHZXSMQQ92,Delivered,6.0,1.75,4.75
Charmers Cafe,Carry Yourself With The Confidence Of A Mediocre White Man Sticker,Carry Yourself With The Confidence Of A Mediocre White Man Sticker,"Stickers, pins, & magnets",2026-01-30,10.5,Chicago,IL,"Chicago, IL",1500 West Jarvis Avenue,,60626.0,United States,"1500 West Jarvis Avenue, Chicago, IL 60626.0, United States",RHZXSMQQ92,Delivered,6.0,1.75,4.75
Charmers Cafe,The Only Ice I Like Is The Ice That My Two Gay Boyfriends Skate Around On Sticker,The Only Ice I Like Is The Ice That My Two Gay Boyfriends Skate Around On Sticker,"Stickers, pins, & magnets",2026-01-30,10.5,Chicago,IL,"Chicago, IL",1500 West Jarvis Avenue,,60626.0,United States,"1500 West Jarvis Avenue, Chicago, IL 60626.0, United States",RHZXSMQQ92,Delivered,6.0,1.75,4.75
Charmers Cafe,Lover Of Cancelled Plans Glitter Sticker,Lover Of Cancelled Plans Glitter Sticker,"Stickers, pins, & magnets",2026-01-30,10.5,Chicago,IL,"Chicago, IL",1500 West Jarvis Avenue,,60626.0,United States,"1500 West Jarvis Avenue, Chicago, IL 60626.0, United States",RHZXSMQQ92,Delivered,6.0,1.75,4.75
Charmers Cafe,Are You Overthinking What I'm Overthinking Holographic Sticker,Are You Overthinking What I'm Overthinking Holographic Sticker,"Stickers, pins, & magnets",2026-01-30,10.5,Chicago,IL,"Chicago, IL",1500 West Jarvis Avenue,,60626.0,United States,"1500 West Jarvis Avenue, Chicago, IL 60626.0, United States",RHZXSMQQ92,Delivered,6.0,1.75,4.75
Charmers Cafe,Girl Dinner Sticker (Glitter or White Available),Girl Dinner Sticker (Glitter or White Available),"Stickers, pins, & magnets",2026-01-30,10.5,Chicago,IL,"Chicago, IL",1500 West Jarvis Avenue,,60626.0,United States,"1500 West Jarvis Avenue, Chicago, IL 60626.0, United States",RHZXSMQQ92,Delivered,6.0,1.75,4.75
The Lady Jane Shop,Publicly Shame Racists Button,Publicly Shame Racists Button,"Stickers, pins, & magnets",2026-01-29,10.0,Harrisonburg,VA,"Harrisonburg, VA",117 South Main Street,,22801.0,United States,"117 South Main Street, Harrisonburg, VA 22801.0, United States",NJ8XZJ3D25,Delivered,8.0,1.25,2.75
The Lady Jane Shop,Community Is Resistance Sticker,Community Is Resistance Sticker,"Stickers, pins, & magnets",2026-01-29,14.0,Harrisonburg,VA,"Harrisonburg, VA",117 South Main Street,,22801.0,United States,"117 South Main Street, Harrisonburg, VA 22801.0, United States",NJ8XZJ3D25,Delivered,8.0,1.75,4.75
The Lady Jane Shop,Radicalized By Basic Decency Magnet,Radicalized By Basic Decency Magnet,"Stickers, pins, & magnets",2026-01-29,12.5,Harrisonburg,VA,"Harrisonburg, VA",117 South Main Street,,22801.0,United States,"117 South Main Street, Harrisonburg, VA 22801.0, United States",NJ8XZJ3D25,Delivered,5.0,2.5,6.5
The Lady Jane Shop,Radicalized By Basic Decency Button,Radicalized By Basic Decency Button,"Stickers, pins, & magnets",2026-01-29,15.0,Harrisonburg,VA,"Harrisonburg, VA",117 South Main Street,,22801.0,United States,"117 South Main Street, Harrisonburg, VA 22801.0, United States",NJ8XZJ3D25,Delivered,12.0,1.25,2.5
The Lady Jane Shop,Be Brave Be Loud And Look Out For Others Sticker,Be Brave Be Loud And Look Out For Others Sticker,"Stickers, pins, & magnets",2026-01-29,10.5,Harrisonburg,VA,"Harrisonburg, VA",117 South Main Street,,22801.0,United States,"117 South Main Street, Harrisonburg, VA 22801.0, United States",NJ8XZJ3D25,Delivered,6.0,1.75,4.75
The Lady Jane Shop,You've Just Buttered Your Last Biscuit Sticker,You've Just Buttered Your Last Biscuit Sticker,"Stickers, pins, & magnets",2026-01-29,10.5,Harrisonburg,VA,"Harrisonburg, VA",117 South Main Street,,22801.0,United States,"117 South Main Street, Harrisonburg, VA 22801.0, United States",NJ8XZJ3D25,Delivered,6.0,1.75,4.75
The Lady Jane Shop,"Do You Have Any Fucks? Not Even One, Girl. Go Fish. Sticker","Do You Have Any Fucks? Not Even One, Girl. Go Fish. Sticker","Stickers, pins, & magnets",2026-01-29,26.25,Harrisonburg,VA,"Harrisonburg, VA",117 South Main Street,,22801.0,United States,"117 South Main Street, Harrisonburg, VA 22801.0, United States",NJ8XZJ3D25,Delivered,15.0,1.75,4.75
The Lady Jane Shop,What's More Punk Than The Public Library Button,What's More Punk Than The Public Library Button,"Stickers, pins, & magnets",2026-01-29,12.0,Harrisonburg,VA,"Harrisonburg, VA",117 South Main Street,,22801.0,United States,"117 South Main Street, Harrisonburg, VA 22801.0, United States",NJ8XZJ3D25,Delivered,12.0,1.0,2.75
The Lady Jane Shop,What's More Punk Than The Public Library Sticker,What's More Punk Than The Public Library Sticker,"Stickers, pins, & magnets",2026-01-29,10.5,Harrisonburg,VA,"Harrisonburg, VA",117 South Main Street,,22801.0,United States,"117 South Main Street, Harrisonburg, VA 22801.0, United States",NJ8XZJ3D25,Delivered,6.0,1.75,4.75
The Lady Jane Shop,I Can't Go On..I Need A Snack Pls Glitter Sticker,I Can't Go On..I Need A Snack Pls Glitter Sticker,"Stickers, pins, & magnets",2026-01-29,10.5,Harrisonburg,VA,"Harrisonburg, VA",117 South Main Street,,22801.0,United States,"117 South Main Street, Harrisonburg, VA 22801.0, United States",NJ8XZJ3D25,Delivered,6.0,1.75,4.75
The Lady Jane Shop,Let's Be Better Humans Sticker,Let's Be Better Humans Sticker,"Stickers, pins, & magnets",2026-01-29,10.5,Harrisonburg,VA,"Harrisonburg, VA",117 South Main Street,,22801.0,United States,"117 South Main Street, Harrisonburg, VA 22801.0, United States",NJ8XZJ3D25,Delivered,6.0,1.75,6.5
The Lady Jane Shop,Caring About People Is Not Political Button,Caring About People Is Not Political Button,"Stickers, pins, & magnets",2026-01-29,10.0,Harrisonburg,VA,"Harrisonburg, VA",117 South Main Street,,22801.0,United States,"117 South Main Street, Harrisonburg, VA 22801.0, United States",NJ8XZJ3D25,Delivered,10.0,1.0,2.75
The Lady Jane Shop,Big Fan of Human Rights Button,Big Fan of Human Rights Button,"Stickers, pins, & magnets",2026-01-29,12.0,Harrisonburg,VA,"Harrisonburg, VA",117 South Main Street,,22801.0,United States,"117 South Main Street, Harrisonburg, VA 22801.0, United States",NJ8XZJ3D25,Delivered,8.0,1.5,3.0
The Lady Jane Shop,Awake But At What Cost Sticker,Awake But At What Cost Sticker,"Stickers, pins, & magnets",2026-01-29,10.5,Harrisonburg,VA,"Harrisonburg, VA",117 South Main Street,,22801.0,United States,"117 South Main Street, Harrisonburg, VA 22801.0, United States",NJ8XZJ3D25,Delivered,6.0,1.75,4.75
The Lady Jane Shop,Shoutout To Everyone That Wanted To Read Their Book Today But Had To Adult Instead Glitter Sticker,Shoutout To Everyone That Wanted To Read Their Book Today But Had To Adult Instead Glitter Sticker,"Stickers, pins, & magnets",2026-01-29,10.5,Harrisonburg,VA,"Harrisonburg, VA",117 South Main Street,,22801.0,United States,"117 South Main Street, Harrisonburg, VA 22801.0, United States",NJ8XZJ3D25,Delivered,6.0,1.75,4.75
The Lady Jane Shop,Just A Girl Who Loves Books Glitter Sticker,Just A Girl Who Loves Books Glitter Sticker,"Stickers, pins, & magnets",2026-01-29,17.5,Harrisonburg,VA,"Harrisonburg, VA",117 South Main Street,,22801.0,United States,"117 South Main Street, Harrisonburg, VA 22801.0, United States",NJ8XZJ3D25,Delivered,10.0,1.75,4.75
The Lady Jane Shop,Spooky Liberal Feminist Witch Sticker,Spooky Liberal Feminist Witch Sticker,"Stickers, pins, & magnets",2026-01-29,17.5,Harrisonburg,VA,"Harrisonburg, VA",117 South Main Street,,22801.0,United States,"117 South Main Street, Harrisonburg, VA 22801.0, United States",NJ8XZJ3D25,Delivered,10.0,1.75,4.75
The Lady Jane Shop,Radicalized By Basic Decency Floral Sticker,Radicalized By Basic Decency Floral Sticker,"Stickers, pins, & magnets",2026-01-29,26.25,Harrisonburg,VA,"Harrisonburg, VA",117 South Main Street,,22801.0,United States,"117 South Main Street, Harrisonburg, VA 22801.0, United States",NJ8XZJ3D25,Delivered,15.0,1.75,4.75
The Lady Jane Shop,Girl Dinner Sticker (Glitter or White Available),Girl Dinner Sticker (Glitter or White Available),"Stickers, pins, & magnets",2026-01-29,10.5,Harrisonburg,VA,"Harrisonburg, VA",117 South Main Street,,22801.0,United States,"117 South Main Street, Harrisonburg, VA 22801.0, United States",NJ8XZJ3D25,Delivered,6.0,1.75,4.75
Daughters Coffee & Books,"Sorry I Was Rude, It Was Probably Your Fault Pen","Sorry I Was Rude, It Was Probably Your Fault Pen",Stationery & writing,2026-01-29,6.8,Durham,NC,"Durham, NC",5410 North Carolina 55,Suite AF,27713.0,United States,"5410 North Carolina 55, Suite AF, Durham, NC 27713.0, United States",95ARJVKPGH,Delivered,8.0,0.85,2.75
Daughters Coffee & Books,Disappointed But Not Surprised Pen,Disappointed But Not Surprised Pen,Stationery & writing,2026-01-29,6.8,Durham,NC,"Durham, NC",5410 North Carolina 55,Suite AF,27713.0,United States,"5410 North Carolina 55, Suite AF, Durham, NC 27713.0, United States",95ARJVKPGH,Delivered,8.0,0.85,2.75
Daughters Coffee & Books,Currently Dissociating Pen,Currently Dissociating Pen,Stationery & writing,2026-01-29,6.8,Durham,NC,"Durham, NC",5410 North Carolina 55,Suite AF,27713.0,United States,"5410 North Carolina 55, Suite AF, Durham, NC 27713.0, United States",95ARJVKPGH,Delivered,8.0,0.85,2.75
Daughters Coffee & Books,I Can't Go On..I Need A Snack Pls Glitter Sticker,I Can't Go On..I Need A Snack Pls Glitter Sticker,"Stickers, pins, & magnets",2026-01-29,10.5,Durham,NC,"Durham, NC",5410 North Carolina 55,Suite AF,27713.0,United States,"5410 North Carolina 55, Suite AF, Durham, NC 27713.0, United States",95ARJVKPGH,Delivered,6.0,1.75,4.75
Daughters Coffee & Books,"Do You Have Any Fucks? Not Even One, Girl. Go Fish. Sticker","Do You Have Any Fucks? Not Even One, Girl. Go Fish. Sticker","Stickers, pins, & magnets",2026-01-29,10.5,Durham,NC,"Durham, NC",5410 North Carolina 55,Suite AF,27713.0,United States,"5410 North Carolina 55, Suite AF, Durham, NC 27713.0, United States",95ARJVKPGH,Delivered,6.0,1.75,4.75
Daughters Coffee & Books,Sorry I Can't Go I'm An Indoor Cat Glitter Sticker,Sorry I Can't Go I'm An Indoor Cat Glitter Sticker,"Stickers, pins, & magnets",2026-01-29,10.5,Durham,NC,"Durham, NC",5410 North Carolina 55,Suite AF,27713.0,United States,"5410 North Carolina 55, Suite AF, Durham, NC 27713.0, United States",95ARJVKPGH,Delivered,6.0,1.75,4.75
Daughters Coffee & Books,Fuck Ice Holographic Sticker,Fuck Ice Holographic Sticker,"Stickers, pins, & magnets",2026-01-29,10.5,Durham,NC,"Durham, NC",5410 North Carolina 55,Suite AF,27713.0,United States,"5410 North Carolina 55, Suite AF, Durham, NC 27713.0, United States",95ARJVKPGH,Delivered,6.0,1.75,4.75
Daughters Coffee & Books,Compost The Patriarchy Sticker,Compost The Patriarchy Sticker,"Stickers, pins, & magnets",2026-01-29,10.5,Durham,NC,"Durham, NC",5410 North Carolina 55,Suite AF,27713.0,United States,"5410 North Carolina 55, Suite AF, Durham, NC 27713.0, United States",95ARJVKPGH,Delivered,6.0,1.75,4.75
Daughters Coffee & Books,Books Because Coping With Reality Is Not An Option At The Moment Glitter Sticker,Books Because Coping With Reality Is Not An Option At The Moment Glitter Sticker,"Stickers, pins, & magnets",2026-01-29,10.5,Durham,NC,"Durham, NC",5410 North Carolina 55,Suite AF,27713.0,United States,"5410 North Carolina 55, Suite AF, Durham, NC 27713.0, United States",95ARJVKPGH,Delivered,6.0,1.75,4.75
Daughters Coffee & Books,Spooky Liberal Feminist Witch Sticker,Spooky Liberal Feminist Witch Sticker,"Stickers, pins, & magnets",2026-01-29,10.5,Durham,NC,"Durham, NC",5410 North Carolina 55,Suite AF,27713.0,United States,"5410 North Carolina 55, Suite AF, Durham, NC 27713.0, United States",95ARJVKPGH,Delivered,6.0,1.75,4.75
Daughters Coffee & Books,Please Hesitate To Reach Out To Me Sticker (2 colors available),Please Hesitate To Reach Out To Me Sticker (2 colors available),"Stickers, pins, & magnets",2026-01-29,10.5,Durham,NC,"Durham, NC",5410 North Carolina 55,Suite AF,27713.0,United States,"5410 North Carolina 55, Suite AF, Durham, NC 27713.0, United States",95ARJVKPGH,Delivered,6.0,1.75,4.75
Daughters Coffee & Books,I Should Be Frolicking In A Forest But I'm Here. Wtf Pen,I Should Be Frolicking In A Forest But I'm Here. Wtf Pen,Stationery & writing,2026-01-29,6.8,Durham,NC,"Durham, NC",5410 North Carolina 55,Suite AF,27713.0,United States,"5410 North Carolina 55, Suite AF, Durham, NC 27713.0, United States",95ARJVKPGH,Delivered,8.0,0.85,2.75
Daughters Coffee & Books,I May Be Wrong But I Doubt It Pen,I May Be Wrong But I Doubt It Pen,Stationery & writing,2026-01-29,6.8,Durham,NC,"Durham, NC",5410 North Carolina 55,Suite AF,27713.0,United States,"5410 North Carolina 55, Suite AF, Durham, NC 27713.0, United States",95ARJVKPGH,Delivered,8.0,0.85,2.75
Daughters Coffee & Books,Radicalized By Basic Decency Floral Sticker,Radicalized By Basic Decency Floral Sticker,"Stickers, pins, & magnets",2026-01-29,10.5,Durham,NC,"Durham, NC",5410 North Carolina 55,Suite AF,27713.0,United States,"5410 North Carolina 55, Suite AF, Durham, NC 27713.0, United States",95ARJVKPGH,Delivered,6.0,1.75,4.75
Daughters Coffee & Books,What's More Punk Than The Public Library Button,What's More Punk Than The Public Library Button,"Stickers, pins, & magnets",2026-01-29,6.0,Durham,NC,"Durham, NC",5410 North Carolina 55,Suite AF,27713.0,United States,"5410 North Carolina 55, Suite AF, Durham, NC 27713.0, United States",95ARJVKPGH,Delivered,6.0,1.0,2.75
Daughters Coffee & Books,Caring About People Is Not Political Sticker,Caring About People Is Not Political Sticker,"Stickers, pins, & magnets",2026-01-29,10.5,Durham,NC,"Durham, NC",5410 North Carolina 55,Suite AF,27713.0,United States,"5410 North Carolina 55, Suite AF, Durham, NC 27713.0, United States",95ARJVKPGH,Delivered,6.0,1.75,4.75
The H.A.M. Gift Shop,"Sorry If I'm Mean, I'm Overstimulated Right Now Sticker","Sorry If I'm Mean, I'm Overstimulated Right Now Sticker","Stickers, pins, & magnets",2026-01-28,10.5,Ashburnham,MA,"Ashburnham, MA",115 Lincoln Avenue,,1430.0,United States,"115 Lincoln Avenue, Ashburnham, MA 1430.0, United States",KNS3WV6GBN,Delivered,6.0,1.75,4.75
The H.A.M. Gift Shop,Radicalized By Basic Decency Floral Sticker,Radicalized By Basic Decency Floral Sticker,"Stickers, pins, & magnets",2026-01-28,10.5,Ashburnham,MA,"Ashburnham, MA",115 Lincoln Avenue,,1430.0,United States,"115 Lincoln Avenue, Ashburnham, MA 1430.0, United States",KNS3WV6GBN,Delivered,6.0,1.75,4.75
The H.A.M. Gift Shop,If You Are Neutral In Situations Of Injustice You Have Chosen The Side Of The Oppressors Sticker,If You Are Neutral In Situations Of Injustice You Have Chosen The Side Of The Oppressors Sticker,"Stickers, pins, & magnets",2026-01-28,10.5,Ashburnham,MA,"Ashburnham, MA",115 Lincoln Avenue,,1430.0,United States,"115 Lincoln Avenue, Ashburnham, MA 1430.0, United States",KNS3WV6GBN,Delivered,6.0,1.75,4.75
The H.A.M. Gift Shop,"Hello, I Want To Go To The Bookstore Tote Bag","Hello, I Want To Go To The Bookstore Tote Bag",Stationery & writing,2026-01-28,30.0,Ashburnham,MA,"Ashburnham, MA",115 Lincoln Avenue,,1430.0,United States,"115 Lincoln Avenue, Ashburnham, MA 1430.0, United States",KNS3WV6GBN,Delivered,3.0,10.0,20.0
The H.A.M. Gift Shop,The Only Ice I Like Is The Ice That My Two Gay Boyfriends Skate Around On Sticker,The Only Ice I Like Is The Ice That My Two Gay Boyfriends Skate Around On Sticker,"Stickers, pins, & magnets",2026-01-28,10.5,Ashburnham,MA,"Ashburnham, MA",115 Lincoln Avenue,,1430.0,United States,"115 Lincoln Avenue, Ashburnham, MA 1430.0, United States",KNS3WV6GBN,Delivered,6.0,1.75,4.75
The H.A.M. Gift Shop,Big Fan Of Human Rights Holographic Sticker,Big Fan Of Human Rights Holographic Sticker,"Stickers, pins, & magnets",2026-01-28,10.5,Ashburnham,MA,"Ashburnham, MA",115 Lincoln Avenue,,1430.0,United States,"115 Lincoln Avenue, Ashburnham, MA 1430.0, United States",KNS3WV6GBN,Delivered,6.0,1.75,4.75
The H.A.M. Gift Shop,When Cruelty Becomes Normal Compassion Looks Radical Sticker,When Cruelty Becomes Normal Compassion Looks Radical Sticker,"Stickers, pins, & magnets",2026-01-28,10.5,Ashburnham,MA,"Ashburnham, MA",115 Lincoln Avenue,,1430.0,United States,"115 Lincoln Avenue, Ashburnham, MA 1430.0, United States",KNS3WV6GBN,Delivered,6.0,1.75,4.75
The H.A.M. Gift Shop,"Do You Have Any Fucks? Not Even One, Girl. Go Fish. Sticker","Do You Have Any Fucks? Not Even One, Girl. Go Fish. Sticker","Stickers, pins, & magnets",2026-01-28,10.5,Ashburnham,MA,"Ashburnham, MA",115 Lincoln Avenue,,1430.0,United States,"115 Lincoln Avenue, Ashburnham, MA 1430.0, United States",KNS3WV6GBN,Delivered,6.0,1.75,4.75
The H.A.M. Gift Shop,Be Brave Be Loud And Look Out For Others Sticker,Be Brave Be Loud And Look Out For Others Sticker,"Stickers, pins, & magnets",2026-01-28,10.5,Ashburnham,MA,"Ashburnham, MA",115 Lincoln Avenue,,1430.0,United States,"115 Lincoln Avenue, Ashburnham, MA 1430.0, United States",KNS3WV6GBN,Delivered,6.0,1.75,4.75
Pop's Poboys / Doc’s Pop In,Surprise Mini Troll,Surprise Mini Troll,"Stickers, pins, & magnets",2026-01-27,6.0,Lafayette,LA,"Lafayette, LA",734 Jefferson Street,,70501.0,United States,"734 Jefferson Street, Lafayette, LA 70501.0, United States",P6U9EAQMGK,Delivered,10.0,0.6,1.5
Pop's Poboys / Doc’s Pop In,I May Be Wrong But I Doubt It Pen,I May Be Wrong But I Doubt It Pen,Stationery & writing,2026-01-27,4.25,Lafayette,LA,"Lafayette, LA",734 Jefferson Street,,70501.0,United States,"734 Jefferson Street, Lafayette, LA 70501.0, United States",P6U9EAQMGK,Delivered,5.0,0.85,2.75
Pop's Poboys / Doc’s Pop In,I'd Rather Be Bed Rotting Pen,I'd Rather Be Bed Rotting Pen,Stationery & writing,2026-01-27,8.5,Lafayette,LA,"Lafayette, LA",734 Jefferson Street,,70501.0,United States,"734 Jefferson Street, Lafayette, LA 70501.0, United States",P6U9EAQMGK,Delivered,10.0,0.85,2.75
Pop's Poboys / Doc’s Pop In,The Hell I Won't Sticker,The Hell I Won't Sticker,"Stickers, pins, & magnets",2026-01-27,10.5,Lafayette,LA,"Lafayette, LA",734 Jefferson Street,,70501.0,United States,"734 Jefferson Street, Lafayette, LA 70501.0, United States",P6U9EAQMGK,Delivered,6.0,1.75,4.75
Pop's Poboys / Doc’s Pop In,Thumbs Up Cat Sticker,Thumbs Up Cat Sticker,"Stickers, pins, & magnets",2026-01-27,10.5,Lafayette,LA,"Lafayette, LA",734 Jefferson Street,,70501.0,United States,"734 Jefferson Street, Lafayette, LA 70501.0, United States",P6U9EAQMGK,Delivered,6.0,1.75,4.75
Pop's Poboys / Doc’s Pop In,I Hate It Here Sticker,I Hate It Here Sticker,"Stickers, pins, & magnets",2026-01-27,10.5,Lafayette,LA,"Lafayette, LA",734 Jefferson Street,,70501.0,United States,"734 Jefferson Street, Lafayette, LA 70501.0, United States",P6U9EAQMGK,Delivered,6.0,1.75,3.5
Pop's Poboys / Doc’s Pop In,Dumpster Fire Response Team Button,Dumpster Fire Response Team Button,"Stickers, pins, & magnets",2026-01-27,5.0,Lafayette,LA,"Lafayette, LA",734 Jefferson Street,,70501.0,United States,"734 Jefferson Street, Lafayette, LA 70501.0, United States",P6U9EAQMGK,Delivered,5.0,1.0,3.0
Pop's Poboys / Doc’s Pop In,Disappointed But Not Surprised Pen,Disappointed But Not Surprised Pen,Stationery & writing,2026-01-27,4.25,Lafayette,LA,"Lafayette, LA",734 Jefferson Street,,70501.0,United States,"734 Jefferson Street, Lafayette, LA 70501.0, United States",P6U9EAQMGK,Delivered,5.0,0.85,2.75
Pop's Poboys / Doc’s Pop In,"Sorry I Was Rude, It Was Probably Your Fault Pen","Sorry I Was Rude, It Was Probably Your Fault Pen",Stationery & writing,2026-01-27,4.25,Lafayette,LA,"Lafayette, LA",734 Jefferson Street,,70501.0,United States,"734 Jefferson Street, Lafayette, LA 70501.0, United States",P6U9EAQMGK,Delivered,5.0,0.85,2.75
Pop's Poboys / Doc’s Pop In,Dumpster Fire Response Team Member Pen,Dumpster Fire Response Team Member Pen,Stationery & writing,2026-01-27,8.5,Lafayette,LA,"Lafayette, LA",734 Jefferson Street,,70501.0,United States,"734 Jefferson Street, Lafayette, LA 70501.0, United States",P6U9EAQMGK,Delivered,10.0,0.85,2.75
Pop's Poboys / Doc’s Pop In,Pickle Slut Pen,Pickle Slut Pen,Stationery & writing,2026-01-27,4.25,Lafayette,LA,"Lafayette, LA",734 Jefferson Street,,70501.0,United States,"734 Jefferson Street, Lafayette, LA 70501.0, United States",P6U9EAQMGK,Delivered,5.0,0.85,2.75
Pop's Poboys / Doc’s Pop In,Currently Dissociating Pen,Currently Dissociating Pen,Stationery & writing,2026-01-27,0.85,Lafayette,LA,"Lafayette, LA",734 Jefferson Street,,70501.0,United States,"734 Jefferson Street, Lafayette, LA 70501.0, United States",P6U9EAQMGK,Delivered,1.0,0.85,2.75
Distant Lands,I'd Rather Be Bed Rotting Pen,I'd Rather Be Bed Rotting Pen,Stationery & writing,2026-01-27,21.25,Penfield,NY,"Penfield, NY",96 Camberley Place,,14526.0,United States,"96 Camberley Place, Penfield, NY 14526.0, United States",6E5558RDYY,Delivered,25.0,0.85,2.75
Distant Lands,I Should Be Frolicking In A Forest But I'm Here. Wtf Pen,I Should Be Frolicking In A Forest But I'm Here. Wtf Pen,Stationery & writing,2026-01-27,21.25,Penfield,NY,"Penfield, NY",96 Camberley Place,,14526.0,United States,"96 Camberley Place, Penfield, NY 14526.0, United States",6E5558RDYY,Delivered,25.0,0.85,2.75
Distant Lands,Pickle Slut Pen,Pickle Slut Pen,Stationery & writing,2026-01-27,12.75,Penfield,NY,"Penfield, NY",96 Camberley Place,,14526.0,United States,"96 Camberley Place, Penfield, NY 14526.0, United States",6E5558RDYY,Delivered,15.0,0.85,2.75
Distant Lands,Currently Dissociating Pen,Currently Dissociating Pen,Stationery & writing,2026-01-27,17.0,Penfield,NY,"Penfield, NY",96 Camberley Place,,14526.0,United States,"96 Camberley Place, Penfield, NY 14526.0, United States",6E5558RDYY,Delivered,20.0,0.85,2.75
Distant Lands,Dumpster Fire Response Team Member Pen,Dumpster Fire Response Team Member Pen,Stationery & writing,2026-01-27,12.75,Penfield,NY,"Penfield, NY",96 Camberley Place,,14526.0,United States,"96 Camberley Place, Penfield, NY 14526.0, United States",6E5558RDYY,Delivered,15.0,0.85,2.75
Distant Lands,I May Be Wrong But I Doubt It Pen,I May Be Wrong But I Doubt It Pen,Stationery & writing,2026-01-27,17.0,Penfield,NY,"Penfield, NY",96 Camberley Place,,14526.0,United States,"96 Camberley Place, Penfield, NY 14526.0, United States",6E5558RDYY,Delivered,20.0,0.85,2.75
Cozy Calico Books,Wheel of Emotions Sticker,Wheel of Emotions Sticker,"Stickers, pins, & magnets",2026-01-26,10.5,Woodbridge,VA,"Woodbridge, VA",2728 Omisol Road,,22192-3829,United States,"2728 Omisol Road, Woodbridge, VA 22192-3829, United States",5WVHF4MQG6,Delivered,6.0,1.75,4.75
Cozy Calico Books,Become Ungovernable Sticker,Become Ungovernable Sticker,"Stickers, pins, & magnets",2026-01-26,10.5,Woodbridge,VA,"Woodbridge, VA",2728 Omisol Road,,22192-3829,United States,"2728 Omisol Road, Woodbridge, VA 22192-3829, United States",5WVHF4MQG6,Delivered,6.0,1.75,4.25
Cozy Calico Books,Don't Be Sad You're Making Everyone Uncomfortable Glitter Sticker,Don't Be Sad You're Making Everyone Uncomfortable Glitter Sticker,"Stickers, pins, & magnets",2026-01-26,10.5,Woodbridge,VA,"Woodbridge, VA",2728 Omisol Road,,22192-3829,United States,"2728 Omisol Road, Woodbridge, VA 22192-3829, United States",5WVHF4MQG6,Delivered,6.0,1.75,4.75
Cozy Calico Books,You Are Good Enough Not The Best But You'll Do Tote Bag,You Are Good Enough Not The Best But You'll Do Tote Bag,"Stickers, pins, & magnets",2026-01-26,30.0,Woodbridge,VA,"Woodbridge, VA",2728 Omisol Road,,22192-3829,United States,"2728 Omisol Road, Woodbridge, VA 22192-3829, United States",5WVHF4MQG6,Delivered,3.0,10.0,20.0
Cozy Calico Books,Dream Job? I Do Not Dream Of Labor Glitter Sticker,Dream Job? I Do Not Dream Of Labor Glitter Sticker,"Stickers, pins, & magnets",2026-01-26,10.5,Woodbridge,VA,"Woodbridge, VA",2728 Omisol Road,,22192-3829,United States,"2728 Omisol Road, Woodbridge, VA 22192-3829, United States",5WVHF4MQG6,Delivered,6.0,1.75,4.75
Cozy Calico Books,Burn The Patriarchy Sticker,Burn The Patriarchy Sticker,"Stickers, pins, & magnets",2026-01-26,10.5,Woodbridge,VA,"Woodbridge, VA",2728 Omisol Road,,22192-3829,United States,"2728 Omisol Road, Woodbridge, VA 22192-3829, United States",5WVHF4MQG6,Delivered,6.0,1.75,4.75
Cozy Calico Books,Community Is Resistance Sticker,Community Is Resistance Sticker,"Stickers, pins, & magnets",2026-01-26,10.5,Woodbridge,VA,"Woodbridge, VA",2728 Omisol Road,,22192-3829,United States,"2728 Omisol Road, Woodbridge, VA 22192-3829, United States",5WVHF4MQG6,Delivered,6.0,1.75,4.75
Cozy Calico Books,Justifiably Furious Tote Bag,Justifiably Furious Tote Bag,"Stickers, pins, & magnets",2026-01-26,30.0,Woodbridge,VA,"Woodbridge, VA",2728 Omisol Road,,22192-3829,United States,"2728 Omisol Road, Woodbridge, VA 22192-3829, United States",5WVHF4MQG6,Delivered,3.0,10.0,20.0
Cozy Calico Books,Books Are Magic Pixie Glitter Sticker,Books Are Magic Pixie Glitter Sticker,"Stickers, pins, & magnets",2026-01-26,10.5,Woodbridge,VA,"Woodbridge, VA",2728 Omisol Road,,22192-3829,United States,"2728 Omisol Road, Woodbridge, VA 22192-3829, United States",5WVHF4MQG6,Delivered,6.0,1.75,4.75
Cozy Calico Books,Literacy and Justice For All Sticker,Literacy and Justice For All Sticker,"Stickers, pins, & magnets",2026-01-26,10.5,Woodbridge,VA,"Woodbridge, VA",2728 Omisol Road,,22192-3829,United States,"2728 Omisol Road, Woodbridge, VA 22192-3829, United States",5WVHF4MQG6,Delivered,6.0,1.75,4.75
Cozy Calico Books,Be Nice To Me I'm Anxious Glitter Sticker,Be Nice To Me I'm Anxious Glitter Sticker,"Stickers, pins, & magnets",2026-01-26,10.5,Woodbridge,VA,"Woodbridge, VA",2728 Omisol Road,,22192-3829,United States,"2728 Omisol Road, Woodbridge, VA 22192-3829, United States",5WVHF4MQG6,Delivered,6.0,1.75,4.75
Cozy Calico Books,Dumpster Fire Sticker,Dumpster Fire Sticker,"Stickers, pins, & magnets",2026-01-26,10.5,Woodbridge,VA,"Woodbridge, VA",2728 Omisol Road,,22192-3829,United States,"2728 Omisol Road, Woodbridge, VA 22192-3829, United States",5WVHF4MQG6,Delivered,6.0,1.75,4.75
Cozy Calico Books,Empathy: The Original Superpower Tote Bag,Empathy: The Original Superpower Tote Bag,"Stickers, pins, & magnets",2026-01-26,30.0,Woodbridge,VA,"Woodbridge, VA",2728 Omisol Road,,22192-3829,United States,"2728 Omisol Road, Woodbridge, VA 22192-3829, United States",5WVHF4MQG6,Delivered,3.0,10.0,20.0
Cozy Calico Books,You Did It Glitter Sticker,You Did It Glitter Sticker,"Stickers, pins, & magnets",2026-01-26,10.5,Woodbridge,VA,"Woodbridge, VA",2728 Omisol Road,,22192-3829,United States,"2728 Omisol Road, Woodbridge, VA 22192-3829, United States",5WVHF4MQG6,Delivered,6.0,1.75,4.75
Cozy Calico Books,I Can Do All Things Through SPITE Which Strengthens Me Glitter Sticker,I Can Do All Things Through SPITE Which Strengthens Me Glitter Sticker,"Stickers, pins, & magnets",2026-01-26,10.5,Woodbridge,VA,"Woodbridge, VA",2728 Omisol Road,,22192-3829,United States,"2728 Omisol Road, Woodbridge, VA 22192-3829, United States",5WVHF4MQG6,Delivered,6.0,1.75,4.75
Sweetwater Boutique,When Cruelty Becomes Normal Compassion Looks Radical Sticker,When Cruelty Becomes Normal Compassion Looks Radical Sticker,"Stickers, pins, & magnets",2026-01-26,17.5,Evergreen,CO,"Evergreen, CO",28225 Colorado 74,,80439-7553,United States,"28225 Colorado 74, Evergreen, CO 80439-7553, United States",GWAN5QSUVD,Delivered,10.0,1.75,4.75
Sweetwater Boutique,Community Is Resistance Sticker,Community Is Resistance Sticker,"Stickers, pins, & magnets",2026-01-26,17.5,Evergreen,CO,"Evergreen, CO",28225 Colorado 74,,80439-7553,United States,"28225 Colorado 74, Evergreen, CO 80439-7553, United States",GWAN5QSUVD,Delivered,10.0,1.75,4.75
Sweetwater Boutique,Caring About People Is Not Political Sticker,Caring About People Is Not Political Sticker,"Stickers, pins, & magnets",2026-01-26,26.25,Evergreen,CO,"Evergreen, CO",28225 Colorado 74,,80439-7553,United States,"28225 Colorado 74, Evergreen, CO 80439-7553, United States",GWAN5QSUVD,Delivered,15.0,1.75,4.75
Sweetwater Boutique,Let's Be Better Humans Sticker,Let's Be Better Humans Sticker,"Stickers, pins, & magnets",2026-01-26,26.25,Evergreen,CO,"Evergreen, CO",28225 Colorado 74,,80439-7553,United States,"28225 Colorado 74, Evergreen, CO 80439-7553, United States",GWAN5QSUVD,Delivered,15.0,1.75,6.5
Sweetwater Boutique,Radicalized By Basic Decency Floral Sticker,Radicalized By Basic Decency Floral Sticker,"Stickers, pins, & magnets",2026-01-26,26.25,Evergreen,CO,"Evergreen, CO",28225 Colorado 74,,80439-7553,United States,"28225 Colorado 74, Evergreen, CO 80439-7553, United States",GWAN5QSUVD,Delivered,15.0,1.75,4.75
Roost & Company,Caring About People Is Not Political Button,Caring About People Is Not Political Button,"Stickers, pins, & magnets",2026-01-26,12.0,Salem,MA,"Salem, MA",40 Front Street,,1970.0,United States,"40 Front Street, Salem, MA 1970.0, United States",XAUSVZ8WQA,Delivered,12.0,1.0,2.75
Roost & Company,Radicalized By Basic Decency Button,Radicalized By Basic Decency Button,"Stickers, pins, & magnets",2026-01-26,15.0,Salem,MA,"Salem, MA",40 Front Street,,1970.0,United States,"40 Front Street, Salem, MA 1970.0, United States",XAUSVZ8WQA,Delivered,12.0,1.25,2.5
Roost & Company,Caring About People Is Not Political Sticker,Caring About People Is Not Political Sticker,"Stickers, pins, & magnets",2026-01-26,21.0,Salem,MA,"Salem, MA",40 Front Street,,1970.0,United States,"40 Front Street, Salem, MA 1970.0, United States",XAUSVZ8WQA,Delivered,12.0,1.75,4.75
Roost & Company,Be Brave Be Loud And Look Out For Others Sticker,Be Brave Be Loud And Look Out For Others Sticker,"Stickers, pins, & magnets",2026-01-26,21.0,Salem,MA,"Salem, MA",40 Front Street,,1970.0,United States,"40 Front Street, Salem, MA 1970.0, United States",XAUSVZ8WQA,Delivered,12.0,1.75,4.75
Roost & Company,Radicalized By Basic Decency Floral Sticker,Radicalized By Basic Decency Floral Sticker,"Stickers, pins, & magnets",2026-01-26,21.0,Salem,MA,"Salem, MA",40 Front Street,,1970.0,United States,"40 Front Street, Salem, MA 1970.0, United States",XAUSVZ8WQA,Delivered,12.0,1.75,4.75
Roost & Company,Fuck Ice Holographic Sticker,Fuck Ice Holographic Sticker,"Stickers, pins, & magnets",2026-01-26,21.0,Salem,MA,"Salem, MA",40 Front Street,,1970.0,United States,"40 Front Street, Salem, MA 1970.0, United States",XAUSVZ8WQA,Delivered,12.0,1.75,4.75
Roost & Company,Big Fan of Human Rights Button,Big Fan of Human Rights Button,"Stickers, pins, & magnets",2026-01-26,18.0,Salem,MA,"Salem, MA",40 Front Street,,1970.0,United States,"40 Front Street, Salem, MA 1970.0, United States",XAUSVZ8WQA,Delivered,12.0,1.5,3.0
Roost & Company,When Cruelty Becomes Normal Compassion Looks Radical Sticker,When Cruelty Becomes Normal Compassion Looks Radical Sticker,"Stickers, pins, & magnets",2026-01-26,21.0,Salem,MA,"Salem, MA",40 Front Street,,1970.0,United States,"40 Front Street, Salem, MA 1970.0, United States",XAUSVZ8WQA,Delivered,12.0,1.75,4.75
Roost & Company,When Cruelty Becomes Normal Compassion Looks Radical Tote Bag,When Cruelty Becomes Normal Compassion Looks Radical Tote Bag,"Stickers, pins, & magnets",2026-01-26,60.0,Salem,MA,"Salem, MA",40 Front Street,,1970.0,United States,"40 Front Street, Salem, MA 1970.0, United States",XAUSVZ8WQA,Delivered,6.0,10.0,20.0
Roost & Company,Policy & Change Sticker,Policy & Change Sticker,"Stickers, pins, & magnets",2026-01-26,42.0,Salem,MA,"Salem, MA",40 Front Street,,1970.0,United States,"40 Front Street, Salem, MA 1970.0, United States",XAUSVZ8WQA,Delivered,24.0,1.75,4.75
Roost & Company,Radicalized By Basic Decency Floral Tote Bag,Radicalized By Basic Decency Floral Tote Bag,"Stickers, pins, & magnets",2026-01-26,30.0,Salem,MA,"Salem, MA",40 Front Street,,1970.0,United States,"40 Front Street, Salem, MA 1970.0, United States",XAUSVZ8WQA,Delivered,3.0,10.0,20.0
Roost & Company,Community Is Resistance Sticker,Community Is Resistance Sticker,"Stickers, pins, & magnets",2026-01-26,21.0,Salem,MA,"Salem, MA",40 Front Street,,1970.0,United States,"40 Front Street, Salem, MA 1970.0, United States",XAUSVZ8WQA,Delivered,12.0,1.75,4.75
Grunge House,I Brake For Thrift Shops Bumper Sticker,I Brake For Thrift Shops Bumper Sticker,"Stickers, pins, & magnets",2026-01-26,17.5,Fort Smith,AR,"Fort Smith, AR",5913 Chippewa Trail,,72904.0,United States,"5913 Chippewa Trail, Fort Smith, AR 72904.0, United States",TVXB6MTECG,Delivered,5.0,3.5,9.0
Grunge House,"I May Be Wrong, But I Doubt It Keychain","I May Be Wrong, But I Doubt It Keychain","Stickers, pins, & magnets",2026-01-26,18.0,Fort Smith,AR,"Fort Smith, AR",5913 Chippewa Trail,,72904.0,United States,"5913 Chippewa Trail, Fort Smith, AR 72904.0, United States",TVXB6MTECG,Delivered,4.0,4.5,10.0
Grunge House,Black Cat Middle Finger Sticker,Black Cat Middle Finger Sticker,"Stickers, pins, & magnets",2026-01-26,10.5,Fort Smith,AR,"Fort Smith, AR",5913 Chippewa Trail,,72904.0,United States,"5913 Chippewa Trail, Fort Smith, AR 72904.0, United States",TVXB6MTECG,Delivered,6.0,1.75,4.75
Grunge House,I Love It When Women Glitter Sticker,I Love It When Women Glitter Sticker,"Stickers, pins, & magnets",2026-01-26,10.5,Fort Smith,AR,"Fort Smith, AR",5913 Chippewa Trail,,72904.0,United States,"5913 Chippewa Trail, Fort Smith, AR 72904.0, United States",TVXB6MTECG,Delivered,6.0,1.75,4.75
Grunge House,Spooky Liberal Feminist Witch Sticker,Spooky Liberal Feminist Witch Sticker,"Stickers, pins, & magnets",2026-01-26,10.5,Fort Smith,AR,"Fort Smith, AR",5913 Chippewa Trail,,72904.0,United States,"5913 Chippewa Trail, Fort Smith, AR 72904.0, United States",TVXB6MTECG,Delivered,6.0,1.75,4.75
Grunge House,Fuck Ice Holographic Sticker,Fuck Ice Holographic Sticker,"Stickers, pins, & magnets",2026-01-26,10.5,Fort Smith,AR,"Fort Smith, AR",5913 Chippewa Trail,,72904.0,United States,"5913 Chippewa Trail, Fort Smith, AR 72904.0, United States",TVXB6MTECG,Delivered,6.0,1.75,4.75
Grunge House,Pro-Choice. Pro-Feminism. Pro Cats Glitter Sticker,Pro-Choice. Pro-Feminism. Pro Cats Glitter Sticker,"Stickers, pins, & magnets",2026-01-26,10.5,Fort Smith,AR,"Fort Smith, AR",5913 Chippewa Trail,,72904.0,United States,"5913 Chippewa Trail, Fort Smith, AR 72904.0, United States",TVXB6MTECG,Delivered,6.0,1.75,4.75
Grunge House,Born In The 1900's Sticker,Born In The 1900's Sticker,"Stickers, pins, & magnets",2026-01-26,10.5,Fort Smith,AR,"Fort Smith, AR",5913 Chippewa Trail,,72904.0,United States,"5913 Chippewa Trail, Fort Smith, AR 72904.0, United States",TVXB6MTECG,Delivered,6.0,1.75,4.75
Grunge House,"Pro Choice, Pro Love, Pro Science, Pro Women Sticker","Pro Choice, Pro Love, Pro Science, Pro Women Sticker","Stickers, pins, & magnets",2026-01-26,10.5,Fort Smith,AR,"Fort Smith, AR",5913 Chippewa Trail,,72904.0,United States,"5913 Chippewa Trail, Fort Smith, AR 72904.0, United States",TVXB6MTECG,Delivered,6.0,1.75,4.75
Grunge House,What's More Punk Than The Public Library Sticker,What's More Punk Than The Public Library Sticker,"Stickers, pins, & magnets",2026-01-26,10.5,Fort Smith,AR,"Fort Smith, AR",5913 Chippewa Trail,,72904.0,United States,"5913 Chippewa Trail, Fort Smith, AR 72904.0, United States",TVXB6MTECG,Delivered,6.0,1.75,4.75
Grunge House,If Explosive Diarrhea Was A Person Glitter Sticker,If Explosive Diarrhea Was A Person Glitter Sticker,"Stickers, pins, & magnets",2026-01-26,10.5,Fort Smith,AR,"Fort Smith, AR",5913 Chippewa Trail,,72904.0,United States,"5913 Chippewa Trail, Fort Smith, AR 72904.0, United States",TVXB6MTECG,Delivered,6.0,1.75,4.75
Grunge House,"I May Be Laid Back, But I Can Lean Forward Real Fucking Quick Glitter Sticker","I May Be Laid Back, But I Can Lean Forward Real Fucking Quick Glitter Sticker","Stickers, pins, & magnets",2026-01-26,10.5,Fort Smith,AR,"Fort Smith, AR",5913 Chippewa Trail,,72904.0,United States,"5913 Chippewa Trail, Fort Smith, AR 72904.0, United States",TVXB6MTECG,Delivered,6.0,1.75,4.75
SeeWhich Books,Vasectomies Prevent Abortions Sticker,Vasectomies Prevent Abortions Sticker,"Stickers, pins, & magnets",2026-01-25,10.5,Hampton,VA,"Hampton, VA",15 South Hope Street,,23663.0,United States,"15 South Hope Street, Hampton, VA 23663.0, United States",Z9Z32RN8S9,Delivered,6.0,1.75,4.75
SeeWhich Books,What's More Punk Than The Public Library Sticker,What's More Punk Than The Public Library Sticker,"Stickers, pins, & magnets",2026-01-25,10.5,Hampton,VA,"Hampton, VA",15 South Hope Street,,23663.0,United States,"15 South Hope Street, Hampton, VA 23663.0, United States",Z9Z32RN8S9,Delivered,6.0,1.75,4.75
SeeWhich Books,Awake But At What Cost Sticker,Awake But At What Cost Sticker,"Stickers, pins, & magnets",2026-01-25,10.5,Hampton,VA,"Hampton, VA",15 South Hope Street,,23663.0,United States,"15 South Hope Street, Hampton, VA 23663.0, United States",Z9Z32RN8S9,Delivered,6.0,1.75,4.75
SeeWhich Books,Wheel of Emotions Sticker,Wheel of Emotions Sticker,"Stickers, pins, & magnets",2026-01-25,10.5,Hampton,VA,"Hampton, VA",15 South Hope Street,,23663.0,United States,"15 South Hope Street, Hampton, VA 23663.0, United States",Z9Z32RN8S9,Delivered,6.0,1.75,4.75
SeeWhich Books,Thumbs Up Cat Sticker,Thumbs Up Cat Sticker,"Stickers, pins, & magnets",2026-01-25,10.5,Hampton,VA,"Hampton, VA",15 South Hope Street,,23663.0,United States,"15 South Hope Street, Hampton, VA 23663.0, United States",Z9Z32RN8S9,Delivered,6.0,1.75,4.75
SeeWhich Books,Billionaires Are Bad People Glitter Sticker ( 2 styles available),Billionaires Are Bad People Glitter Sticker ( 2 styles available),"Stickers, pins, & magnets",2026-01-25,10.5,Hampton,VA,"Hampton, VA",15 South Hope Street,,23663.0,United States,"15 South Hope Street, Hampton, VA 23663.0, United States",Z9Z32RN8S9,Delivered,6.0,1.75,4.75
SeeWhich Books,Educate Your Son Sticker,Educate Your Son Sticker,"Stickers, pins, & magnets",2026-01-25,10.5,Hampton,VA,"Hampton, VA",15 South Hope Street,,23663.0,United States,"15 South Hope Street, Hampton, VA 23663.0, United States",Z9Z32RN8S9,Delivered,6.0,1.75,4.75
SeeWhich Books,Girls Will Be Girls Sticker,Girls Will Be Girls Sticker,"Stickers, pins, & magnets",2026-01-25,10.5,Hampton,VA,"Hampton, VA",15 South Hope Street,,23663.0,United States,"15 South Hope Street, Hampton, VA 23663.0, United States",Z9Z32RN8S9,Delivered,6.0,1.75,4.75
SeeWhich Books,I May Be Wrong But I Doubt It Pen,I May Be Wrong But I Doubt It Pen,Stationery & writing,2026-01-25,4.25,Hampton,VA,"Hampton, VA",15 South Hope Street,,23663.0,United States,"15 South Hope Street, Hampton, VA 23663.0, United States",Z9Z32RN8S9,Delivered,5.0,0.85,2.75
SeeWhich Books,Currently Dissociating Pen,Currently Dissociating Pen,Stationery & writing,2026-01-25,4.25,Hampton,VA,"Hampton, VA",15 South Hope Street,,23663.0,United States,"15 South Hope Street, Hampton, VA 23663.0, United States",Z9Z32RN8S9,Delivered,5.0,0.85,2.75
SeeWhich Books,Dumpster Fire Response Team Member Pen,Dumpster Fire Response Team Member Pen,Stationery & writing,2026-01-25,4.25,Hampton,VA,"Hampton, VA",15 South Hope Street,,23663.0,United States,"15 South Hope Street, Hampton, VA 23663.0, United States",Z9Z32RN8S9,Delivered,5.0,0.85,2.75
SeeWhich Books,"I May Be Laid Back, But I Can Lean Forward Real Fucking Quick Glitter Sticker","I May Be Laid Back, But I Can Lean Forward Real Fucking Quick Glitter Sticker","Stickers, pins, & magnets",2026-01-25,10.5,Hampton,VA,"Hampton, VA",15 South Hope Street,,23663.0,United States,"15 South Hope Street, Hampton, VA 23663.0, United States",Z9Z32RN8S9,Delivered,6.0,1.75,4.75
SeeWhich Books,I Never Said That Jesus Sticker,I Never Said That Jesus Sticker,"Stickers, pins, & magnets",2026-01-25,10.5,Hampton,VA,"Hampton, VA",15 South Hope Street,,23663.0,United States,"15 South Hope Street, Hampton, VA 23663.0, United States",Z9Z32RN8S9,Delivered,6.0,1.75,4.75
SeeWhich Books,The Only Minority Destroying This Country Are The Billionaires Sticker,The Only Minority Destroying This Country Are The Billionaires Sticker,"Stickers, pins, & magnets",2026-01-25,10.5,Hampton,VA,"Hampton, VA",15 South Hope Street,,23663.0,United States,"15 South Hope Street, Hampton, VA 23663.0, United States",Z9Z32RN8S9,Delivered,6.0,1.75,4.75
Weirdo Wonderland,Radicalized By Basic Decency Floral Tote Bag,Radicalized By Basic Decency Floral Tote Bag,"Stickers, pins, & magnets",2026-01-25,50.0,Shelton,CT,"Shelton, CT",415 Howe AVE,Box# 115,6484.0,United States,"415 Howe AVE, Box# 115, Shelton, CT 6484.0, United States",VGB4WECAEG,Delivered,5.0,10.0,20.0
Weirdo Wonderland,Radicalized By Basic Decency Button,Radicalized By Basic Decency Button,"Stickers, pins, & magnets",2026-01-25,6.25,Shelton,CT,"Shelton, CT",415 Howe AVE,Box# 115,6484.0,United States,"415 Howe AVE, Box# 115, Shelton, CT 6484.0, United States",VGB4WECAEG,Delivered,5.0,1.25,2.5
Weirdo Wonderland,Make Orwell Fiction Again Sticker,Make Orwell Fiction Again Sticker,"Stickers, pins, & magnets",2026-01-25,10.5,Shelton,CT,"Shelton, CT",415 Howe AVE,Box# 115,6484.0,United States,"415 Howe AVE, Box# 115, Shelton, CT 6484.0, United States",VGB4WECAEG,Delivered,6.0,1.75,4.75
Weirdo Wonderland,Make Orwell Fiction Again Tote Bag,Make Orwell Fiction Again Tote Bag,"Stickers, pins, & magnets",2026-01-25,30.0,Shelton,CT,"Shelton, CT",415 Howe AVE,Box# 115,6484.0,United States,"415 Howe AVE, Box# 115, Shelton, CT 6484.0, United States",VGB4WECAEG,Delivered,3.0,10.0,20.0
Frankie’s,Big Fan of Human Rights Button,Big Fan of Human Rights Button,"Stickers, pins, & magnets",2026-01-25,18.0,Thiensville,WI,"Thiensville, WI",184 S Main St,,53092.0,United States,"184 S Main St, Thiensville, WI 53092.0, United States",ZFQW9FTD63,Delivered,12.0,1.5,3.0
Frankie’s,Have The Day You Voted For Button,Have The Day You Voted For Button,"Stickers, pins, & magnets",2026-01-25,12.0,Thiensville,WI,"Thiensville, WI",184 S Main St,,53092.0,United States,"184 S Main St, Thiensville, WI 53092.0, United States",ZFQW9FTD63,Delivered,12.0,1.0,2.75
Frankie’s,Fuck Ice Holographic Sticker,Fuck Ice Holographic Sticker,"Stickers, pins, & magnets",2026-01-25,10.5,Thiensville,WI,"Thiensville, WI",184 S Main St,,53092.0,United States,"184 S Main St, Thiensville, WI 53092.0, United States",ZFQW9FTD63,Delivered,6.0,1.75,4.75
Frankie’s,Just Be A Good Human Glitter Sticker,Just Be A Good Human Glitter Sticker,"Stickers, pins, & magnets",2026-01-25,10.5,Thiensville,WI,"Thiensville, WI",184 S Main St,,53092.0,United States,"184 S Main St, Thiensville, WI 53092.0, United States",ZFQW9FTD63,Delivered,6.0,1.75,4.75
Frankie’s,If You Are Neutral In Situations Of Injustice You Have Chosen The Side Of The Oppressors Sticker,If You Are Neutral In Situations Of Injustice You Have Chosen The Side Of The Oppressors Sticker,"Stickers, pins, & magnets",2026-01-25,10.5,Thiensville,WI,"Thiensville, WI",184 S Main St,,53092.0,United States,"184 S Main St, Thiensville, WI 53092.0, United States",ZFQW9FTD63,Delivered,6.0,1.75,4.75
Frankie’s,Overstimulated Sticker (2 styles available),Overstimulated Sticker (2 styles available),"Stickers, pins, & magnets",2026-01-25,10.5,Thiensville,WI,"Thiensville, WI",184 S Main St,,53092.0,United States,"184 S Main St, Thiensville, WI 53092.0, United States",ZFQW9FTD63,Delivered,6.0,1.75,4.75
Frankie’s,Girls Will Be Girls Sticker,Girls Will Be Girls Sticker,"Stickers, pins, & magnets",2026-01-25,10.5,Thiensville,WI,"Thiensville, WI",184 S Main St,,53092.0,United States,"184 S Main St, Thiensville, WI 53092.0, United States",ZFQW9FTD63,Delivered,6.0,1.75,4.75
Frankie’s,No Human Is Illegal Glitter Sticker,No Human Is Illegal Glitter Sticker,"Stickers, pins, & magnets",2026-01-25,10.5,Thiensville,WI,"Thiensville, WI",184 S Main St,,53092.0,United States,"184 S Main St, Thiensville, WI 53092.0, United States",ZFQW9FTD63,Delivered,6.0,1.75,4.75
Frankie’s,No One Is Illegal On Stolen Land Sticker,No One Is Illegal On Stolen Land Sticker,"Stickers, pins, & magnets",2026-01-25,10.5,Thiensville,WI,"Thiensville, WI",184 S Main St,,53092.0,United States,"184 S Main St, Thiensville, WI 53092.0, United States",ZFQW9FTD63,Delivered,6.0,1.75,4.75
Frankie’s,Radicalized By Basic Decency Floral Sticker,Radicalized By Basic Decency Floral Sticker,"Stickers, pins, & magnets",2026-01-25,10.5,Thiensville,WI,"Thiensville, WI",184 S Main St,,53092.0,United States,"184 S Main St, Thiensville, WI 53092.0, United States",ZFQW9FTD63,Delivered,6.0,1.75,4.75
Frankie’s,Radicalized By Basic Decency Button,Radicalized By Basic Decency Button,"Stickers, pins, & magnets",2026-01-25,15.0,Thiensville,WI,"Thiensville, WI",184 S Main St,,53092.0,United States,"184 S Main St, Thiensville, WI 53092.0, United States",ZFQW9FTD63,Delivered,12.0,1.25,2.5
Frankie’s,Currently Dissociating Pen,Currently Dissociating Pen,Stationery & writing,2026-01-25,8.5,Thiensville,WI,"Thiensville, WI",184 S Main St,,53092.0,United States,"184 S Main St, Thiensville, WI 53092.0, United States",ZFQW9FTD63,Delivered,10.0,0.85,2.75
Frankie’s,"I May Be Laid Back, But I Can Lean Forward Real Fucking Quick Glitter Sticker","I May Be Laid Back, But I Can Lean Forward Real Fucking Quick Glitter Sticker","Stickers, pins, & magnets",2026-01-25,10.5,Thiensville,WI,"Thiensville, WI",184 S Main St,,53092.0,United States,"184 S Main St, Thiensville, WI 53092.0, United States",ZFQW9FTD63,Delivered,6.0,1.75,4.75
Frankie’s,Just A Girl Who Loves Books Glitter Sticker,Just A Girl Who Loves Books Glitter Sticker,"Stickers, pins, & magnets",2026-01-25,10.5,Thiensville,WI,"Thiensville, WI",184 S Main St,,53092.0,United States,"184 S Main St, Thiensville, WI 53092.0, United States",ZFQW9FTD63,Delivered,6.0,1.75,4.75
Frankie’s,"Sorry If I'm Mean, I'm Overstimulated Right Now Sticker","Sorry If I'm Mean, I'm Overstimulated Right Now Sticker","Stickers, pins, & magnets",2026-01-25,10.5,Thiensville,WI,"Thiensville, WI",184 S Main St,,53092.0,United States,"184 S Main St, Thiensville, WI 53092.0, United States",ZFQW9FTD63,Delivered,6.0,1.75,4.75
Frankie’s,I Love Not Camping Holographic Sticker,I Love Not Camping Holographic Sticker,"Stickers, pins, & magnets",2026-01-25,9.0,Thiensville,WI,"Thiensville, WI",184 S Main St,,53092.0,United States,"184 S Main St, Thiensville, WI 53092.0, United States",ZFQW9FTD63,Delivered,6.0,1.5,3.0
Frankie’s,I've Heard Enough From Old White Men Button,I've Heard Enough From Old White Men Button,"Stickers, pins, & magnets",2026-01-25,6.0,Thiensville,WI,"Thiensville, WI",184 S Main St,,53092.0,United States,"184 S Main St, Thiensville, WI 53092.0, United States",ZFQW9FTD63,Delivered,6.0,1.0,2.75
Frankie’s,I Should Be Frolicking In A Forest But I'm Here. Wtf Pen,I Should Be Frolicking In A Forest But I'm Here. Wtf Pen,Stationery & writing,2026-01-25,8.5,Thiensville,WI,"Thiensville, WI",184 S Main St,,53092.0,United States,"184 S Main St, Thiensville, WI 53092.0, United States",ZFQW9FTD63,Delivered,10.0,0.85,2.75
A Little Happy,Can I Be Mean Pixie Glitter Sticker,Can I Be Mean Pixie Glitter Sticker,"Stickers, pins, & magnets",2026-01-24,10.5,Columbia,SC,"Columbia, SC",707 Saluda Avenue,,29205.0,United States,"707 Saluda Avenue, Columbia, SC 29205.0, United States",ZJZE3KQJWU,Delivered,6.0,1.75,4.75
A Little Happy,Girl Dinner Sticker (Glitter or White Available),Girl Dinner Sticker (Glitter or White Available),"Stickers, pins, & magnets",2026-01-24,10.5,Columbia,SC,"Columbia, SC",707 Saluda Avenue,,29205.0,United States,"707 Saluda Avenue, Columbia, SC 29205.0, United States",ZJZE3KQJWU,Delivered,6.0,1.75,4.75
A Little Happy,Pickles Heart Glitter Sticker,Pickles Heart Glitter Sticker,"Stickers, pins, & magnets",2026-01-24,10.5,Columbia,SC,"Columbia, SC",707 Saluda Avenue,,29205.0,United States,"707 Saluda Avenue, Columbia, SC 29205.0, United States",ZJZE3KQJWU,Delivered,6.0,1.75,4.75
A Little Happy,Awake But At What Cost Sticker,Awake But At What Cost Sticker,"Stickers, pins, & magnets",2026-01-24,10.5,Columbia,SC,"Columbia, SC",707 Saluda Avenue,,29205.0,United States,"707 Saluda Avenue, Columbia, SC 29205.0, United States",ZJZE3KQJWU,Delivered,6.0,1.75,4.75
A Little Happy,I'd Rather Be Bed Rotting Pen,I'd Rather Be Bed Rotting Pen,Stationery & writing,2026-01-24,3.4,Columbia,SC,"Columbia, SC",707 Saluda Avenue,,29205.0,United States,"707 Saluda Avenue, Columbia, SC 29205.0, United States",ZJZE3KQJWU,Delivered,4.0,0.85,2.75
A Little Happy,Your Anxiety Is A Lying Hoe Glitter Sticker,Your Anxiety Is A Lying Hoe Glitter Sticker,"Stickers, pins, & magnets",2026-01-24,10.5,Columbia,SC,"Columbia, SC",707 Saluda Avenue,,29205.0,United States,"707 Saluda Avenue, Columbia, SC 29205.0, United States",ZJZE3KQJWU,Delivered,6.0,1.75,4.75
A Little Happy,Be Nice To Me I'm Anxious Glitter Sticker,Be Nice To Me I'm Anxious Glitter Sticker,"Stickers, pins, & magnets",2026-01-24,10.5,Columbia,SC,"Columbia, SC",707 Saluda Avenue,,29205.0,United States,"707 Saluda Avenue, Columbia, SC 29205.0, United States",ZJZE3KQJWU,Delivered,6.0,1.75,4.75
A Little Happy,Your Lack Of Empathy Is Not The Flex You Think It Is Glitter Sticker,Your Lack Of Empathy Is Not The Flex You Think It Is Glitter Sticker,"Stickers, pins, & magnets",2026-01-24,10.5,Columbia,SC,"Columbia, SC",707 Saluda Avenue,,29205.0,United States,"707 Saluda Avenue, Columbia, SC 29205.0, United States",ZJZE3KQJWU,Delivered,6.0,1.75,4.75
A Little Happy,"Mini Troll Surprise Packs - 3, 6 or 10!","Mini Troll Surprise Packs - 3, 6 or 10!","Stickers, pins, & magnets",2026-01-24,14.97,Columbia,SC,"Columbia, SC",707 Saluda Avenue,,29205.0,United States,"707 Saluda Avenue, Columbia, SC 29205.0, United States",ZJZE3KQJWU,Delivered,3.0,4.99,9.99
A Little Happy,"I May Be Wrong, But I Doubt It Keychain","I May Be Wrong, But I Doubt It Keychain","Stickers, pins, & magnets",2026-01-24,18.0,Columbia,SC,"Columbia, SC",707 Saluda Avenue,,29205.0,United States,"707 Saluda Avenue, Columbia, SC 29205.0, United States",ZJZE3KQJWU,Delivered,4.0,4.5,10.0
A Little Happy,On My Way To Get More Trinkets And Knick Knacks Glitter Sticker,On My Way To Get More Trinkets And Knick Knacks Glitter Sticker,"Stickers, pins, & magnets",2026-01-24,10.5,Columbia,SC,"Columbia, SC",707 Saluda Avenue,,29205.0,United States,"707 Saluda Avenue, Columbia, SC 29205.0, United States",ZJZE3KQJWU,Delivered,6.0,1.75,4.75
A Little Happy,I May Be Wrong But I Doubt It Pen,I May Be Wrong But I Doubt It Pen,Stationery & writing,2026-01-24,3.4,Columbia,SC,"Columbia, SC",707 Saluda Avenue,,29205.0,United States,"707 Saluda Avenue, Columbia, SC 29205.0, United States",ZJZE3KQJWU,Delivered,4.0,0.85,2.75
A Little Happy,Disappointed But Not Surprised Pen,Disappointed But Not Surprised Pen,Stationery & writing,2026-01-24,3.4,Columbia,SC,"Columbia, SC",707 Saluda Avenue,,29205.0,United States,"707 Saluda Avenue, Columbia, SC 29205.0, United States",ZJZE3KQJWU,Delivered,4.0,0.85,2.75
A Little Happy,Pickle Slut Pen,Pickle Slut Pen,Stationery & writing,2026-01-24,3.4,Columbia,SC,"Columbia, SC",707 Saluda Avenue,,29205.0,United States,"707 Saluda Avenue, Columbia, SC 29205.0, United States",ZJZE3KQJWU,Delivered,4.0,0.85,2.75
A Little Happy,"Sorry I Was Rude, It Was Probably Your Fault Pen","Sorry I Was Rude, It Was Probably Your Fault Pen",Stationery & writing,2026-01-24,3.4,Columbia,SC,"Columbia, SC",707 Saluda Avenue,,29205.0,United States,"707 Saluda Avenue, Columbia, SC 29205.0, United States",ZJZE3KQJWU,Delivered,4.0,0.85,2.75
A Little Happy,Currently Dissociating Pen,Currently Dissociating Pen,Stationery & writing,2026-01-24,3.4,Columbia,SC,"Columbia, SC",707 Saluda Avenue,,29205.0,United States,"707 Saluda Avenue, Columbia, SC 29205.0, United States",ZJZE3KQJWU,Delivered,4.0,0.85,2.75
A Little Happy,Dumpster Fire Response Team Member Pen,Dumpster Fire Response Team Member Pen,Stationery & writing,2026-01-24,3.4,Columbia,SC,"Columbia, SC",707 Saluda Avenue,,29205.0,United States,"707 Saluda Avenue, Columbia, SC 29205.0, United States",ZJZE3KQJWU,Delivered,4.0,0.85,2.75
A Little Happy,"Do You Have Any Fucks? Not Even One, Girl. Go Fish. Sticker","Do You Have Any Fucks? Not Even One, Girl. Go Fish. Sticker","Stickers, pins, & magnets",2026-01-24,10.5,Columbia,SC,"Columbia, SC",707 Saluda Avenue,,29205.0,United States,"707 Saluda Avenue, Columbia, SC 29205.0, United States",ZJZE3KQJWU,Delivered,6.0,1.75,4.75
A Little Happy,Sorry I Can't Go I'm An Indoor Cat Glitter Sticker,Sorry I Can't Go I'm An Indoor Cat Glitter Sticker,"Stickers, pins, & magnets",2026-01-24,10.5,Columbia,SC,"Columbia, SC",707 Saluda Avenue,,29205.0,United States,"707 Saluda Avenue, Columbia, SC 29205.0, United States",ZJZE3KQJWU,Delivered,6.0,1.75,4.75
Roadrunner Bookshop,The Hell I Won't Sticker,The Hell I Won't Sticker,"Stickers, pins, & magnets",2026-01-23,10.5,Falcon,CO,"Falcon, CO",13560 Cottontail Drive,,80831.0,United States,"13560 Cottontail Drive, Falcon, CO 80831.0, United States",QNCAVMVDPR,Delivered,6.0,1.75,4.75
Roadrunner Bookshop,Read Banned Books Tote Bag,Read Banned Books Tote Bag,Stationery & writing,2026-01-23,30.0,Falcon,CO,"Falcon, CO",13560 Cottontail Drive,,80831.0,United States,"13560 Cottontail Drive, Falcon, CO 80831.0, United States",QNCAVMVDPR,Delivered,3.0,10.0,20.0
Roadrunner Bookshop,I Closed My Book To Be Here Tote Bag,I Closed My Book To Be Here Tote Bag,Stationery & writing,2026-01-23,30.0,Falcon,CO,"Falcon, CO",13560 Cottontail Drive,,80831.0,United States,"13560 Cottontail Drive, Falcon, CO 80831.0, United States",QNCAVMVDPR,Delivered,3.0,10.0,20.0
Roadrunner Bookshop,Literacy And Justice For All Tote Bag,Literacy And Justice For All Tote Bag,"Stickers, pins, & magnets",2026-01-23,30.0,Falcon,CO,"Falcon, CO",13560 Cottontail Drive,,80831.0,United States,"13560 Cottontail Drive, Falcon, CO 80831.0, United States",QNCAVMVDPR,Delivered,3.0,10.0,20.0
Roadrunner Bookshop,I Never Said That Jesus Sticker,I Never Said That Jesus Sticker,"Stickers, pins, & magnets",2026-01-23,10.5,Falcon,CO,"Falcon, CO",13560 Cottontail Drive,,80831.0,United States,"13560 Cottontail Drive, Falcon, CO 80831.0, United States",QNCAVMVDPR,Delivered,6.0,1.75,4.75
Roadrunner Bookshop,"Sorry, I'm Fully Booked Tonight! Tote Bag","Sorry, I'm Fully Booked Tonight! Tote Bag",Stationery & writing,2026-01-23,30.0,Falcon,CO,"Falcon, CO",13560 Cottontail Drive,,80831.0,United States,"13560 Cottontail Drive, Falcon, CO 80831.0, United States",QNCAVMVDPR,Delivered,3.0,10.0,20.0
Roadrunner Bookshop,Let's Be Better Humans Sticker,Let's Be Better Humans Sticker,"Stickers, pins, & magnets",2026-01-23,10.5,Falcon,CO,"Falcon, CO",13560 Cottontail Drive,,80831.0,United States,"13560 Cottontail Drive, Falcon, CO 80831.0, United States",QNCAVMVDPR,Delivered,6.0,1.75,6.5
Roadrunner Bookshop,Read Banned Books Sticker,Read Banned Books Sticker,"Stickers, pins, & magnets",2026-01-23,10.5,Falcon,CO,"Falcon, CO",13560 Cottontail Drive,,80831.0,United States,"13560 Cottontail Drive, Falcon, CO 80831.0, United States",QNCAVMVDPR,Delivered,6.0,1.75,4.75
Cedar Chest,I'm Gonna Do It Okay?! But Just Let Me Cry First Tote Bag,I'm Gonna Do It Okay?! But Just Let Me Cry First Tote Bag,"Stickers, pins, & magnets",2026-01-23,30.0,Northampton,MA,"Northampton, MA",150 Main Street,,1060.0,United States,"150 Main Street, Northampton, MA 1060.0, United States",73P9Z9TGZZ,Delivered,3.0,10.0,20.0
Cedar Chest,"Do You Have Any Fucks? Not Even One, Girl. Go Fish. Sticker","Do You Have Any Fucks? Not Even One, Girl. Go Fish. Sticker","Stickers, pins, & magnets",2026-01-23,10.5,Northampton,MA,"Northampton, MA",150 Main Street,,1060.0,United States,"150 Main Street, Northampton, MA 1060.0, United States",73P9Z9TGZZ,Delivered,6.0,1.75,4.75
Cedar Chest,If You Are Neutral In Situations Of Injustice You Have Chosen The Side Of The Oppressors Sticker,If You Are Neutral In Situations Of Injustice You Have Chosen The Side Of The Oppressors Sticker,"Stickers, pins, & magnets",2026-01-23,10.5,Northampton,MA,"Northampton, MA",150 Main Street,,1060.0,United States,"150 Main Street, Northampton, MA 1060.0, United States",73P9Z9TGZZ,Delivered,6.0,1.75,4.75
Cedar Chest,More Pride Less Prejudice Tote Bag,More Pride Less Prejudice Tote Bag,"Stickers, pins, & magnets",2026-01-23,30.0,Northampton,MA,"Northampton, MA",150 Main Street,,1060.0,United States,"150 Main Street, Northampton, MA 1060.0, United States",73P9Z9TGZZ,Delivered,3.0,10.0,20.0
Cedar Chest,Smash The Oligarchy Sticker,Smash The Oligarchy Sticker,"Stickers, pins, & magnets",2026-01-23,10.5,Northampton,MA,"Northampton, MA",150 Main Street,,1060.0,United States,"150 Main Street, Northampton, MA 1060.0, United States",73P9Z9TGZZ,Delivered,6.0,1.75,4.75
Cedar Chest,Thumbs Up Cat Sticker,Thumbs Up Cat Sticker,"Stickers, pins, & magnets",2026-01-23,10.5,Northampton,MA,"Northampton, MA",150 Main Street,,1060.0,United States,"150 Main Street, Northampton, MA 1060.0, United States",73P9Z9TGZZ,Delivered,6.0,1.75,4.75
Cedar Chest,Girls Will Be Girls Sticker,Girls Will Be Girls Sticker,"Stickers, pins, & magnets",2026-01-23,10.5,Northampton,MA,"Northampton, MA",150 Main Street,,1060.0,United States,"150 Main Street, Northampton, MA 1060.0, United States",73P9Z9TGZZ,Delivered,6.0,1.75,4.75
Cedar Chest,Sorry I Can't Go I'm An Indoor Cat Glitter Sticker,Sorry I Can't Go I'm An Indoor Cat Glitter Sticker,"Stickers, pins, & magnets",2026-01-23,10.5,Northampton,MA,"Northampton, MA",150 Main Street,,1060.0,United States,"150 Main Street, Northampton, MA 1060.0, United States",73P9Z9TGZZ,Delivered,6.0,1.75,4.75
Cedar Chest,Disappointed But Not Surprised Pen,Disappointed But Not Surprised Pen,Stationery & writing,2026-01-23,8.5,Northampton,MA,"Northampton, MA",150 Main Street,,1060.0,United States,"150 Main Street, Northampton, MA 1060.0, United States",73P9Z9TGZZ,Delivered,10.0,0.85,2.75
Cedar Chest,Just A Girl Who Loves Books Glitter Sticker,Just A Girl Who Loves Books Glitter Sticker,"Stickers, pins, & magnets",2026-01-23,10.5,Northampton,MA,"Northampton, MA",150 Main Street,,1060.0,United States,"150 Main Street, Northampton, MA 1060.0, United States",73P9Z9TGZZ,Delivered,6.0,1.75,4.75
Cedar Chest,Girl Dinner Sticker (Glitter or White Available),Girl Dinner Sticker (Glitter or White Available),"Stickers, pins, & magnets",2026-01-23,10.5,Northampton,MA,"Northampton, MA",150 Main Street,,1060.0,United States,"150 Main Street, Northampton, MA 1060.0, United States",73P9Z9TGZZ,Delivered,6.0,1.75,4.75
Cedar Chest,Dumpster Fire Response Team Member Pen,Dumpster Fire Response Team Member Pen,Stationery & writing,2026-01-23,0.85,Northampton,MA,"Northampton, MA",150 Main Street,,1060.0,United States,"150 Main Street, Northampton, MA 1060.0, United States",73P9Z9TGZZ,Delivered,1.0,0.85,2.75
Cedar Chest,Currently Dissociating Pen,Currently Dissociating Pen,Stationery & writing,2026-01-23,0.85,Northampton,MA,"Northampton, MA",150 Main Street,,1060.0,United States,"150 Main Street, Northampton, MA 1060.0, United States",73P9Z9TGZZ,Delivered,1.0,0.85,2.75
Cedar Chest,"Sorry I Was Rude, It Was Probably Your Fault Pen","Sorry I Was Rude, It Was Probably Your Fault Pen",Stationery & writing,2026-01-23,0.85,Northampton,MA,"Northampton, MA",150 Main Street,,1060.0,United States,"150 Main Street, Northampton, MA 1060.0, United States",73P9Z9TGZZ,Delivered,1.0,0.85,2.75
Cedar Chest,Radicalized By Basic Decency Floral Sticker,Radicalized By Basic Decency Floral Sticker,"Stickers, pins, & magnets",2026-01-23,10.5,Northampton,MA,"Northampton, MA",150 Main Street,,1060.0,United States,"150 Main Street, Northampton, MA 1060.0, United States",73P9Z9TGZZ,Delivered,6.0,1.75,4.75
Cedar Chest,The Only Minority Destroying This Country Are The Billionaires Sticker,The Only Minority Destroying This Country Are The Billionaires Sticker,"Stickers, pins, & magnets",2026-01-23,10.5,Northampton,MA,"Northampton, MA",150 Main Street,,1060.0,United States,"150 Main Street, Northampton, MA 1060.0, United States",73P9Z9TGZZ,Delivered,6.0,1.75,4.75
Cedar Chest,Be Brave Be Loud And Look Out For Others Sticker,Be Brave Be Loud And Look Out For Others Sticker,"Stickers, pins, & magnets",2026-01-23,10.5,Northampton,MA,"Northampton, MA",150 Main Street,,1060.0,United States,"150 Main Street, Northampton, MA 1060.0, United States",73P9Z9TGZZ,Delivered,6.0,1.75,4.75
Cedar Chest,Be Nice To Me I'm Anxious Glitter Sticker,Be Nice To Me I'm Anxious Glitter Sticker,"Stickers, pins, & magnets",2026-01-23,10.5,Northampton,MA,"Northampton, MA",150 Main Street,,1060.0,United States,"150 Main Street, Northampton, MA 1060.0, United States",73P9Z9TGZZ,Delivered,6.0,1.75,4.75
Cedar Chest,Caring About People Is Not Political Sticker,Caring About People Is Not Political Sticker,"Stickers, pins, & magnets",2026-01-23,10.5,Northampton,MA,"Northampton, MA",150 Main Street,,1060.0,United States,"150 Main Street, Northampton, MA 1060.0, United States",73P9Z9TGZZ,Delivered,6.0,1.75,4.75
Cedar Chest,Community Is Resistance Sticker,Community Is Resistance Sticker,"Stickers, pins, & magnets",2026-01-23,10.5,Northampton,MA,"Northampton, MA",150 Main Street,,1060.0,United States,"150 Main Street, Northampton, MA 1060.0, United States",73P9Z9TGZZ,Delivered,6.0,1.75,4.75
Cedar Chest,Burn The Patriarchy Sticker,Burn The Patriarchy Sticker,"Stickers, pins, & magnets",2026-01-23,10.5,Northampton,MA,"Northampton, MA",150 Main Street,,1060.0,United States,"150 Main Street, Northampton, MA 1060.0, United States",73P9Z9TGZZ,Delivered,6.0,1.75,4.75
Cedar Chest,Radicalized By Basic Decency Floral Tote Bag,Radicalized By Basic Decency Floral Tote Bag,"Stickers, pins, & magnets",2026-01-23,30.0,Northampton,MA,"Northampton, MA",150 Main Street,,1060.0,United States,"150 Main Street, Northampton, MA 1060.0, United States",73P9Z9TGZZ,Delivered,3.0,10.0,20.0
Cedar Chest,Spooky Liberal Feminist Witch Sticker,Spooky Liberal Feminist Witch Sticker,"Stickers, pins, & magnets",2026-01-23,10.5,Northampton,MA,"Northampton, MA",150 Main Street,,1060.0,United States,"150 Main Street, Northampton, MA 1060.0, United States",73P9Z9TGZZ,Delivered,6.0,1.75,4.75
Cedar Chest,Do You Have Any Fucks? Not Even One Girl. Go Fish Tote Bag,Do You Have Any Fucks? Not Even One Girl. Go Fish Tote Bag,"Stickers, pins, & magnets",2026-01-23,30.0,Northampton,MA,"Northampton, MA",150 Main Street,,1060.0,United States,"150 Main Street, Northampton, MA 1060.0, United States",73P9Z9TGZZ,Delivered,3.0,10.0,20.0
Gather & Collect,Regulate Dick Not Jane Button,Regulate Dick Not Jane Button,"Stickers, pins, & magnets",2026-01-23,22.5,Glen Ellyn,IL,"Glen Ellyn, IL",501 Pennsylvania Avenue,,60137.0,United States,"501 Pennsylvania Avenue, Glen Ellyn, IL 60137.0, United States",GP78PYP99Y,Delivered,18.0,1.25,2.75
Gather & Collect,What's More Punk Than The Public Library Sticker,What's More Punk Than The Public Library Sticker,"Stickers, pins, & magnets",2026-01-23,21.0,Glen Ellyn,IL,"Glen Ellyn, IL",501 Pennsylvania Avenue,,60137.0,United States,"501 Pennsylvania Avenue, Glen Ellyn, IL 60137.0, United States",GP78PYP99Y,Delivered,12.0,1.75,4.75
Gather & Collect,Dumpster Fire Response Team Member Pen,Dumpster Fire Response Team Member Pen,Stationery & writing,2026-01-23,15.3,Glen Ellyn,IL,"Glen Ellyn, IL",501 Pennsylvania Avenue,,60137.0,United States,"501 Pennsylvania Avenue, Glen Ellyn, IL 60137.0, United States",GP78PYP99Y,Delivered,18.0,0.85,2.75
Gather & Collect,If Explosive Diarrhea Was A Person Button,If Explosive Diarrhea Was A Person Button,"Stickers, pins, & magnets",2026-01-23,36.0,Glen Ellyn,IL,"Glen Ellyn, IL",501 Pennsylvania Avenue,,60137.0,United States,"501 Pennsylvania Avenue, Glen Ellyn, IL 60137.0, United States",GP78PYP99Y,Delivered,36.0,1.0,2.75
Gather & Collect,Community Is Resistance Sticker,Community Is Resistance Sticker,"Stickers, pins, & magnets",2026-01-23,28.0,Glen Ellyn,IL,"Glen Ellyn, IL",501 Pennsylvania Avenue,,60137.0,United States,"501 Pennsylvania Avenue, Glen Ellyn, IL 60137.0, United States",GP78PYP99Y,Delivered,16.0,1.75,4.75
Gather & Collect,What's More Punk Than The Public Library Button,What's More Punk Than The Public Library Button,"Stickers, pins, & magnets",2026-01-23,18.0,Glen Ellyn,IL,"Glen Ellyn, IL",501 Pennsylvania Avenue,,60137.0,United States,"501 Pennsylvania Avenue, Glen Ellyn, IL 60137.0, United States",GP78PYP99Y,Delivered,18.0,1.0,2.75
Gather & Collect,Read Banned Books Tote Bag,Read Banned Books Tote Bag,Stationery & writing,2026-01-23,30.0,Glen Ellyn,IL,"Glen Ellyn, IL",501 Pennsylvania Avenue,,60137.0,United States,"501 Pennsylvania Avenue, Glen Ellyn, IL 60137.0, United States",GP78PYP99Y,Delivered,3.0,10.0,20.0
Gather & Collect,Public Service Announcement Say No To Hate Tote Bag,Public Service Announcement Say No To Hate Tote Bag,Men's accessories,2026-01-23,30.0,Glen Ellyn,IL,"Glen Ellyn, IL",501 Pennsylvania Avenue,,60137.0,United States,"501 Pennsylvania Avenue, Glen Ellyn, IL 60137.0, United States",GP78PYP99Y,Delivered,3.0,10.0,20.0
Gather & Collect,Free Societies Protect Public Education Tote Bag,Free Societies Protect Public Education Tote Bag,Men's accessories,2026-01-23,30.0,Glen Ellyn,IL,"Glen Ellyn, IL",501 Pennsylvania Avenue,,60137.0,United States,"501 Pennsylvania Avenue, Glen Ellyn, IL 60137.0, United States",GP78PYP99Y,Delivered,3.0,10.0,20.0
Gather & Collect,You've Just Buttered Your Last Biscuit Tote Bag,You've Just Buttered Your Last Biscuit Tote Bag,"Stickers, pins, & magnets",2026-01-23,60.0,Glen Ellyn,IL,"Glen Ellyn, IL",501 Pennsylvania Avenue,,60137.0,United States,"501 Pennsylvania Avenue, Glen Ellyn, IL 60137.0, United States",GP78PYP99Y,Delivered,6.0,10.0,20.0
Gather & Collect,Disappointed But Not Surprised Pen,Disappointed But Not Surprised Pen,Stationery & writing,2026-01-23,29.75,Glen Ellyn,IL,"Glen Ellyn, IL",501 Pennsylvania Avenue,,60137.0,United States,"501 Pennsylvania Avenue, Glen Ellyn, IL 60137.0, United States",GP78PYP99Y,Delivered,35.0,0.85,2.75
Gather & Collect,On My Way To Get More Trinkets And Knick Knacks Glitter Sticker,On My Way To Get More Trinkets And Knick Knacks Glitter Sticker,"Stickers, pins, & magnets",2026-01-23,10.5,Glen Ellyn,IL,"Glen Ellyn, IL",501 Pennsylvania Avenue,,60137.0,United States,"501 Pennsylvania Avenue, Glen Ellyn, IL 60137.0, United States",GP78PYP99Y,Delivered,6.0,1.75,4.75
Gather & Collect,Disappointments All Of You Sticker,Disappointments All Of You Sticker,"Stickers, pins, & magnets",2026-01-23,21.0,Glen Ellyn,IL,"Glen Ellyn, IL",501 Pennsylvania Avenue,,60137.0,United States,"501 Pennsylvania Avenue, Glen Ellyn, IL 60137.0, United States",GP78PYP99Y,Delivered,12.0,1.75,4.75
Gather & Collect,Be Brave Be Loud And Look Out For Others Sticker,Be Brave Be Loud And Look Out For Others Sticker,"Stickers, pins, & magnets",2026-01-23,21.0,Glen Ellyn,IL,"Glen Ellyn, IL",501 Pennsylvania Avenue,,60137.0,United States,"501 Pennsylvania Avenue, Glen Ellyn, IL 60137.0, United States",GP78PYP99Y,Delivered,12.0,1.75,4.75
Gather & Collect,Have The Day You Voted For Button,Have The Day You Voted For Button,"Stickers, pins, & magnets",2026-01-23,18.0,Glen Ellyn,IL,"Glen Ellyn, IL",501 Pennsylvania Avenue,,60137.0,United States,"501 Pennsylvania Avenue, Glen Ellyn, IL 60137.0, United States",GP78PYP99Y,Delivered,18.0,1.0,2.75
Gather & Collect,Caring About People Is Not Political Button,Caring About People Is Not Political Button,"Stickers, pins, & magnets",2026-01-23,24.0,Glen Ellyn,IL,"Glen Ellyn, IL",501 Pennsylvania Avenue,,60137.0,United States,"501 Pennsylvania Avenue, Glen Ellyn, IL 60137.0, United States",GP78PYP99Y,Delivered,24.0,1.0,2.75
Gather & Collect,You've Just Buttered Your Last Biscuit Sticker,You've Just Buttered Your Last Biscuit Sticker,"Stickers, pins, & magnets",2026-01-23,21.0,Glen Ellyn,IL,"Glen Ellyn, IL",501 Pennsylvania Avenue,,60137.0,United States,"501 Pennsylvania Avenue, Glen Ellyn, IL 60137.0, United States",GP78PYP99Y,Delivered,12.0,1.75,4.75
VAIN,Black Cat Middle Finger Sticker,Black Cat Middle Finger Sticker,"Stickers, pins, & magnets",2026-01-23,14.0,Seattle,WA,"Seattle, WA",4513 California Avenue Southwest,,98116.0,United States,"4513 California Avenue Southwest, Seattle, WA 98116.0, United States",6N3YEZ5BBV,Delivered,8.0,1.75,4.75
VAIN,Girls Will Be Girls Sticker,Girls Will Be Girls Sticker,"Stickers, pins, & magnets",2026-01-23,10.5,Seattle,WA,"Seattle, WA",4513 California Avenue Southwest,,98116.0,United States,"4513 California Avenue Southwest, Seattle, WA 98116.0, United States",6N3YEZ5BBV,Delivered,6.0,1.75,4.75
VAIN,Educate Your Son Sticker,Educate Your Son Sticker,"Stickers, pins, & magnets",2026-01-23,10.5,Seattle,WA,"Seattle, WA",4513 California Avenue Southwest,,98116.0,United States,"4513 California Avenue Southwest, Seattle, WA 98116.0, United States",6N3YEZ5BBV,Delivered,6.0,1.75,4.75
VAIN,"Pro Choice, Pro Love, Pro Science, Pro Women Sticker","Pro Choice, Pro Love, Pro Science, Pro Women Sticker","Stickers, pins, & magnets",2026-01-23,10.5,Seattle,WA,"Seattle, WA",4513 California Avenue Southwest,,98116.0,United States,"4513 California Avenue Southwest, Seattle, WA 98116.0, United States",6N3YEZ5BBV,Delivered,6.0,1.75,4.75
VAIN,No One Is Illegal On Stolen Land Sticker,No One Is Illegal On Stolen Land Sticker,"Stickers, pins, & magnets",2026-01-23,10.5,Seattle,WA,"Seattle, WA",4513 California Avenue Southwest,,98116.0,United States,"4513 California Avenue Southwest, Seattle, WA 98116.0, United States",6N3YEZ5BBV,Delivered,6.0,1.75,4.75
VAIN,Radicalized By Basic Decency Floral Sticker,Radicalized By Basic Decency Floral Sticker,"Stickers, pins, & magnets",2026-01-23,10.5,Seattle,WA,"Seattle, WA",4513 California Avenue Southwest,,98116.0,United States,"4513 California Avenue Southwest, Seattle, WA 98116.0, United States",6N3YEZ5BBV,Delivered,6.0,1.75,4.75
VAIN,Pickles Heart Glitter Sticker,Pickles Heart Glitter Sticker,"Stickers, pins, & magnets",2026-01-23,10.5,Seattle,WA,"Seattle, WA",4513 California Avenue Southwest,,98116.0,United States,"4513 California Avenue Southwest, Seattle, WA 98116.0, United States",6N3YEZ5BBV,Delivered,6.0,1.75,4.75
VAIN,Girls Will Be Girls Sticker,Girls Will Be Girls Sticker,"Stickers, pins, & magnets",2026-01-23,10.5,Seattle,WA,"Seattle, WA",4513 California Avenue Southwest,,98116.0,United States,"4513 California Avenue Southwest, Seattle, WA 98116.0, United States",6N3YEZ5BBV,Delivered,6.0,1.75,4.75
VAIN,Fuck The Patriarchy Sticker,Fuck The Patriarchy Sticker,"Stickers, pins, & magnets",2026-01-23,10.5,Seattle,WA,"Seattle, WA",4513 California Avenue Southwest,,98116.0,United States,"4513 California Avenue Southwest, Seattle, WA 98116.0, United States",6N3YEZ5BBV,Delivered,6.0,1.75,4.25
VAIN,Sorry I Can't Go I'm An Indoor Cat Glitter Sticker,Sorry I Can't Go I'm An Indoor Cat Glitter Sticker,"Stickers, pins, & magnets",2026-01-23,10.5,Seattle,WA,"Seattle, WA",4513 California Avenue Southwest,,98116.0,United States,"4513 California Avenue Southwest, Seattle, WA 98116.0, United States",6N3YEZ5BBV,Delivered,6.0,1.75,4.75
VAIN,F*ck Them Boats Orca Sticker,F*ck Them Boats Orca Sticker,"Stickers, pins, & magnets",2026-01-23,14.0,Seattle,WA,"Seattle, WA",4513 California Avenue Southwest,,98116.0,United States,"4513 California Avenue Southwest, Seattle, WA 98116.0, United States",6N3YEZ5BBV,Delivered,8.0,1.75,4.25
VAIN,Don't Be A Dick Sticker,Don't Be A Dick Sticker,"Stickers, pins, & magnets",2026-01-23,14.0,Seattle,WA,"Seattle, WA",4513 California Avenue Southwest,,98116.0,United States,"4513 California Avenue Southwest, Seattle, WA 98116.0, United States",6N3YEZ5BBV,Delivered,8.0,1.75,4.75
VAIN,Pathetic Sticker,Pathetic Sticker,"Stickers, pins, & magnets",2026-01-23,14.0,Seattle,WA,"Seattle, WA",4513 California Avenue Southwest,,98116.0,United States,"4513 California Avenue Southwest, Seattle, WA 98116.0, United States",6N3YEZ5BBV,Delivered,8.0,1.75,4.75
VAIN,Burn The Patriarchy Sticker,Burn The Patriarchy Sticker,"Stickers, pins, & magnets",2026-01-23,14.0,Seattle,WA,"Seattle, WA",4513 California Avenue Southwest,,98116.0,United States,"4513 California Avenue Southwest, Seattle, WA 98116.0, United States",6N3YEZ5BBV,Delivered,8.0,1.75,4.75
VAIN,Let's Be Better Humans Sticker,Let's Be Better Humans Sticker,"Stickers, pins, & magnets",2026-01-23,14.0,Seattle,WA,"Seattle, WA",4513 California Avenue Southwest,,98116.0,United States,"4513 California Avenue Southwest, Seattle, WA 98116.0, United States",6N3YEZ5BBV,Delivered,8.0,1.75,6.5
VAIN,Resist Sticker,Resist Sticker,"Stickers, pins, & magnets",2026-01-23,14.0,Seattle,WA,"Seattle, WA",4513 California Avenue Southwest,,98116.0,United States,"4513 California Avenue Southwest, Seattle, WA 98116.0, United States",6N3YEZ5BBV,Delivered,8.0,1.75,4.75
VAIN,The Only Minority Destroying This Country Are The Billionaires Sticker,The Only Minority Destroying This Country Are The Billionaires Sticker,"Stickers, pins, & magnets",2026-01-23,14.0,Seattle,WA,"Seattle, WA",4513 California Avenue Southwest,,98116.0,United States,"4513 California Avenue Southwest, Seattle, WA 98116.0, United States",6N3YEZ5BBV,Delivered,8.0,1.75,4.75
WomanMade Products,Big Fan Of Human Rights Tote Bag,Big Fan Of Human Rights Tote Bag,"Stickers, pins, & magnets",2026-01-23,30.0,Seneca Falls,NY,"Seneca Falls, NY",91 Fall Street,,13148.0,United States,"91 Fall Street, Seneca Falls, NY 13148.0, United States",KXGFS6K32U,Delivered,3.0,10.0,20.0
WomanMade Products,Community Is Resistance Sticker,Community Is Resistance Sticker,"Stickers, pins, & magnets",2026-01-23,10.5,Seneca Falls,NY,"Seneca Falls, NY",91 Fall Street,,13148.0,United States,"91 Fall Street, Seneca Falls, NY 13148.0, United States",KXGFS6K32U,Delivered,6.0,1.75,4.75
WomanMade Products,Let's Be Better Humans Sticker,Let's Be Better Humans Sticker,"Stickers, pins, & magnets",2026-01-23,10.5,Seneca Falls,NY,"Seneca Falls, NY",91 Fall Street,,13148.0,United States,"91 Fall Street, Seneca Falls, NY 13148.0, United States",KXGFS6K32U,Delivered,6.0,1.75,6.5
WomanMade Products,Girls Will Be Girls Sticker,Girls Will Be Girls Sticker,"Stickers, pins, & magnets",2026-01-23,10.5,Seneca Falls,NY,"Seneca Falls, NY",91 Fall Street,,13148.0,United States,"91 Fall Street, Seneca Falls, NY 13148.0, United States",KXGFS6K32U,Delivered,6.0,1.75,4.75
WomanMade Products,Educate Your Son Sticker,Educate Your Son Sticker,"Stickers, pins, & magnets",2026-01-23,10.5,Seneca Falls,NY,"Seneca Falls, NY",91 Fall Street,,13148.0,United States,"91 Fall Street, Seneca Falls, NY 13148.0, United States",KXGFS6K32U,Delivered,6.0,1.75,4.75
WomanMade Products,Resist Sticker,Resist Sticker,"Stickers, pins, & magnets",2026-01-23,10.5,Seneca Falls,NY,"Seneca Falls, NY",91 Fall Street,,13148.0,United States,"91 Fall Street, Seneca Falls, NY 13148.0, United States",KXGFS6K32U,Delivered,6.0,1.75,4.75
WomanMade Products,Manifesting The Revolution Sticker,Manifesting The Revolution Sticker,"Stickers, pins, & magnets",2026-01-23,10.5,Seneca Falls,NY,"Seneca Falls, NY",91 Fall Street,,13148.0,United States,"91 Fall Street, Seneca Falls, NY 13148.0, United States",KXGFS6K32U,Delivered,6.0,1.75,4.75
WomanMade Products,Cool Girls Know History Sticker,Cool Girls Know History Sticker,"Stickers, pins, & magnets",2026-01-23,10.5,Seneca Falls,NY,"Seneca Falls, NY",91 Fall Street,,13148.0,United States,"91 Fall Street, Seneca Falls, NY 13148.0, United States",KXGFS6K32U,Delivered,6.0,1.75,4.25
WomanMade Products,The Only Minority Destroying This Country Are The Billionaires Sticker,The Only Minority Destroying This Country Are The Billionaires Sticker,"Stickers, pins, & magnets",2026-01-23,10.5,Seneca Falls,NY,"Seneca Falls, NY",91 Fall Street,,13148.0,United States,"91 Fall Street, Seneca Falls, NY 13148.0, United States",KXGFS6K32U,Delivered,6.0,1.75,4.75
WomanMade Products,"Pro Choice, Pro Love, Pro Science, Pro Women Sticker","Pro Choice, Pro Love, Pro Science, Pro Women Sticker","Stickers, pins, & magnets",2026-01-23,10.5,Seneca Falls,NY,"Seneca Falls, NY",91 Fall Street,,13148.0,United States,"91 Fall Street, Seneca Falls, NY 13148.0, United States",KXGFS6K32U,Delivered,6.0,1.75,4.75
WomanMade Products,Read Banned Books Tote Bag,Read Banned Books Tote Bag,Stationery & writing,2026-01-23,30.0,Seneca Falls,NY,"Seneca Falls, NY",91 Fall Street,,13148.0,United States,"91 Fall Street, Seneca Falls, NY 13148.0, United States",KXGFS6K32U,Delivered,3.0,10.0,20.0
WomanMade Products,No One Is Illegal On Stolen Land Sticker,No One Is Illegal On Stolen Land Sticker,"Stickers, pins, & magnets",2026-01-23,10.5,Seneca Falls,NY,"Seneca Falls, NY",91 Fall Street,,13148.0,United States,"91 Fall Street, Seneca Falls, NY 13148.0, United States",KXGFS6K32U,Delivered,6.0,1.75,4.75
WomanMade Products,Read Banned Books Sticker,Read Banned Books Sticker,"Stickers, pins, & magnets",2026-01-23,10.5,Seneca Falls,NY,"Seneca Falls, NY",91 Fall Street,,13148.0,United States,"91 Fall Street, Seneca Falls, NY 13148.0, United States",KXGFS6K32U,Delivered,6.0,1.75,4.75
WomanMade Products,Justifiably Furious Tote Bag,Justifiably Furious Tote Bag,"Stickers, pins, & magnets",2026-01-23,30.0,Seneca Falls,NY,"Seneca Falls, NY",91 Fall Street,,13148.0,United States,"91 Fall Street, Seneca Falls, NY 13148.0, United States",KXGFS6K32U,Delivered,3.0,10.0,20.0
WomanMade Products,Read Books And Fight The Patriarchy Tote Bag,Read Books And Fight The Patriarchy Tote Bag,Stationery & writing,2026-01-23,30.0,Seneca Falls,NY,"Seneca Falls, NY",91 Fall Street,,13148.0,United States,"91 Fall Street, Seneca Falls, NY 13148.0, United States",KXGFS6K32U,Delivered,3.0,10.0,20.0
WomanMade Products,Caring About People Is Not Political Tote Bag,Caring About People Is Not Political Tote Bag,"Stickers, pins, & magnets",2026-01-23,30.0,Seneca Falls,NY,"Seneca Falls, NY",91 Fall Street,,13148.0,United States,"91 Fall Street, Seneca Falls, NY 13148.0, United States",KXGFS6K32U,Delivered,3.0,10.0,20.0
WomanMade Products,Spooky Liberal Feminist Witch Tote Bag,Spooky Liberal Feminist Witch Tote Bag,"Stickers, pins, & magnets",2026-01-23,30.0,Seneca Falls,NY,"Seneca Falls, NY",91 Fall Street,,13148.0,United States,"91 Fall Street, Seneca Falls, NY 13148.0, United States",KXGFS6K32U,Delivered,3.0,10.0,20.0
Whimsy's Books,"Do You Have Any Fucks? Not Even One, Girl. Go Fish. Sticker","Do You Have Any Fucks? Not Even One, Girl. Go Fish. Sticker","Stickers, pins, & magnets",2026-01-23,10.5,Berea,KY,"Berea, KY",204 Estill Street,,40403.0,United States,"204 Estill Street, Berea, KY 40403.0, United States",VKQ6R9WMRF,Delivered,6.0,1.75,4.75
Whimsy's Books,Radicalized By Basic Decency Floral Sticker,Radicalized By Basic Decency Floral Sticker,"Stickers, pins, & magnets",2026-01-23,10.5,Berea,KY,"Berea, KY",204 Estill Street,,40403.0,United States,"204 Estill Street, Berea, KY 40403.0, United States",VKQ6R9WMRF,Delivered,6.0,1.75,4.75
Whimsy's Books,Compost The Patriarchy Sticker,Compost The Patriarchy Sticker,"Stickers, pins, & magnets",2026-01-23,10.5,Berea,KY,"Berea, KY",204 Estill Street,,40403.0,United States,"204 Estill Street, Berea, KY 40403.0, United States",VKQ6R9WMRF,Delivered,6.0,1.75,4.75
Whimsy's Books,Caring About People Is Not Political Sticker,Caring About People Is Not Political Sticker,"Stickers, pins, & magnets",2026-01-23,10.5,Berea,KY,"Berea, KY",204 Estill Street,,40403.0,United States,"204 Estill Street, Berea, KY 40403.0, United States",VKQ6R9WMRF,Delivered,6.0,1.75,4.75
Whimsy's Books,Community Is Resistance Sticker,Community Is Resistance Sticker,"Stickers, pins, & magnets",2026-01-23,14.0,Berea,KY,"Berea, KY",204 Estill Street,,40403.0,United States,"204 Estill Street, Berea, KY 40403.0, United States",VKQ6R9WMRF,Delivered,8.0,1.75,4.75
Whimsy's Books,Be Brave Be Loud And Look Out For Others Sticker,Be Brave Be Loud And Look Out For Others Sticker,"Stickers, pins, & magnets",2026-01-23,10.5,Berea,KY,"Berea, KY",204 Estill Street,,40403.0,United States,"204 Estill Street, Berea, KY 40403.0, United States",VKQ6R9WMRF,Delivered,6.0,1.75,4.75
Whimsy's Books,Resist Floral Sticker,Resist Floral Sticker,"Stickers, pins, & magnets",2026-01-23,10.5,Berea,KY,"Berea, KY",204 Estill Street,,40403.0,United States,"204 Estill Street, Berea, KY 40403.0, United States",VKQ6R9WMRF,Delivered,6.0,1.75,4.75
Whimsy's Books,Just Be A Good Human Glitter Sticker,Just Be A Good Human Glitter Sticker,"Stickers, pins, & magnets",2026-01-23,10.5,Berea,KY,"Berea, KY",204 Estill Street,,40403.0,United States,"204 Estill Street, Berea, KY 40403.0, United States",VKQ6R9WMRF,Delivered,6.0,1.75,4.75
Whimsy's Books,Shoutout To Everyone That Wanted To Read Their Book Today But Had To Adult Instead Glitter Sticker,Shoutout To Everyone That Wanted To Read Their Book Today But Had To Adult Instead Glitter Sticker,"Stickers, pins, & magnets",2026-01-23,10.5,Berea,KY,"Berea, KY",204 Estill Street,,40403.0,United States,"204 Estill Street, Berea, KY 40403.0, United States",VKQ6R9WMRF,Delivered,6.0,1.75,4.75
Whimsy's Books,The Hell I Won't Sticker,The Hell I Won't Sticker,"Stickers, pins, & magnets",2026-01-23,10.5,Berea,KY,"Berea, KY",204 Estill Street,,40403.0,United States,"204 Estill Street, Berea, KY 40403.0, United States",VKQ6R9WMRF,Delivered,6.0,1.75,4.75
Whimsy's Books,No Human Is Illegal Glitter Sticker,No Human Is Illegal Glitter Sticker,"Stickers, pins, & magnets",2026-01-23,10.5,Berea,KY,"Berea, KY",204 Estill Street,,40403.0,United States,"204 Estill Street, Berea, KY 40403.0, United States",VKQ6R9WMRF,Delivered,6.0,1.75,4.75
Whimsy's Books,Literacy and Justice For All Sticker,Literacy and Justice For All Sticker,"Stickers, pins, & magnets",2026-01-23,10.5,Berea,KY,"Berea, KY",204 Estill Street,,40403.0,United States,"204 Estill Street, Berea, KY 40403.0, United States",VKQ6R9WMRF,Delivered,6.0,1.75,4.75
"I Love Books, Inc.",Girl Power Glitter Sticker,Girl Power Glitter Sticker,"Stickers, pins, & magnets",2026-01-23,10.5,Delmar,NY,"Delmar, NY",380 Delaware Ave,,12054.0,United States,"380 Delaware Ave, Delmar, NY 12054.0, United States",9U6PZJ7NK9,Delivered,6.0,1.75,4.75
"I Love Books, Inc.",Be Nice To Me I'm Anxious Glitter Sticker,Be Nice To Me I'm Anxious Glitter Sticker,"Stickers, pins, & magnets",2026-01-23,10.5,Delmar,NY,"Delmar, NY",380 Delaware Ave,,12054.0,United States,"380 Delaware Ave, Delmar, NY 12054.0, United States",9U6PZJ7NK9,Delivered,6.0,1.75,4.75
"I Love Books, Inc.",Lover Of Cancelled Plans Glitter Sticker,Lover Of Cancelled Plans Glitter Sticker,"Stickers, pins, & magnets",2026-01-23,10.5,Delmar,NY,"Delmar, NY",380 Delaware Ave,,12054.0,United States,"380 Delaware Ave, Delmar, NY 12054.0, United States",9U6PZJ7NK9,Delivered,6.0,1.75,4.75
"I Love Books, Inc.",Publicly Shame Racists Button,Publicly Shame Racists Button,"Stickers, pins, & magnets",2026-01-23,3.75,Delmar,NY,"Delmar, NY",380 Delaware Ave,,12054.0,United States,"380 Delaware Ave, Delmar, NY 12054.0, United States",9U6PZJ7NK9,Delivered,3.0,1.25,2.75
"I Love Books, Inc.",Your Lack Of Empathy Is Not The Flex You Think It Is Glitter Sticker,Your Lack Of Empathy Is Not The Flex You Think It Is Glitter Sticker,"Stickers, pins, & magnets",2026-01-23,10.5,Delmar,NY,"Delmar, NY",380 Delaware Ave,,12054.0,United States,"380 Delaware Ave, Delmar, NY 12054.0, United States",9U6PZJ7NK9,Delivered,6.0,1.75,4.75
"I Love Books, Inc.",Girls Will Be Girls Sticker,Girls Will Be Girls Sticker,"Stickers, pins, & magnets",2026-01-23,10.5,Delmar,NY,"Delmar, NY",380 Delaware Ave,,12054.0,United States,"380 Delaware Ave, Delmar, NY 12054.0, United States",9U6PZJ7NK9,Delivered,6.0,1.75,4.75
"I Love Books, Inc.",Shoutout To Everyone That Wanted To Read Their Book Today But Had To Adult Instead Glitter Sticker,Shoutout To Everyone That Wanted To Read Their Book Today But Had To Adult Instead Glitter Sticker,"Stickers, pins, & magnets",2026-01-23,10.5,Delmar,NY,"Delmar, NY",380 Delaware Ave,,12054.0,United States,"380 Delaware Ave, Delmar, NY 12054.0, United States",9U6PZJ7NK9,Delivered,6.0,1.75,4.75
"I Love Books, Inc.",Manifesting The Revolution Sticker,Manifesting The Revolution Sticker,"Stickers, pins, & magnets",2026-01-23,10.5,Delmar,NY,"Delmar, NY",380 Delaware Ave,,12054.0,United States,"380 Delaware Ave, Delmar, NY 12054.0, United States",9U6PZJ7NK9,Delivered,6.0,1.75,4.75
"I Love Books, Inc.",The Bookstore So Many Books So Little Time Glitter Sticker,The Bookstore So Many Books So Little Time Glitter Sticker,"Stickers, pins, & magnets",2026-01-23,10.5,Delmar,NY,"Delmar, NY",380 Delaware Ave,,12054.0,United States,"380 Delaware Ave, Delmar, NY 12054.0, United States",9U6PZJ7NK9,Delivered,6.0,1.75,4.75
"I Love Books, Inc.",Awake But At What Cost Sticker,Awake But At What Cost Sticker,"Stickers, pins, & magnets",2026-01-23,10.5,Delmar,NY,"Delmar, NY",380 Delaware Ave,,12054.0,United States,"380 Delaware Ave, Delmar, NY 12054.0, United States",9U6PZJ7NK9,Delivered,6.0,1.75,4.75
"I Love Books, Inc.",No One Is Illegal On Stolen Land Sticker,No One Is Illegal On Stolen Land Sticker,"Stickers, pins, & magnets",2026-01-23,10.5,Delmar,NY,"Delmar, NY",380 Delaware Ave,,12054.0,United States,"380 Delaware Ave, Delmar, NY 12054.0, United States",9U6PZJ7NK9,Delivered,6.0,1.75,4.75
"I Love Books, Inc.",On My Way To Get More Trinkets And Knick Knacks Glitter Sticker,On My Way To Get More Trinkets And Knick Knacks Glitter Sticker,"Stickers, pins, & magnets",2026-01-23,10.5,Delmar,NY,"Delmar, NY",380 Delaware Ave,,12054.0,United States,"380 Delaware Ave, Delmar, NY 12054.0, United States",9U6PZJ7NK9,Delivered,6.0,1.75,4.75
"I Love Books, Inc.",The Road To Fascism Is Paved With The People That Told You To Stop Overreacting Holographic Sticker,The Road To Fascism Is Paved With The People That Told You To Stop Overreacting Holographic Sticker,"Stickers, pins, & magnets",2026-01-23,10.5,Delmar,NY,"Delmar, NY",380 Delaware Ave,,12054.0,United States,"380 Delaware Ave, Delmar, NY 12054.0, United States",9U6PZJ7NK9,Delivered,6.0,1.75,4.75
"I Love Books, Inc.",Leaving Reality Entering Fiction Tote Bag,Leaving Reality Entering Fiction Tote Bag,"Stickers, pins, & magnets",2026-01-23,30.0,Delmar,NY,"Delmar, NY",380 Delaware Ave,,12054.0,United States,"380 Delaware Ave, Delmar, NY 12054.0, United States",9U6PZJ7NK9,Delivered,3.0,10.0,20.0
"I Love Books, Inc.",Please Hesitate To Reach Out To Me Sticker (2 colors available),Please Hesitate To Reach Out To Me Sticker (2 colors available),"Stickers, pins, & magnets",2026-01-23,10.5,Delmar,NY,"Delmar, NY",380 Delaware Ave,,12054.0,United States,"380 Delaware Ave, Delmar, NY 12054.0, United States",9U6PZJ7NK9,Delivered,6.0,1.75,4.75
"I Love Books, Inc.",Free Societies Protect Public Education Tote Bag,Free Societies Protect Public Education Tote Bag,Men's accessories,2026-01-23,30.0,Delmar,NY,"Delmar, NY",380 Delaware Ave,,12054.0,United States,"380 Delaware Ave, Delmar, NY 12054.0, United States",9U6PZJ7NK9,Delivered,3.0,10.0,20.0
"I Love Books, Inc.",Wheel of Emotions Sticker,Wheel of Emotions Sticker,"Stickers, pins, & magnets",2026-01-23,10.5,Delmar,NY,"Delmar, NY",380 Delaware Ave,,12054.0,United States,"380 Delaware Ave, Delmar, NY 12054.0, United States",9U6PZJ7NK9,Delivered,6.0,1.75,4.75
"I Love Books, Inc.",The Hell I Won't Sticker,The Hell I Won't Sticker,"Stickers, pins, & magnets",2026-01-23,10.5,Delmar,NY,"Delmar, NY",380 Delaware Ave,,12054.0,United States,"380 Delaware Ave, Delmar, NY 12054.0, United States",9U6PZJ7NK9,Delivered,6.0,1.75,4.75
"I Love Books, Inc.",Caring About People Is Not Political Button,Caring About People Is Not Political Button,"Stickers, pins, & magnets",2026-01-23,5.0,Delmar,NY,"Delmar, NY",380 Delaware Ave,,12054.0,United States,"380 Delaware Ave, Delmar, NY 12054.0, United States",9U6PZJ7NK9,Delivered,5.0,1.0,2.75
"I Love Books, Inc.",Make Orwell Fiction Again Sticker,Make Orwell Fiction Again Sticker,"Stickers, pins, & magnets",2026-01-23,10.5,Delmar,NY,"Delmar, NY",380 Delaware Ave,,12054.0,United States,"380 Delaware Ave, Delmar, NY 12054.0, United States",9U6PZJ7NK9,Delivered,6.0,1.75,4.75
"I Love Books, Inc.",Strawberry Candy Holographic Sticker,Strawberry Candy Holographic Sticker,"Stickers, pins, & magnets",2026-01-23,10.5,Delmar,NY,"Delmar, NY",380 Delaware Ave,,12054.0,United States,"380 Delaware Ave, Delmar, NY 12054.0, United States",9U6PZJ7NK9,Delivered,6.0,1.75,4.75
"I Love Books, Inc.",Raccoon Fairy Holographic Sticker,Raccoon Fairy Holographic Sticker,"Stickers, pins, & magnets",2026-01-23,10.5,Delmar,NY,"Delmar, NY",380 Delaware Ave,,12054.0,United States,"380 Delaware Ave, Delmar, NY 12054.0, United States",9U6PZJ7NK9,Delivered,6.0,1.75,4.75
"I Love Books, Inc.",No Human Is Illegal Glitter Sticker,No Human Is Illegal Glitter Sticker,"Stickers, pins, & magnets",2026-01-23,10.5,Delmar,NY,"Delmar, NY",380 Delaware Ave,,12054.0,United States,"380 Delaware Ave, Delmar, NY 12054.0, United States",9U6PZJ7NK9,Delivered,6.0,1.75,4.75
"I Love Books, Inc.",Pickles Heart Glitter Sticker,Pickles Heart Glitter Sticker,"Stickers, pins, & magnets",2026-01-23,10.5,Delmar,NY,"Delmar, NY",380 Delaware Ave,,12054.0,United States,"380 Delaware Ave, Delmar, NY 12054.0, United States",9U6PZJ7NK9,Delivered,6.0,1.75,4.75
"I Love Books, Inc.","Sorry If I'm Mean, I'm Overstimulated Right Now Sticker","Sorry If I'm Mean, I'm Overstimulated Right Now Sticker","Stickers, pins, & magnets",2026-01-23,10.5,Delmar,NY,"Delmar, NY",380 Delaware Ave,,12054.0,United States,"380 Delaware Ave, Delmar, NY 12054.0, United States",9U6PZJ7NK9,Delivered,6.0,1.75,4.75
"I Love Books, Inc.",For The Fuckteenth Time Pen,For The Fuckteenth Time Pen,Stationery & writing,2026-01-23,1.7,Delmar,NY,"Delmar, NY",380 Delaware Ave,,12054.0,United States,"380 Delaware Ave, Delmar, NY 12054.0, United States",9U6PZJ7NK9,Delivered,2.0,0.85,2.75
"I Love Books, Inc.",Princess Fairy Mouse Sticker,Princess Fairy Mouse Sticker,"Stickers, pins, & magnets",2026-01-23,10.5,Delmar,NY,"Delmar, NY",380 Delaware Ave,,12054.0,United States,"380 Delaware Ave, Delmar, NY 12054.0, United States",9U6PZJ7NK9,Delivered,6.0,1.75,4.75
"I Love Books, Inc.","When You Can Be Anything You Want, An Asshole Seems To Be A Really Odd Choice Glitter Sticker","When You Can Be Anything You Want, An Asshole Seems To Be A Really Odd Choice Glitter Sticker","Stickers, pins, & magnets",2026-01-23,10.5,Delmar,NY,"Delmar, NY",380 Delaware Ave,,12054.0,United States,"380 Delaware Ave, Delmar, NY 12054.0, United States",9U6PZJ7NK9,Delivered,6.0,1.75,4.75
"I Love Books, Inc.",Surprise Mini Troll,Surprise Mini Troll,"Stickers, pins, & magnets",2026-01-23,12.0,Delmar,NY,"Delmar, NY",380 Delaware Ave,,12054.0,United States,"380 Delaware Ave, Delmar, NY 12054.0, United States",9U6PZJ7NK9,Delivered,20.0,0.6,1.5
"I Love Books, Inc.",If You Are Neutral In Situations Of Injustice Tote Bag,If You Are Neutral In Situations Of Injustice Tote Bag,"Stickers, pins, & magnets",2026-01-23,30.0,Delmar,NY,"Delmar, NY",380 Delaware Ave,,12054.0,United States,"380 Delaware Ave, Delmar, NY 12054.0, United States",9U6PZJ7NK9,Delivered,3.0,10.0,20.0
"I Love Books, Inc.",Girl Dinner Sticker (Glitter or White Available),Girl Dinner Sticker (Glitter or White Available),"Stickers, pins, & magnets",2026-01-23,10.5,Delmar,NY,"Delmar, NY",380 Delaware Ave,,12054.0,United States,"380 Delaware Ave, Delmar, NY 12054.0, United States",9U6PZJ7NK9,Delivered,6.0,1.75,4.75
"I Love Books, Inc.",I Can't Go On..I Need A Snack Pls Glitter Sticker,I Can't Go On..I Need A Snack Pls Glitter Sticker,"Stickers, pins, & magnets",2026-01-23,10.5,Delmar,NY,"Delmar, NY",380 Delaware Ave,,12054.0,United States,"380 Delaware Ave, Delmar, NY 12054.0, United States",9U6PZJ7NK9,Delivered,6.0,1.75,4.75
"I Love Books, Inc.",Just Be A Good Human Glitter Sticker,Just Be A Good Human Glitter Sticker,"Stickers, pins, & magnets",2026-01-23,10.5,Delmar,NY,"Delmar, NY",380 Delaware Ave,,12054.0,United States,"380 Delaware Ave, Delmar, NY 12054.0, United States",9U6PZJ7NK9,Delivered,6.0,1.75,4.75
"I Love Books, Inc.","Hey, You Dropped This Holographic Sticker","Hey, You Dropped This Holographic Sticker","Stickers, pins, & magnets",2026-01-23,10.5,Delmar,NY,"Delmar, NY",380 Delaware Ave,,12054.0,United States,"380 Delaware Ave, Delmar, NY 12054.0, United States",9U6PZJ7NK9,Delivered,6.0,1.75,4.75
"I Love Books, Inc.","Pro Choice, Pro Love, Pro Science, Pro Women Sticker","Pro Choice, Pro Love, Pro Science, Pro Women Sticker","Stickers, pins, & magnets",2026-01-23,10.5,Delmar,NY,"Delmar, NY",380 Delaware Ave,,12054.0,United States,"380 Delaware Ave, Delmar, NY 12054.0, United States",9U6PZJ7NK9,Delivered,6.0,1.75,4.75
"I Love Books, Inc.",Books Are Magic Pixie Glitter Sticker,Books Are Magic Pixie Glitter Sticker,"Stickers, pins, & magnets",2026-01-23,10.5,Delmar,NY,"Delmar, NY",380 Delaware Ave,,12054.0,United States,"380 Delaware Ave, Delmar, NY 12054.0, United States",9U6PZJ7NK9,Delivered,6.0,1.75,4.75
La Playa Books,Caring About People Is Not Political Sticker,Caring About People Is Not Political Sticker,"Stickers, pins, & magnets",2026-01-23,10.5,San Diego,CA,"San Diego, CA",1026 Rosecrans Street,,92106.0,United States,"1026 Rosecrans Street, San Diego, CA 92106.0, United States",VQBX4MZ5U4,Delivered,6.0,1.75,4.75
La Playa Books,Meet Me At The Pink Pony Club Glitter Sticker,Meet Me At The Pink Pony Club Glitter Sticker,"Stickers, pins, & magnets",2026-01-23,10.5,San Diego,CA,"San Diego, CA",1026 Rosecrans Street,,92106.0,United States,"1026 Rosecrans Street, San Diego, CA 92106.0, United States",VQBX4MZ5U4,Delivered,6.0,1.75,4.75
La Playa Books,Read Books And Fight The Patriarchy Tote Bag,Read Books And Fight The Patriarchy Tote Bag,Stationery & writing,2026-01-23,30.0,San Diego,CA,"San Diego, CA",1026 Rosecrans Street,,92106.0,United States,"1026 Rosecrans Street, San Diego, CA 92106.0, United States",VQBX4MZ5U4,Delivered,3.0,10.0,20.0
La Playa Books,Don't Tread On Me Sticker,Don't Tread On Me Sticker,"Stickers, pins, & magnets",2026-01-23,10.5,San Diego,CA,"San Diego, CA",1026 Rosecrans Street,,92106.0,United States,"1026 Rosecrans Street, San Diego, CA 92106.0, United States",VQBX4MZ5U4,Delivered,6.0,1.75,4.75
La Playa Books,Free Societies Protect Public Education Tote Bag,Free Societies Protect Public Education Tote Bag,Men's accessories,2026-01-23,30.0,San Diego,CA,"San Diego, CA",1026 Rosecrans Street,,92106.0,United States,"1026 Rosecrans Street, San Diego, CA 92106.0, United States",VQBX4MZ5U4,Delivered,3.0,10.0,20.0
La Playa Books,Shoutout To Everyone That Wanted To Read Their Book Today But Had To Adult Instead Glitter Sticker,Shoutout To Everyone That Wanted To Read Their Book Today But Had To Adult Instead Glitter Sticker,"Stickers, pins, & magnets",2026-01-23,10.5,San Diego,CA,"San Diego, CA",1026 Rosecrans Street,,92106.0,United States,"1026 Rosecrans Street, San Diego, CA 92106.0, United States",VQBX4MZ5U4,Delivered,6.0,1.75,4.75
La Playa Books,"I May Be Wrong, But I Doubt It Keychain","I May Be Wrong, But I Doubt It Keychain","Stickers, pins, & magnets",2026-01-23,4.5,San Diego,CA,"San Diego, CA",1026 Rosecrans Street,,92106.0,United States,"1026 Rosecrans Street, San Diego, CA 92106.0, United States",VQBX4MZ5U4,Delivered,1.0,4.5,10.0
La Playa Books,Nope Not Today Button,Nope Not Today Button,"Stickers, pins, & magnets",2026-01-23,3.0,San Diego,CA,"San Diego, CA",1026 Rosecrans Street,,92106.0,United States,"1026 Rosecrans Street, San Diego, CA 92106.0, United States",VQBX4MZ5U4,Delivered,3.0,1.0,2.75
La Playa Books,It's A Good Day To Read Button,It's A Good Day To Read Button,"Stickers, pins, & magnets",2026-01-23,6.0,San Diego,CA,"San Diego, CA",1026 Rosecrans Street,,92106.0,United States,"1026 Rosecrans Street, San Diego, CA 92106.0, United States",VQBX4MZ5U4,Delivered,6.0,1.0,2.75
La Playa Books,I Tried To Form A Gang But It Turned Into A Book Club Tote Bag,I Tried To Form A Gang But It Turned Into A Book Club Tote Bag,Stationery & writing,2026-01-23,60.0,San Diego,CA,"San Diego, CA",1026 Rosecrans Street,,92106.0,United States,"1026 Rosecrans Street, San Diego, CA 92106.0, United States",VQBX4MZ5U4,Delivered,6.0,10.0,20.0
La Playa Books,I've Heard Enough From Old White Men Button,I've Heard Enough From Old White Men Button,"Stickers, pins, & magnets",2026-01-23,3.0,San Diego,CA,"San Diego, CA",1026 Rosecrans Street,,92106.0,United States,"1026 Rosecrans Street, San Diego, CA 92106.0, United States",VQBX4MZ5U4,Delivered,3.0,1.0,2.75
La Playa Books,What's More Punk Than The Public Library Button,What's More Punk Than The Public Library Button,"Stickers, pins, & magnets",2026-01-23,6.0,San Diego,CA,"San Diego, CA",1026 Rosecrans Street,,92106.0,United States,"1026 Rosecrans Street, San Diego, CA 92106.0, United States",VQBX4MZ5U4,Delivered,6.0,1.0,2.75
La Playa Books,Oops I Bought Another Book Tote Bag,Oops I Bought Another Book Tote Bag,Stationery & writing,2026-01-23,30.0,San Diego,CA,"San Diego, CA",1026 Rosecrans Street,,92106.0,United States,"1026 Rosecrans Street, San Diego, CA 92106.0, United States",VQBX4MZ5U4,Delivered,3.0,10.0,20.0
La Playa Books,Currently Dissociating Pen,Currently Dissociating Pen,Stationery & writing,2026-01-23,8.5,San Diego,CA,"San Diego, CA",1026 Rosecrans Street,,92106.0,United States,"1026 Rosecrans Street, San Diego, CA 92106.0, United States",VQBX4MZ5U4,Delivered,10.0,0.85,2.75
La Playa Books,For The Fuckteenth Time Pen,For The Fuckteenth Time Pen,Stationery & writing,2026-01-23,5.1,San Diego,CA,"San Diego, CA",1026 Rosecrans Street,,92106.0,United States,"1026 Rosecrans Street, San Diego, CA 92106.0, United States",VQBX4MZ5U4,Delivered,6.0,0.85,2.75
La Playa Books,Radicalized By Basic Decency Button,Radicalized By Basic Decency Button,"Stickers, pins, & magnets",2026-01-23,7.5,San Diego,CA,"San Diego, CA",1026 Rosecrans Street,,92106.0,United States,"1026 Rosecrans Street, San Diego, CA 92106.0, United States",VQBX4MZ5U4,Delivered,6.0,1.25,2.5
La Playa Books,Dumpster Fire Response Team Member Pen,Dumpster Fire Response Team Member Pen,Stationery & writing,2026-01-23,5.1,San Diego,CA,"San Diego, CA",1026 Rosecrans Street,,92106.0,United States,"1026 Rosecrans Street, San Diego, CA 92106.0, United States",VQBX4MZ5U4,Delivered,6.0,0.85,2.75
La Playa Books,"Sorry I Was Rude, It Was Probably Your Fault Pen","Sorry I Was Rude, It Was Probably Your Fault Pen",Stationery & writing,2026-01-23,2.55,San Diego,CA,"San Diego, CA",1026 Rosecrans Street,,92106.0,United States,"1026 Rosecrans Street, San Diego, CA 92106.0, United States",VQBX4MZ5U4,Delivered,3.0,0.85,2.75
La Playa Books,Have The Day You Voted For Button,Have The Day You Voted For Button,"Stickers, pins, & magnets",2026-01-23,6.0,San Diego,CA,"San Diego, CA",1026 Rosecrans Street,,92106.0,United States,"1026 Rosecrans Street, San Diego, CA 92106.0, United States",VQBX4MZ5U4,Delivered,6.0,1.0,2.75
La Playa Books,Community Is Resistance Sticker,Community Is Resistance Sticker,"Stickers, pins, & magnets",2026-01-23,10.5,San Diego,CA,"San Diego, CA",1026 Rosecrans Street,,92106.0,United States,"1026 Rosecrans Street, San Diego, CA 92106.0, United States",VQBX4MZ5U4,Delivered,6.0,1.75,4.75
La Playa Books,Educate Your Son Sticker,Educate Your Son Sticker,"Stickers, pins, & magnets",2026-01-23,10.5,San Diego,CA,"San Diego, CA",1026 Rosecrans Street,,92106.0,United States,"1026 Rosecrans Street, San Diego, CA 92106.0, United States",VQBX4MZ5U4,Delivered,6.0,1.75,4.75
La Playa Books,Stop Brain Rot Read A Book Tote Bag,Stop Brain Rot Read A Book Tote Bag,Stationery & writing,2026-01-23,30.0,San Diego,CA,"San Diego, CA",1026 Rosecrans Street,,92106.0,United States,"1026 Rosecrans Street, San Diego, CA 92106.0, United States",VQBX4MZ5U4,Delivered,3.0,10.0,20.0
La Playa Books,"I May Be Laid Back, But I Can Lean Forward Real Fucking Quick Glitter Sticker","I May Be Laid Back, But I Can Lean Forward Real Fucking Quick Glitter Sticker","Stickers, pins, & magnets",2026-01-23,10.5,San Diego,CA,"San Diego, CA",1026 Rosecrans Street,,92106.0,United States,"1026 Rosecrans Street, San Diego, CA 92106.0, United States",VQBX4MZ5U4,Delivered,6.0,1.75,4.75
La Playa Books,F*ck Them Boats Orca Sticker,F*ck Them Boats Orca Sticker,"Stickers, pins, & magnets",2026-01-23,10.5,San Diego,CA,"San Diego, CA",1026 Rosecrans Street,,92106.0,United States,"1026 Rosecrans Street, San Diego, CA 92106.0, United States",VQBX4MZ5U4,Delivered,6.0,1.75,4.25
La Playa Books,Books Because Coping With Reality Is Not An Option At The Moment Glitter Sticker,Books Because Coping With Reality Is Not An Option At The Moment Glitter Sticker,"Stickers, pins, & magnets",2026-01-23,10.5,San Diego,CA,"San Diego, CA",1026 Rosecrans Street,,92106.0,United States,"1026 Rosecrans Street, San Diego, CA 92106.0, United States",VQBX4MZ5U4,Delivered,6.0,1.75,4.75
La Playa Books,Just A Girl Who Loves Books Glitter Sticker,Just A Girl Who Loves Books Glitter Sticker,"Stickers, pins, & magnets",2026-01-23,10.5,San Diego,CA,"San Diego, CA",1026 Rosecrans Street,,92106.0,United States,"1026 Rosecrans Street, San Diego, CA 92106.0, United States",VQBX4MZ5U4,Delivered,6.0,1.75,4.75
La Playa Books,The Road To Fascism Is Paved With The People That Told You To Stop Overreacting Holographic Sticker,The Road To Fascism Is Paved With The People That Told You To Stop Overreacting Holographic Sticker,"Stickers, pins, & magnets",2026-01-23,10.5,San Diego,CA,"San Diego, CA",1026 Rosecrans Street,,92106.0,United States,"1026 Rosecrans Street, San Diego, CA 92106.0, United States",VQBX4MZ5U4,Delivered,6.0,1.75,4.75
La Playa Books,If Explosive Diarrhea Was A Person Glitter Sticker,If Explosive Diarrhea Was A Person Glitter Sticker,"Stickers, pins, & magnets",2026-01-23,10.5,San Diego,CA,"San Diego, CA",1026 Rosecrans Street,,92106.0,United States,"1026 Rosecrans Street, San Diego, CA 92106.0, United States",VQBX4MZ5U4,Delivered,6.0,1.75,4.75
La Playa Books,Be The Light You Want To See In The World Sticker (2 styles available),Be The Light You Want To See In The World Sticker (2 styles available),"Stickers, pins, & magnets",2026-01-23,10.5,San Diego,CA,"San Diego, CA",1026 Rosecrans Street,,92106.0,United States,"1026 Rosecrans Street, San Diego, CA 92106.0, United States",VQBX4MZ5U4,Delivered,6.0,1.75,4.75
La Playa Books,The Only Minority Destroying This Country Are The Billionaires Sticker,The Only Minority Destroying This Country Are The Billionaires Sticker,"Stickers, pins, & magnets",2026-01-23,10.5,San Diego,CA,"San Diego, CA",1026 Rosecrans Street,,92106.0,United States,"1026 Rosecrans Street, San Diego, CA 92106.0, United States",VQBX4MZ5U4,Delivered,6.0,1.75,4.75
La Playa Books,I Didn't Survive A Pandemic For This Shit Glitter Sticker,I Didn't Survive A Pandemic For This Shit Glitter Sticker,"Stickers, pins, & magnets",2026-01-23,10.5,San Diego,CA,"San Diego, CA",1026 Rosecrans Street,,92106.0,United States,"1026 Rosecrans Street, San Diego, CA 92106.0, United States",VQBX4MZ5U4,Delivered,6.0,1.75,4.75
La Playa Books,Mansplain Survivor Holographic Sticker,Mansplain Survivor Holographic Sticker,"Stickers, pins, & magnets",2026-01-23,10.5,San Diego,CA,"San Diego, CA",1026 Rosecrans Street,,92106.0,United States,"1026 Rosecrans Street, San Diego, CA 92106.0, United States",VQBX4MZ5U4,Delivered,6.0,1.75,4.75
La Playa Books,Public Health Over Corporate Wealth Tote Bag,Public Health Over Corporate Wealth Tote Bag,"Stickers, pins, & magnets",2026-01-23,30.0,San Diego,CA,"San Diego, CA",1026 Rosecrans Street,,92106.0,United States,"1026 Rosecrans Street, San Diego, CA 92106.0, United States",VQBX4MZ5U4,Delivered,3.0,10.0,20.0
La Playa Books,No One Is Illegal On Stolen Land Sticker,No One Is Illegal On Stolen Land Sticker,"Stickers, pins, & magnets",2026-01-23,10.5,San Diego,CA,"San Diego, CA",1026 Rosecrans Street,,92106.0,United States,"1026 Rosecrans Street, San Diego, CA 92106.0, United States",VQBX4MZ5U4,Delivered,6.0,1.75,4.75
La Playa Books,"Hidden ""Fuck Trump"" Floral Sticker","Hidden ""Fuck Trump"" Floral Sticker","Stickers, pins, & magnets",2026-01-23,10.5,San Diego,CA,"San Diego, CA",1026 Rosecrans Street,,92106.0,United States,"1026 Rosecrans Street, San Diego, CA 92106.0, United States",VQBX4MZ5U4,Delivered,6.0,1.75,4.75
La Playa Books,"Hidden ""Fuck Trump"" Floral Pixie Glitter Sticker","Hidden ""Fuck Trump"" Floral Pixie Glitter Sticker","Stickers, pins, & magnets",2026-01-23,10.5,San Diego,CA,"San Diego, CA",1026 Rosecrans Street,,92106.0,United States,"1026 Rosecrans Street, San Diego, CA 92106.0, United States",VQBX4MZ5U4,Delivered,6.0,1.75,4.75
Artisans New London,Girls Will Be Girls Sticker,Girls Will Be Girls Sticker,"Stickers, pins, & magnets",2026-01-23,10.5,New London,NH,"New London, NH",11 Pleasant Street,,3257.0,United States,"11 Pleasant Street, New London, NH 3257.0, United States",UDNXQDCAVY,Delivered,6.0,1.75,4.75
Artisans New London,Let's Be Better Humans Sticker,Let's Be Better Humans Sticker,"Stickers, pins, & magnets",2026-01-23,10.5,New London,NH,"New London, NH",11 Pleasant Street,,3257.0,United States,"11 Pleasant Street, New London, NH 3257.0, United States",UDNXQDCAVY,Delivered,6.0,1.75,6.5
Artisans New London,Policy & Change Sticker,Policy & Change Sticker,"Stickers, pins, & magnets",2026-01-23,10.5,New London,NH,"New London, NH",11 Pleasant Street,,3257.0,United States,"11 Pleasant Street, New London, NH 3257.0, United States",UDNXQDCAVY,Delivered,6.0,1.75,4.75
Artisans New London,"Pro Choice, Pro Love, Pro Science, Pro Women Sticker","Pro Choice, Pro Love, Pro Science, Pro Women Sticker","Stickers, pins, & magnets",2026-01-23,10.5,New London,NH,"New London, NH",11 Pleasant Street,,3257.0,United States,"11 Pleasant Street, New London, NH 3257.0, United States",UDNXQDCAVY,Delivered,6.0,1.75,4.75
Artisans New London,Daily Shitstorm Survivors Club Sticker,Daily Shitstorm Survivors Club Sticker,"Stickers, pins, & magnets",2026-01-23,10.5,New London,NH,"New London, NH",11 Pleasant Street,,3257.0,United States,"11 Pleasant Street, New London, NH 3257.0, United States",UDNXQDCAVY,Delivered,6.0,1.75,4.75
Artisans New London,The Only Minority Destroying This Country Are The Billionaires Sticker,The Only Minority Destroying This Country Are The Billionaires Sticker,"Stickers, pins, & magnets",2026-01-23,10.5,New London,NH,"New London, NH",11 Pleasant Street,,3257.0,United States,"11 Pleasant Street, New London, NH 3257.0, United States",UDNXQDCAVY,Delivered,6.0,1.75,4.75
Artisans New London,Black Cat Middle Finger Sticker,Black Cat Middle Finger Sticker,"Stickers, pins, & magnets",2026-01-23,10.5,New London,NH,"New London, NH",11 Pleasant Street,,3257.0,United States,"11 Pleasant Street, New London, NH 3257.0, United States",UDNXQDCAVY,Delivered,6.0,1.75,4.75
Artisans New London,Educate Organize Revolt Sticker,Educate Organize Revolt Sticker,"Stickers, pins, & magnets",2026-01-23,10.5,New London,NH,"New London, NH",11 Pleasant Street,,3257.0,United States,"11 Pleasant Street, New London, NH 3257.0, United States",UDNXQDCAVY,Delivered,6.0,1.75,4.75
Artisans New London,Caring About People Is Not Political Sticker,Caring About People Is Not Political Sticker,"Stickers, pins, & magnets",2026-01-23,10.5,New London,NH,"New London, NH",11 Pleasant Street,,3257.0,United States,"11 Pleasant Street, New London, NH 3257.0, United States",UDNXQDCAVY,Delivered,6.0,1.75,4.75
Artisans New London,I Never Said That Jesus Sticker,I Never Said That Jesus Sticker,"Stickers, pins, & magnets",2026-01-23,10.5,New London,NH,"New London, NH",11 Pleasant Street,,3257.0,United States,"11 Pleasant Street, New London, NH 3257.0, United States",UDNXQDCAVY,Delivered,6.0,1.75,4.75
Artisans New London,Be Brave Be Loud And Look Out For Others Sticker,Be Brave Be Loud And Look Out For Others Sticker,"Stickers, pins, & magnets",2026-01-23,10.5,New London,NH,"New London, NH",11 Pleasant Street,,3257.0,United States,"11 Pleasant Street, New London, NH 3257.0, United States",UDNXQDCAVY,Delivered,6.0,1.75,4.75
Artisans New London,"I May Be Laid Back, But I Can Lean Forward Real Fucking Quick Glitter Sticker","I May Be Laid Back, But I Can Lean Forward Real Fucking Quick Glitter Sticker","Stickers, pins, & magnets",2026-01-23,10.5,New London,NH,"New London, NH",11 Pleasant Street,,3257.0,United States,"11 Pleasant Street, New London, NH 3257.0, United States",UDNXQDCAVY,Delivered,6.0,1.75,4.75
Black Sheep Salvage,"Mini Troll Surprise Packs - 3, 6 or 10!","Mini Troll Surprise Packs - 3, 6 or 10!","Stickers, pins, & magnets",2026-01-22,104.79,Florence,AZ,"Florence, AZ",2337 North Smithsonian Drive,,85132-6709,United States,"2337 North Smithsonian Drive, Florence, AZ 85132-6709, United States",K5Z2RNEF2U,Delivered,21.0,4.99,9.99
Spiral Circle,Daily Shitstorm Survivors Club Button,Daily Shitstorm Survivors Club Button,"Stickers, pins, & magnets",2026-01-22,6.0,Orlando,FL,"Orlando, FL",750 North Thornton Avenue,,32803.0,United States,"750 North Thornton Avenue, Orlando, FL 32803.0, United States",HU27NRQV8X,Delivered,6.0,1.0,2.75
Spiral Circle,Radicalized By Basic Decency Floral Sticker,Radicalized By Basic Decency Floral Sticker,"Stickers, pins, & magnets",2026-01-22,10.5,Orlando,FL,"Orlando, FL",750 North Thornton Avenue,,32803.0,United States,"750 North Thornton Avenue, Orlando, FL 32803.0, United States",HU27NRQV8X,Delivered,6.0,1.75,4.75
Spiral Circle,Caring About People Is Not Political Sticker,Caring About People Is Not Political Sticker,"Stickers, pins, & magnets",2026-01-22,10.5,Orlando,FL,"Orlando, FL",750 North Thornton Avenue,,32803.0,United States,"750 North Thornton Avenue, Orlando, FL 32803.0, United States",HU27NRQV8X,Delivered,6.0,1.75,4.75
Spiral Circle,The Road To Fascism Is Paved With The People That Told You To Stop Overreacting Holographic Sticker,The Road To Fascism Is Paved With The People That Told You To Stop Overreacting Holographic Sticker,"Stickers, pins, & magnets",2026-01-22,10.5,Orlando,FL,"Orlando, FL",750 North Thornton Avenue,,32803.0,United States,"750 North Thornton Avenue, Orlando, FL 32803.0, United States",HU27NRQV8X,Delivered,6.0,1.75,4.75
Spiral Circle,Wheel of Emotions Sticker,Wheel of Emotions Sticker,"Stickers, pins, & magnets",2026-01-22,10.5,Orlando,FL,"Orlando, FL",750 North Thornton Avenue,,32803.0,United States,"750 North Thornton Avenue, Orlando, FL 32803.0, United States",HU27NRQV8X,Delivered,6.0,1.75,4.75
Spiral Circle,No Human Is Illegal Glitter Sticker,No Human Is Illegal Glitter Sticker,"Stickers, pins, & magnets",2026-01-22,10.5,Orlando,FL,"Orlando, FL",750 North Thornton Avenue,,32803.0,United States,"750 North Thornton Avenue, Orlando, FL 32803.0, United States",HU27NRQV8X,Delivered,6.0,1.75,4.75
Spiral Circle,Be Brave Be Loud And Look Out For Others Sticker,Be Brave Be Loud And Look Out For Others Sticker,"Stickers, pins, & magnets",2026-01-22,10.5,Orlando,FL,"Orlando, FL",750 North Thornton Avenue,,32803.0,United States,"750 North Thornton Avenue, Orlando, FL 32803.0, United States",HU27NRQV8X,Delivered,6.0,1.75,4.75
Spiral Circle,54321 Grounding Technique Sticker,54321 Grounding Technique Sticker,"Stickers, pins, & magnets",2026-01-22,10.5,Orlando,FL,"Orlando, FL",750 North Thornton Avenue,,32803.0,United States,"750 North Thornton Avenue, Orlando, FL 32803.0, United States",HU27NRQV8X,Delivered,6.0,1.75,4.75
Spiral Circle,Strawberry Candy Holographic Sticker,Strawberry Candy Holographic Sticker,"Stickers, pins, & magnets",2026-01-22,10.5,Orlando,FL,"Orlando, FL",750 North Thornton Avenue,,32803.0,United States,"750 North Thornton Avenue, Orlando, FL 32803.0, United States",HU27NRQV8X,Delivered,6.0,1.75,4.75
Spiral Circle,Manifesting The Revolution Sticker,Manifesting The Revolution Sticker,"Stickers, pins, & magnets",2026-01-22,10.5,Orlando,FL,"Orlando, FL",750 North Thornton Avenue,,32803.0,United States,"750 North Thornton Avenue, Orlando, FL 32803.0, United States",HU27NRQV8X,Delivered,6.0,1.75,4.75
Spiral Circle,Just Be A Good Human Glitter Sticker,Just Be A Good Human Glitter Sticker,"Stickers, pins, & magnets",2026-01-22,10.5,Orlando,FL,"Orlando, FL",750 North Thornton Avenue,,32803.0,United States,"750 North Thornton Avenue, Orlando, FL 32803.0, United States",HU27NRQV8X,Delivered,6.0,1.75,4.75
Spiral Circle,America Was Built By Immigrants Sticker,America Was Built By Immigrants Sticker,"Stickers, pins, & magnets",2026-01-22,10.5,Orlando,FL,"Orlando, FL",750 North Thornton Avenue,,32803.0,United States,"750 North Thornton Avenue, Orlando, FL 32803.0, United States",HU27NRQV8X,Delivered,6.0,1.75,4.75
Spiral Circle,Books Are Magic Pixie Glitter Sticker,Books Are Magic Pixie Glitter Sticker,"Stickers, pins, & magnets",2026-01-22,10.5,Orlando,FL,"Orlando, FL",750 North Thornton Avenue,,32803.0,United States,"750 North Thornton Avenue, Orlando, FL 32803.0, United States",HU27NRQV8X,Delivered,6.0,1.75,4.75
Spiral Circle,No One Is Illegal On Stolen Land Sticker,No One Is Illegal On Stolen Land Sticker,"Stickers, pins, & magnets",2026-01-22,10.5,Orlando,FL,"Orlando, FL",750 North Thornton Avenue,,32803.0,United States,"750 North Thornton Avenue, Orlando, FL 32803.0, United States",HU27NRQV8X,Delivered,6.0,1.75,4.75
Spiral Circle,Have The Day You Voted For Sticker,Have The Day You Voted For Sticker,"Stickers, pins, & magnets",2026-01-22,10.5,Orlando,FL,"Orlando, FL",750 North Thornton Avenue,,32803.0,United States,"750 North Thornton Avenue, Orlando, FL 32803.0, United States",HU27NRQV8X,Delivered,6.0,1.75,4.75
Spiral Circle,You Already Know The Answer Holographic Sticker,You Already Know The Answer Holographic Sticker,"Stickers, pins, & magnets",2026-01-22,10.5,Orlando,FL,"Orlando, FL",750 North Thornton Avenue,,32803.0,United States,"750 North Thornton Avenue, Orlando, FL 32803.0, United States",HU27NRQV8X,Delivered,6.0,1.75,4.75
Spiral Circle,If You Are Neutral In Situations Of Injustice You Have Chosen The Side Of The Oppressors Sticker,If You Are Neutral In Situations Of Injustice You Have Chosen The Side Of The Oppressors Sticker,"Stickers, pins, & magnets",2026-01-22,10.5,Orlando,FL,"Orlando, FL",750 North Thornton Avenue,,32803.0,United States,"750 North Thornton Avenue, Orlando, FL 32803.0, United States",HU27NRQV8X,Delivered,6.0,1.75,4.75
Spiral Circle,Spooky Liberal Feminist Witch Sticker,Spooky Liberal Feminist Witch Sticker,"Stickers, pins, & magnets",2026-01-22,10.5,Orlando,FL,"Orlando, FL",750 North Thornton Avenue,,32803.0,United States,"750 North Thornton Avenue, Orlando, FL 32803.0, United States",HU27NRQV8X,Delivered,6.0,1.75,4.75
Spiral Circle,Shoutout To Everyone That Wanted To Read Their Book Today But Had To Adult Instead Glitter Sticker,Shoutout To Everyone That Wanted To Read Their Book Today But Had To Adult Instead Glitter Sticker,"Stickers, pins, & magnets",2026-01-22,10.5,Orlando,FL,"Orlando, FL",750 North Thornton Avenue,,32803.0,United States,"750 North Thornton Avenue, Orlando, FL 32803.0, United States",HU27NRQV8X,Delivered,6.0,1.75,4.75
Spiral Circle,Resist Sticker,Resist Sticker,"Stickers, pins, & magnets",2026-01-22,10.5,Orlando,FL,"Orlando, FL",750 North Thornton Avenue,,32803.0,United States,"750 North Thornton Avenue, Orlando, FL 32803.0, United States",HU27NRQV8X,Delivered,6.0,1.75,4.75
Spiral Circle,If You Support Fascism We Can't Be Friends Glitter Sticker,If You Support Fascism We Can't Be Friends Glitter Sticker,"Stickers, pins, & magnets",2026-01-22,10.5,Orlando,FL,"Orlando, FL",750 North Thornton Avenue,,32803.0,United States,"750 North Thornton Avenue, Orlando, FL 32803.0, United States",HU27NRQV8X,Delivered,6.0,1.75,4.75
Spiral Circle,Big Fan of Human Rights Button,Big Fan of Human Rights Button,"Stickers, pins, & magnets",2026-01-22,9.0,Orlando,FL,"Orlando, FL",750 North Thornton Avenue,,32803.0,United States,"750 North Thornton Avenue, Orlando, FL 32803.0, United States",HU27NRQV8X,Delivered,6.0,1.5,3.0
Spiral Circle,Publicly Shame Racists Button,Publicly Shame Racists Button,"Stickers, pins, & magnets",2026-01-22,7.5,Orlando,FL,"Orlando, FL",750 North Thornton Avenue,,32803.0,United States,"750 North Thornton Avenue, Orlando, FL 32803.0, United States",HU27NRQV8X,Delivered,6.0,1.25,2.75
Jena Priebe,Pay Me Like A White Man Glitter Sticker,Pay Me Like A White Man Glitter Sticker,"Stickers, pins, & magnets",2026-01-22,21.0,Los Angeles,CA,"Los Angeles, CA",453 South Spring Street,301.0,90013.0,United States,"453 South Spring Street, 301.0, Los Angeles, CA 90013.0, United States",864YH9U2FX,Delivered,12.0,1.75,4.75
Jena Priebe,Pickles Heart Glitter Sticker,Pickles Heart Glitter Sticker,"Stickers, pins, & magnets",2026-01-22,21.0,Los Angeles,CA,"Los Angeles, CA",453 South Spring Street,301.0,90013.0,United States,"453 South Spring Street, 301.0, Los Angeles, CA 90013.0, United States",864YH9U2FX,Delivered,12.0,1.75,4.75
Jena Priebe,The Hell I Won't Sticker,The Hell I Won't Sticker,"Stickers, pins, & magnets",2026-01-22,21.0,Los Angeles,CA,"Los Angeles, CA",453 South Spring Street,301.0,90013.0,United States,"453 South Spring Street, 301.0, Los Angeles, CA 90013.0, United States",864YH9U2FX,Delivered,12.0,1.75,4.75
Jena Priebe,"Do You Have Any Fucks? Not Even One, Girl. Go Fish. Sticker","Do You Have Any Fucks? Not Even One, Girl. Go Fish. Sticker","Stickers, pins, & magnets",2026-01-22,21.0,Los Angeles,CA,"Los Angeles, CA",453 South Spring Street,301.0,90013.0,United States,"453 South Spring Street, 301.0, Los Angeles, CA 90013.0, United States",864YH9U2FX,Delivered,12.0,1.75,4.75
Jena Priebe,"Hey, You Dropped This Holographic Sticker","Hey, You Dropped This Holographic Sticker","Stickers, pins, & magnets",2026-01-22,21.0,Los Angeles,CA,"Los Angeles, CA",453 South Spring Street,301.0,90013.0,United States,"453 South Spring Street, 301.0, Los Angeles, CA 90013.0, United States",864YH9U2FX,Delivered,12.0,1.75,4.75
Jena Priebe,Currently Dissociating Pen,Currently Dissociating Pen,Stationery & writing,2026-01-22,21.25,Los Angeles,CA,"Los Angeles, CA",453 South Spring Street,301.0,90013.0,United States,"453 South Spring Street, 301.0, Los Angeles, CA 90013.0, United States",864YH9U2FX,Delivered,25.0,0.85,2.75
Jena Priebe,"Sorry I Was Rude, It Was Probably Your Fault Pen","Sorry I Was Rude, It Was Probably Your Fault Pen",Stationery & writing,2026-01-22,21.25,Los Angeles,CA,"Los Angeles, CA",453 South Spring Street,301.0,90013.0,United States,"453 South Spring Street, 301.0, Los Angeles, CA 90013.0, United States",864YH9U2FX,Delivered,25.0,0.85,2.75
Jena Priebe,For The Fuckteenth Time Pen,For The Fuckteenth Time Pen,Stationery & writing,2026-01-22,21.25,Los Angeles,CA,"Los Angeles, CA",453 South Spring Street,301.0,90013.0,United States,"453 South Spring Street, 301.0, Los Angeles, CA 90013.0, United States",864YH9U2FX,Delivered,25.0,0.85,2.75
Jena Priebe,Big Fan of Human Rights Button,Big Fan of Human Rights Button,"Stickers, pins, & magnets",2026-01-22,37.5,Los Angeles,CA,"Los Angeles, CA",453 South Spring Street,301.0,90013.0,United States,"453 South Spring Street, 301.0, Los Angeles, CA 90013.0, United States",864YH9U2FX,Delivered,25.0,1.5,3.0
Jena Priebe,I Tried To Form A Gang But It Turned Into A Book Club Tote Bag,I Tried To Form A Gang But It Turned Into A Book Club Tote Bag,Stationery & writing,2026-01-22,60.0,Los Angeles,CA,"Los Angeles, CA",453 South Spring Street,301.0,90013.0,United States,"453 South Spring Street, 301.0, Los Angeles, CA 90013.0, United States",864YH9U2FX,Delivered,6.0,10.0,20.0
Jena Priebe,You've Just Buttered Your Last Biscuit Sticker,You've Just Buttered Your Last Biscuit Sticker,"Stickers, pins, & magnets",2026-01-22,21.0,Los Angeles,CA,"Los Angeles, CA",453 South Spring Street,301.0,90013.0,United States,"453 South Spring Street, 301.0, Los Angeles, CA 90013.0, United States",864YH9U2FX,Delivered,12.0,1.75,4.75
Jena Priebe,The Road To Fascism Is Paved With The People That Told You To Stop Overreacting Holographic Sticker,The Road To Fascism Is Paved With The People That Told You To Stop Overreacting Holographic Sticker,"Stickers, pins, & magnets",2026-01-22,21.0,Los Angeles,CA,"Los Angeles, CA",453 South Spring Street,301.0,90013.0,United States,"453 South Spring Street, 301.0, Los Angeles, CA 90013.0, United States",864YH9U2FX,Delivered,12.0,1.75,4.75
Jena Priebe,Keep That Mean Shit To Yourself Sticker,Keep That Mean Shit To Yourself Sticker,"Stickers, pins, & magnets",2026-01-22,21.0,Los Angeles,CA,"Los Angeles, CA",453 South Spring Street,301.0,90013.0,United States,"453 South Spring Street, 301.0, Los Angeles, CA 90013.0, United States",864YH9U2FX,Delivered,12.0,1.75,4.75
Jena Priebe,I'm No Gynecologist But I Know A Cunt When I See One Glitter Sticker,I'm No Gynecologist But I Know A Cunt When I See One Glitter Sticker,"Stickers, pins, & magnets",2026-01-22,21.0,Los Angeles,CA,"Los Angeles, CA",453 South Spring Street,301.0,90013.0,United States,"453 South Spring Street, 301.0, Los Angeles, CA 90013.0, United States",864YH9U2FX,Delivered,12.0,1.75,4.75
Jena Priebe,Pickle Slut Pen,Pickle Slut Pen,Stationery & writing,2026-01-22,21.25,Los Angeles,CA,"Los Angeles, CA",453 South Spring Street,301.0,90013.0,United States,"453 South Spring Street, 301.0, Los Angeles, CA 90013.0, United States",864YH9U2FX,Delivered,25.0,0.85,2.75
Content Bookstore,Radicalized By Basic Decency Floral Sticker,Radicalized By Basic Decency Floral Sticker,"Stickers, pins, & magnets",2026-01-22,10.5,Northfield,MN,"Northfield, MN",314 Division Street South,,55057.0,United States,"314 Division Street South, Northfield, MN 55057.0, United States",9X5JZHHW7H,Delivered,6.0,1.75,4.75
Content Bookstore,Caring About People Is Not Political Sticker,Caring About People Is Not Political Sticker,"Stickers, pins, & magnets",2026-01-22,10.5,Northfield,MN,"Northfield, MN",314 Division Street South,,55057.0,United States,"314 Division Street South, Northfield, MN 55057.0, United States",9X5JZHHW7H,Delivered,6.0,1.75,4.75
Content Bookstore,Strawberry Candy Holographic Sticker,Strawberry Candy Holographic Sticker,"Stickers, pins, & magnets",2026-01-22,10.5,Northfield,MN,"Northfield, MN",314 Division Street South,,55057.0,United States,"314 Division Street South, Northfield, MN 55057.0, United States",9X5JZHHW7H,Delivered,6.0,1.75,4.75
Content Bookstore,Radicalized By Basic Decency Floral Tote Bag,Radicalized By Basic Decency Floral Tote Bag,"Stickers, pins, & magnets",2026-01-22,30.0,Northfield,MN,"Northfield, MN",314 Division Street South,,55057.0,United States,"314 Division Street South, Northfield, MN 55057.0, United States",9X5JZHHW7H,Delivered,3.0,10.0,20.0
Content Bookstore,Awake But At What Cost Sticker,Awake But At What Cost Sticker,"Stickers, pins, & magnets",2026-01-22,10.5,Northfield,MN,"Northfield, MN",314 Division Street South,,55057.0,United States,"314 Division Street South, Northfield, MN 55057.0, United States",9X5JZHHW7H,Delivered,6.0,1.75,4.75
Content Bookstore,I Love Not Camping Holographic Sticker,I Love Not Camping Holographic Sticker,"Stickers, pins, & magnets",2026-01-22,9.0,Northfield,MN,"Northfield, MN",314 Division Street South,,55057.0,United States,"314 Division Street South, Northfield, MN 55057.0, United States",9X5JZHHW7H,Delivered,6.0,1.5,3.0
Content Bookstore,The Bookstore So Many Books So Little Time Glitter Sticker,The Bookstore So Many Books So Little Time Glitter Sticker,"Stickers, pins, & magnets",2026-01-22,10.5,Northfield,MN,"Northfield, MN",314 Division Street South,,55057.0,United States,"314 Division Street South, Northfield, MN 55057.0, United States",9X5JZHHW7H,Delivered,6.0,1.75,4.75
Content Bookstore,No One Is Illegal On Stolen Land Sticker,No One Is Illegal On Stolen Land Sticker,"Stickers, pins, & magnets",2026-01-22,10.5,Northfield,MN,"Northfield, MN",314 Division Street South,,55057.0,United States,"314 Division Street South, Northfield, MN 55057.0, United States",9X5JZHHW7H,Delivered,6.0,1.75,4.75
Content Bookstore,America Was Built By Immigrants Sticker,America Was Built By Immigrants Sticker,"Stickers, pins, & magnets",2026-01-22,10.5,Northfield,MN,"Northfield, MN",314 Division Street South,,55057.0,United States,"314 Division Street South, Northfield, MN 55057.0, United States",9X5JZHHW7H,Delivered,6.0,1.75,4.75
Content Bookstore,The Only Minority Destroying This Country Are The Billionaires Sticker,The Only Minority Destroying This Country Are The Billionaires Sticker,"Stickers, pins, & magnets",2026-01-22,10.5,Northfield,MN,"Northfield, MN",314 Division Street South,,55057.0,United States,"314 Division Street South, Northfield, MN 55057.0, United States",9X5JZHHW7H,Delivered,6.0,1.75,4.75
Content Bookstore,Women Are Born To Serve Men Sticker,Women Are Born To Serve Men Sticker,"Stickers, pins, & magnets",2026-01-22,10.5,Northfield,MN,"Northfield, MN",314 Division Street South,,55057.0,United States,"314 Division Street South, Northfield, MN 55057.0, United States",9X5JZHHW7H,Delivered,6.0,1.75,4.75
Content Bookstore,Girls Will Be Girls Sticker,Girls Will Be Girls Sticker,"Stickers, pins, & magnets",2026-01-22,10.5,Northfield,MN,"Northfield, MN",314 Division Street South,,55057.0,United States,"314 Division Street South, Northfield, MN 55057.0, United States",9X5JZHHW7H,Delivered,6.0,1.75,4.75
Content Bookstore,I Never Said That Jesus Sticker,I Never Said That Jesus Sticker,"Stickers, pins, & magnets",2026-01-22,10.5,Northfield,MN,"Northfield, MN",314 Division Street South,,55057.0,United States,"314 Division Street South, Northfield, MN 55057.0, United States",9X5JZHHW7H,Delivered,6.0,1.75,4.75
Content Bookstore,"Hidden ""Fuck Trump"" Floral Pixie Glitter Sticker","Hidden ""Fuck Trump"" Floral Pixie Glitter Sticker","Stickers, pins, & magnets",2026-01-22,10.5,Northfield,MN,"Northfield, MN",314 Division Street South,,55057.0,United States,"314 Division Street South, Northfield, MN 55057.0, United States",9X5JZHHW7H,Delivered,6.0,1.75,4.75
Content Bookstore,Have The Day You Voted For Button,Have The Day You Voted For Button,"Stickers, pins, & magnets",2026-01-22,8.0,Northfield,MN,"Northfield, MN",314 Division Street South,,55057.0,United States,"314 Division Street South, Northfield, MN 55057.0, United States",9X5JZHHW7H,Delivered,8.0,1.0,2.75
Content Bookstore,Radicalized By Basic Decency Button,Radicalized By Basic Decency Button,"Stickers, pins, & magnets",2026-01-22,10.0,Northfield,MN,"Northfield, MN",314 Division Street South,,55057.0,United States,"314 Division Street South, Northfield, MN 55057.0, United States",9X5JZHHW7H,Delivered,8.0,1.25,2.5
Content Bookstore,I've Heard Enough From Old White Men Button,I've Heard Enough From Old White Men Button,"Stickers, pins, & magnets",2026-01-22,8.0,Northfield,MN,"Northfield, MN",314 Division Street South,,55057.0,United States,"314 Division Street South, Northfield, MN 55057.0, United States",9X5JZHHW7H,Delivered,8.0,1.0,2.75
Content Bookstore,"I May Be Laid Back, But I Can Lean Forward Real Fucking Quick Glitter Sticker","I May Be Laid Back, But I Can Lean Forward Real Fucking Quick Glitter Sticker","Stickers, pins, & magnets",2026-01-22,10.5,Northfield,MN,"Northfield, MN",314 Division Street South,,55057.0,United States,"314 Division Street South, Northfield, MN 55057.0, United States",9X5JZHHW7H,Delivered,6.0,1.75,4.75
the bohemian peddler,Burn The Patriarchy Sticker,Burn The Patriarchy Sticker,"Stickers, pins, & magnets",2026-01-22,10.5,Madras,OR,"Madras, OR",185 SE E street,,97741.0,United States,"185 SE E street, Madras, OR 97741.0, United States",T4UYC3SF2N,Delivered,6.0,1.75,4.75
the bohemian peddler,Disappointments All Of You Sticker,Disappointments All Of You Sticker,"Stickers, pins, & magnets",2026-01-22,10.5,Madras,OR,"Madras, OR",185 SE E street,,97741.0,United States,"185 SE E street, Madras, OR 97741.0, United States",T4UYC3SF2N,Delivered,6.0,1.75,4.75
the bohemian peddler,Make Orwell Fiction Again Sticker,Make Orwell Fiction Again Sticker,"Stickers, pins, & magnets",2026-01-22,10.5,Madras,OR,"Madras, OR",185 SE E street,,97741.0,United States,"185 SE E street, Madras, OR 97741.0, United States",T4UYC3SF2N,Delivered,6.0,1.75,4.75
the bohemian peddler,Raccoon Fairy Holographic Sticker,Raccoon Fairy Holographic Sticker,"Stickers, pins, & magnets",2026-01-22,10.5,Madras,OR,"Madras, OR",185 SE E street,,97741.0,United States,"185 SE E street, Madras, OR 97741.0, United States",T4UYC3SF2N,Delivered,6.0,1.75,4.75
the bohemian peddler,Disappointed But Not Surprised Pen,Disappointed But Not Surprised Pen,Stationery & writing,2026-01-22,25.5,Madras,OR,"Madras, OR",185 SE E street,,97741.0,United States,"185 SE E street, Madras, OR 97741.0, United States",T4UYC3SF2N,Delivered,30.0,0.85,2.75
the bohemian peddler,"Sorry I Was Rude, It Was Probably Your Fault Pen","Sorry I Was Rude, It Was Probably Your Fault Pen",Stationery & writing,2026-01-22,25.5,Madras,OR,"Madras, OR",185 SE E street,,97741.0,United States,"185 SE E street, Madras, OR 97741.0, United States",T4UYC3SF2N,Delivered,30.0,0.85,2.75
the bohemian peddler,Currently Dissociating Pen,Currently Dissociating Pen,Stationery & writing,2026-01-22,25.5,Madras,OR,"Madras, OR",185 SE E street,,97741.0,United States,"185 SE E street, Madras, OR 97741.0, United States",T4UYC3SF2N,Delivered,30.0,0.85,2.75
the bohemian peddler,I May Be Wrong But I Doubt It Pen,I May Be Wrong But I Doubt It Pen,Stationery & writing,2026-01-22,25.5,Madras,OR,"Madras, OR",185 SE E street,,97741.0,United States,"185 SE E street, Madras, OR 97741.0, United States",T4UYC3SF2N,Delivered,30.0,0.85,2.75
the bohemian peddler,I Should Be Frolicking In A Forest But I'm Here. Wtf Pen,I Should Be Frolicking In A Forest But I'm Here. Wtf Pen,Stationery & writing,2026-01-22,25.5,Madras,OR,"Madras, OR",185 SE E street,,97741.0,United States,"185 SE E street, Madras, OR 97741.0, United States",T4UYC3SF2N,Delivered,30.0,0.85,2.75
the bohemian peddler,Dumpster Fire Response Team Member Pen,Dumpster Fire Response Team Member Pen,Stationery & writing,2026-01-22,25.5,Madras,OR,"Madras, OR",185 SE E street,,97741.0,United States,"185 SE E street, Madras, OR 97741.0, United States",T4UYC3SF2N,Delivered,30.0,0.85,2.75
the bohemian peddler,I Never Said That Jesus Sticker,I Never Said That Jesus Sticker,"Stickers, pins, & magnets",2026-01-22,10.5,Madras,OR,"Madras, OR",185 SE E street,,97741.0,United States,"185 SE E street, Madras, OR 97741.0, United States",T4UYC3SF2N,Delivered,6.0,1.75,4.75
the bohemian peddler,For The Fuckteenth Time Pen,For The Fuckteenth Time Pen,Stationery & writing,2026-01-22,25.5,Madras,OR,"Madras, OR",185 SE E street,,97741.0,United States,"185 SE E street, Madras, OR 97741.0, United States",T4UYC3SF2N,Delivered,30.0,0.85,2.75
Gallery Bookshop & Bookwinkles,Girls Will Be Girls Sticker,Girls Will Be Girls Sticker,"Stickers, pins, & magnets",2026-01-22,21.0,Mendocino,CA,"Mendocino, CA",319 Kasten Street,Box 270,95460.0,United States,"319 Kasten Street, Box 270, Mendocino, CA 95460.0, United States",SDEHCR87YE,Delivered,12.0,1.75,4.75
Gallery Bookshop & Bookwinkles,Girls Will Be Girls Sticker,Girls Will Be Girls Sticker,"Stickers, pins, & magnets",2026-01-22,10.5,Mendocino,CA,"Mendocino, CA",319 Kasten Street,Box 270,95460.0,United States,"319 Kasten Street, Box 270, Mendocino, CA 95460.0, United States",SDEHCR87YE,Delivered,6.0,1.75,4.75
Gallery Bookshop & Bookwinkles,In My Feminine Rage Era Sticker (2 styles available),In My Feminine Rage Era Sticker (2 styles available),"Stickers, pins, & magnets",2026-01-22,10.5,Mendocino,CA,"Mendocino, CA",319 Kasten Street,Box 270,95460.0,United States,"319 Kasten Street, Box 270, Mendocino, CA 95460.0, United States",SDEHCR87YE,Delivered,6.0,1.75,4.75
Gallery Bookshop & Bookwinkles,Flock Around and Find Out Tote Bag,Flock Around and Find Out Tote Bag,"Stickers, pins, & magnets",2026-01-22,30.0,Mendocino,CA,"Mendocino, CA",319 Kasten Street,Box 270,95460.0,United States,"319 Kasten Street, Box 270, Mendocino, CA 95460.0, United States",SDEHCR87YE,Delivered,3.0,10.0,20.0
Gallery Bookshop & Bookwinkles,I Closed My Book To Be Here Tote Bag,I Closed My Book To Be Here Tote Bag,Stationery & writing,2026-01-22,30.0,Mendocino,CA,"Mendocino, CA",319 Kasten Street,Box 270,95460.0,United States,"319 Kasten Street, Box 270, Mendocino, CA 95460.0, United States",SDEHCR87YE,Delivered,3.0,10.0,20.0
Gallery Bookshop & Bookwinkles,Make Orwell Fiction Again Tote Bag,Make Orwell Fiction Again Tote Bag,"Stickers, pins, & magnets",2026-01-22,30.0,Mendocino,CA,"Mendocino, CA",319 Kasten Street,Box 270,95460.0,United States,"319 Kasten Street, Box 270, Mendocino, CA 95460.0, United States",SDEHCR87YE,Delivered,3.0,10.0,20.0
Gallery Bookshop & Bookwinkles,You've Just Buttered Your Last Biscuit Sticker,You've Just Buttered Your Last Biscuit Sticker,"Stickers, pins, & magnets",2026-01-22,21.0,Mendocino,CA,"Mendocino, CA",319 Kasten Street,Box 270,95460.0,United States,"319 Kasten Street, Box 270, Mendocino, CA 95460.0, United States",SDEHCR87YE,Delivered,12.0,1.75,4.75
Gallery Bookshop & Bookwinkles,F*ck Them Boats Orca Sticker,F*ck Them Boats Orca Sticker,"Stickers, pins, & magnets",2026-01-22,21.0,Mendocino,CA,"Mendocino, CA",319 Kasten Street,Box 270,95460.0,United States,"319 Kasten Street, Box 270, Mendocino, CA 95460.0, United States",SDEHCR87YE,Delivered,12.0,1.75,4.25
Gallery Bookshop & Bookwinkles,Black Cat Middle Finger Sticker,Black Cat Middle Finger Sticker,"Stickers, pins, & magnets",2026-01-22,21.0,Mendocino,CA,"Mendocino, CA",319 Kasten Street,Box 270,95460.0,United States,"319 Kasten Street, Box 270, Mendocino, CA 95460.0, United States",SDEHCR87YE,Delivered,12.0,1.75,4.75
Gallery Bookshop & Bookwinkles,Thumbs Up Cat Sticker,Thumbs Up Cat Sticker,"Stickers, pins, & magnets",2026-01-22,21.0,Mendocino,CA,"Mendocino, CA",319 Kasten Street,Box 270,95460.0,United States,"319 Kasten Street, Box 270, Mendocino, CA 95460.0, United States",SDEHCR87YE,Delivered,12.0,1.75,4.75
Gallery Bookshop & Bookwinkles,Awake But At What Cost Sticker,Awake But At What Cost Sticker,"Stickers, pins, & magnets",2026-01-22,21.0,Mendocino,CA,"Mendocino, CA",319 Kasten Street,Box 270,95460.0,United States,"319 Kasten Street, Box 270, Mendocino, CA 95460.0, United States",SDEHCR87YE,Delivered,12.0,1.75,4.75
Gallery Bookshop & Bookwinkles,Sorry I Can't Go I'm An Indoor Cat Glitter Sticker,Sorry I Can't Go I'm An Indoor Cat Glitter Sticker,"Stickers, pins, & magnets",2026-01-22,21.0,Mendocino,CA,"Mendocino, CA",319 Kasten Street,Box 270,95460.0,United States,"319 Kasten Street, Box 270, Mendocino, CA 95460.0, United States",SDEHCR87YE,Delivered,12.0,1.75,4.75
Gallery Bookshop & Bookwinkles,Radicalized By Basic Decency Floral Sticker,Radicalized By Basic Decency Floral Sticker,"Stickers, pins, & magnets",2026-01-22,21.0,Mendocino,CA,"Mendocino, CA",319 Kasten Street,Box 270,95460.0,United States,"319 Kasten Street, Box 270, Mendocino, CA 95460.0, United States",SDEHCR87YE,Delivered,12.0,1.75,4.75
Gallery Bookshop & Bookwinkles,Make Orwell Fiction Again Sticker,Make Orwell Fiction Again Sticker,"Stickers, pins, & magnets",2026-01-22,21.0,Mendocino,CA,"Mendocino, CA",319 Kasten Street,Box 270,95460.0,United States,"319 Kasten Street, Box 270, Mendocino, CA 95460.0, United States",SDEHCR87YE,Delivered,12.0,1.75,4.75
Gallery Bookshop & Bookwinkles,Please Hesitate To Reach Out To Me Sticker (2 colors available),Please Hesitate To Reach Out To Me Sticker (2 colors available),"Stickers, pins, & magnets",2026-01-22,21.0,Mendocino,CA,"Mendocino, CA",319 Kasten Street,Box 270,95460.0,United States,"319 Kasten Street, Box 270, Mendocino, CA 95460.0, United States",SDEHCR87YE,Delivered,12.0,1.75,4.75
Sweet Surrender,"Mini Troll Surprise Packs - 3, 6 or 10!","Mini Troll Surprise Packs - 3, 6 or 10!","Stickers, pins, & magnets",2026-01-21,119.76,Bakersfield,CA,"Bakersfield, CA",6439 Ming Avenue,,93309.0,United States,"6439 Ming Avenue, Bakersfield, CA 93309.0, United States",ZDYC2PYEWU,Delivered,24.0,4.99,9.99
Book Nerd,Radicalized By Basic Decency Floral Sticker,Radicalized By Basic Decency Floral Sticker,"Stickers, pins, & magnets",2026-01-21,26.25,Castle Hills,TX,"Castle Hills, TX",2211 Northwest Military Highway,#118,78213.0,United States,"2211 Northwest Military Highway, #118, Castle Hills, TX 78213.0, United States",SQJK5JKQPP,Delivered,15.0,1.75,4.75
Book Nerd,Tell Me A Time In History When It Was The Good Guys Banning Books Tote Bag,Tell Me A Time In History When It Was The Good Guys Banning Books Tote Bag,Stationery & writing,2026-01-21,150.0,Castle Hills,TX,"Castle Hills, TX",2211 Northwest Military Highway,#118,78213.0,United States,"2211 Northwest Military Highway, #118, Castle Hills, TX 78213.0, United States",SQJK5JKQPP,Delivered,15.0,10.0,20.0
Book Nerd,Awake But At What Cost Sticker,Awake But At What Cost Sticker,"Stickers, pins, & magnets",2026-01-21,17.5,Castle Hills,TX,"Castle Hills, TX",2211 Northwest Military Highway,#118,78213.0,United States,"2211 Northwest Military Highway, #118, Castle Hills, TX 78213.0, United States",SQJK5JKQPP,Delivered,10.0,1.75,4.75
Book Nerd,Girls Will Be Girls Sticker,Girls Will Be Girls Sticker,"Stickers, pins, & magnets",2026-01-21,17.5,Castle Hills,TX,"Castle Hills, TX",2211 Northwest Military Highway,#118,78213.0,United States,"2211 Northwest Military Highway, #118, Castle Hills, TX 78213.0, United States",SQJK5JKQPP,Delivered,10.0,1.75,4.75
Book Nerd,Burn The Patriarchy Sticker,Burn The Patriarchy Sticker,"Stickers, pins, & magnets",2026-01-21,17.5,Castle Hills,TX,"Castle Hills, TX",2211 Northwest Military Highway,#118,78213.0,United States,"2211 Northwest Military Highway, #118, Castle Hills, TX 78213.0, United States",SQJK5JKQPP,Delivered,10.0,1.75,4.75
Book Nerd,I Can Do All Things Through SPITE Which Strengthens Me Glitter Sticker,I Can Do All Things Through SPITE Which Strengthens Me Glitter Sticker,"Stickers, pins, & magnets",2026-01-21,17.5,Castle Hills,TX,"Castle Hills, TX",2211 Northwest Military Highway,#118,78213.0,United States,"2211 Northwest Military Highway, #118, Castle Hills, TX 78213.0, United States",SQJK5JKQPP,Delivered,10.0,1.75,4.75
Book Nerd,No One Is Illegal On Stolen Land Sticker,No One Is Illegal On Stolen Land Sticker,"Stickers, pins, & magnets",2026-01-21,17.5,Castle Hills,TX,"Castle Hills, TX",2211 Northwest Military Highway,#118,78213.0,United States,"2211 Northwest Military Highway, #118, Castle Hills, TX 78213.0, United States",SQJK5JKQPP,Delivered,10.0,1.75,4.75
Book Nerd,"Sorry If I'm Mean, I'm Overstimulated Right Now Sticker","Sorry If I'm Mean, I'm Overstimulated Right Now Sticker","Stickers, pins, & magnets",2026-01-21,17.5,Castle Hills,TX,"Castle Hills, TX",2211 Northwest Military Highway,#118,78213.0,United States,"2211 Northwest Military Highway, #118, Castle Hills, TX 78213.0, United States",SQJK5JKQPP,Delivered,10.0,1.75,4.75
Book Nerd,Let's Be Better Humans Sticker,Let's Be Better Humans Sticker,"Stickers, pins, & magnets",2026-01-21,17.5,Castle Hills,TX,"Castle Hills, TX",2211 Northwest Military Highway,#118,78213.0,United States,"2211 Northwest Military Highway, #118, Castle Hills, TX 78213.0, United States",SQJK5JKQPP,Delivered,10.0,1.75,6.5
Book Nerd,Sorry I Can't Go I'm An Indoor Cat Glitter Sticker,Sorry I Can't Go I'm An Indoor Cat Glitter Sticker,"Stickers, pins, & magnets",2026-01-21,17.5,Castle Hills,TX,"Castle Hills, TX",2211 Northwest Military Highway,#118,78213.0,United States,"2211 Northwest Military Highway, #118, Castle Hills, TX 78213.0, United States",SQJK5JKQPP,Delivered,10.0,1.75,4.75
Book Nerd,No Human Is Illegal Glitter Sticker,No Human Is Illegal Glitter Sticker,"Stickers, pins, & magnets",2026-01-21,17.5,Castle Hills,TX,"Castle Hills, TX",2211 Northwest Military Highway,#118,78213.0,United States,"2211 Northwest Military Highway, #118, Castle Hills, TX 78213.0, United States",SQJK5JKQPP,Delivered,10.0,1.75,4.75
Book Nerd,Caring About People Is Not Political Sticker,Caring About People Is Not Political Sticker,"Stickers, pins, & magnets",2026-01-21,17.5,Castle Hills,TX,"Castle Hills, TX",2211 Northwest Military Highway,#118,78213.0,United States,"2211 Northwest Military Highway, #118, Castle Hills, TX 78213.0, United States",SQJK5JKQPP,Delivered,10.0,1.75,4.75
Book Nerd,Make Orwell Fiction Again Sticker,Make Orwell Fiction Again Sticker,"Stickers, pins, & magnets",2026-01-21,17.5,Castle Hills,TX,"Castle Hills, TX",2211 Northwest Military Highway,#118,78213.0,United States,"2211 Northwest Military Highway, #118, Castle Hills, TX 78213.0, United States",SQJK5JKQPP,Delivered,10.0,1.75,4.75
Book Nerd,Shoutout To Everyone That Wanted To Read Their Book Today But Had To Adult Instead Glitter Sticker,Shoutout To Everyone That Wanted To Read Their Book Today But Had To Adult Instead Glitter Sticker,"Stickers, pins, & magnets",2026-01-21,17.5,Castle Hills,TX,"Castle Hills, TX",2211 Northwest Military Highway,#118,78213.0,United States,"2211 Northwest Military Highway, #118, Castle Hills, TX 78213.0, United States",SQJK5JKQPP,Delivered,10.0,1.75,4.75
Book Nerd,Community Is Resistance Sticker,Community Is Resistance Sticker,"Stickers, pins, & magnets",2026-01-21,17.5,Castle Hills,TX,"Castle Hills, TX",2211 Northwest Military Highway,#118,78213.0,United States,"2211 Northwest Military Highway, #118, Castle Hills, TX 78213.0, United States",SQJK5JKQPP,Delivered,10.0,1.75,4.75
Four Seasons Books,If You Are Neutral In Situations Of Injustice You Have Chosen The Side Of The Oppressors Sticker,If You Are Neutral In Situations Of Injustice You Have Chosen The Side Of The Oppressors Sticker,"Stickers, pins, & magnets",2026-01-21,10.5,Shepherdstown,WV,"Shepherdstown, WV",114 West German Street,P.O. Box 70,25443.0,United States,"114 West German Street, P.O. Box 70, Shepherdstown, WV 25443.0, United States",W5R6KWW7KC,Delivered,6.0,1.75,4.75
Four Seasons Books,Carry Yourself With The Confidence Of A Mediocre White Man Sticker,Carry Yourself With The Confidence Of A Mediocre White Man Sticker,"Stickers, pins, & magnets",2026-01-21,10.5,Shepherdstown,WV,"Shepherdstown, WV",114 West German Street,P.O. Box 70,25443.0,United States,"114 West German Street, P.O. Box 70, Shepherdstown, WV 25443.0, United States",W5R6KWW7KC,Delivered,6.0,1.75,4.75
Four Seasons Books,Policy & Change Sticker,Policy & Change Sticker,"Stickers, pins, & magnets",2026-01-21,10.5,Shepherdstown,WV,"Shepherdstown, WV",114 West German Street,P.O. Box 70,25443.0,United States,"114 West German Street, P.O. Box 70, Shepherdstown, WV 25443.0, United States",W5R6KWW7KC,Delivered,6.0,1.75,4.75
Four Seasons Books,Make Orwell Fiction Again Sticker,Make Orwell Fiction Again Sticker,"Stickers, pins, & magnets",2026-01-21,10.5,Shepherdstown,WV,"Shepherdstown, WV",114 West German Street,P.O. Box 70,25443.0,United States,"114 West German Street, P.O. Box 70, Shepherdstown, WV 25443.0, United States",W5R6KWW7KC,Delivered,6.0,1.75,4.75
Four Seasons Books,Queen Of Books Magnet,Queen Of Books Magnet,"Stickers, pins, & magnets",2026-01-21,7.5,Shepherdstown,WV,"Shepherdstown, WV",114 West German Street,P.O. Box 70,25443.0,United States,"114 West German Street, P.O. Box 70, Shepherdstown, WV 25443.0, United States",W5R6KWW7KC,Delivered,3.0,2.5,6.5
Four Seasons Books,Fueled By Tender Rage Tote Bag,Fueled By Tender Rage Tote Bag,"Stickers, pins, & magnets",2026-01-21,30.0,Shepherdstown,WV,"Shepherdstown, WV",114 West German Street,P.O. Box 70,25443.0,United States,"114 West German Street, P.O. Box 70, Shepherdstown, WV 25443.0, United States",W5R6KWW7KC,Delivered,3.0,10.0,20.0
Four Seasons Books,Justifiably Furious Tote Bag,Justifiably Furious Tote Bag,"Stickers, pins, & magnets",2026-01-21,30.0,Shepherdstown,WV,"Shepherdstown, WV",114 West German Street,P.O. Box 70,25443.0,United States,"114 West German Street, P.O. Box 70, Shepherdstown, WV 25443.0, United States",W5R6KWW7KC,Delivered,3.0,10.0,20.0
Four Seasons Books,Let's Read Banned Books Tote Bag,Let's Read Banned Books Tote Bag,Stationery & writing,2026-01-21,30.0,Shepherdstown,WV,"Shepherdstown, WV",114 West German Street,P.O. Box 70,25443.0,United States,"114 West German Street, P.O. Box 70, Shepherdstown, WV 25443.0, United States",W5R6KWW7KC,Delivered,3.0,10.0,20.0
Four Seasons Books,Public Health Over Corporate Wealth Tote Bag,Public Health Over Corporate Wealth Tote Bag,"Stickers, pins, & magnets",2026-01-21,30.0,Shepherdstown,WV,"Shepherdstown, WV",114 West German Street,P.O. Box 70,25443.0,United States,"114 West German Street, P.O. Box 70, Shepherdstown, WV 25443.0, United States",W5R6KWW7KC,Delivered,3.0,10.0,20.0
Four Seasons Books,Girl Dinner Sticker (Glitter or White Available),Girl Dinner Sticker (Glitter or White Available),"Stickers, pins, & magnets",2026-01-21,10.5,Shepherdstown,WV,"Shepherdstown, WV",114 West German Street,P.O. Box 70,25443.0,United States,"114 West German Street, P.O. Box 70, Shepherdstown, WV 25443.0, United States",W5R6KWW7KC,Delivered,6.0,1.75,4.75
Four Seasons Books,If You Are Neutral In Situations Of Injustice Tote Bag,If You Are Neutral In Situations Of Injustice Tote Bag,"Stickers, pins, & magnets",2026-01-21,30.0,Shepherdstown,WV,"Shepherdstown, WV",114 West German Street,P.O. Box 70,25443.0,United States,"114 West German Street, P.O. Box 70, Shepherdstown, WV 25443.0, United States",W5R6KWW7KC,Delivered,3.0,10.0,20.0
Four Seasons Books,Radicalized By Basic Decency Floral Tote Bag,Radicalized By Basic Decency Floral Tote Bag,"Stickers, pins, & magnets",2026-01-21,30.0,Shepherdstown,WV,"Shepherdstown, WV",114 West German Street,P.O. Box 70,25443.0,United States,"114 West German Street, P.O. Box 70, Shepherdstown, WV 25443.0, United States",W5R6KWW7KC,Delivered,3.0,10.0,20.0
Four Seasons Books,Shoutout To Everyone That Wanted To Read Their Book Today But Had To Adult Instead Glitter Sticker,Shoutout To Everyone That Wanted To Read Their Book Today But Had To Adult Instead Glitter Sticker,"Stickers, pins, & magnets",2026-01-21,10.5,Shepherdstown,WV,"Shepherdstown, WV",114 West German Street,P.O. Box 70,25443.0,United States,"114 West German Street, P.O. Box 70, Shepherdstown, WV 25443.0, United States",W5R6KWW7KC,Delivered,6.0,1.75,4.75
Four Seasons Books,Burn The Patriarchy Sticker,Burn The Patriarchy Sticker,"Stickers, pins, & magnets",2026-01-21,10.5,Shepherdstown,WV,"Shepherdstown, WV",114 West German Street,P.O. Box 70,25443.0,United States,"114 West German Street, P.O. Box 70, Shepherdstown, WV 25443.0, United States",W5R6KWW7KC,Delivered,6.0,1.75,4.75
Four Seasons Books,The Hell I Won't Sticker,The Hell I Won't Sticker,"Stickers, pins, & magnets",2026-01-21,10.5,Shepherdstown,WV,"Shepherdstown, WV",114 West German Street,P.O. Box 70,25443.0,United States,"114 West German Street, P.O. Box 70, Shepherdstown, WV 25443.0, United States",W5R6KWW7KC,Delivered,6.0,1.75,4.75
Four Seasons Books,"When You Can Be Anything You Want, An Asshole Seems To Be A Really Odd Choice Glitter Sticker","When You Can Be Anything You Want, An Asshole Seems To Be A Really Odd Choice Glitter Sticker","Stickers, pins, & magnets",2026-01-21,10.5,Shepherdstown,WV,"Shepherdstown, WV",114 West German Street,P.O. Box 70,25443.0,United States,"114 West German Street, P.O. Box 70, Shepherdstown, WV 25443.0, United States",W5R6KWW7KC,Delivered,6.0,1.75,4.75
Four Seasons Books,Keep The Immigrants Deport The Racists Sticker,Keep The Immigrants Deport The Racists Sticker,"Stickers, pins, & magnets",2026-01-21,10.5,Shepherdstown,WV,"Shepherdstown, WV",114 West German Street,P.O. Box 70,25443.0,United States,"114 West German Street, P.O. Box 70, Shepherdstown, WV 25443.0, United States",W5R6KWW7KC,Delivered,6.0,1.75,4.75
Four Seasons Books,Only You Can Prevent Fascism Sticker,Only You Can Prevent Fascism Sticker,"Stickers, pins, & magnets",2026-01-21,10.5,Shepherdstown,WV,"Shepherdstown, WV",114 West German Street,P.O. Box 70,25443.0,United States,"114 West German Street, P.O. Box 70, Shepherdstown, WV 25443.0, United States",W5R6KWW7KC,Delivered,6.0,1.75,4.75
Odds And Ends Emporium,For The Fuckteenth Time Pen,For The Fuckteenth Time Pen,Stationery & writing,2026-01-21,5.1,Colorado Springs,CO,"Colorado Springs, CO",1604 South Cascade Avenue,Suite 170,80905.0,United States,"1604 South Cascade Avenue, Suite 170, Colorado Springs, CO 80905.0, United States",HZZZFHPP7P,Delivered,6.0,0.85,2.75
Odds And Ends Emporium,Disappointed But Not Surprised Pen,Disappointed But Not Surprised Pen,Stationery & writing,2026-01-21,8.5,Colorado Springs,CO,"Colorado Springs, CO",1604 South Cascade Avenue,Suite 170,80905.0,United States,"1604 South Cascade Avenue, Suite 170, Colorado Springs, CO 80905.0, United States",HZZZFHPP7P,Delivered,10.0,0.85,2.75
Odds And Ends Emporium,Currently Dissociating Pen,Currently Dissociating Pen,Stationery & writing,2026-01-21,8.5,Colorado Springs,CO,"Colorado Springs, CO",1604 South Cascade Avenue,Suite 170,80905.0,United States,"1604 South Cascade Avenue, Suite 170, Colorado Springs, CO 80905.0, United States",HZZZFHPP7P,Delivered,10.0,0.85,2.75
Odds And Ends Emporium,Emotional Support Water Bottle Sticker,Emotional Support Water Bottle Sticker,"Stickers, pins, & magnets",2026-01-21,14.0,Colorado Springs,CO,"Colorado Springs, CO",1604 South Cascade Avenue,Suite 170,80905.0,United States,"1604 South Cascade Avenue, Suite 170, Colorado Springs, CO 80905.0, United States",HZZZFHPP7P,Delivered,8.0,1.75,3.75
Odds And Ends Emporium,Girl Dinner Sticker (Glitter or White Available),Girl Dinner Sticker (Glitter or White Available),"Stickers, pins, & magnets",2026-01-21,14.0,Colorado Springs,CO,"Colorado Springs, CO",1604 South Cascade Avenue,Suite 170,80905.0,United States,"1604 South Cascade Avenue, Suite 170, Colorado Springs, CO 80905.0, United States",HZZZFHPP7P,Delivered,8.0,1.75,4.75
Odds And Ends Emporium,Disappointments All Of You Sticker,Disappointments All Of You Sticker,"Stickers, pins, & magnets",2026-01-21,10.5,Colorado Springs,CO,"Colorado Springs, CO",1604 South Cascade Avenue,Suite 170,80905.0,United States,"1604 South Cascade Avenue, Suite 170, Colorado Springs, CO 80905.0, United States",HZZZFHPP7P,Delivered,6.0,1.75,4.75
Odds And Ends Emporium,Girls Will Be Girls Sticker,Girls Will Be Girls Sticker,"Stickers, pins, & magnets",2026-01-21,10.5,Colorado Springs,CO,"Colorado Springs, CO",1604 South Cascade Avenue,Suite 170,80905.0,United States,"1604 South Cascade Avenue, Suite 170, Colorado Springs, CO 80905.0, United States",HZZZFHPP7P,Delivered,6.0,1.75,4.75
Odds And Ends Emporium,Diet Coke Slut Glitter Sticker,Diet Coke Slut Glitter Sticker,"Stickers, pins, & magnets",2026-01-21,10.5,Colorado Springs,CO,"Colorado Springs, CO",1604 South Cascade Avenue,Suite 170,80905.0,United States,"1604 South Cascade Avenue, Suite 170, Colorado Springs, CO 80905.0, United States",HZZZFHPP7P,Delivered,6.0,1.75,4.75
Odds And Ends Emporium,You've Just Buttered Your Last Biscuit Sticker,You've Just Buttered Your Last Biscuit Sticker,"Stickers, pins, & magnets",2026-01-21,10.5,Colorado Springs,CO,"Colorado Springs, CO",1604 South Cascade Avenue,Suite 170,80905.0,United States,"1604 South Cascade Avenue, Suite 170, Colorado Springs, CO 80905.0, United States",HZZZFHPP7P,Delivered,6.0,1.75,4.75
Odds And Ends Emporium,Girls Will Be Girls Sticker,Girls Will Be Girls Sticker,"Stickers, pins, & magnets",2026-01-21,10.5,Colorado Springs,CO,"Colorado Springs, CO",1604 South Cascade Avenue,Suite 170,80905.0,United States,"1604 South Cascade Avenue, Suite 170, Colorado Springs, CO 80905.0, United States",HZZZFHPP7P,Delivered,6.0,1.75,4.75
Odds And Ends Emporium,What's More Punk Than The Public Library Sticker,What's More Punk Than The Public Library Sticker,"Stickers, pins, & magnets",2026-01-21,10.5,Colorado Springs,CO,"Colorado Springs, CO",1604 South Cascade Avenue,Suite 170,80905.0,United States,"1604 South Cascade Avenue, Suite 170, Colorado Springs, CO 80905.0, United States",HZZZFHPP7P,Delivered,6.0,1.75,4.75
Odds And Ends Emporium,"Hey, You Dropped This Holographic Sticker","Hey, You Dropped This Holographic Sticker","Stickers, pins, & magnets",2026-01-21,10.5,Colorado Springs,CO,"Colorado Springs, CO",1604 South Cascade Avenue,Suite 170,80905.0,United States,"1604 South Cascade Avenue, Suite 170, Colorado Springs, CO 80905.0, United States",HZZZFHPP7P,Delivered,6.0,1.75,4.75
Odds And Ends Emporium,Vasectomies Prevent Abortions Sticker,Vasectomies Prevent Abortions Sticker,"Stickers, pins, & magnets",2026-01-21,10.5,Colorado Springs,CO,"Colorado Springs, CO",1604 South Cascade Avenue,Suite 170,80905.0,United States,"1604 South Cascade Avenue, Suite 170, Colorado Springs, CO 80905.0, United States",HZZZFHPP7P,Delivered,6.0,1.75,4.75
Odds And Ends Emporium,Awake But At What Cost Sticker,Awake But At What Cost Sticker,"Stickers, pins, & magnets",2026-01-21,10.5,Colorado Springs,CO,"Colorado Springs, CO",1604 South Cascade Avenue,Suite 170,80905.0,United States,"1604 South Cascade Avenue, Suite 170, Colorado Springs, CO 80905.0, United States",HZZZFHPP7P,Delivered,6.0,1.75,4.75
Odds And Ends Emporium,Only You Can Prevent Fascism Sticker,Only You Can Prevent Fascism Sticker,"Stickers, pins, & magnets",2026-01-21,10.5,Colorado Springs,CO,"Colorado Springs, CO",1604 South Cascade Avenue,Suite 170,80905.0,United States,"1604 South Cascade Avenue, Suite 170, Colorado Springs, CO 80905.0, United States",HZZZFHPP7P,Delivered,6.0,1.75,4.75
Odds And Ends Emporium,Compost The Patriarchy Sticker,Compost The Patriarchy Sticker,"Stickers, pins, & magnets",2026-01-21,10.5,Colorado Springs,CO,"Colorado Springs, CO",1604 South Cascade Avenue,Suite 170,80905.0,United States,"1604 South Cascade Avenue, Suite 170, Colorado Springs, CO 80905.0, United States",HZZZFHPP7P,Delivered,6.0,1.75,4.75
Odds And Ends Emporium,No Worries If Not Totally Cool Either Way Sticker,No Worries If Not Totally Cool Either Way Sticker,"Stickers, pins, & magnets",2026-01-21,10.5,Colorado Springs,CO,"Colorado Springs, CO",1604 South Cascade Avenue,Suite 170,80905.0,United States,"1604 South Cascade Avenue, Suite 170, Colorado Springs, CO 80905.0, United States",HZZZFHPP7P,Delivered,6.0,1.75,4.75
Odds And Ends Emporium,Dumpster Fire Response Team Member Pen,Dumpster Fire Response Team Member Pen,Stationery & writing,2026-01-21,8.5,Colorado Springs,CO,"Colorado Springs, CO",1604 South Cascade Avenue,Suite 170,80905.0,United States,"1604 South Cascade Avenue, Suite 170, Colorado Springs, CO 80905.0, United States",HZZZFHPP7P,Delivered,10.0,0.85,2.75
Odds And Ends Emporium,I May Be Wrong But I Doubt It Pen,I May Be Wrong But I Doubt It Pen,Stationery & writing,2026-01-21,8.5,Colorado Springs,CO,"Colorado Springs, CO",1604 South Cascade Avenue,Suite 170,80905.0,United States,"1604 South Cascade Avenue, Suite 170, Colorado Springs, CO 80905.0, United States",HZZZFHPP7P,Delivered,10.0,0.85,2.75
Odds And Ends Emporium,"Sorry I Was Rude, It Was Probably Your Fault Pen","Sorry I Was Rude, It Was Probably Your Fault Pen",Stationery & writing,2026-01-21,8.5,Colorado Springs,CO,"Colorado Springs, CO",1604 South Cascade Avenue,Suite 170,80905.0,United States,"1604 South Cascade Avenue, Suite 170, Colorado Springs, CO 80905.0, United States",HZZZFHPP7P,Delivered,10.0,0.85,2.75
Florida Botanical Gardens Gift Shop,Radicalized By Basic Decency Floral Sticker,Radicalized By Basic Decency Floral Sticker,"Stickers, pins, & magnets",2026-01-21,10.5,Largo,FL,"Largo, FL",12520 Ulmerton Rd,Florida Botanical Gardens Foundation,33774.0,United States,"12520 Ulmerton Rd, Florida Botanical Gardens Foundation, Largo, FL 33774.0, United States",4JU5MK6JUN,Delivered,6.0,1.75,4.75
Florida Botanical Gardens Gift Shop,Manifesting The Revolution Sticker,Manifesting The Revolution Sticker,"Stickers, pins, & magnets",2026-01-21,10.5,Largo,FL,"Largo, FL",12520 Ulmerton Rd,Florida Botanical Gardens Foundation,33774.0,United States,"12520 Ulmerton Rd, Florida Botanical Gardens Foundation, Largo, FL 33774.0, United States",4JU5MK6JUN,Delivered,6.0,1.75,4.75
Florida Botanical Gardens Gift Shop,You've Just Buttered Your Last Biscuit Sticker,You've Just Buttered Your Last Biscuit Sticker,"Stickers, pins, & magnets",2026-01-21,10.5,Largo,FL,"Largo, FL",12520 Ulmerton Rd,Florida Botanical Gardens Foundation,33774.0,United States,"12520 Ulmerton Rd, Florida Botanical Gardens Foundation, Largo, FL 33774.0, United States",4JU5MK6JUN,Delivered,6.0,1.75,4.75
Florida Botanical Gardens Gift Shop,Caring About People Is Not Political Sticker,Caring About People Is Not Political Sticker,"Stickers, pins, & magnets",2026-01-21,10.5,Largo,FL,"Largo, FL",12520 Ulmerton Rd,Florida Botanical Gardens Foundation,33774.0,United States,"12520 Ulmerton Rd, Florida Botanical Gardens Foundation, Largo, FL 33774.0, United States",4JU5MK6JUN,Delivered,6.0,1.75,4.75
Florida Botanical Gardens Gift Shop,The Hell I Won't Sticker,The Hell I Won't Sticker,"Stickers, pins, & magnets",2026-01-21,10.5,Largo,FL,"Largo, FL",12520 Ulmerton Rd,Florida Botanical Gardens Foundation,33774.0,United States,"12520 Ulmerton Rd, Florida Botanical Gardens Foundation, Largo, FL 33774.0, United States",4JU5MK6JUN,Delivered,6.0,1.75,4.75
Florida Botanical Gardens Gift Shop,54321 Grounding Technique Sticker,54321 Grounding Technique Sticker,"Stickers, pins, & magnets",2026-01-21,10.5,Largo,FL,"Largo, FL",12520 Ulmerton Rd,Florida Botanical Gardens Foundation,33774.0,United States,"12520 Ulmerton Rd, Florida Botanical Gardens Foundation, Largo, FL 33774.0, United States",4JU5MK6JUN,Delivered,6.0,1.75,4.75
Florida Botanical Gardens Gift Shop,"Hey, You Dropped This Holographic Sticker","Hey, You Dropped This Holographic Sticker","Stickers, pins, & magnets",2026-01-21,10.5,Largo,FL,"Largo, FL",12520 Ulmerton Rd,Florida Botanical Gardens Foundation,33774.0,United States,"12520 Ulmerton Rd, Florida Botanical Gardens Foundation, Largo, FL 33774.0, United States",4JU5MK6JUN,Delivered,6.0,1.75,4.75
Florida Botanical Gardens Gift Shop,What's More Punk Than The Public Library Sticker,What's More Punk Than The Public Library Sticker,"Stickers, pins, & magnets",2026-01-21,10.5,Largo,FL,"Largo, FL",12520 Ulmerton Rd,Florida Botanical Gardens Foundation,33774.0,United States,"12520 Ulmerton Rd, Florida Botanical Gardens Foundation, Largo, FL 33774.0, United States",4JU5MK6JUN,Delivered,6.0,1.75,4.75
Florida Botanical Gardens Gift Shop,Meet Me At The Pink Pony Club Glitter Sticker,Meet Me At The Pink Pony Club Glitter Sticker,"Stickers, pins, & magnets",2026-01-21,10.5,Largo,FL,"Largo, FL",12520 Ulmerton Rd,Florida Botanical Gardens Foundation,33774.0,United States,"12520 Ulmerton Rd, Florida Botanical Gardens Foundation, Largo, FL 33774.0, United States",4JU5MK6JUN,Delivered,6.0,1.75,4.75
Florida Botanical Gardens Gift Shop,Vasectomies Prevent Abortions Sticker,Vasectomies Prevent Abortions Sticker,"Stickers, pins, & magnets",2026-01-21,10.5,Largo,FL,"Largo, FL",12520 Ulmerton Rd,Florida Botanical Gardens Foundation,33774.0,United States,"12520 Ulmerton Rd, Florida Botanical Gardens Foundation, Largo, FL 33774.0, United States",4JU5MK6JUN,Delivered,6.0,1.75,4.75
Florida Botanical Gardens Gift Shop,Policy & Change Sticker,Policy & Change Sticker,"Stickers, pins, & magnets",2026-01-21,10.5,Largo,FL,"Largo, FL",12520 Ulmerton Rd,Florida Botanical Gardens Foundation,33774.0,United States,"12520 Ulmerton Rd, Florida Botanical Gardens Foundation, Largo, FL 33774.0, United States",4JU5MK6JUN,Delivered,6.0,1.75,4.75
Florida Botanical Gardens Gift Shop,Educate Organize Revolt Sticker,Educate Organize Revolt Sticker,"Stickers, pins, & magnets",2026-01-21,10.5,Largo,FL,"Largo, FL",12520 Ulmerton Rd,Florida Botanical Gardens Foundation,33774.0,United States,"12520 Ulmerton Rd, Florida Botanical Gardens Foundation, Largo, FL 33774.0, United States",4JU5MK6JUN,Delivered,6.0,1.75,4.75
Florida Botanical Gardens Gift Shop,I Should Be Frolicking In A Forest But I'm Here. Wtf Pen,I Should Be Frolicking In A Forest But I'm Here. Wtf Pen,Stationery & writing,2026-01-21,21.25,Largo,FL,"Largo, FL",12520 Ulmerton Rd,Florida Botanical Gardens Foundation,33774.0,United States,"12520 Ulmerton Rd, Florida Botanical Gardens Foundation, Largo, FL 33774.0, United States",4JU5MK6JUN,Delivered,25.0,0.85,2.75
Florida Botanical Gardens Gift Shop,If Explosive Diarrhea Was A Person Glitter Sticker,If Explosive Diarrhea Was A Person Glitter Sticker,"Stickers, pins, & magnets",2026-01-21,26.25,Largo,FL,"Largo, FL",12520 Ulmerton Rd,Florida Botanical Gardens Foundation,33774.0,United States,"12520 Ulmerton Rd, Florida Botanical Gardens Foundation, Largo, FL 33774.0, United States",4JU5MK6JUN,Delivered,15.0,1.75,4.75
Florida Botanical Gardens Gift Shop,Resist Floral Sticker,Resist Floral Sticker,"Stickers, pins, & magnets",2026-01-21,21.0,Largo,FL,"Largo, FL",12520 Ulmerton Rd,Florida Botanical Gardens Foundation,33774.0,United States,"12520 Ulmerton Rd, Florida Botanical Gardens Foundation, Largo, FL 33774.0, United States",4JU5MK6JUN,Delivered,12.0,1.75,4.75
Florida Botanical Gardens Gift Shop,I Will Not Tolerate Your Bullshit But I Wish You Peace Sticker,I Will Not Tolerate Your Bullshit But I Wish You Peace Sticker,"Stickers, pins, & magnets",2026-01-21,10.5,Largo,FL,"Largo, FL",12520 Ulmerton Rd,Florida Botanical Gardens Foundation,33774.0,United States,"12520 Ulmerton Rd, Florida Botanical Gardens Foundation, Largo, FL 33774.0, United States",4JU5MK6JUN,Delivered,6.0,1.75,4.25
Florida Botanical Gardens Gift Shop,Girls Will Be Girls Sticker,Girls Will Be Girls Sticker,"Stickers, pins, & magnets",2026-01-21,10.5,Largo,FL,"Largo, FL",12520 Ulmerton Rd,Florida Botanical Gardens Foundation,33774.0,United States,"12520 Ulmerton Rd, Florida Botanical Gardens Foundation, Largo, FL 33774.0, United States",4JU5MK6JUN,Delivered,6.0,1.75,4.75
Eagle Eye Book Shop,Overstimulated Sticker (2 styles available),Overstimulated Sticker (2 styles available),"Stickers, pins, & magnets",2026-01-21,10.5,Decatur,GA,"Decatur, GA",2076 North Decatur Road,,30033.0,United States,"2076 North Decatur Road, Decatur, GA 30033.0, United States",7YKHN8BQGF,Delivered,6.0,1.75,4.75
Eagle Eye Book Shop,More Pride Less Prejudice Tote Bag,More Pride Less Prejudice Tote Bag,"Stickers, pins, & magnets",2026-01-21,30.0,Decatur,GA,"Decatur, GA",2076 North Decatur Road,,30033.0,United States,"2076 North Decatur Road, Decatur, GA 30033.0, United States",7YKHN8BQGF,Delivered,3.0,10.0,20.0
Eagle Eye Book Shop,Mansplain Survivor Holographic Sticker,Mansplain Survivor Holographic Sticker,"Stickers, pins, & magnets",2026-01-21,10.5,Decatur,GA,"Decatur, GA",2076 North Decatur Road,,30033.0,United States,"2076 North Decatur Road, Decatur, GA 30033.0, United States",7YKHN8BQGF,Delivered,6.0,1.75,4.75
Eagle Eye Book Shop,Born In The 1900's Sticker,Born In The 1900's Sticker,"Stickers, pins, & magnets",2026-01-21,10.5,Decatur,GA,"Decatur, GA",2076 North Decatur Road,,30033.0,United States,"2076 North Decatur Road, Decatur, GA 30033.0, United States",7YKHN8BQGF,Delivered,6.0,1.75,4.75
Eagle Eye Book Shop,I'm A Sensitive Little Creature Please Be Nice To Me Sticker,I'm A Sensitive Little Creature Please Be Nice To Me Sticker,"Stickers, pins, & magnets",2026-01-21,10.5,Decatur,GA,"Decatur, GA",2076 North Decatur Road,,30033.0,United States,"2076 North Decatur Road, Decatur, GA 30033.0, United States",7YKHN8BQGF,Delivered,6.0,1.75,4.75
Eagle Eye Book Shop,Meet Me At The Pink Pony Club Glitter Sticker,Meet Me At The Pink Pony Club Glitter Sticker,"Stickers, pins, & magnets",2026-01-21,10.5,Decatur,GA,"Decatur, GA",2076 North Decatur Road,,30033.0,United States,"2076 North Decatur Road, Decatur, GA 30033.0, United States",7YKHN8BQGF,Delivered,6.0,1.75,4.75
Eagle Eye Book Shop,I Didn't Survive A Pandemic For This Shit Glitter Sticker,I Didn't Survive A Pandemic For This Shit Glitter Sticker,"Stickers, pins, & magnets",2026-01-21,10.5,Decatur,GA,"Decatur, GA",2076 North Decatur Road,,30033.0,United States,"2076 North Decatur Road, Decatur, GA 30033.0, United States",7YKHN8BQGF,Delivered,6.0,1.75,4.75
Eagle Eye Book Shop,Educate Organize Revolt Sticker,Educate Organize Revolt Sticker,"Stickers, pins, & magnets",2026-01-21,10.5,Decatur,GA,"Decatur, GA",2076 North Decatur Road,,30033.0,United States,"2076 North Decatur Road, Decatur, GA 30033.0, United States",7YKHN8BQGF,Delivered,6.0,1.75,4.75
Eagle Eye Book Shop,Pickles Heart Glitter Sticker,Pickles Heart Glitter Sticker,"Stickers, pins, & magnets",2026-01-21,10.5,Decatur,GA,"Decatur, GA",2076 North Decatur Road,,30033.0,United States,"2076 North Decatur Road, Decatur, GA 30033.0, United States",7YKHN8BQGF,Delivered,6.0,1.75,4.75
Eagle Eye Book Shop,Books Are Magic Pixie Glitter Sticker,Books Are Magic Pixie Glitter Sticker,"Stickers, pins, & magnets",2026-01-21,10.5,Decatur,GA,"Decatur, GA",2076 North Decatur Road,,30033.0,United States,"2076 North Decatur Road, Decatur, GA 30033.0, United States",7YKHN8BQGF,Delivered,6.0,1.75,4.75
Eagle Eye Book Shop,Vasectomies Prevent Abortions Sticker,Vasectomies Prevent Abortions Sticker,"Stickers, pins, & magnets",2026-01-21,10.5,Decatur,GA,"Decatur, GA",2076 North Decatur Road,,30033.0,United States,"2076 North Decatur Road, Decatur, GA 30033.0, United States",7YKHN8BQGF,Delivered,6.0,1.75,4.75
Eagle Eye Book Shop,Tell Me A Time In History When It Was The Good Guys Banning Books Tote Bag,Tell Me A Time In History When It Was The Good Guys Banning Books Tote Bag,Stationery & writing,2026-01-21,30.0,Decatur,GA,"Decatur, GA",2076 North Decatur Road,,30033.0,United States,"2076 North Decatur Road, Decatur, GA 30033.0, United States",7YKHN8BQGF,Delivered,3.0,10.0,20.0
Eagle Eye Book Shop,Make Orwell Fiction Again Tote Bag,Make Orwell Fiction Again Tote Bag,"Stickers, pins, & magnets",2026-01-21,30.0,Decatur,GA,"Decatur, GA",2076 North Decatur Road,,30033.0,United States,"2076 North Decatur Road, Decatur, GA 30033.0, United States",7YKHN8BQGF,Delivered,3.0,10.0,20.0
Eagle Eye Book Shop,Literacy And Justice For All Tote Bag,Literacy And Justice For All Tote Bag,"Stickers, pins, & magnets",2026-01-21,30.0,Decatur,GA,"Decatur, GA",2076 North Decatur Road,,30033.0,United States,"2076 North Decatur Road, Decatur, GA 30033.0, United States",7YKHN8BQGF,Delivered,3.0,10.0,20.0
Eagle Eye Book Shop,Maybe Books Are Addicted To Me Tote Bag,Maybe Books Are Addicted To Me Tote Bag,Stationery & writing,2026-01-21,30.0,Decatur,GA,"Decatur, GA",2076 North Decatur Road,,30033.0,United States,"2076 North Decatur Road, Decatur, GA 30033.0, United States",7YKHN8BQGF,Delivered,3.0,10.0,20.0
Eagle Eye Book Shop,"Sorry, I'm Fully Booked Tonight! Tote Bag","Sorry, I'm Fully Booked Tonight! Tote Bag",Stationery & writing,2026-01-21,30.0,Decatur,GA,"Decatur, GA",2076 North Decatur Road,,30033.0,United States,"2076 North Decatur Road, Decatur, GA 30033.0, United States",7YKHN8BQGF,Delivered,3.0,10.0,20.0
Eagle Eye Book Shop,I Tried To Form A Gang But It Turned Into A Book Club Tote Bag,I Tried To Form A Gang But It Turned Into A Book Club Tote Bag,Stationery & writing,2026-01-21,30.0,Decatur,GA,"Decatur, GA",2076 North Decatur Road,,30033.0,United States,"2076 North Decatur Road, Decatur, GA 30033.0, United States",7YKHN8BQGF,Delivered,3.0,10.0,20.0
Eagle Eye Book Shop,You've Just Buttered Your Last Biscuit Sticker,You've Just Buttered Your Last Biscuit Sticker,"Stickers, pins, & magnets",2026-01-21,10.5,Decatur,GA,"Decatur, GA",2076 North Decatur Road,,30033.0,United States,"2076 North Decatur Road, Decatur, GA 30033.0, United States",7YKHN8BQGF,Delivered,6.0,1.75,4.75
Eagle Eye Book Shop,Radicalized By Basic Decency Floral Sticker,Radicalized By Basic Decency Floral Sticker,"Stickers, pins, & magnets",2026-01-21,10.5,Decatur,GA,"Decatur, GA",2076 North Decatur Road,,30033.0,United States,"2076 North Decatur Road, Decatur, GA 30033.0, United States",7YKHN8BQGF,Delivered,6.0,1.75,4.75
Eagle Eye Book Shop,"Do You Have Any Fucks? Not Even One, Girl. Go Fish. Sticker","Do You Have Any Fucks? Not Even One, Girl. Go Fish. Sticker","Stickers, pins, & magnets",2026-01-21,10.5,Decatur,GA,"Decatur, GA",2076 North Decatur Road,,30033.0,United States,"2076 North Decatur Road, Decatur, GA 30033.0, United States",7YKHN8BQGF,Delivered,6.0,1.75,4.75
Eagle Eye Book Shop,Petrify the Patriarchy Sticker,Petrify the Patriarchy Sticker,"Stickers, pins, & magnets",2026-01-21,10.5,Decatur,GA,"Decatur, GA",2076 North Decatur Road,,30033.0,United States,"2076 North Decatur Road, Decatur, GA 30033.0, United States",7YKHN8BQGF,Delivered,6.0,1.75,4.75
Eagle Eye Book Shop,Raccoon Fairy Holographic Sticker,Raccoon Fairy Holographic Sticker,"Stickers, pins, & magnets",2026-01-21,10.5,Decatur,GA,"Decatur, GA",2076 North Decatur Road,,30033.0,United States,"2076 North Decatur Road, Decatur, GA 30033.0, United States",7YKHN8BQGF,Delivered,6.0,1.75,4.75
Eagle Eye Book Shop,Policy & Change Sticker,Policy & Change Sticker,"Stickers, pins, & magnets",2026-01-21,10.5,Decatur,GA,"Decatur, GA",2076 North Decatur Road,,30033.0,United States,"2076 North Decatur Road, Decatur, GA 30033.0, United States",7YKHN8BQGF,Delivered,6.0,1.75,4.75
Eagle Eye Book Shop,If You Are Neutral In Situations Of Injustice You Have Chosen The Side Of The Oppressors Sticker,If You Are Neutral In Situations Of Injustice You Have Chosen The Side Of The Oppressors Sticker,"Stickers, pins, & magnets",2026-01-21,10.5,Decatur,GA,"Decatur, GA",2076 North Decatur Road,,30033.0,United States,"2076 North Decatur Road, Decatur, GA 30033.0, United States",7YKHN8BQGF,Delivered,6.0,1.75,4.75
Eagle Eye Book Shop,The Bookstore So Many Books So Little Time Glitter Sticker,The Bookstore So Many Books So Little Time Glitter Sticker,"Stickers, pins, & magnets",2026-01-21,10.5,Decatur,GA,"Decatur, GA",2076 North Decatur Road,,30033.0,United States,"2076 North Decatur Road, Decatur, GA 30033.0, United States",7YKHN8BQGF,Delivered,6.0,1.75,4.75
Eagle Eye Book Shop,Let's Read Banned Books Tote Bag,Let's Read Banned Books Tote Bag,Stationery & writing,2026-01-21,30.0,Decatur,GA,"Decatur, GA",2076 North Decatur Road,,30033.0,United States,"2076 North Decatur Road, Decatur, GA 30033.0, United States",7YKHN8BQGF,Delivered,3.0,10.0,20.0
Eagle Eye Book Shop,Read Banned Books Sticker,Read Banned Books Sticker,"Stickers, pins, & magnets",2026-01-21,10.5,Decatur,GA,"Decatur, GA",2076 North Decatur Road,,30033.0,United States,"2076 North Decatur Road, Decatur, GA 30033.0, United States",7YKHN8BQGF,Delivered,6.0,1.75,4.75
Eagle Eye Book Shop,Books Because Coping With Reality Is Not An Option At The Moment Glitter Sticker,Books Because Coping With Reality Is Not An Option At The Moment Glitter Sticker,"Stickers, pins, & magnets",2026-01-21,10.5,Decatur,GA,"Decatur, GA",2076 North Decatur Road,,30033.0,United States,"2076 North Decatur Road, Decatur, GA 30033.0, United States",7YKHN8BQGF,Delivered,6.0,1.75,4.75
Eagle Eye Book Shop,"Hey, You Dropped This Holographic Sticker","Hey, You Dropped This Holographic Sticker","Stickers, pins, & magnets",2026-01-21,10.5,Decatur,GA,"Decatur, GA",2076 North Decatur Road,,30033.0,United States,"2076 North Decatur Road, Decatur, GA 30033.0, United States",7YKHN8BQGF,Delivered,6.0,1.75,4.75
Two Sparrows Homestead,Dumpster Fire Response Team Member Pen,Dumpster Fire Response Team Member Pen,Stationery & writing,2026-01-21,10.2,Beacon,NY,"Beacon, NY",226 Main Street,Business Suite #2,12508.0,United States,"226 Main Street, Business Suite #2, Beacon, NY 12508.0, United States",EA5Y7X538J,Shipped,12.0,0.85,2.75
Two Sparrows Homestead,"Sorry I Was Rude, It Was Probably Your Fault Pen","Sorry I Was Rude, It Was Probably Your Fault Pen",Stationery & writing,2026-01-21,10.2,Beacon,NY,"Beacon, NY",226 Main Street,Business Suite #2,12508.0,United States,"226 Main Street, Business Suite #2, Beacon, NY 12508.0, United States",EA5Y7X538J,Shipped,12.0,0.85,2.75
Two Sparrows Homestead,For The Fuckteenth Time Pen,For The Fuckteenth Time Pen,Stationery & writing,2026-01-21,10.2,Beacon,NY,"Beacon, NY",226 Main Street,Business Suite #2,12508.0,United States,"226 Main Street, Business Suite #2, Beacon, NY 12508.0, United States",EA5Y7X538J,Shipped,12.0,0.85,2.75
Two Sparrows Homestead,I May Be Wrong But I Doubt It Pen,I May Be Wrong But I Doubt It Pen,Stationery & writing,2026-01-21,10.2,Beacon,NY,"Beacon, NY",226 Main Street,Business Suite #2,12508.0,United States,"226 Main Street, Business Suite #2, Beacon, NY 12508.0, United States",EA5Y7X538J,Shipped,12.0,0.85,2.75
Two Sparrows Homestead,Disappointed But Not Surprised Pen,Disappointed But Not Surprised Pen,Stationery & writing,2026-01-21,10.2,Beacon,NY,"Beacon, NY",226 Main Street,Business Suite #2,12508.0,United States,"226 Main Street, Business Suite #2, Beacon, NY 12508.0, United States",EA5Y7X538J,Shipped,12.0,0.85,2.75
Two Sparrows Homestead,Books Because Coping With Reality Is Not An Option At The Moment Glitter Sticker,Books Because Coping With Reality Is Not An Option At The Moment Glitter Sticker,"Stickers, pins, & magnets",2026-01-21,10.5,Beacon,NY,"Beacon, NY",226 Main Street,Business Suite #2,12508.0,United States,"226 Main Street, Business Suite #2, Beacon, NY 12508.0, United States",EA5Y7X538J,Shipped,6.0,1.75,4.75
Two Sparrows Homestead,"When You Can Be Anything You Want, An Asshole Seems To Be A Really Odd Choice Glitter Sticker","When You Can Be Anything You Want, An Asshole Seems To Be A Really Odd Choice Glitter Sticker","Stickers, pins, & magnets",2026-01-21,10.5,Beacon,NY,"Beacon, NY",226 Main Street,Business Suite #2,12508.0,United States,"226 Main Street, Business Suite #2, Beacon, NY 12508.0, United States",EA5Y7X538J,Shipped,6.0,1.75,4.75
Two Sparrows Homestead,Let's Be Better Humans Sticker,Let's Be Better Humans Sticker,"Stickers, pins, & magnets",2026-01-21,10.5,Beacon,NY,"Beacon, NY",226 Main Street,Business Suite #2,12508.0,United States,"226 Main Street, Business Suite #2, Beacon, NY 12508.0, United States",EA5Y7X538J,Shipped,6.0,1.75,6.5
Two Sparrows Homestead,"Do You Have Any Fucks? Not Even One, Girl. Go Fish. Sticker","Do You Have Any Fucks? Not Even One, Girl. Go Fish. Sticker","Stickers, pins, & magnets",2026-01-21,10.5,Beacon,NY,"Beacon, NY",226 Main Street,Business Suite #2,12508.0,United States,"226 Main Street, Business Suite #2, Beacon, NY 12508.0, United States",EA5Y7X538J,Shipped,6.0,1.75,4.75
Two Sparrows Homestead,"Hey, You Dropped This Holographic Sticker","Hey, You Dropped This Holographic Sticker","Stickers, pins, & magnets",2026-01-21,10.5,Beacon,NY,"Beacon, NY",226 Main Street,Business Suite #2,12508.0,United States,"226 Main Street, Business Suite #2, Beacon, NY 12508.0, United States",EA5Y7X538J,Shipped,6.0,1.75,4.75
Two Sparrows Homestead,Black Cat Middle Finger Sticker,Black Cat Middle Finger Sticker,"Stickers, pins, & magnets",2026-01-21,10.5,Beacon,NY,"Beacon, NY",226 Main Street,Business Suite #2,12508.0,United States,"226 Main Street, Business Suite #2, Beacon, NY 12508.0, United States",EA5Y7X538J,Shipped,6.0,1.75,4.75
Two Sparrows Homestead,Have You Considered Shutting The Fuck Up Glitter Sticker,Have You Considered Shutting The Fuck Up Glitter Sticker,"Stickers, pins, & magnets",2026-01-21,10.5,Beacon,NY,"Beacon, NY",226 Main Street,Business Suite #2,12508.0,United States,"226 Main Street, Business Suite #2, Beacon, NY 12508.0, United States",EA5Y7X538J,Shipped,6.0,1.75,4.75
Two Sparrows Homestead,Dumpster Fire Response Team Team Leader Sticker,Dumpster Fire Response Team Team Leader Sticker,"Stickers, pins, & magnets",2026-01-21,10.5,Beacon,NY,"Beacon, NY",226 Main Street,Business Suite #2,12508.0,United States,"226 Main Street, Business Suite #2, Beacon, NY 12508.0, United States",EA5Y7X538J,Shipped,6.0,1.75,4.75
Two Sparrows Homestead,Don't Hate Me Just Because I'm A Little Cooler Sticker,Don't Hate Me Just Because I'm A Little Cooler Sticker,"Stickers, pins, & magnets",2026-01-21,10.5,Beacon,NY,"Beacon, NY",226 Main Street,Business Suite #2,12508.0,United States,"226 Main Street, Business Suite #2, Beacon, NY 12508.0, United States",EA5Y7X538J,Shipped,6.0,1.75,4.75
Two Sparrows Homestead,Daily Shitstorm Survivors Club Glitter Sticker,Daily Shitstorm Survivors Club Glitter Sticker,"Stickers, pins, & magnets",2026-01-21,10.5,Beacon,NY,"Beacon, NY",226 Main Street,Business Suite #2,12508.0,United States,"226 Main Street, Business Suite #2, Beacon, NY 12508.0, United States",EA5Y7X538J,Shipped,6.0,1.75,4.75
Two Sparrows Homestead,Don't Be Sad You're Making Everyone Uncomfortable Glitter Sticker,Don't Be Sad You're Making Everyone Uncomfortable Glitter Sticker,"Stickers, pins, & magnets",2026-01-21,10.5,Beacon,NY,"Beacon, NY",226 Main Street,Business Suite #2,12508.0,United States,"226 Main Street, Business Suite #2, Beacon, NY 12508.0, United States",EA5Y7X538J,Shipped,6.0,1.75,4.75
Two Sparrows Homestead,I Want To Leave Glitter Sticker,I Want To Leave Glitter Sticker,"Stickers, pins, & magnets",2026-01-21,10.5,Beacon,NY,"Beacon, NY",226 Main Street,Business Suite #2,12508.0,United States,"226 Main Street, Business Suite #2, Beacon, NY 12508.0, United States",EA5Y7X538J,Shipped,6.0,1.75,4.25
Two Sparrows Homestead,You've Just Buttered Your Last Biscuit Sticker,You've Just Buttered Your Last Biscuit Sticker,"Stickers, pins, & magnets",2026-01-21,10.5,Beacon,NY,"Beacon, NY",226 Main Street,Business Suite #2,12508.0,United States,"226 Main Street, Business Suite #2, Beacon, NY 12508.0, United States",EA5Y7X538J,Shipped,6.0,1.75,4.75
Two Sparrows Homestead,Disappointments All Of You Sticker,Disappointments All Of You Sticker,"Stickers, pins, & magnets",2026-01-21,10.5,Beacon,NY,"Beacon, NY",226 Main Street,Business Suite #2,12508.0,United States,"226 Main Street, Business Suite #2, Beacon, NY 12508.0, United States",EA5Y7X538J,Shipped,6.0,1.75,4.75
Two Sparrows Homestead,Currently Dissociating Pen,Currently Dissociating Pen,Stationery & writing,2026-01-21,10.2,Beacon,NY,"Beacon, NY",226 Main Street,Business Suite #2,12508.0,United States,"226 Main Street, Business Suite #2, Beacon, NY 12508.0, United States",EA5Y7X538J,Shipped,12.0,0.85,2.75
Bookstore1Sarasota,Dream Job? I Do Not Dream Of Labor Glitter Sticker,Dream Job? I Do Not Dream Of Labor Glitter Sticker,"Stickers, pins, & magnets",2026-01-21,10.5,Sarasota,FL,"Sarasota, FL",117 South Pineapple Avenue,,34236.0,United States,"117 South Pineapple Avenue, Sarasota, FL 34236.0, United States",7UQGFWEXDC,Delivered,6.0,1.75,4.75
Bookstore1Sarasota,If You Support Fascism We Can't Be Friends Glitter Sticker,If You Support Fascism We Can't Be Friends Glitter Sticker,"Stickers, pins, & magnets",2026-01-21,10.5,Sarasota,FL,"Sarasota, FL",117 South Pineapple Avenue,,34236.0,United States,"117 South Pineapple Avenue, Sarasota, FL 34236.0, United States",7UQGFWEXDC,Delivered,6.0,1.75,4.75
Bookstore1Sarasota,Please Hesitate To Reach Out To Me Sticker (2 colors available),Please Hesitate To Reach Out To Me Sticker (2 colors available),"Stickers, pins, & magnets",2026-01-21,21.0,Sarasota,FL,"Sarasota, FL",117 South Pineapple Avenue,,34236.0,United States,"117 South Pineapple Avenue, Sarasota, FL 34236.0, United States",7UQGFWEXDC,Delivered,12.0,1.75,4.75
Bookstore1Sarasota,Read Banned Books Tote Bag,Read Banned Books Tote Bag,Stationery & writing,2026-01-21,120.0,Sarasota,FL,"Sarasota, FL",117 South Pineapple Avenue,,34236.0,United States,"117 South Pineapple Avenue, Sarasota, FL 34236.0, United States",7UQGFWEXDC,Delivered,12.0,10.0,20.0
Bookstore1Sarasota,Read Banned Books Sticker,Read Banned Books Sticker,"Stickers, pins, & magnets",2026-01-21,21.0,Sarasota,FL,"Sarasota, FL",117 South Pineapple Avenue,,34236.0,United States,"117 South Pineapple Avenue, Sarasota, FL 34236.0, United States",7UQGFWEXDC,Delivered,12.0,1.75,4.75
Bookstore1Sarasota,Overstimulated Sticker (2 styles available),Overstimulated Sticker (2 styles available),"Stickers, pins, & magnets",2026-01-21,21.0,Sarasota,FL,"Sarasota, FL",117 South Pineapple Avenue,,34236.0,United States,"117 South Pineapple Avenue, Sarasota, FL 34236.0, United States",7UQGFWEXDC,Delivered,12.0,1.75,4.75
9th & Lucca,"I May Be Wrong, But I Doubt It Keychain","I May Be Wrong, But I Doubt It Keychain","Stickers, pins, & magnets",2026-01-21,36.0,Waikoloa Village,HI,"Waikoloa Village, HI",68-1780 Hooko Street,,96738.0,United States,"68-1780 Hooko Street, Waikoloa Village, HI 96738.0, United States",ZTXG7V2TQD,Delivered,8.0,4.5,10.0
9th & Lucca,"Sorry If I'm Mean, I'm Overstimulated Right Now Sticker","Sorry If I'm Mean, I'm Overstimulated Right Now Sticker","Stickers, pins, & magnets",2026-01-21,14.0,Waikoloa Village,HI,"Waikoloa Village, HI",68-1780 Hooko Street,,96738.0,United States,"68-1780 Hooko Street, Waikoloa Village, HI 96738.0, United States",ZTXG7V2TQD,Delivered,8.0,1.75,4.75
9th & Lucca,If Explosive Diarrhea Was A Person Button,If Explosive Diarrhea Was A Person Button,"Stickers, pins, & magnets",2026-01-21,1.0,Waikoloa Village,HI,"Waikoloa Village, HI",68-1780 Hooko Street,,96738.0,United States,"68-1780 Hooko Street, Waikoloa Village, HI 96738.0, United States",ZTXG7V2TQD,Delivered,1.0,1.0,2.75
9th & Lucca,Daily Shitstorm Survivors Club Button,Daily Shitstorm Survivors Club Button,"Stickers, pins, & magnets",2026-01-21,10.0,Waikoloa Village,HI,"Waikoloa Village, HI",68-1780 Hooko Street,,96738.0,United States,"68-1780 Hooko Street, Waikoloa Village, HI 96738.0, United States",ZTXG7V2TQD,Delivered,10.0,1.0,2.75
9th & Lucca,Dream Job? I Do Not Dream Of Labor Glitter Sticker,Dream Job? I Do Not Dream Of Labor Glitter Sticker,"Stickers, pins, & magnets",2026-01-21,14.0,Waikoloa Village,HI,"Waikoloa Village, HI",68-1780 Hooko Street,,96738.0,United States,"68-1780 Hooko Street, Waikoloa Village, HI 96738.0, United States",ZTXG7V2TQD,Delivered,8.0,1.75,4.75
9th & Lucca,Keep That Mean Shit To Yourself Sticker,Keep That Mean Shit To Yourself Sticker,"Stickers, pins, & magnets",2026-01-21,14.0,Waikoloa Village,HI,"Waikoloa Village, HI",68-1780 Hooko Street,,96738.0,United States,"68-1780 Hooko Street, Waikoloa Village, HI 96738.0, United States",ZTXG7V2TQD,Delivered,8.0,1.75,4.75
9th & Lucca,For The Fuckteenth Time Pen,For The Fuckteenth Time Pen,Stationery & writing,2026-01-21,10.2,Waikoloa Village,HI,"Waikoloa Village, HI",68-1780 Hooko Street,,96738.0,United States,"68-1780 Hooko Street, Waikoloa Village, HI 96738.0, United States",ZTXG7V2TQD,Delivered,12.0,0.85,2.75
9th & Lucca,I May Be Wrong But I Doubt It Pen,I May Be Wrong But I Doubt It Pen,Stationery & writing,2026-01-21,10.2,Waikoloa Village,HI,"Waikoloa Village, HI",68-1780 Hooko Street,,96738.0,United States,"68-1780 Hooko Street, Waikoloa Village, HI 96738.0, United States",ZTXG7V2TQD,Delivered,12.0,0.85,2.75
9th & Lucca,Disappointed But Not Surprised Pen,Disappointed But Not Surprised Pen,Stationery & writing,2026-01-21,10.2,Waikoloa Village,HI,"Waikoloa Village, HI",68-1780 Hooko Street,,96738.0,United States,"68-1780 Hooko Street, Waikoloa Village, HI 96738.0, United States",ZTXG7V2TQD,Delivered,12.0,0.85,2.75
9th & Lucca,"Sorry I Was Rude, It Was Probably Your Fault Pen","Sorry I Was Rude, It Was Probably Your Fault Pen",Stationery & writing,2026-01-21,10.2,Waikoloa Village,HI,"Waikoloa Village, HI",68-1780 Hooko Street,,96738.0,United States,"68-1780 Hooko Street, Waikoloa Village, HI 96738.0, United States",ZTXG7V2TQD,Delivered,12.0,0.85,2.75
9th & Lucca,I'd Rather Be Bed Rotting Pen,I'd Rather Be Bed Rotting Pen,Stationery & writing,2026-01-21,8.5,Waikoloa Village,HI,"Waikoloa Village, HI",68-1780 Hooko Street,,96738.0,United States,"68-1780 Hooko Street, Waikoloa Village, HI 96738.0, United States",ZTXG7V2TQD,Delivered,10.0,0.85,2.75
9th & Lucca,"Do You Have Any Fucks? Not Even One, Girl. Go Fish. Sticker","Do You Have Any Fucks? Not Even One, Girl. Go Fish. Sticker","Stickers, pins, & magnets",2026-01-21,21.0,Waikoloa Village,HI,"Waikoloa Village, HI",68-1780 Hooko Street,,96738.0,United States,"68-1780 Hooko Street, Waikoloa Village, HI 96738.0, United States",ZTXG7V2TQD,Delivered,12.0,1.75,4.75
9th & Lucca,I May Be Wrong But I Doubt It Button,I May Be Wrong But I Doubt It Button,"Stickers, pins, & magnets",2026-01-21,10.0,Waikoloa Village,HI,"Waikoloa Village, HI",68-1780 Hooko Street,,96738.0,United States,"68-1780 Hooko Street, Waikoloa Village, HI 96738.0, United States",ZTXG7V2TQD,Delivered,10.0,1.0,2.75
9th & Lucca,F*ck Them Boats Orca Sticker,F*ck Them Boats Orca Sticker,"Stickers, pins, & magnets",2026-01-21,10.5,Waikoloa Village,HI,"Waikoloa Village, HI",68-1780 Hooko Street,,96738.0,United States,"68-1780 Hooko Street, Waikoloa Village, HI 96738.0, United States",ZTXG7V2TQD,Delivered,6.0,1.75,4.25
9th & Lucca,"When You Can Be Anything You Want, An Asshole Seems To Be A Really Odd Choice Glitter Sticker","When You Can Be Anything You Want, An Asshole Seems To Be A Really Odd Choice Glitter Sticker","Stickers, pins, & magnets",2026-01-21,26.25,Waikoloa Village,HI,"Waikoloa Village, HI",68-1780 Hooko Street,,96738.0,United States,"68-1780 Hooko Street, Waikoloa Village, HI 96738.0, United States",ZTXG7V2TQD,Delivered,15.0,1.75,4.75
9th & Lucca,"I May Be Laid Back, But I Can Lean Forward Real Fucking Quick Glitter Sticker","I May Be Laid Back, But I Can Lean Forward Real Fucking Quick Glitter Sticker","Stickers, pins, & magnets",2026-01-21,26.25,Waikoloa Village,HI,"Waikoloa Village, HI",68-1780 Hooko Street,,96738.0,United States,"68-1780 Hooko Street, Waikoloa Village, HI 96738.0, United States",ZTXG7V2TQD,Delivered,15.0,1.75,4.75
Island Treasure Toys,Emotional Support Co-Worker Sticker,Emotional Support Co-Worker Sticker,"Stickers, pins, & magnets",2026-01-21,35.0,Yarmouth Town,ME,"Yarmouth Town, ME",805 U.S. 1,,4096.0,United States,"805 U.S. 1, Yarmouth Town, ME 4096.0, United States",6ZNJNEFGZW,Delivered,20.0,1.75,4.75
Island Treasure Toys,I'm A Sensitive Little Creature Please Be Nice To Me Sticker,I'm A Sensitive Little Creature Please Be Nice To Me Sticker,"Stickers, pins, & magnets",2026-01-21,35.0,Yarmouth Town,ME,"Yarmouth Town, ME",805 U.S. 1,,4096.0,United States,"805 U.S. 1, Yarmouth Town, ME 4096.0, United States",6ZNJNEFGZW,Delivered,20.0,1.75,4.75
Island Treasure Toys,Peace Sign Hamster Sticker,Peace Sign Hamster Sticker,"Stickers, pins, & magnets",2026-01-21,35.0,Yarmouth Town,ME,"Yarmouth Town, ME",805 U.S. 1,,4096.0,United States,"805 U.S. 1, Yarmouth Town, ME 4096.0, United States",6ZNJNEFGZW,Delivered,20.0,1.75,4.75
Island Treasure Toys,Books Are Magic Pixie Glitter Sticker,Books Are Magic Pixie Glitter Sticker,"Stickers, pins, & magnets",2026-01-21,35.0,Yarmouth Town,ME,"Yarmouth Town, ME",805 U.S. 1,,4096.0,United States,"805 U.S. 1, Yarmouth Town, ME 4096.0, United States",6ZNJNEFGZW,Delivered,20.0,1.75,4.75
Island Treasure Toys,You've Just Buttered Your Last Biscuit Sticker,You've Just Buttered Your Last Biscuit Sticker,"Stickers, pins, & magnets",2026-01-21,35.0,Yarmouth Town,ME,"Yarmouth Town, ME",805 U.S. 1,,4096.0,United States,"805 U.S. 1, Yarmouth Town, ME 4096.0, United States",6ZNJNEFGZW,Delivered,20.0,1.75,4.75
Island Treasure Toys,I Can't Go On..I Need A Snack Pls Glitter Sticker,I Can't Go On..I Need A Snack Pls Glitter Sticker,"Stickers, pins, & magnets",2026-01-21,35.0,Yarmouth Town,ME,"Yarmouth Town, ME",805 U.S. 1,,4096.0,United States,"805 U.S. 1, Yarmouth Town, ME 4096.0, United States",6ZNJNEFGZW,Delivered,20.0,1.75,4.75
Island Treasure Toys,Sorry I Can't Go I'm An Indoor Cat Glitter Sticker,Sorry I Can't Go I'm An Indoor Cat Glitter Sticker,"Stickers, pins, & magnets",2026-01-21,35.0,Yarmouth Town,ME,"Yarmouth Town, ME",805 U.S. 1,,4096.0,United States,"805 U.S. 1, Yarmouth Town, ME 4096.0, United States",6ZNJNEFGZW,Delivered,20.0,1.75,4.75
Island Treasure Toys,Surprise Mini Troll,Surprise Mini Troll,"Stickers, pins, & magnets",2026-01-21,120.0,Yarmouth Town,ME,"Yarmouth Town, ME",805 U.S. 1,,4096.0,United States,"805 U.S. 1, Yarmouth Town, ME 4096.0, United States",6ZNJNEFGZW,Delivered,200.0,0.6,1.5
Library Shop,Books Because Coping With Reality Is Not An Option At The Moment Glitter Sticker,Books Because Coping With Reality Is Not An Option At The Moment Glitter Sticker,"Stickers, pins, & magnets",2026-01-20,10.5,San Diego,CA,"San Diego, CA",925 West Washington Street,,92103.0,United States,"925 West Washington Street, San Diego, CA 92103.0, United States",N2A4FM9DDD,Delivered,6.0,1.75,4.75
Library Shop,Literacy and Justice For All Sticker,Literacy and Justice For All Sticker,"Stickers, pins, & magnets",2026-01-20,10.5,San Diego,CA,"San Diego, CA",925 West Washington Street,,92103.0,United States,"925 West Washington Street, San Diego, CA 92103.0, United States",N2A4FM9DDD,Delivered,6.0,1.75,4.75
Library Shop,Trinkets Are My Weakness Pixie Glitter Sticker,Trinkets Are My Weakness Pixie Glitter Sticker,"Stickers, pins, & magnets",2026-01-20,10.5,San Diego,CA,"San Diego, CA",925 West Washington Street,,92103.0,United States,"925 West Washington Street, San Diego, CA 92103.0, United States",N2A4FM9DDD,Delivered,6.0,1.75,4.75
Library Shop,Meet Me At The Pink Pony Club Glitter Sticker,Meet Me At The Pink Pony Club Glitter Sticker,"Stickers, pins, & magnets",2026-01-20,10.5,San Diego,CA,"San Diego, CA",925 West Washington Street,,92103.0,United States,"925 West Washington Street, San Diego, CA 92103.0, United States",N2A4FM9DDD,Delivered,6.0,1.75,4.75
Library Shop,Pickle Slut Pen,Pickle Slut Pen,Stationery & writing,2026-01-20,5.1,San Diego,CA,"San Diego, CA",925 West Washington Street,,92103.0,United States,"925 West Washington Street, San Diego, CA 92103.0, United States",N2A4FM9DDD,Delivered,6.0,0.85,2.75
Library Shop,More Pride Less Prejudice Tote Bag,More Pride Less Prejudice Tote Bag,"Stickers, pins, & magnets",2026-01-20,100.0,San Diego,CA,"San Diego, CA",925 West Washington Street,,92103.0,United States,"925 West Washington Street, San Diego, CA 92103.0, United States",N2A4FM9DDD,Delivered,10.0,10.0,20.0
Library Shop,Radicalized By Basic Decency Floral Tote Bag,Radicalized By Basic Decency Floral Tote Bag,"Stickers, pins, & magnets",2026-01-20,60.0,San Diego,CA,"San Diego, CA",925 West Washington Street,,92103.0,United States,"925 West Washington Street, San Diego, CA 92103.0, United States",N2A4FM9DDD,Delivered,6.0,10.0,20.0
Library Shop,Radicalized By Basic Decency Floral Sticker,Radicalized By Basic Decency Floral Sticker,"Stickers, pins, & magnets",2026-01-20,10.5,San Diego,CA,"San Diego, CA",925 West Washington Street,,92103.0,United States,"925 West Washington Street, San Diego, CA 92103.0, United States",N2A4FM9DDD,Delivered,6.0,1.75,4.75
Library Shop,Oops I Bought Another Book Tote Bag,Oops I Bought Another Book Tote Bag,Stationery & writing,2026-01-20,30.0,San Diego,CA,"San Diego, CA",925 West Washington Street,,92103.0,United States,"925 West Washington Street, San Diego, CA 92103.0, United States",N2A4FM9DDD,Delivered,3.0,10.0,20.0
Library Shop,Just A Girl Who Loves Books Glitter Sticker,Just A Girl Who Loves Books Glitter Sticker,"Stickers, pins, & magnets",2026-01-20,10.5,San Diego,CA,"San Diego, CA",925 West Washington Street,,92103.0,United States,"925 West Washington Street, San Diego, CA 92103.0, United States",N2A4FM9DDD,Delivered,6.0,1.75,4.75
Library Shop,Radicalized By Basic Decency Floral Tote Bag,Radicalized By Basic Decency Floral Tote Bag,"Stickers, pins, & magnets",2026-01-20,30.0,San Diego,CA,"San Diego, CA",925 West Washington Street,,92103.0,United States,"925 West Washington Street, San Diego, CA 92103.0, United States",N2A4FM9DDD,Delivered,3.0,10.0,20.0
Library Shop,Strawberry Candy Holographic Sticker,Strawberry Candy Holographic Sticker,"Stickers, pins, & magnets",2026-01-20,10.5,San Diego,CA,"San Diego, CA",925 West Washington Street,,92103.0,United States,"925 West Washington Street, San Diego, CA 92103.0, United States",N2A4FM9DDD,Delivered,6.0,1.75,4.75
Library Shop,Sorry I Can't Go I'm An Indoor Cat Glitter Sticker,Sorry I Can't Go I'm An Indoor Cat Glitter Sticker,"Stickers, pins, & magnets",2026-01-20,10.5,San Diego,CA,"San Diego, CA",925 West Washington Street,,92103.0,United States,"925 West Washington Street, San Diego, CA 92103.0, United States",N2A4FM9DDD,Delivered,6.0,1.75,4.75
Monkey Business,If You Are Neutral In Situations Of Injustice You Have Chosen The Side Of The Oppressors Sticker,If You Are Neutral In Situations Of Injustice You Have Chosen The Side Of The Oppressors Sticker,"Stickers, pins, & magnets",2026-01-20,10.5,Floyd,VA,"Floyd, VA",203 South Locust Street Ste M,,24091.0,United States,"203 South Locust Street Ste M, Floyd, VA 24091.0, United States",XF2YEBTMNE,Delivered,6.0,1.75,4.75
Monkey Business,You've Just Buttered Your Last Biscuit Sticker,You've Just Buttered Your Last Biscuit Sticker,"Stickers, pins, & magnets",2026-01-20,10.5,Floyd,VA,"Floyd, VA",203 South Locust Street Ste M,,24091.0,United States,"203 South Locust Street Ste M, Floyd, VA 24091.0, United States",XF2YEBTMNE,Delivered,6.0,1.75,4.75
Monkey Business,Princess Fairy Mouse Sticker,Princess Fairy Mouse Sticker,"Stickers, pins, & magnets",2026-01-20,10.5,Floyd,VA,"Floyd, VA",203 South Locust Street Ste M,,24091.0,United States,"203 South Locust Street Ste M, Floyd, VA 24091.0, United States",XF2YEBTMNE,Delivered,6.0,1.75,4.75
Monkey Business,Big Fan of Human Rights Button,Big Fan of Human Rights Button,"Stickers, pins, & magnets",2026-01-20,3.0,Floyd,VA,"Floyd, VA",203 South Locust Street Ste M,,24091.0,United States,"203 South Locust Street Ste M, Floyd, VA 24091.0, United States",XF2YEBTMNE,Delivered,2.0,1.5,3.0
Monkey Business,Peace Sign Hamster Sticker,Peace Sign Hamster Sticker,"Stickers, pins, & magnets",2026-01-20,10.5,Floyd,VA,"Floyd, VA",203 South Locust Street Ste M,,24091.0,United States,"203 South Locust Street Ste M, Floyd, VA 24091.0, United States",XF2YEBTMNE,Delivered,6.0,1.75,4.75
Monkey Business,Women Are Born To Serve Men Sticker,Women Are Born To Serve Men Sticker,"Stickers, pins, & magnets",2026-01-20,10.5,Floyd,VA,"Floyd, VA",203 South Locust Street Ste M,,24091.0,United States,"203 South Locust Street Ste M, Floyd, VA 24091.0, United States",XF2YEBTMNE,Delivered,6.0,1.75,4.75
Monkey Business,"Mini Troll Surprise Packs - 3, 6 or 10!","Mini Troll Surprise Packs - 3, 6 or 10!","Stickers, pins, & magnets",2026-01-20,5.98,Floyd,VA,"Floyd, VA",203 South Locust Street Ste M,,24091.0,United States,"203 South Locust Street Ste M, Floyd, VA 24091.0, United States",XF2YEBTMNE,Delivered,2.0,2.99,5.99
Monkey Business,The Many Faces Of Cats Tote Bag,The Many Faces Of Cats Tote Bag,"Stickers, pins, & magnets",2026-01-20,30.0,Floyd,VA,"Floyd, VA",203 South Locust Street Ste M,,24091.0,United States,"203 South Locust Street Ste M, Floyd, VA 24091.0, United States",XF2YEBTMNE,Delivered,3.0,10.0,20.0
Monkey Business,Dumpster Fire Sticker,Dumpster Fire Sticker,"Stickers, pins, & magnets",2026-01-20,10.5,Floyd,VA,"Floyd, VA",203 South Locust Street Ste M,,24091.0,United States,"203 South Locust Street Ste M, Floyd, VA 24091.0, United States",XF2YEBTMNE,Delivered,6.0,1.75,4.75
Monkey Business,I Will Not Tolerate Your Bullshit But I Wish You Peace Sticker,I Will Not Tolerate Your Bullshit But I Wish You Peace Sticker,"Stickers, pins, & magnets",2026-01-20,10.5,Floyd,VA,"Floyd, VA",203 South Locust Street Ste M,,24091.0,United States,"203 South Locust Street Ste M, Floyd, VA 24091.0, United States",XF2YEBTMNE,Delivered,6.0,1.75,4.25
Monkey Business,What's More Punk Than The Public Library Button,What's More Punk Than The Public Library Button,"Stickers, pins, & magnets",2026-01-20,3.0,Floyd,VA,"Floyd, VA",203 South Locust Street Ste M,,24091.0,United States,"203 South Locust Street Ste M, Floyd, VA 24091.0, United States",XF2YEBTMNE,Delivered,3.0,1.0,2.75
Monkey Business,Cowboy Boot & Flowers Glitter Sticker,Cowboy Boot & Flowers Glitter Sticker,"Stickers, pins, & magnets",2026-01-20,10.5,Floyd,VA,"Floyd, VA",203 South Locust Street Ste M,,24091.0,United States,"203 South Locust Street Ste M, Floyd, VA 24091.0, United States",XF2YEBTMNE,Delivered,6.0,1.75,4.25
Monkey Business,Capitalism Gave Me IBS Glitter Sticker,Capitalism Gave Me IBS Glitter Sticker,"Stickers, pins, & magnets",2026-01-20,10.5,Floyd,VA,"Floyd, VA",203 South Locust Street Ste M,,24091.0,United States,"203 South Locust Street Ste M, Floyd, VA 24091.0, United States",XF2YEBTMNE,Delivered,6.0,1.75,4.75
Monkey Business,Radicalized By Basic Decency Magnet,Radicalized By Basic Decency Magnet,"Stickers, pins, & magnets",2026-01-20,5.0,Floyd,VA,"Floyd, VA",203 South Locust Street Ste M,,24091.0,United States,"203 South Locust Street Ste M, Floyd, VA 24091.0, United States",XF2YEBTMNE,Delivered,2.0,2.5,6.5
Monkey Business,Daily Shitstorm Survivors Club Button,Daily Shitstorm Survivors Club Button,"Stickers, pins, & magnets",2026-01-20,2.0,Floyd,VA,"Floyd, VA",203 South Locust Street Ste M,,24091.0,United States,"203 South Locust Street Ste M, Floyd, VA 24091.0, United States",XF2YEBTMNE,Delivered,2.0,1.0,2.75
Monkey Business,"I May Be Wrong, But I Doubt It Keychain","I May Be Wrong, But I Doubt It Keychain","Stickers, pins, & magnets",2026-01-20,9.0,Floyd,VA,"Floyd, VA",203 South Locust Street Ste M,,24091.0,United States,"203 South Locust Street Ste M, Floyd, VA 24091.0, United States",XF2YEBTMNE,Delivered,2.0,4.5,10.0
Monkey Business,Nope Not Today Button,Nope Not Today Button,"Stickers, pins, & magnets",2026-01-20,3.0,Floyd,VA,"Floyd, VA",203 South Locust Street Ste M,,24091.0,United States,"203 South Locust Street Ste M, Floyd, VA 24091.0, United States",XF2YEBTMNE,Delivered,3.0,1.0,2.75
Monkey Business,"Hey, You Dropped This Holographic Sticker","Hey, You Dropped This Holographic Sticker","Stickers, pins, & magnets",2026-01-20,10.5,Floyd,VA,"Floyd, VA",203 South Locust Street Ste M,,24091.0,United States,"203 South Locust Street Ste M, Floyd, VA 24091.0, United States",XF2YEBTMNE,Delivered,6.0,1.75,4.75
Monkey Business,Only You Can Prevent Fascism Sticker,Only You Can Prevent Fascism Sticker,"Stickers, pins, & magnets",2026-01-20,10.5,Floyd,VA,"Floyd, VA",203 South Locust Street Ste M,,24091.0,United States,"203 South Locust Street Ste M, Floyd, VA 24091.0, United States",XF2YEBTMNE,Delivered,6.0,1.75,4.75
Monkey Business,Resist Sticker,Resist Sticker,"Stickers, pins, & magnets",2026-01-20,10.5,Floyd,VA,"Floyd, VA",203 South Locust Street Ste M,,24091.0,United States,"203 South Locust Street Ste M, Floyd, VA 24091.0, United States",XF2YEBTMNE,Delivered,6.0,1.75,4.75
Monkey Business,Be Brave Be Loud And Look Out For Others Sticker,Be Brave Be Loud And Look Out For Others Sticker,"Stickers, pins, & magnets",2026-01-20,10.5,Floyd,VA,"Floyd, VA",203 South Locust Street Ste M,,24091.0,United States,"203 South Locust Street Ste M, Floyd, VA 24091.0, United States",XF2YEBTMNE,Delivered,6.0,1.75,4.75
Monkey Business,Smash The Oligarchy Sticker,Smash The Oligarchy Sticker,"Stickers, pins, & magnets",2026-01-20,10.5,Floyd,VA,"Floyd, VA",203 South Locust Street Ste M,,24091.0,United States,"203 South Locust Street Ste M, Floyd, VA 24091.0, United States",XF2YEBTMNE,Delivered,6.0,1.75,4.75
Monkey Business,Girl Power Glitter Sticker,Girl Power Glitter Sticker,"Stickers, pins, & magnets",2026-01-20,10.5,Floyd,VA,"Floyd, VA",203 South Locust Street Ste M,,24091.0,United States,"203 South Locust Street Ste M, Floyd, VA 24091.0, United States",XF2YEBTMNE,Delivered,6.0,1.75,4.75
Monkey Business,Just A Girl Who Loves Books Glitter Sticker,Just A Girl Who Loves Books Glitter Sticker,"Stickers, pins, & magnets",2026-01-20,10.5,Floyd,VA,"Floyd, VA",203 South Locust Street Ste M,,24091.0,United States,"203 South Locust Street Ste M, Floyd, VA 24091.0, United States",XF2YEBTMNE,Delivered,6.0,1.75,4.75
Monkey Business,Caring About People Is Not Political Button,Caring About People Is Not Political Button,"Stickers, pins, & magnets",2026-01-20,3.0,Floyd,VA,"Floyd, VA",203 South Locust Street Ste M,,24091.0,United States,"203 South Locust Street Ste M, Floyd, VA 24091.0, United States",XF2YEBTMNE,Delivered,3.0,1.0,2.75
Monkey Business,I May Be Wrong But I Doubt It Button,I May Be Wrong But I Doubt It Button,"Stickers, pins, & magnets",2026-01-20,3.0,Floyd,VA,"Floyd, VA",203 South Locust Street Ste M,,24091.0,United States,"203 South Locust Street Ste M, Floyd, VA 24091.0, United States",XF2YEBTMNE,Delivered,3.0,1.0,2.75
Monkey Business,Resist Sticker,Resist Sticker,"Stickers, pins, & magnets",2026-01-20,10.5,Floyd,VA,"Floyd, VA",203 South Locust Street Ste M,,24091.0,United States,"203 South Locust Street Ste M, Floyd, VA 24091.0, United States",XF2YEBTMNE,Delivered,6.0,1.75,4.75
Monkey Business,Manifesting The Revolution Sticker,Manifesting The Revolution Sticker,"Stickers, pins, & magnets",2026-01-20,10.5,Floyd,VA,"Floyd, VA",203 South Locust Street Ste M,,24091.0,United States,"203 South Locust Street Ste M, Floyd, VA 24091.0, United States",XF2YEBTMNE,Delivered,6.0,1.75,4.75
Monkey Business,Burn The Patriarchy Sticker,Burn The Patriarchy Sticker,"Stickers, pins, & magnets",2026-01-20,10.5,Floyd,VA,"Floyd, VA",203 South Locust Street Ste M,,24091.0,United States,"203 South Locust Street Ste M, Floyd, VA 24091.0, United States",XF2YEBTMNE,Delivered,6.0,1.75,4.75
Monkey Business,Girls Will Be Girls Sticker,Girls Will Be Girls Sticker,"Stickers, pins, & magnets",2026-01-20,10.5,Floyd,VA,"Floyd, VA",203 South Locust Street Ste M,,24091.0,United States,"203 South Locust Street Ste M, Floyd, VA 24091.0, United States",XF2YEBTMNE,Delivered,6.0,1.75,4.75
Darlybird,In My Feminine Rage Era Sticker (2 styles available),In My Feminine Rage Era Sticker (2 styles available),"Stickers, pins, & magnets",2026-01-20,31.5,Provo,UT,"Provo, UT",275 E Center St,,84606.0,United States,"275 E Center St, Provo, UT 84606.0, United States",GK64NK6KJU,Delivered,18.0,1.75,4.75
Darlybird,On My Way To Get More Trinkets And Knick Knacks Glitter Sticker,On My Way To Get More Trinkets And Knick Knacks Glitter Sticker,"Stickers, pins, & magnets",2026-01-20,31.5,Provo,UT,"Provo, UT",275 E Center St,,84606.0,United States,"275 E Center St, Provo, UT 84606.0, United States",GK64NK6KJU,Delivered,18.0,1.75,4.75
Darlybird,Just Be A Good Human Glitter Sticker,Just Be A Good Human Glitter Sticker,"Stickers, pins, & magnets",2026-01-20,31.5,Provo,UT,"Provo, UT",275 E Center St,,84606.0,United States,"275 E Center St, Provo, UT 84606.0, United States",GK64NK6KJU,Delivered,18.0,1.75,4.75
Darlybird,Community Is Resistance Sticker,Community Is Resistance Sticker,"Stickers, pins, & magnets",2026-01-20,31.5,Provo,UT,"Provo, UT",275 E Center St,,84606.0,United States,"275 E Center St, Provo, UT 84606.0, United States",GK64NK6KJU,Delivered,18.0,1.75,4.75
Darlybird,Girls Will Be Girls Sticker,Girls Will Be Girls Sticker,"Stickers, pins, & magnets",2026-01-20,31.5,Provo,UT,"Provo, UT",275 E Center St,,84606.0,United States,"275 E Center St, Provo, UT 84606.0, United States",GK64NK6KJU,Delivered,18.0,1.75,4.75
Darlybird,Disappointments All Of You Sticker,Disappointments All Of You Sticker,"Stickers, pins, & magnets",2026-01-20,31.5,Provo,UT,"Provo, UT",275 E Center St,,84606.0,United States,"275 E Center St, Provo, UT 84606.0, United States",GK64NK6KJU,Delivered,18.0,1.75,4.75
Darlybird,Princess Fairy Mouse Sticker,Princess Fairy Mouse Sticker,"Stickers, pins, & magnets",2026-01-20,31.5,Provo,UT,"Provo, UT",275 E Center St,,84606.0,United States,"275 E Center St, Provo, UT 84606.0, United States",GK64NK6KJU,Delivered,18.0,1.75,4.75
Darlybird,Exhausted Empath Holographic Sticker,Exhausted Empath Holographic Sticker,"Stickers, pins, & magnets",2026-01-20,36.0,Provo,UT,"Provo, UT",275 E Center St,,84606.0,United States,"275 E Center St, Provo, UT 84606.0, United States",GK64NK6KJU,Delivered,18.0,2.0,4.75
Darlybird,Strawberry Candy Holographic Sticker,Strawberry Candy Holographic Sticker,"Stickers, pins, & magnets",2026-01-20,31.5,Provo,UT,"Provo, UT",275 E Center St,,84606.0,United States,"275 E Center St, Provo, UT 84606.0, United States",GK64NK6KJU,Delivered,18.0,1.75,4.75
Darlybird,Radicalized By Basic Decency Floral Sticker,Radicalized By Basic Decency Floral Sticker,"Stickers, pins, & magnets",2026-01-20,31.5,Provo,UT,"Provo, UT",275 E Center St,,84606.0,United States,"275 E Center St, Provo, UT 84606.0, United States",GK64NK6KJU,Delivered,18.0,1.75,4.75
Darlybird,Big Fan of Human Rights Button,Big Fan of Human Rights Button,"Stickers, pins, & magnets",2026-01-20,22.5,Provo,UT,"Provo, UT",275 E Center St,,84606.0,United States,"275 E Center St, Provo, UT 84606.0, United States",GK64NK6KJU,Delivered,15.0,1.5,3.0
Darlybird,Caring About People Is Not Political Button,Caring About People Is Not Political Button,"Stickers, pins, & magnets",2026-01-20,15.0,Provo,UT,"Provo, UT",275 E Center St,,84606.0,United States,"275 E Center St, Provo, UT 84606.0, United States",GK64NK6KJU,Delivered,15.0,1.0,2.75
Darlybird,Radicalized By Basic Decency Button,Radicalized By Basic Decency Button,"Stickers, pins, & magnets",2026-01-20,18.75,Provo,UT,"Provo, UT",275 E Center St,,84606.0,United States,"275 E Center St, Provo, UT 84606.0, United States",GK64NK6KJU,Delivered,15.0,1.25,2.5
Darlybird,What's More Punk Than The Public Library Button,What's More Punk Than The Public Library Button,"Stickers, pins, & magnets",2026-01-20,20.0,Provo,UT,"Provo, UT",275 E Center St,,84606.0,United States,"275 E Center St, Provo, UT 84606.0, United States",GK64NK6KJU,Delivered,20.0,1.0,2.75
Darlybird,If You Are Neutral In Situations Of Injustice You Have Chosen The Side Of The Oppressors Sticker,If You Are Neutral In Situations Of Injustice You Have Chosen The Side Of The Oppressors Sticker,"Stickers, pins, & magnets",2026-01-20,31.5,Provo,UT,"Provo, UT",275 E Center St,,84606.0,United States,"275 E Center St, Provo, UT 84606.0, United States",GK64NK6KJU,Delivered,18.0,1.75,4.75
Darlybird,Let's Be Better Humans Sticker,Let's Be Better Humans Sticker,"Stickers, pins, & magnets",2026-01-20,31.5,Provo,UT,"Provo, UT",275 E Center St,,84606.0,United States,"275 E Center St, Provo, UT 84606.0, United States",GK64NK6KJU,Delivered,18.0,1.75,6.5
Darlybird,America Was Built By Immigrants Sticker,America Was Built By Immigrants Sticker,"Stickers, pins, & magnets",2026-01-20,31.5,Provo,UT,"Provo, UT",275 E Center St,,84606.0,United States,"275 E Center St, Provo, UT 84606.0, United States",GK64NK6KJU,Delivered,18.0,1.75,4.75
Darlybird,No Human Is Illegal Glitter Sticker,No Human Is Illegal Glitter Sticker,"Stickers, pins, & magnets",2026-01-20,31.5,Provo,UT,"Provo, UT",275 E Center St,,84606.0,United States,"275 E Center St, Provo, UT 84606.0, United States",GK64NK6KJU,Delivered,18.0,1.75,4.75
Stella’s Coffee House,Currently Dissociating Pen,Currently Dissociating Pen,Stationery & writing,2026-01-20,12.75,Hart,MI,"Hart, MI",5273 W Tyler Rd,,49420.0,United States,"5273 W Tyler Rd, Hart, MI 49420.0, United States",NUH85MZZQ8,Delivered,15.0,0.85,2.75
Stella’s Coffee House,I May Be Wrong But I Doubt It Pen,I May Be Wrong But I Doubt It Pen,Stationery & writing,2026-01-20,12.75,Hart,MI,"Hart, MI",5273 W Tyler Rd,,49420.0,United States,"5273 W Tyler Rd, Hart, MI 49420.0, United States",NUH85MZZQ8,Delivered,15.0,0.85,2.75
Stella’s Coffee House,Disappointed But Not Surprised Pen,Disappointed But Not Surprised Pen,Stationery & writing,2026-01-20,12.75,Hart,MI,"Hart, MI",5273 W Tyler Rd,,49420.0,United States,"5273 W Tyler Rd, Hart, MI 49420.0, United States",NUH85MZZQ8,Delivered,15.0,0.85,2.75
Stella’s Coffee House,I Should Be Frolicking In A Forest But I'm Here. Wtf Pen,I Should Be Frolicking In A Forest But I'm Here. Wtf Pen,Stationery & writing,2026-01-20,12.75,Hart,MI,"Hart, MI",5273 W Tyler Rd,,49420.0,United States,"5273 W Tyler Rd, Hart, MI 49420.0, United States",NUH85MZZQ8,Delivered,15.0,0.85,2.75
Stella’s Coffee House,"Sorry I Was Rude, It Was Probably Your Fault Pen","Sorry I Was Rude, It Was Probably Your Fault Pen",Stationery & writing,2026-01-20,12.75,Hart,MI,"Hart, MI",5273 W Tyler Rd,,49420.0,United States,"5273 W Tyler Rd, Hart, MI 49420.0, United States",NUH85MZZQ8,Delivered,15.0,0.85,2.75
Stella’s Coffee House,Pickle Slut Pen,Pickle Slut Pen,Stationery & writing,2026-01-20,0.85,Hart,MI,"Hart, MI",5273 W Tyler Rd,,49420.0,United States,"5273 W Tyler Rd, Hart, MI 49420.0, United States",NUH85MZZQ8,Delivered,1.0,0.85,2.75
Stella’s Coffee House,Dumpster Fire Response Team Button,Dumpster Fire Response Team Button,"Stickers, pins, & magnets",2026-01-20,5.0,Hart,MI,"Hart, MI",5273 W Tyler Rd,,49420.0,United States,"5273 W Tyler Rd, Hart, MI 49420.0, United States",NUH85MZZQ8,Delivered,5.0,1.0,3.0
Stella’s Coffee House,I Brake For Thrift Shops Bumper Sticker,I Brake For Thrift Shops Bumper Sticker,"Stickers, pins, & magnets",2026-01-20,17.5,Hart,MI,"Hart, MI",5273 W Tyler Rd,,49420.0,United States,"5273 W Tyler Rd, Hart, MI 49420.0, United States",NUH85MZZQ8,Delivered,5.0,3.5,9.0
Stella’s Coffee House,What's More Punk Than The Public Library Button,What's More Punk Than The Public Library Button,"Stickers, pins, & magnets",2026-01-20,5.0,Hart,MI,"Hart, MI",5273 W Tyler Rd,,49420.0,United States,"5273 W Tyler Rd, Hart, MI 49420.0, United States",NUH85MZZQ8,Delivered,5.0,1.0,2.75
Stella’s Coffee House,I May Be Wrong But I Doubt It Button,I May Be Wrong But I Doubt It Button,"Stickers, pins, & magnets",2026-01-20,5.0,Hart,MI,"Hart, MI",5273 W Tyler Rd,,49420.0,United States,"5273 W Tyler Rd, Hart, MI 49420.0, United States",NUH85MZZQ8,Delivered,5.0,1.0,2.75
Stella’s Coffee House,It's A Good Day To Read Button,It's A Good Day To Read Button,"Stickers, pins, & magnets",2026-01-20,5.0,Hart,MI,"Hart, MI",5273 W Tyler Rd,,49420.0,United States,"5273 W Tyler Rd, Hart, MI 49420.0, United States",NUH85MZZQ8,Delivered,5.0,1.0,2.75
Stella’s Coffee House,Here Against My Will Stylus Click Pen,Here Against My Will Stylus Click Pen,Stationery & writing,2026-01-20,25.0,Hart,MI,"Hart, MI",5273 W Tyler Rd,,49420.0,United States,"5273 W Tyler Rd, Hart, MI 49420.0, United States",NUH85MZZQ8,Delivered,10.0,2.5,5.75
Stella’s Coffee House,Dumpster Fire Response Team Member Pen,Dumpster Fire Response Team Member Pen,Stationery & writing,2026-01-20,12.75,Hart,MI,"Hart, MI",5273 W Tyler Rd,,49420.0,United States,"5273 W Tyler Rd, Hart, MI 49420.0, United States",NUH85MZZQ8,Delivered,15.0,0.85,2.75
Stella’s Coffee House,I'd Rather Be Bed Rotting Pen,I'd Rather Be Bed Rotting Pen,Stationery & writing,2026-01-20,12.75,Hart,MI,"Hart, MI",5273 W Tyler Rd,,49420.0,United States,"5273 W Tyler Rd, Hart, MI 49420.0, United States",NUH85MZZQ8,Delivered,15.0,0.85,2.75
The Postal Palace,"Hidden ""Fuck Trump"" Floral Pixie Glitter Sticker","Hidden ""Fuck Trump"" Floral Pixie Glitter Sticker","Stickers, pins, & magnets",2026-01-20,10.5,San Rafael,CA,"San Rafael, CA",4460 Redwood Highway,Ste 16,94903.0,United States,"4460 Redwood Highway, Ste 16, San Rafael, CA 94903.0, United States",CS2E6N68KC,Delivered,6.0,1.75,4.75
The Postal Palace,I Can't Go On..I Need A Snack Pls Glitter Sticker,I Can't Go On..I Need A Snack Pls Glitter Sticker,"Stickers, pins, & magnets",2026-01-20,10.5,San Rafael,CA,"San Rafael, CA",4460 Redwood Highway,Ste 16,94903.0,United States,"4460 Redwood Highway, Ste 16, San Rafael, CA 94903.0, United States",CS2E6N68KC,Delivered,6.0,1.75,4.75
The Postal Palace,Emotional Support Co-Worker Glitter Sticker,Emotional Support Co-Worker Glitter Sticker,"Stickers, pins, & magnets",2026-01-20,10.5,San Rafael,CA,"San Rafael, CA",4460 Redwood Highway,Ste 16,94903.0,United States,"4460 Redwood Highway, Ste 16, San Rafael, CA 94903.0, United States",CS2E6N68KC,Delivered,6.0,1.75,4.75
The Postal Palace,Dream Job? I Do Not Dream Of Labor Glitter Sticker,Dream Job? I Do Not Dream Of Labor Glitter Sticker,"Stickers, pins, & magnets",2026-01-20,10.5,San Rafael,CA,"San Rafael, CA",4460 Redwood Highway,Ste 16,94903.0,United States,"4460 Redwood Highway, Ste 16, San Rafael, CA 94903.0, United States",CS2E6N68KC,Delivered,6.0,1.75,4.75
The Postal Palace,Disappointments All Of You Sticker,Disappointments All Of You Sticker,"Stickers, pins, & magnets",2026-01-20,10.5,San Rafael,CA,"San Rafael, CA",4460 Redwood Highway,Ste 16,94903.0,United States,"4460 Redwood Highway, Ste 16, San Rafael, CA 94903.0, United States",CS2E6N68KC,Delivered,6.0,1.75,4.75
The Postal Palace,Caring About People Is Not Political Sticker,Caring About People Is Not Political Sticker,"Stickers, pins, & magnets",2026-01-20,10.5,San Rafael,CA,"San Rafael, CA",4460 Redwood Highway,Ste 16,94903.0,United States,"4460 Redwood Highway, Ste 16, San Rafael, CA 94903.0, United States",CS2E6N68KC,Delivered,6.0,1.75,4.75
The Postal Palace,Sorry I Can't Go I'm An Indoor Cat Glitter Sticker,Sorry I Can't Go I'm An Indoor Cat Glitter Sticker,"Stickers, pins, & magnets",2026-01-20,10.5,San Rafael,CA,"San Rafael, CA",4460 Redwood Highway,Ste 16,94903.0,United States,"4460 Redwood Highway, Ste 16, San Rafael, CA 94903.0, United States",CS2E6N68KC,Delivered,6.0,1.75,4.75
The Postal Palace,Emotional Support Co-Worker Sticker,Emotional Support Co-Worker Sticker,"Stickers, pins, & magnets",2026-01-20,10.5,San Rafael,CA,"San Rafael, CA",4460 Redwood Highway,Ste 16,94903.0,United States,"4460 Redwood Highway, Ste 16, San Rafael, CA 94903.0, United States",CS2E6N68KC,Delivered,6.0,1.75,4.75
The Postal Palace,"Do You Have Any Fucks? Not Even One, Girl. Go Fish. Sticker","Do You Have Any Fucks? Not Even One, Girl. Go Fish. Sticker","Stickers, pins, & magnets",2026-01-20,10.5,San Rafael,CA,"San Rafael, CA",4460 Redwood Highway,Ste 16,94903.0,United States,"4460 Redwood Highway, Ste 16, San Rafael, CA 94903.0, United States",CS2E6N68KC,Delivered,6.0,1.75,4.75
The Postal Palace,Black Cat Middle Finger Sticker,Black Cat Middle Finger Sticker,"Stickers, pins, & magnets",2026-01-20,10.5,San Rafael,CA,"San Rafael, CA",4460 Redwood Highway,Ste 16,94903.0,United States,"4460 Redwood Highway, Ste 16, San Rafael, CA 94903.0, United States",CS2E6N68KC,Delivered,6.0,1.75,4.75
"Coas Books, Inc.",I Never Said That Jesus Sticker,I Never Said That Jesus Sticker,"Stickers, pins, & magnets",2026-01-20,10.5,Las Cruces,NM,"Las Cruces, NM",317 North Main Street,,88001.0,United States,"317 North Main Street, Las Cruces, NM 88001.0, United States",DUPXSQ6E54,Delivered,6.0,1.75,4.75
"Coas Books, Inc.",Let's Be Better Humans Sticker,Let's Be Better Humans Sticker,"Stickers, pins, & magnets",2026-01-20,10.5,Las Cruces,NM,"Las Cruces, NM",317 North Main Street,,88001.0,United States,"317 North Main Street, Las Cruces, NM 88001.0, United States",DUPXSQ6E54,Delivered,6.0,1.75,6.5
"Coas Books, Inc.",Little Ray Of Pitch Black Sticker,Little Ray Of Pitch Black Sticker,"Stickers, pins, & magnets",2026-01-20,10.5,Las Cruces,NM,"Las Cruces, NM",317 North Main Street,,88001.0,United States,"317 North Main Street, Las Cruces, NM 88001.0, United States",DUPXSQ6E54,Delivered,6.0,1.75,4.75
"Coas Books, Inc.",Some Of You Weren't Paying Attention In History Class And It Shows Pixie Glitter Sticker,Some Of You Weren't Paying Attention In History Class And It Shows Pixie Glitter Sticker,"Stickers, pins, & magnets",2026-01-20,10.5,Las Cruces,NM,"Las Cruces, NM",317 North Main Street,,88001.0,United States,"317 North Main Street, Las Cruces, NM 88001.0, United States",DUPXSQ6E54,Delivered,6.0,1.75,4.75
"Coas Books, Inc.","Sorry If I'm Mean, I'm Overstimulated Right Now Sticker","Sorry If I'm Mean, I'm Overstimulated Right Now Sticker","Stickers, pins, & magnets",2026-01-20,10.5,Las Cruces,NM,"Las Cruces, NM",317 North Main Street,,88001.0,United States,"317 North Main Street, Las Cruces, NM 88001.0, United States",DUPXSQ6E54,Delivered,6.0,1.75,4.75
"Coas Books, Inc.",Just Be A Good Human Glitter Sticker,Just Be A Good Human Glitter Sticker,"Stickers, pins, & magnets",2026-01-20,10.5,Las Cruces,NM,"Las Cruces, NM",317 North Main Street,,88001.0,United States,"317 North Main Street, Las Cruces, NM 88001.0, United States",DUPXSQ6E54,Delivered,6.0,1.75,4.75
"Coas Books, Inc.",Make Orwell Fiction Again Tote Bag,Make Orwell Fiction Again Tote Bag,"Stickers, pins, & magnets",2026-01-20,30.0,Las Cruces,NM,"Las Cruces, NM",317 North Main Street,,88001.0,United States,"317 North Main Street, Las Cruces, NM 88001.0, United States",DUPXSQ6E54,Delivered,3.0,10.0,20.0
"Coas Books, Inc.",I Can't Go On..I Need A Snack Pls Glitter Sticker,I Can't Go On..I Need A Snack Pls Glitter Sticker,"Stickers, pins, & magnets",2026-01-20,10.5,Las Cruces,NM,"Las Cruces, NM",317 North Main Street,,88001.0,United States,"317 North Main Street, Las Cruces, NM 88001.0, United States",DUPXSQ6E54,Delivered,6.0,1.75,4.75
"Coas Books, Inc.",Just A Girl Who Loves Books Glitter Sticker,Just A Girl Who Loves Books Glitter Sticker,"Stickers, pins, & magnets",2026-01-20,10.5,Las Cruces,NM,"Las Cruces, NM",317 North Main Street,,88001.0,United States,"317 North Main Street, Las Cruces, NM 88001.0, United States",DUPXSQ6E54,Delivered,6.0,1.75,4.75
"Coas Books, Inc.",You Did It Glitter Sticker,You Did It Glitter Sticker,"Stickers, pins, & magnets",2026-01-20,10.5,Las Cruces,NM,"Las Cruces, NM",317 North Main Street,,88001.0,United States,"317 North Main Street, Las Cruces, NM 88001.0, United States",DUPXSQ6E54,Delivered,6.0,1.75,4.75
Bookish,Big Fan of Human Rights Button,Big Fan of Human Rights Button,"Stickers, pins, & magnets",2026-01-20,7.5,Modesto,CA,"Modesto, CA",811 W. Roseburg Avenue,,95350.0,United States,"811 W. Roseburg Avenue, Modesto, CA 95350.0, United States",N73S9QGMB8,Delivered,5.0,1.5,3.0
Bookish,Radicalized By Basic Decency Button,Radicalized By Basic Decency Button,"Stickers, pins, & magnets",2026-01-20,6.25,Modesto,CA,"Modesto, CA",811 W. Roseburg Avenue,,95350.0,United States,"811 W. Roseburg Avenue, Modesto, CA 95350.0, United States",N73S9QGMB8,Delivered,5.0,1.25,2.5
Bookish,Have The Day You Voted For Button,Have The Day You Voted For Button,"Stickers, pins, & magnets",2026-01-20,5.0,Modesto,CA,"Modesto, CA",811 W. Roseburg Avenue,,95350.0,United States,"811 W. Roseburg Avenue, Modesto, CA 95350.0, United States",N73S9QGMB8,Delivered,5.0,1.0,2.75
Bookish,Caring About People Is Not Political Button,Caring About People Is Not Political Button,"Stickers, pins, & magnets",2026-01-20,5.0,Modesto,CA,"Modesto, CA",811 W. Roseburg Avenue,,95350.0,United States,"811 W. Roseburg Avenue, Modesto, CA 95350.0, United States",N73S9QGMB8,Delivered,5.0,1.0,2.75
Bookish,Resist Sticker,Resist Sticker,"Stickers, pins, & magnets",2026-01-20,10.5,Modesto,CA,"Modesto, CA",811 W. Roseburg Avenue,,95350.0,United States,"811 W. Roseburg Avenue, Modesto, CA 95350.0, United States",N73S9QGMB8,Delivered,6.0,1.75,4.75
Bookish,Radicalized By Basic Decency Floral Sticker,Radicalized By Basic Decency Floral Sticker,"Stickers, pins, & magnets",2026-01-20,10.5,Modesto,CA,"Modesto, CA",811 W. Roseburg Avenue,,95350.0,United States,"811 W. Roseburg Avenue, Modesto, CA 95350.0, United States",N73S9QGMB8,Delivered,6.0,1.75,4.75
Bookish,Sorry I Can't Go I'm An Indoor Cat Glitter Sticker,Sorry I Can't Go I'm An Indoor Cat Glitter Sticker,"Stickers, pins, & magnets",2026-01-20,10.5,Modesto,CA,"Modesto, CA",811 W. Roseburg Avenue,,95350.0,United States,"811 W. Roseburg Avenue, Modesto, CA 95350.0, United States",N73S9QGMB8,Delivered,6.0,1.75,4.75
Bookish,No One Is Illegal On Stolen Land Sticker,No One Is Illegal On Stolen Land Sticker,"Stickers, pins, & magnets",2026-01-20,10.5,Modesto,CA,"Modesto, CA",811 W. Roseburg Avenue,,95350.0,United States,"811 W. Roseburg Avenue, Modesto, CA 95350.0, United States",N73S9QGMB8,Delivered,6.0,1.75,4.75
Bookish,Manifesting The Revolution Sticker,Manifesting The Revolution Sticker,"Stickers, pins, & magnets",2026-01-20,10.5,Modesto,CA,"Modesto, CA",811 W. Roseburg Avenue,,95350.0,United States,"811 W. Roseburg Avenue, Modesto, CA 95350.0, United States",N73S9QGMB8,Delivered,6.0,1.75,4.75
Bookish,Radicalized By Basic Decency Floral Tote Bag,Radicalized By Basic Decency Floral Tote Bag,"Stickers, pins, & magnets",2026-01-20,30.0,Modesto,CA,"Modesto, CA",811 W. Roseburg Avenue,,95350.0,United States,"811 W. Roseburg Avenue, Modesto, CA 95350.0, United States",N73S9QGMB8,Delivered,3.0,10.0,20.0
Bookish,Big Fan Of Human Rights Tote Bag,Big Fan Of Human Rights Tote Bag,"Stickers, pins, & magnets",2026-01-20,30.0,Modesto,CA,"Modesto, CA",811 W. Roseburg Avenue,,95350.0,United States,"811 W. Roseburg Avenue, Modesto, CA 95350.0, United States",N73S9QGMB8,Delivered,3.0,10.0,20.0
Bookish,Maybe Books Are Addicted To Me Tote Bag,Maybe Books Are Addicted To Me Tote Bag,Stationery & writing,2026-01-20,30.0,Modesto,CA,"Modesto, CA",811 W. Roseburg Avenue,,95350.0,United States,"811 W. Roseburg Avenue, Modesto, CA 95350.0, United States",N73S9QGMB8,Delivered,3.0,10.0,20.0
Bookish,I've Heard Enough From Old White Men Button,I've Heard Enough From Old White Men Button,"Stickers, pins, & magnets",2026-01-20,5.0,Modesto,CA,"Modesto, CA",811 W. Roseburg Avenue,,95350.0,United States,"811 W. Roseburg Avenue, Modesto, CA 95350.0, United States",N73S9QGMB8,Delivered,5.0,1.0,2.75
Bookish,Publicly Shame Racists Button,Publicly Shame Racists Button,"Stickers, pins, & magnets",2026-01-20,6.25,Modesto,CA,"Modesto, CA",811 W. Roseburg Avenue,,95350.0,United States,"811 W. Roseburg Avenue, Modesto, CA 95350.0, United States",N73S9QGMB8,Delivered,5.0,1.25,2.75
Moxy Modern Mercantile,In My Feminine Rage Era Sticker (2 styles available),In My Feminine Rage Era Sticker (2 styles available),"Stickers, pins, & magnets",2026-01-20,10.5,Little Rock,AR,"Little Rock, AR",1419 Main Street,MOXY MODERN MERCANTILE,72202.0,United States,"1419 Main Street, MOXY MODERN MERCANTILE, Little Rock, AR 72202.0, United States",AGVYEY92BX,Delivered,6.0,1.75,4.75
Moxy Modern Mercantile,I Never Said That Jesus Sticker,I Never Said That Jesus Sticker,"Stickers, pins, & magnets",2026-01-20,21.0,Little Rock,AR,"Little Rock, AR",1419 Main Street,MOXY MODERN MERCANTILE,72202.0,United States,"1419 Main Street, MOXY MODERN MERCANTILE, Little Rock, AR 72202.0, United States",AGVYEY92BX,Delivered,12.0,1.75,4.75
Moxy Modern Mercantile,I Should Be Frolicking In A Forest But I'm Here. Wtf Pen,I Should Be Frolicking In A Forest But I'm Here. Wtf Pen,Stationery & writing,2026-01-20,5.1,Little Rock,AR,"Little Rock, AR",1419 Main Street,MOXY MODERN MERCANTILE,72202.0,United States,"1419 Main Street, MOXY MODERN MERCANTILE, Little Rock, AR 72202.0, United States",AGVYEY92BX,Delivered,6.0,0.85,2.75
Moxy Modern Mercantile,Rebel With A Cause Sticker,Rebel With A Cause Sticker,"Stickers, pins, & magnets",2026-01-20,10.5,Little Rock,AR,"Little Rock, AR",1419 Main Street,MOXY MODERN MERCANTILE,72202.0,United States,"1419 Main Street, MOXY MODERN MERCANTILE, Little Rock, AR 72202.0, United States",AGVYEY92BX,Delivered,6.0,1.75,4.75
Moxy Modern Mercantile,I May Be Wrong But I Doubt It Pen,I May Be Wrong But I Doubt It Pen,Stationery & writing,2026-01-20,5.1,Little Rock,AR,"Little Rock, AR",1419 Main Street,MOXY MODERN MERCANTILE,72202.0,United States,"1419 Main Street, MOXY MODERN MERCANTILE, Little Rock, AR 72202.0, United States",AGVYEY92BX,Delivered,6.0,0.85,2.75
Moxy Modern Mercantile,"Sorry I Was Rude, It Was Probably Your Fault Pen","Sorry I Was Rude, It Was Probably Your Fault Pen",Stationery & writing,2026-01-20,5.1,Little Rock,AR,"Little Rock, AR",1419 Main Street,MOXY MODERN MERCANTILE,72202.0,United States,"1419 Main Street, MOXY MODERN MERCANTILE, Little Rock, AR 72202.0, United States",AGVYEY92BX,Delivered,6.0,0.85,2.75
Moxy Modern Mercantile,Disappointed But Not Surprised Pen,Disappointed But Not Surprised Pen,Stationery & writing,2026-01-20,5.1,Little Rock,AR,"Little Rock, AR",1419 Main Street,MOXY MODERN MERCANTILE,72202.0,United States,"1419 Main Street, MOXY MODERN MERCANTILE, Little Rock, AR 72202.0, United States",AGVYEY92BX,Delivered,6.0,0.85,2.75
Moxy Modern Mercantile,Resist Sticker,Resist Sticker,"Stickers, pins, & magnets",2026-01-20,21.0,Little Rock,AR,"Little Rock, AR",1419 Main Street,MOXY MODERN MERCANTILE,72202.0,United States,"1419 Main Street, MOXY MODERN MERCANTILE, Little Rock, AR 72202.0, United States",AGVYEY92BX,Delivered,12.0,1.75,4.75
Moxy Modern Mercantile,Pathetic Sticker,Pathetic Sticker,"Stickers, pins, & magnets",2026-01-20,10.5,Little Rock,AR,"Little Rock, AR",1419 Main Street,MOXY MODERN MERCANTILE,72202.0,United States,"1419 Main Street, MOXY MODERN MERCANTILE, Little Rock, AR 72202.0, United States",AGVYEY92BX,Delivered,6.0,1.75,4.75
Moxy Modern Mercantile,54321 Grounding Technique Sticker,54321 Grounding Technique Sticker,"Stickers, pins, & magnets",2026-01-20,10.5,Little Rock,AR,"Little Rock, AR",1419 Main Street,MOXY MODERN MERCANTILE,72202.0,United States,"1419 Main Street, MOXY MODERN MERCANTILE, Little Rock, AR 72202.0, United States",AGVYEY92BX,Delivered,6.0,1.75,4.75
Moxy Modern Mercantile,Regulate Dick Not Jane Glitter Sticker,Regulate Dick Not Jane Glitter Sticker,"Stickers, pins, & magnets",2026-01-20,10.5,Little Rock,AR,"Little Rock, AR",1419 Main Street,MOXY MODERN MERCANTILE,72202.0,United States,"1419 Main Street, MOXY MODERN MERCANTILE, Little Rock, AR 72202.0, United States",AGVYEY92BX,Delivered,6.0,1.75,4.75
Moxy Modern Mercantile,Emotional Support Co-Worker Glitter Sticker,Emotional Support Co-Worker Glitter Sticker,"Stickers, pins, & magnets",2026-01-20,10.5,Little Rock,AR,"Little Rock, AR",1419 Main Street,MOXY MODERN MERCANTILE,72202.0,United States,"1419 Main Street, MOXY MODERN MERCANTILE, Little Rock, AR 72202.0, United States",AGVYEY92BX,Delivered,6.0,1.75,4.75
Moxy Modern Mercantile,For The Fuckteenth Time Pen,For The Fuckteenth Time Pen,Stationery & writing,2026-01-20,5.1,Little Rock,AR,"Little Rock, AR",1419 Main Street,MOXY MODERN MERCANTILE,72202.0,United States,"1419 Main Street, MOXY MODERN MERCANTILE, Little Rock, AR 72202.0, United States",AGVYEY92BX,Delivered,6.0,0.85,2.75
Moxy Modern Mercantile,Currently Dissociating Pen,Currently Dissociating Pen,Stationery & writing,2026-01-20,5.1,Little Rock,AR,"Little Rock, AR",1419 Main Street,MOXY MODERN MERCANTILE,72202.0,United States,"1419 Main Street, MOXY MODERN MERCANTILE, Little Rock, AR 72202.0, United States",AGVYEY92BX,Delivered,6.0,0.85,2.75
Moxy Modern Mercantile,Princess Fairy Mouse Sticker,Princess Fairy Mouse Sticker,"Stickers, pins, & magnets",2026-01-20,10.5,Little Rock,AR,"Little Rock, AR",1419 Main Street,MOXY MODERN MERCANTILE,72202.0,United States,"1419 Main Street, MOXY MODERN MERCANTILE, Little Rock, AR 72202.0, United States",AGVYEY92BX,Delivered,6.0,1.75,4.75
Moxy Modern Mercantile,"I May Be Laid Back, But I Can Lean Forward Real Fucking Quick Glitter Sticker","I May Be Laid Back, But I Can Lean Forward Real Fucking Quick Glitter Sticker","Stickers, pins, & magnets",2026-01-20,21.0,Little Rock,AR,"Little Rock, AR",1419 Main Street,MOXY MODERN MERCANTILE,72202.0,United States,"1419 Main Street, MOXY MODERN MERCANTILE, Little Rock, AR 72202.0, United States",AGVYEY92BX,Delivered,12.0,1.75,4.75
Moxy Modern Mercantile,No Worries If Not Totally Cool Either Way Sticker,No Worries If Not Totally Cool Either Way Sticker,"Stickers, pins, & magnets",2026-01-20,10.5,Little Rock,AR,"Little Rock, AR",1419 Main Street,MOXY MODERN MERCANTILE,72202.0,United States,"1419 Main Street, MOXY MODERN MERCANTILE, Little Rock, AR 72202.0, United States",AGVYEY92BX,Delivered,6.0,1.75,4.75
Moxy Modern Mercantile,Be The Light You Want To See In The World Sticker (2 styles available),Be The Light You Want To See In The World Sticker (2 styles available),"Stickers, pins, & magnets",2026-01-20,10.5,Little Rock,AR,"Little Rock, AR",1419 Main Street,MOXY MODERN MERCANTILE,72202.0,United States,"1419 Main Street, MOXY MODERN MERCANTILE, Little Rock, AR 72202.0, United States",AGVYEY92BX,Delivered,6.0,1.75,4.75
Moxy Modern Mercantile,Radicalized By Basic Decency Button,Radicalized By Basic Decency Button,"Stickers, pins, & magnets",2026-01-20,7.5,Little Rock,AR,"Little Rock, AR",1419 Main Street,MOXY MODERN MERCANTILE,72202.0,United States,"1419 Main Street, MOXY MODERN MERCANTILE, Little Rock, AR 72202.0, United States",AGVYEY92BX,Delivered,6.0,1.25,2.5
Moxy Modern Mercantile,Girls Will Be Girls Sticker,Girls Will Be Girls Sticker,"Stickers, pins, & magnets",2026-01-20,21.0,Little Rock,AR,"Little Rock, AR",1419 Main Street,MOXY MODERN MERCANTILE,72202.0,United States,"1419 Main Street, MOXY MODERN MERCANTILE, Little Rock, AR 72202.0, United States",AGVYEY92BX,Delivered,12.0,1.75,4.75
Moxy Modern Mercantile,America Was Built By Immigrants Sticker,America Was Built By Immigrants Sticker,"Stickers, pins, & magnets",2026-01-20,10.5,Little Rock,AR,"Little Rock, AR",1419 Main Street,MOXY MODERN MERCANTILE,72202.0,United States,"1419 Main Street, MOXY MODERN MERCANTILE, Little Rock, AR 72202.0, United States",AGVYEY92BX,Delivered,6.0,1.75,4.75
Moxy Modern Mercantile,No Human Is Illegal Glitter Sticker,No Human Is Illegal Glitter Sticker,"Stickers, pins, & magnets",2026-01-20,10.5,Little Rock,AR,"Little Rock, AR",1419 Main Street,MOXY MODERN MERCANTILE,72202.0,United States,"1419 Main Street, MOXY MODERN MERCANTILE, Little Rock, AR 72202.0, United States",AGVYEY92BX,Delivered,6.0,1.75,4.75
Moxy Modern Mercantile,Radicalized By Basic Decency Floral Sticker,Radicalized By Basic Decency Floral Sticker,"Stickers, pins, & magnets",2026-01-20,10.5,Little Rock,AR,"Little Rock, AR",1419 Main Street,MOXY MODERN MERCANTILE,72202.0,United States,"1419 Main Street, MOXY MODERN MERCANTILE, Little Rock, AR 72202.0, United States",AGVYEY92BX,Delivered,6.0,1.75,4.75
Moxy Modern Mercantile,"Do You Have Any Fucks? Not Even One, Girl. Go Fish. Sticker","Do You Have Any Fucks? Not Even One, Girl. Go Fish. Sticker","Stickers, pins, & magnets",2026-01-20,10.5,Little Rock,AR,"Little Rock, AR",1419 Main Street,MOXY MODERN MERCANTILE,72202.0,United States,"1419 Main Street, MOXY MODERN MERCANTILE, Little Rock, AR 72202.0, United States",AGVYEY92BX,Delivered,6.0,1.75,4.75
Moxy Modern Mercantile,You've Just Buttered Your Last Biscuit Sticker,You've Just Buttered Your Last Biscuit Sticker,"Stickers, pins, & magnets",2026-01-20,10.5,Little Rock,AR,"Little Rock, AR",1419 Main Street,MOXY MODERN MERCANTILE,72202.0,United States,"1419 Main Street, MOXY MODERN MERCANTILE, Little Rock, AR 72202.0, United States",AGVYEY92BX,Delivered,6.0,1.75,4.75
Moxy Modern Mercantile,Disappointments All Of You Sticker,Disappointments All Of You Sticker,"Stickers, pins, & magnets",2026-01-20,10.5,Little Rock,AR,"Little Rock, AR",1419 Main Street,MOXY MODERN MERCANTILE,72202.0,United States,"1419 Main Street, MOXY MODERN MERCANTILE, Little Rock, AR 72202.0, United States",AGVYEY92BX,Delivered,6.0,1.75,4.75
Moxy Modern Mercantile,Resist Sticker,Resist Sticker,"Stickers, pins, & magnets",2026-01-20,10.5,Little Rock,AR,"Little Rock, AR",1419 Main Street,MOXY MODERN MERCANTILE,72202.0,United States,"1419 Main Street, MOXY MODERN MERCANTILE, Little Rock, AR 72202.0, United States",AGVYEY92BX,Delivered,6.0,1.75,4.75
Moxy Modern Mercantile,Girl Power Glitter Sticker,Girl Power Glitter Sticker,"Stickers, pins, & magnets",2026-01-20,10.5,Little Rock,AR,"Little Rock, AR",1419 Main Street,MOXY MODERN MERCANTILE,72202.0,United States,"1419 Main Street, MOXY MODERN MERCANTILE, Little Rock, AR 72202.0, United States",AGVYEY92BX,Delivered,6.0,1.75,4.75
Moxy Modern Mercantile,Educate Your Son Sticker,Educate Your Son Sticker,"Stickers, pins, & magnets",2026-01-20,10.5,Little Rock,AR,"Little Rock, AR",1419 Main Street,MOXY MODERN MERCANTILE,72202.0,United States,"1419 Main Street, MOXY MODERN MERCANTILE, Little Rock, AR 72202.0, United States",AGVYEY92BX,Delivered,6.0,1.75,4.75
Moxy Modern Mercantile,Literacy and Justice For All Sticker,Literacy and Justice For All Sticker,"Stickers, pins, & magnets",2026-01-20,10.5,Little Rock,AR,"Little Rock, AR",1419 Main Street,MOXY MODERN MERCANTILE,72202.0,United States,"1419 Main Street, MOXY MODERN MERCANTILE, Little Rock, AR 72202.0, United States",AGVYEY92BX,Delivered,6.0,1.75,4.75
Moxy Modern Mercantile,Compost The Patriarchy Sticker,Compost The Patriarchy Sticker,"Stickers, pins, & magnets",2026-01-20,10.5,Little Rock,AR,"Little Rock, AR",1419 Main Street,MOXY MODERN MERCANTILE,72202.0,United States,"1419 Main Street, MOXY MODERN MERCANTILE, Little Rock, AR 72202.0, United States",AGVYEY92BX,Delivered,6.0,1.75,4.75
Moxy Modern Mercantile,Community Is Resistance Sticker,Community Is Resistance Sticker,"Stickers, pins, & magnets",2026-01-20,10.5,Little Rock,AR,"Little Rock, AR",1419 Main Street,MOXY MODERN MERCANTILE,72202.0,United States,"1419 Main Street, MOXY MODERN MERCANTILE, Little Rock, AR 72202.0, United States",AGVYEY92BX,Delivered,6.0,1.75,4.75
Moxy Modern Mercantile,Peace Sign Hamster Sticker,Peace Sign Hamster Sticker,"Stickers, pins, & magnets",2026-01-20,10.5,Little Rock,AR,"Little Rock, AR",1419 Main Street,MOXY MODERN MERCANTILE,72202.0,United States,"1419 Main Street, MOXY MODERN MERCANTILE, Little Rock, AR 72202.0, United States",AGVYEY92BX,Delivered,6.0,1.75,4.75
Moxy Modern Mercantile,Black Cat Middle Finger Sticker,Black Cat Middle Finger Sticker,"Stickers, pins, & magnets",2026-01-20,10.5,Little Rock,AR,"Little Rock, AR",1419 Main Street,MOXY MODERN MERCANTILE,72202.0,United States,"1419 Main Street, MOXY MODERN MERCANTILE, Little Rock, AR 72202.0, United States",AGVYEY92BX,Delivered,6.0,1.75,4.75
Moxy Modern Mercantile,Dumpster Fire Response Team Member Pen,Dumpster Fire Response Team Member Pen,Stationery & writing,2026-01-20,5.1,Little Rock,AR,"Little Rock, AR",1419 Main Street,MOXY MODERN MERCANTILE,72202.0,United States,"1419 Main Street, MOXY MODERN MERCANTILE, Little Rock, AR 72202.0, United States",AGVYEY92BX,Delivered,6.0,0.85,2.75
Moxy Modern Mercantile,Manifesting The Revolution Sticker,Manifesting The Revolution Sticker,"Stickers, pins, & magnets",2026-01-20,10.5,Little Rock,AR,"Little Rock, AR",1419 Main Street,MOXY MODERN MERCANTILE,72202.0,United States,"1419 Main Street, MOXY MODERN MERCANTILE, Little Rock, AR 72202.0, United States",AGVYEY92BX,Delivered,6.0,1.75,4.75
Moxy Modern Mercantile,Policy & Change Sticker,Policy & Change Sticker,"Stickers, pins, & magnets",2026-01-20,10.5,Little Rock,AR,"Little Rock, AR",1419 Main Street,MOXY MODERN MERCANTILE,72202.0,United States,"1419 Main Street, MOXY MODERN MERCANTILE, Little Rock, AR 72202.0, United States",AGVYEY92BX,Delivered,6.0,1.75,4.75
Moxy Modern Mercantile,Keep That Mean Shit To Yourself Sticker,Keep That Mean Shit To Yourself Sticker,"Stickers, pins, & magnets",2026-01-20,10.5,Little Rock,AR,"Little Rock, AR",1419 Main Street,MOXY MODERN MERCANTILE,72202.0,United States,"1419 Main Street, MOXY MODERN MERCANTILE, Little Rock, AR 72202.0, United States",AGVYEY92BX,Delivered,6.0,1.75,4.75
Mark Twain House & Museum,Queen Of Books Magnet,Queen Of Books Magnet,"Stickers, pins, & magnets",2026-01-20,30.0,Hartford,CT,"Hartford, CT",351 Farmington Avenue,,6105.0,United States,"351 Farmington Avenue, Hartford, CT 6105.0, United States",XEJJPFZMTE,Delivered,12.0,2.5,6.5
Mark Twain House & Museum,Cool Girls Know History Sticker,Cool Girls Know History Sticker,"Stickers, pins, & magnets",2026-01-20,21.0,Hartford,CT,"Hartford, CT",351 Farmington Avenue,,6105.0,United States,"351 Farmington Avenue, Hartford, CT 6105.0, United States",XEJJPFZMTE,Delivered,12.0,1.75,4.25
Mark Twain House & Museum,Books Because Coping With Reality Is Not An Option At The Moment Glitter Sticker,Books Because Coping With Reality Is Not An Option At The Moment Glitter Sticker,"Stickers, pins, & magnets",2026-01-20,21.0,Hartford,CT,"Hartford, CT",351 Farmington Avenue,,6105.0,United States,"351 Farmington Avenue, Hartford, CT 6105.0, United States",XEJJPFZMTE,Delivered,12.0,1.75,4.75
Mark Twain House & Museum,Just A Girl Who Loves Books Glitter Sticker,Just A Girl Who Loves Books Glitter Sticker,"Stickers, pins, & magnets",2026-01-20,21.0,Hartford,CT,"Hartford, CT",351 Farmington Avenue,,6105.0,United States,"351 Farmington Avenue, Hartford, CT 6105.0, United States",XEJJPFZMTE,Delivered,12.0,1.75,4.75
Mark Twain House & Museum,Literacy And Justice For All Tote Bag,Literacy And Justice For All Tote Bag,"Stickers, pins, & magnets",2026-01-20,60.0,Hartford,CT,"Hartford, CT",351 Farmington Avenue,,6105.0,United States,"351 Farmington Avenue, Hartford, CT 6105.0, United States",XEJJPFZMTE,Delivered,6.0,10.0,20.0
Mark Twain House & Museum,Be The Person Levar Burton Knew You Could Be Tote Bag,Be The Person Levar Burton Knew You Could Be Tote Bag,"Stickers, pins, & magnets",2026-01-20,60.0,Hartford,CT,"Hartford, CT",351 Farmington Avenue,,6105.0,United States,"351 Farmington Avenue, Hartford, CT 6105.0, United States",XEJJPFZMTE,Delivered,6.0,10.0,20.0
Octavia’s Bookshelf,"I May Be Laid Back, But I Can Lean Forward Real Fucking Quick Glitter Sticker","I May Be Laid Back, But I Can Lean Forward Real Fucking Quick Glitter Sticker","Stickers, pins, & magnets",2026-01-20,10.5,Pasadena,CA,"Pasadena, CA",1353 North Hill Avenue,,91104-2611,United States,"1353 North Hill Avenue, Pasadena, CA 91104-2611, United States",MRKVZGM6ET,Delivered,6.0,1.75,4.75
Octavia’s Bookshelf,"Do You Have Any Fucks? Not Even One, Girl. Go Fish. Sticker","Do You Have Any Fucks? Not Even One, Girl. Go Fish. Sticker","Stickers, pins, & magnets",2026-01-20,10.5,Pasadena,CA,"Pasadena, CA",1353 North Hill Avenue,,91104-2611,United States,"1353 North Hill Avenue, Pasadena, CA 91104-2611, United States",MRKVZGM6ET,Delivered,6.0,1.75,4.75
Octavia’s Bookshelf,The Only Minority Destroying This Country Are The Billionaires Sticker,The Only Minority Destroying This Country Are The Billionaires Sticker,"Stickers, pins, & magnets",2026-01-20,10.5,Pasadena,CA,"Pasadena, CA",1353 North Hill Avenue,,91104-2611,United States,"1353 North Hill Avenue, Pasadena, CA 91104-2611, United States",MRKVZGM6ET,Delivered,6.0,1.75,4.75
Octavia’s Bookshelf,"When You Can Be Anything You Want, An Asshole Seems To Be A Really Odd Choice Glitter Sticker","When You Can Be Anything You Want, An Asshole Seems To Be A Really Odd Choice Glitter Sticker","Stickers, pins, & magnets",2026-01-20,10.5,Pasadena,CA,"Pasadena, CA",1353 North Hill Avenue,,91104-2611,United States,"1353 North Hill Avenue, Pasadena, CA 91104-2611, United States",MRKVZGM6ET,Delivered,6.0,1.75,4.75
Octavia’s Bookshelf,"Sorry If I'm Mean, I'm Overstimulated Right Now Sticker","Sorry If I'm Mean, I'm Overstimulated Right Now Sticker","Stickers, pins, & magnets",2026-01-20,10.5,Pasadena,CA,"Pasadena, CA",1353 North Hill Avenue,,91104-2611,United States,"1353 North Hill Avenue, Pasadena, CA 91104-2611, United States",MRKVZGM6ET,Delivered,6.0,1.75,4.75
Octavia’s Bookshelf,Please Hesitate To Reach Out To Me Sticker (2 colors available),Please Hesitate To Reach Out To Me Sticker (2 colors available),"Stickers, pins, & magnets",2026-01-20,10.5,Pasadena,CA,"Pasadena, CA",1353 North Hill Avenue,,91104-2611,United States,"1353 North Hill Avenue, Pasadena, CA 91104-2611, United States",MRKVZGM6ET,Delivered,6.0,1.75,4.75
Octavia’s Bookshelf,If You Support Fascism We Can't Be Friends Glitter Sticker,If You Support Fascism We Can't Be Friends Glitter Sticker,"Stickers, pins, & magnets",2026-01-20,10.5,Pasadena,CA,"Pasadena, CA",1353 North Hill Avenue,,91104-2611,United States,"1353 North Hill Avenue, Pasadena, CA 91104-2611, United States",MRKVZGM6ET,Delivered,6.0,1.75,4.75
Octavia’s Bookshelf,Only You Can Prevent Fascism Sticker,Only You Can Prevent Fascism Sticker,"Stickers, pins, & magnets",2026-01-20,10.5,Pasadena,CA,"Pasadena, CA",1353 North Hill Avenue,,91104-2611,United States,"1353 North Hill Avenue, Pasadena, CA 91104-2611, United States",MRKVZGM6ET,Delivered,6.0,1.75,4.75
Octavia’s Bookshelf,Wheel of Emotions Sticker,Wheel of Emotions Sticker,"Stickers, pins, & magnets",2026-01-20,12.25,Pasadena,CA,"Pasadena, CA",1353 North Hill Avenue,,91104-2611,United States,"1353 North Hill Avenue, Pasadena, CA 91104-2611, United States",MRKVZGM6ET,Delivered,7.0,1.75,4.75
Octavia’s Bookshelf,No Worries If Not Totally Cool Either Way Sticker,No Worries If Not Totally Cool Either Way Sticker,"Stickers, pins, & magnets",2026-01-20,10.5,Pasadena,CA,"Pasadena, CA",1353 North Hill Avenue,,91104-2611,United States,"1353 North Hill Avenue, Pasadena, CA 91104-2611, United States",MRKVZGM6ET,Delivered,6.0,1.75,4.75
Octavia’s Bookshelf,Make Orwell Fiction Again Sticker,Make Orwell Fiction Again Sticker,"Stickers, pins, & magnets",2026-01-20,10.5,Pasadena,CA,"Pasadena, CA",1353 North Hill Avenue,,91104-2611,United States,"1353 North Hill Avenue, Pasadena, CA 91104-2611, United States",MRKVZGM6ET,Delivered,6.0,1.75,4.75
Octavia’s Bookshelf,I May Be Wrong But I Doubt It Pen,I May Be Wrong But I Doubt It Pen,Stationery & writing,2026-01-20,10.2,Pasadena,CA,"Pasadena, CA",1353 North Hill Avenue,,91104-2611,United States,"1353 North Hill Avenue, Pasadena, CA 91104-2611, United States",MRKVZGM6ET,Delivered,12.0,0.85,2.75
Octavia’s Bookshelf,What's More Punk Than The Public Library Sticker,What's More Punk Than The Public Library Sticker,"Stickers, pins, & magnets",2026-01-20,10.5,Pasadena,CA,"Pasadena, CA",1353 North Hill Avenue,,91104-2611,United States,"1353 North Hill Avenue, Pasadena, CA 91104-2611, United States",MRKVZGM6ET,Delivered,6.0,1.75,4.75
Octavia’s Bookshelf,Girls Will Be Girls Sticker,Girls Will Be Girls Sticker,"Stickers, pins, & magnets",2026-01-20,10.5,Pasadena,CA,"Pasadena, CA",1353 North Hill Avenue,,91104-2611,United States,"1353 North Hill Avenue, Pasadena, CA 91104-2611, United States",MRKVZGM6ET,Delivered,6.0,1.75,4.75
Hi-Voltage Records,"Do You Have Any Fucks? Not Even One, Girl. Go Fish. Sticker","Do You Have Any Fucks? Not Even One, Girl. Go Fish. Sticker","Stickers, pins, & magnets",2026-01-20,35.0,Tacoma,WA,"Tacoma, WA",2714 6th Avenue,,98406.0,United States,"2714 6th Avenue, Tacoma, WA 98406.0, United States",MUUH3RJ92K,Delivered,20.0,1.75,4.75
Hi-Voltage Records,What's More Punk Than The Public Library Sticker,What's More Punk Than The Public Library Sticker,"Stickers, pins, & magnets",2026-01-20,35.0,Tacoma,WA,"Tacoma, WA",2714 6th Avenue,,98406.0,United States,"2714 6th Avenue, Tacoma, WA 98406.0, United States",MUUH3RJ92K,Delivered,20.0,1.75,4.75
Hi-Voltage Records,Queen Of Books Magnet,Queen Of Books Magnet,"Stickers, pins, & magnets",2026-01-20,10.0,Tacoma,WA,"Tacoma, WA",2714 6th Avenue,,98406.0,United States,"2714 6th Avenue, Tacoma, WA 98406.0, United States",MUUH3RJ92K,Delivered,4.0,2.5,6.5
Hi-Voltage Records,Some Of You Weren't Paying Attention In History Class And It Shows Pixie Glitter Sticker,Some Of You Weren't Paying Attention In History Class And It Shows Pixie Glitter Sticker,"Stickers, pins, & magnets",2026-01-20,35.0,Tacoma,WA,"Tacoma, WA",2714 6th Avenue,,98406.0,United States,"2714 6th Avenue, Tacoma, WA 98406.0, United States",MUUH3RJ92K,Delivered,20.0,1.75,4.75
Nature's Pantry,Disappointed But Not Surprised Pen,Disappointed But Not Surprised Pen,Stationery & writing,2026-01-20,5.1,New Windsor,NY,"New Windsor, NY",436 Blooming Grove Tpke Ste 300,,12553.0,United States,"436 Blooming Grove Tpke Ste 300, New Windsor, NY 12553.0, United States",7SKENE729G,Delivered,6.0,0.85,2.75
Nature's Pantry,"Sorry I Was Rude, It Was Probably Your Fault Pen","Sorry I Was Rude, It Was Probably Your Fault Pen",Stationery & writing,2026-01-20,5.1,New Windsor,NY,"New Windsor, NY",436 Blooming Grove Tpke Ste 300,,12553.0,United States,"436 Blooming Grove Tpke Ste 300, New Windsor, NY 12553.0, United States",7SKENE729G,Delivered,6.0,0.85,2.75
Nature's Pantry,I May Be Wrong But I Doubt It Pen,I May Be Wrong But I Doubt It Pen,Stationery & writing,2026-01-20,5.1,New Windsor,NY,"New Windsor, NY",436 Blooming Grove Tpke Ste 300,,12553.0,United States,"436 Blooming Grove Tpke Ste 300, New Windsor, NY 12553.0, United States",7SKENE729G,Delivered,6.0,0.85,2.75
Nature's Pantry,Radicalized By Basic Decency Button,Radicalized By Basic Decency Button,"Stickers, pins, & magnets",2026-01-20,2.5,New Windsor,NY,"New Windsor, NY",436 Blooming Grove Tpke Ste 300,,12553.0,United States,"436 Blooming Grove Tpke Ste 300, New Windsor, NY 12553.0, United States",7SKENE729G,Delivered,2.0,1.25,2.5
Nature's Pantry,Currently Dissociating Pen,Currently Dissociating Pen,Stationery & writing,2026-01-20,5.1,New Windsor,NY,"New Windsor, NY",436 Blooming Grove Tpke Ste 300,,12553.0,United States,"436 Blooming Grove Tpke Ste 300, New Windsor, NY 12553.0, United States",7SKENE729G,Delivered,6.0,0.85,2.75
Nature's Pantry,Radicalized By Basic Decency Floral Sticker,Radicalized By Basic Decency Floral Sticker,"Stickers, pins, & magnets",2026-01-20,10.5,New Windsor,NY,"New Windsor, NY",436 Blooming Grove Tpke Ste 300,,12553.0,United States,"436 Blooming Grove Tpke Ste 300, New Windsor, NY 12553.0, United States",7SKENE729G,Delivered,6.0,1.75,4.75
Nature's Pantry,Dumpster Fire Response Team Member Pen,Dumpster Fire Response Team Member Pen,Stationery & writing,2026-01-20,5.1,New Windsor,NY,"New Windsor, NY",436 Blooming Grove Tpke Ste 300,,12553.0,United States,"436 Blooming Grove Tpke Ste 300, New Windsor, NY 12553.0, United States",7SKENE729G,Delivered,6.0,0.85,2.75
Nature's Pantry,Compost The Patriarchy Sticker,Compost The Patriarchy Sticker,"Stickers, pins, & magnets",2026-01-20,10.5,New Windsor,NY,"New Windsor, NY",436 Blooming Grove Tpke Ste 300,,12553.0,United States,"436 Blooming Grove Tpke Ste 300, New Windsor, NY 12553.0, United States",7SKENE729G,Delivered,6.0,1.75,4.75
Nature's Pantry,Caring About People Is Not Political Sticker,Caring About People Is Not Political Sticker,"Stickers, pins, & magnets",2026-01-20,10.5,New Windsor,NY,"New Windsor, NY",436 Blooming Grove Tpke Ste 300,,12553.0,United States,"436 Blooming Grove Tpke Ste 300, New Windsor, NY 12553.0, United States",7SKENE729G,Delivered,6.0,1.75,4.75
Nature's Pantry,Strawberry Candy Holographic Sticker,Strawberry Candy Holographic Sticker,"Stickers, pins, & magnets",2026-01-20,10.5,New Windsor,NY,"New Windsor, NY",436 Blooming Grove Tpke Ste 300,,12553.0,United States,"436 Blooming Grove Tpke Ste 300, New Windsor, NY 12553.0, United States",7SKENE729G,Delivered,6.0,1.75,4.75
Nature's Pantry,"Mini Troll Surprise Packs - 3, 6 or 10!","Mini Troll Surprise Packs - 3, 6 or 10!","Stickers, pins, & magnets",2026-01-20,4.99,New Windsor,NY,"New Windsor, NY",436 Blooming Grove Tpke Ste 300,,12553.0,United States,"436 Blooming Grove Tpke Ste 300, New Windsor, NY 12553.0, United States",7SKENE729G,Delivered,1.0,4.99,9.99
Nature's Pantry,Dumpster Fire Response Team Button,Dumpster Fire Response Team Button,"Stickers, pins, & magnets",2026-01-20,2.0,New Windsor,NY,"New Windsor, NY",436 Blooming Grove Tpke Ste 300,,12553.0,United States,"436 Blooming Grove Tpke Ste 300, New Windsor, NY 12553.0, United States",7SKENE729G,Delivered,2.0,1.0,3.0
Nature's Pantry,I Can't Go On..I Need A Snack Pls Glitter Sticker,I Can't Go On..I Need A Snack Pls Glitter Sticker,"Stickers, pins, & magnets",2026-01-20,10.5,New Windsor,NY,"New Windsor, NY",436 Blooming Grove Tpke Ste 300,,12553.0,United States,"436 Blooming Grove Tpke Ste 300, New Windsor, NY 12553.0, United States",7SKENE729G,Delivered,6.0,1.75,4.75
Nature's Pantry,Raccoon Fairy Holographic Sticker,Raccoon Fairy Holographic Sticker,"Stickers, pins, & magnets",2026-01-20,10.5,New Windsor,NY,"New Windsor, NY",436 Blooming Grove Tpke Ste 300,,12553.0,United States,"436 Blooming Grove Tpke Ste 300, New Windsor, NY 12553.0, United States",7SKENE729G,Delivered,6.0,1.75,4.75
Nature's Pantry,Dumpster Fire Sticker,Dumpster Fire Sticker,"Stickers, pins, & magnets",2026-01-20,10.5,New Windsor,NY,"New Windsor, NY",436 Blooming Grove Tpke Ste 300,,12553.0,United States,"436 Blooming Grove Tpke Ste 300, New Windsor, NY 12553.0, United States",7SKENE729G,Delivered,6.0,1.75,4.75
Nature's Pantry,You Just Got Passed By 3 Raccoons In A Trench Coat Bumper Sticker,You Just Got Passed By 3 Raccoons In A Trench Coat Bumper Sticker,"Stickers, pins, & magnets",2026-01-20,10.5,New Windsor,NY,"New Windsor, NY",436 Blooming Grove Tpke Ste 300,,12553.0,United States,"436 Blooming Grove Tpke Ste 300, New Windsor, NY 12553.0, United States",7SKENE729G,Delivered,3.0,3.5,9.0
Nature's Pantry,What Doesn't Kill You Makes You Funnier Sticker,What Doesn't Kill You Makes You Funnier Sticker,"Stickers, pins, & magnets",2026-01-20,10.5,New Windsor,NY,"New Windsor, NY",436 Blooming Grove Tpke Ste 300,,12553.0,United States,"436 Blooming Grove Tpke Ste 300, New Windsor, NY 12553.0, United States",7SKENE729G,Delivered,6.0,1.75,4.75
Nature's Pantry,I Should Be Frolicking In A Forest But I'm Here. Wtf Pen,I Should Be Frolicking In A Forest But I'm Here. Wtf Pen,Stationery & writing,2026-01-20,5.1,New Windsor,NY,"New Windsor, NY",436 Blooming Grove Tpke Ste 300,,12553.0,United States,"436 Blooming Grove Tpke Ste 300, New Windsor, NY 12553.0, United States",7SKENE729G,Delivered,6.0,0.85,2.75
Odd One Out DBA Barbour Shop Creative Services,I May Be Wrong But I Doubt It Pen,I May Be Wrong But I Doubt It Pen,Stationery & writing,2026-01-20,8.5,Clayton,NC,"Clayton, NC",400 E Main St,,27520.0,United States,"400 E Main St, Clayton, NC 27520.0, United States",CGNPA7WP5A,Delivered,10.0,0.85,2.75
Odd One Out DBA Barbour Shop Creative Services,"Sorry I Was Rude, It Was Probably Your Fault Pen","Sorry I Was Rude, It Was Probably Your Fault Pen",Stationery & writing,2026-01-20,8.5,Clayton,NC,"Clayton, NC",400 E Main St,,27520.0,United States,"400 E Main St, Clayton, NC 27520.0, United States",CGNPA7WP5A,Delivered,10.0,0.85,2.75
Odd One Out DBA Barbour Shop Creative Services,For The Fuckteenth Time Pen,For The Fuckteenth Time Pen,Stationery & writing,2026-01-20,8.5,Clayton,NC,"Clayton, NC",400 E Main St,,27520.0,United States,"400 E Main St, Clayton, NC 27520.0, United States",CGNPA7WP5A,Delivered,10.0,0.85,2.75
Odd One Out DBA Barbour Shop Creative Services,Princess Fairy Mouse Sticker,Princess Fairy Mouse Sticker,"Stickers, pins, & magnets",2026-01-20,17.5,Clayton,NC,"Clayton, NC",400 E Main St,,27520.0,United States,"400 E Main St, Clayton, NC 27520.0, United States",CGNPA7WP5A,Delivered,10.0,1.75,4.75
Odd One Out DBA Barbour Shop Creative Services,Mansplain Survivor Holographic Sticker,Mansplain Survivor Holographic Sticker,"Stickers, pins, & magnets",2026-01-20,17.5,Clayton,NC,"Clayton, NC",400 E Main St,,27520.0,United States,"400 E Main St, Clayton, NC 27520.0, United States",CGNPA7WP5A,Delivered,10.0,1.75,4.75
Odd One Out DBA Barbour Shop Creative Services,FU Patriarchy Glitter Sticker,FU Patriarchy Glitter Sticker,"Stickers, pins, & magnets",2026-01-20,17.5,Clayton,NC,"Clayton, NC",400 E Main St,,27520.0,United States,"400 E Main St, Clayton, NC 27520.0, United States",CGNPA7WP5A,Delivered,10.0,1.75,4.75
Odd One Out DBA Barbour Shop Creative Services,I Can't Go On..I Need A Snack Pls Glitter Sticker,I Can't Go On..I Need A Snack Pls Glitter Sticker,"Stickers, pins, & magnets",2026-01-20,17.5,Clayton,NC,"Clayton, NC",400 E Main St,,27520.0,United States,"400 E Main St, Clayton, NC 27520.0, United States",CGNPA7WP5A,Delivered,10.0,1.75,4.75
Odd One Out DBA Barbour Shop Creative Services,Currently Dissociating Pen,Currently Dissociating Pen,Stationery & writing,2026-01-20,8.5,Clayton,NC,"Clayton, NC",400 E Main St,,27520.0,United States,"400 E Main St, Clayton, NC 27520.0, United States",CGNPA7WP5A,Delivered,10.0,0.85,2.75
Odd One Out DBA Barbour Shop Creative Services,Be Brave Be Loud And Look Out For Others Sticker,Be Brave Be Loud And Look Out For Others Sticker,"Stickers, pins, & magnets",2026-01-20,17.5,Clayton,NC,"Clayton, NC",400 E Main St,,27520.0,United States,"400 E Main St, Clayton, NC 27520.0, United States",CGNPA7WP5A,Delivered,10.0,1.75,4.75
Odd One Out DBA Barbour Shop Creative Services,Don't Be A Dick Sticker,Don't Be A Dick Sticker,"Stickers, pins, & magnets",2026-01-20,17.5,Clayton,NC,"Clayton, NC",400 E Main St,,27520.0,United States,"400 E Main St, Clayton, NC 27520.0, United States",CGNPA7WP5A,Delivered,10.0,1.75,4.75
Odd One Out DBA Barbour Shop Creative Services,America Was Built By Immigrants Sticker,America Was Built By Immigrants Sticker,"Stickers, pins, & magnets",2026-01-20,17.5,Clayton,NC,"Clayton, NC",400 E Main St,,27520.0,United States,"400 E Main St, Clayton, NC 27520.0, United States",CGNPA7WP5A,Delivered,10.0,1.75,4.75
Odd One Out DBA Barbour Shop Creative Services,"I May Be Laid Back, But I Can Lean Forward Real Fucking Quick Glitter Sticker","I May Be Laid Back, But I Can Lean Forward Real Fucking Quick Glitter Sticker","Stickers, pins, & magnets",2026-01-20,17.5,Clayton,NC,"Clayton, NC",400 E Main St,,27520.0,United States,"400 E Main St, Clayton, NC 27520.0, United States",CGNPA7WP5A,Delivered,10.0,1.75,4.75
Odd One Out DBA Barbour Shop Creative Services,"Mini Troll Surprise Packs - 3, 6 or 10!","Mini Troll Surprise Packs - 3, 6 or 10!","Stickers, pins, & magnets",2026-01-20,24.95,Clayton,NC,"Clayton, NC",400 E Main St,,27520.0,United States,"400 E Main St, Clayton, NC 27520.0, United States",CGNPA7WP5A,Delivered,5.0,4.99,9.99
Odd One Out DBA Barbour Shop Creative Services,Disappointed But Not Surprised Pen,Disappointed But Not Surprised Pen,Stationery & writing,2026-01-20,8.5,Clayton,NC,"Clayton, NC",400 E Main St,,27520.0,United States,"400 E Main St, Clayton, NC 27520.0, United States",CGNPA7WP5A,Delivered,10.0,0.85,2.75
Self Serve Toys,Trinkets Are My Weakness Pixie Glitter Sticker,Trinkets Are My Weakness Pixie Glitter Sticker,"Stickers, pins, & magnets",2026-01-20,10.5,Albuquerque,NM,"Albuquerque, NM",112 Morningside NE,,87108.0,United States,"112 Morningside NE, Albuquerque, NM 87108.0, United States",6AQYYH7QEJ,Delivered,6.0,1.75,4.75
Self Serve Toys,Fuck The Patriarchy Sticker,Fuck The Patriarchy Sticker,"Stickers, pins, & magnets",2026-01-20,10.5,Albuquerque,NM,"Albuquerque, NM",112 Morningside NE,,87108.0,United States,"112 Morningside NE, Albuquerque, NM 87108.0, United States",6AQYYH7QEJ,Delivered,6.0,1.75,4.25
Self Serve Toys,Capitalism Gave Me IBS Glitter Sticker,Capitalism Gave Me IBS Glitter Sticker,"Stickers, pins, & magnets",2026-01-20,10.5,Albuquerque,NM,"Albuquerque, NM",112 Morningside NE,,87108.0,United States,"112 Morningside NE, Albuquerque, NM 87108.0, United States",6AQYYH7QEJ,Delivered,6.0,1.75,4.75
Self Serve Toys,In My Feminine Rage Era Sticker (2 styles available),In My Feminine Rage Era Sticker (2 styles available),"Stickers, pins, & magnets",2026-01-20,10.5,Albuquerque,NM,"Albuquerque, NM",112 Morningside NE,,87108.0,United States,"112 Morningside NE, Albuquerque, NM 87108.0, United States",6AQYYH7QEJ,Delivered,6.0,1.75,4.75
Self Serve Toys,Manifesting The Revolution Sticker,Manifesting The Revolution Sticker,"Stickers, pins, & magnets",2026-01-20,10.5,Albuquerque,NM,"Albuquerque, NM",112 Morningside NE,,87108.0,United States,"112 Morningside NE, Albuquerque, NM 87108.0, United States",6AQYYH7QEJ,Delivered,6.0,1.75,4.75
Self Serve Toys,Radicalized By Basic Decency Floral Sticker,Radicalized By Basic Decency Floral Sticker,"Stickers, pins, & magnets",2026-01-20,10.5,Albuquerque,NM,"Albuquerque, NM",112 Morningside NE,,87108.0,United States,"112 Morningside NE, Albuquerque, NM 87108.0, United States",6AQYYH7QEJ,Delivered,6.0,1.75,4.75
Self Serve Toys,Community Is Resistance Sticker,Community Is Resistance Sticker,"Stickers, pins, & magnets",2026-01-20,10.5,Albuquerque,NM,"Albuquerque, NM",112 Morningside NE,,87108.0,United States,"112 Morningside NE, Albuquerque, NM 87108.0, United States",6AQYYH7QEJ,Delivered,6.0,1.75,4.75
Self Serve Toys,Caring About People Is Not Political Sticker,Caring About People Is Not Political Sticker,"Stickers, pins, & magnets",2026-01-20,10.5,Albuquerque,NM,"Albuquerque, NM",112 Morningside NE,,87108.0,United States,"112 Morningside NE, Albuquerque, NM 87108.0, United States",6AQYYH7QEJ,Delivered,6.0,1.75,4.75
Self Serve Toys,"Sorry If I'm Mean, I'm Overstimulated Right Now Sticker","Sorry If I'm Mean, I'm Overstimulated Right Now Sticker","Stickers, pins, & magnets",2026-01-20,10.5,Albuquerque,NM,"Albuquerque, NM",112 Morningside NE,,87108.0,United States,"112 Morningside NE, Albuquerque, NM 87108.0, United States",6AQYYH7QEJ,Delivered,6.0,1.75,4.75
Self Serve Toys,Leave Trans Kids Alone You Fucking Weirdo Glitter Sticker,Leave Trans Kids Alone You Fucking Weirdo Glitter Sticker,"Stickers, pins, & magnets",2026-01-20,10.5,Albuquerque,NM,"Albuquerque, NM",112 Morningside NE,,87108.0,United States,"112 Morningside NE, Albuquerque, NM 87108.0, United States",6AQYYH7QEJ,Delivered,6.0,1.75,4.75
Self Serve Toys,What's More Punk Than The Public Library Sticker,What's More Punk Than The Public Library Sticker,"Stickers, pins, & magnets",2026-01-20,10.5,Albuquerque,NM,"Albuquerque, NM",112 Morningside NE,,87108.0,United States,"112 Morningside NE, Albuquerque, NM 87108.0, United States",6AQYYH7QEJ,Delivered,6.0,1.75,4.75
Self Serve Toys,Girl Dinner Sticker (Glitter or White Available),Girl Dinner Sticker (Glitter or White Available),"Stickers, pins, & magnets",2026-01-20,10.5,Albuquerque,NM,"Albuquerque, NM",112 Morningside NE,,87108.0,United States,"112 Morningside NE, Albuquerque, NM 87108.0, United States",6AQYYH7QEJ,Delivered,6.0,1.75,4.75
Self Serve Toys,The Road To Fascism Is Paved With The People That Told You To Stop Overreacting Holographic Sticker,The Road To Fascism Is Paved With The People That Told You To Stop Overreacting Holographic Sticker,"Stickers, pins, & magnets",2026-01-20,10.5,Albuquerque,NM,"Albuquerque, NM",112 Morningside NE,,87108.0,United States,"112 Morningside NE, Albuquerque, NM 87108.0, United States",6AQYYH7QEJ,Delivered,6.0,1.75,4.75
Self Serve Toys,I Didn't Survive A Pandemic For This Shit Glitter Sticker,I Didn't Survive A Pandemic For This Shit Glitter Sticker,"Stickers, pins, & magnets",2026-01-20,10.5,Albuquerque,NM,"Albuquerque, NM",112 Morningside NE,,87108.0,United States,"112 Morningside NE, Albuquerque, NM 87108.0, United States",6AQYYH7QEJ,Delivered,6.0,1.75,4.75
Self Serve Toys,Girls Will Be Girls Sticker,Girls Will Be Girls Sticker,"Stickers, pins, & magnets",2026-01-20,10.5,Albuquerque,NM,"Albuquerque, NM",112 Morningside NE,,87108.0,United States,"112 Morningside NE, Albuquerque, NM 87108.0, United States",6AQYYH7QEJ,Delivered,6.0,1.75,4.75
Self Serve Toys,Burn The Patriarchy Sticker,Burn The Patriarchy Sticker,"Stickers, pins, & magnets",2026-01-20,10.5,Albuquerque,NM,"Albuquerque, NM",112 Morningside NE,,87108.0,United States,"112 Morningside NE, Albuquerque, NM 87108.0, United States",6AQYYH7QEJ,Delivered,6.0,1.75,4.75
Self Serve Toys,Be Brave Be Loud And Look Out For Others Sticker,Be Brave Be Loud And Look Out For Others Sticker,"Stickers, pins, & magnets",2026-01-20,10.5,Albuquerque,NM,"Albuquerque, NM",112 Morningside NE,,87108.0,United States,"112 Morningside NE, Albuquerque, NM 87108.0, United States",6AQYYH7QEJ,Delivered,6.0,1.75,4.75
Self Serve Toys,"Pro Choice, Pro Love, Pro Science, Pro Women Sticker","Pro Choice, Pro Love, Pro Science, Pro Women Sticker","Stickers, pins, & magnets",2026-01-20,10.5,Albuquerque,NM,"Albuquerque, NM",112 Morningside NE,,87108.0,United States,"112 Morningside NE, Albuquerque, NM 87108.0, United States",6AQYYH7QEJ,Delivered,6.0,1.75,4.75
Self Serve Toys,No Human Is Illegal Glitter Sticker,No Human Is Illegal Glitter Sticker,"Stickers, pins, & magnets",2026-01-20,10.5,Albuquerque,NM,"Albuquerque, NM",112 Morningside NE,,87108.0,United States,"112 Morningside NE, Albuquerque, NM 87108.0, United States",6AQYYH7QEJ,Delivered,6.0,1.75,4.75
Self Serve Toys,If You Support Fascism We Can't Be Friends Glitter Sticker,If You Support Fascism We Can't Be Friends Glitter Sticker,"Stickers, pins, & magnets",2026-01-20,10.5,Albuquerque,NM,"Albuquerque, NM",112 Morningside NE,,87108.0,United States,"112 Morningside NE, Albuquerque, NM 87108.0, United States",6AQYYH7QEJ,Delivered,6.0,1.75,4.75
Merit Badge Books,Some Of You Weren't Paying Attention In History Class And It Shows Pixie Glitter Sticker,Some Of You Weren't Paying Attention In History Class And It Shows Pixie Glitter Sticker,"Stickers, pins, & magnets",2026-01-20,10.5,Hamburg,NY,"Hamburg, NY",276 Buffalo Street,,14075.0,United States,"276 Buffalo Street, Hamburg, NY 14075.0, United States",PHS4PD6QWM,Delivered,6.0,1.75,4.75
Merit Badge Books,Community Is Resistance Sticker,Community Is Resistance Sticker,"Stickers, pins, & magnets",2026-01-20,10.5,Hamburg,NY,"Hamburg, NY",276 Buffalo Street,,14075.0,United States,"276 Buffalo Street, Hamburg, NY 14075.0, United States",PHS4PD6QWM,Delivered,6.0,1.75,4.75
Merit Badge Books,Let's Be Better Humans Sticker,Let's Be Better Humans Sticker,"Stickers, pins, & magnets",2026-01-20,10.5,Hamburg,NY,"Hamburg, NY",276 Buffalo Street,,14075.0,United States,"276 Buffalo Street, Hamburg, NY 14075.0, United States",PHS4PD6QWM,Delivered,6.0,1.75,6.5
Merit Badge Books,Don't Be A Dick Sticker,Don't Be A Dick Sticker,"Stickers, pins, & magnets",2026-01-20,17.5,Hamburg,NY,"Hamburg, NY",276 Buffalo Street,,14075.0,United States,"276 Buffalo Street, Hamburg, NY 14075.0, United States",PHS4PD6QWM,Delivered,10.0,1.75,4.75
Merit Badge Books,Big Fan of Human Rights Button,Big Fan of Human Rights Button,"Stickers, pins, & magnets",2026-01-20,9.0,Hamburg,NY,"Hamburg, NY",276 Buffalo Street,,14075.0,United States,"276 Buffalo Street, Hamburg, NY 14075.0, United States",PHS4PD6QWM,Delivered,6.0,1.5,3.0
Merit Badge Books,Literacy And Justice For All Tote Bag,Literacy And Justice For All Tote Bag,"Stickers, pins, & magnets",2026-01-20,40.0,Hamburg,NY,"Hamburg, NY",276 Buffalo Street,,14075.0,United States,"276 Buffalo Street, Hamburg, NY 14075.0, United States",PHS4PD6QWM,Delivered,4.0,10.0,20.0
Merit Badge Books,"Mini Troll Surprise Packs - 3, 6 or 10!","Mini Troll Surprise Packs - 3, 6 or 10!","Stickers, pins, & magnets",2026-01-20,29.8,Hamburg,NY,"Hamburg, NY",276 Buffalo Street,,14075.0,United States,"276 Buffalo Street, Hamburg, NY 14075.0, United States",PHS4PD6QWM,Delivered,20.0,1.49,2.99
Merit Badge Books,Be Brave Be Loud And Look Out For Others Sticker,Be Brave Be Loud And Look Out For Others Sticker,"Stickers, pins, & magnets",2026-01-20,17.5,Hamburg,NY,"Hamburg, NY",276 Buffalo Street,,14075.0,United States,"276 Buffalo Street, Hamburg, NY 14075.0, United States",PHS4PD6QWM,Delivered,10.0,1.75,4.75
Merit Badge Books,Literacy and Justice For All Sticker,Literacy and Justice For All Sticker,"Stickers, pins, & magnets",2026-01-20,10.5,Hamburg,NY,"Hamburg, NY",276 Buffalo Street,,14075.0,United States,"276 Buffalo Street, Hamburg, NY 14075.0, United States",PHS4PD6QWM,Delivered,6.0,1.75,4.75
Merit Badge Books,"Sorry If I'm Mean, I'm Overstimulated Right Now Sticker","Sorry If I'm Mean, I'm Overstimulated Right Now Sticker","Stickers, pins, & magnets",2026-01-20,10.5,Hamburg,NY,"Hamburg, NY",276 Buffalo Street,,14075.0,United States,"276 Buffalo Street, Hamburg, NY 14075.0, United States",PHS4PD6QWM,Delivered,6.0,1.75,4.75
Merit Badge Books,On My Way To Get More Trinkets And Knick Knacks Glitter Sticker,On My Way To Get More Trinkets And Knick Knacks Glitter Sticker,"Stickers, pins, & magnets",2026-01-20,10.5,Hamburg,NY,"Hamburg, NY",276 Buffalo Street,,14075.0,United States,"276 Buffalo Street, Hamburg, NY 14075.0, United States",PHS4PD6QWM,Delivered,6.0,1.75,4.75
Merit Badge Books,Manifesting The Revolution Sticker,Manifesting The Revolution Sticker,"Stickers, pins, & magnets",2026-01-20,10.5,Hamburg,NY,"Hamburg, NY",276 Buffalo Street,,14075.0,United States,"276 Buffalo Street, Hamburg, NY 14075.0, United States",PHS4PD6QWM,Delivered,6.0,1.75,4.75
Merit Badge Books,America Was Built By Immigrants Sticker,America Was Built By Immigrants Sticker,"Stickers, pins, & magnets",2026-01-20,10.5,Hamburg,NY,"Hamburg, NY",276 Buffalo Street,,14075.0,United States,"276 Buffalo Street, Hamburg, NY 14075.0, United States",PHS4PD6QWM,Delivered,6.0,1.75,4.75
Merit Badge Books,Caring About People Is Not Political Button,Caring About People Is Not Political Button,"Stickers, pins, & magnets",2026-01-20,6.0,Hamburg,NY,"Hamburg, NY",276 Buffalo Street,,14075.0,United States,"276 Buffalo Street, Hamburg, NY 14075.0, United States",PHS4PD6QWM,Delivered,6.0,1.0,2.75
Burncoat center for arts and wellness,America Was Built By Immigrants Sticker,America Was Built By Immigrants Sticker,"Stickers, pins, & magnets",2026-01-20,10.5,Worcester,MA,"Worcester, MA",78 Burncoat St,,1605.0,United States,"78 Burncoat St, Worcester, MA 1605.0, United States",S2G5BK452Y,Delivered,6.0,1.75,4.75
Burncoat center for arts and wellness,I Didn't Survive A Pandemic For This Shit Glitter Sticker,I Didn't Survive A Pandemic For This Shit Glitter Sticker,"Stickers, pins, & magnets",2026-01-20,10.5,Worcester,MA,"Worcester, MA",78 Burncoat St,,1605.0,United States,"78 Burncoat St, Worcester, MA 1605.0, United States",S2G5BK452Y,Delivered,6.0,1.75,4.75
Burncoat center for arts and wellness,No One Is Illegal On Stolen Land Sticker,No One Is Illegal On Stolen Land Sticker,"Stickers, pins, & magnets",2026-01-20,10.5,Worcester,MA,"Worcester, MA",78 Burncoat St,,1605.0,United States,"78 Burncoat St, Worcester, MA 1605.0, United States",S2G5BK452Y,Delivered,6.0,1.75,4.75
Burncoat center for arts and wellness,The Only Minority Destroying This Country Are The Billionaires Sticker,The Only Minority Destroying This Country Are The Billionaires Sticker,"Stickers, pins, & magnets",2026-01-20,10.5,Worcester,MA,"Worcester, MA",78 Burncoat St,,1605.0,United States,"78 Burncoat St, Worcester, MA 1605.0, United States",S2G5BK452Y,Delivered,6.0,1.75,4.75
Burncoat center for arts and wellness,"With Love,Go Feast On A Sack Full Of Richards Sticker","With Love,Go Feast On A Sack Full Of Richards Sticker","Stickers, pins, & magnets",2026-01-20,10.5,Worcester,MA,"Worcester, MA",78 Burncoat St,,1605.0,United States,"78 Burncoat St, Worcester, MA 1605.0, United States",S2G5BK452Y,Delivered,6.0,1.75,4.75
Burncoat center for arts and wellness,Just A Girl Who Loves Books Glitter Sticker,Just A Girl Who Loves Books Glitter Sticker,"Stickers, pins, & magnets",2026-01-20,10.5,Worcester,MA,"Worcester, MA",78 Burncoat St,,1605.0,United States,"78 Burncoat St, Worcester, MA 1605.0, United States",S2G5BK452Y,Delivered,6.0,1.75,4.75
Burncoat center for arts and wellness,Regulate Dick Not Jane Glitter Sticker,Regulate Dick Not Jane Glitter Sticker,"Stickers, pins, & magnets",2026-01-20,10.5,Worcester,MA,"Worcester, MA",78 Burncoat St,,1605.0,United States,"78 Burncoat St, Worcester, MA 1605.0, United States",S2G5BK452Y,Delivered,6.0,1.75,4.75
Burncoat center for arts and wellness,I Will Not Tolerate Your Bullshit But I Wish You Peace Sticker,I Will Not Tolerate Your Bullshit But I Wish You Peace Sticker,"Stickers, pins, & magnets",2026-01-20,10.5,Worcester,MA,"Worcester, MA",78 Burncoat St,,1605.0,United States,"78 Burncoat St, Worcester, MA 1605.0, United States",S2G5BK452Y,Delivered,6.0,1.75,4.25
Burncoat center for arts and wellness,Radicalized By Basic Decency Button,Radicalized By Basic Decency Button,"Stickers, pins, & magnets",2026-01-20,3.75,Worcester,MA,"Worcester, MA",78 Burncoat St,,1605.0,United States,"78 Burncoat St, Worcester, MA 1605.0, United States",S2G5BK452Y,Delivered,3.0,1.25,2.5
Burncoat center for arts and wellness,Only You Can Prevent Fascism Sticker,Only You Can Prevent Fascism Sticker,"Stickers, pins, & magnets",2026-01-20,10.5,Worcester,MA,"Worcester, MA",78 Burncoat St,,1605.0,United States,"78 Burncoat St, Worcester, MA 1605.0, United States",S2G5BK452Y,Delivered,6.0,1.75,4.75
Burncoat center for arts and wellness,If Explosive Diarrhea Was A Person Magnet,If Explosive Diarrhea Was A Person Magnet,"Stickers, pins, & magnets",2026-01-20,7.5,Worcester,MA,"Worcester, MA",78 Burncoat St,,1605.0,United States,"78 Burncoat St, Worcester, MA 1605.0, United States",S2G5BK452Y,Delivered,3.0,2.5,6.5
Burncoat center for arts and wellness,Radicalized By Basic Decency Magnet,Radicalized By Basic Decency Magnet,"Stickers, pins, & magnets",2026-01-20,7.5,Worcester,MA,"Worcester, MA",78 Burncoat St,,1605.0,United States,"78 Burncoat St, Worcester, MA 1605.0, United States",S2G5BK452Y,Delivered,3.0,2.5,6.5
Burncoat center for arts and wellness,Big Fan of Human Rights Button,Big Fan of Human Rights Button,"Stickers, pins, & magnets",2026-01-20,4.5,Worcester,MA,"Worcester, MA",78 Burncoat St,,1605.0,United States,"78 Burncoat St, Worcester, MA 1605.0, United States",S2G5BK452Y,Delivered,3.0,1.5,3.0
Burncoat center for arts and wellness,Compost The Patriarchy Sticker,Compost The Patriarchy Sticker,"Stickers, pins, & magnets",2026-01-20,10.5,Worcester,MA,"Worcester, MA",78 Burncoat St,,1605.0,United States,"78 Burncoat St, Worcester, MA 1605.0, United States",S2G5BK452Y,Delivered,6.0,1.75,4.75
Burncoat center for arts and wellness,"Do You Have Any Fucks? Not Even One, Girl. Go Fish. Sticker","Do You Have Any Fucks? Not Even One, Girl. Go Fish. Sticker","Stickers, pins, & magnets",2026-01-20,10.5,Worcester,MA,"Worcester, MA",78 Burncoat St,,1605.0,United States,"78 Burncoat St, Worcester, MA 1605.0, United States",S2G5BK452Y,Delivered,6.0,1.75,4.75
Burncoat center for arts and wellness,You've Just Buttered Your Last Biscuit Sticker,You've Just Buttered Your Last Biscuit Sticker,"Stickers, pins, & magnets",2026-01-20,10.5,Worcester,MA,"Worcester, MA",78 Burncoat St,,1605.0,United States,"78 Burncoat St, Worcester, MA 1605.0, United States",S2G5BK452Y,Delivered,6.0,1.75,4.75
Burncoat center for arts and wellness,Caring About People Is Not Political Sticker,Caring About People Is Not Political Sticker,"Stickers, pins, & magnets",2026-01-20,10.5,Worcester,MA,"Worcester, MA",78 Burncoat St,,1605.0,United States,"78 Burncoat St, Worcester, MA 1605.0, United States",S2G5BK452Y,Delivered,6.0,1.75,4.75
Burncoat center for arts and wellness,What's More Punk Than The Public Library Sticker,What's More Punk Than The Public Library Sticker,"Stickers, pins, & magnets",2026-01-20,10.5,Worcester,MA,"Worcester, MA",78 Burncoat St,,1605.0,United States,"78 Burncoat St, Worcester, MA 1605.0, United States",S2G5BK452Y,Delivered,6.0,1.75,4.75
Burncoat center for arts and wellness,Community Is Resistance Sticker,Community Is Resistance Sticker,"Stickers, pins, & magnets",2026-01-20,10.5,Worcester,MA,"Worcester, MA",78 Burncoat St,,1605.0,United States,"78 Burncoat St, Worcester, MA 1605.0, United States",S2G5BK452Y,Delivered,6.0,1.75,4.75
Burncoat center for arts and wellness,"I May Be Laid Back, But I Can Lean Forward Real Fucking Quick Glitter Sticker","I May Be Laid Back, But I Can Lean Forward Real Fucking Quick Glitter Sticker","Stickers, pins, & magnets",2026-01-20,10.5,Worcester,MA,"Worcester, MA",78 Burncoat St,,1605.0,United States,"78 Burncoat St, Worcester, MA 1605.0, United States",S2G5BK452Y,Delivered,6.0,1.75,4.75
Burncoat center for arts and wellness,"Pro Choice, Pro Love, Pro Science, Pro Women Sticker","Pro Choice, Pro Love, Pro Science, Pro Women Sticker","Stickers, pins, & magnets",2026-01-20,10.5,Worcester,MA,"Worcester, MA",78 Burncoat St,,1605.0,United States,"78 Burncoat St, Worcester, MA 1605.0, United States",S2G5BK452Y,Delivered,6.0,1.75,4.75
Burncoat center for arts and wellness,Peace Sign Hamster Sticker,Peace Sign Hamster Sticker,"Stickers, pins, & magnets",2026-01-20,10.5,Worcester,MA,"Worcester, MA",78 Burncoat St,,1605.0,United States,"78 Burncoat St, Worcester, MA 1605.0, United States",S2G5BK452Y,Delivered,6.0,1.75,4.75
Burncoat center for arts and wellness,Vasectomies Prevent Abortions Sticker,Vasectomies Prevent Abortions Sticker,"Stickers, pins, & magnets",2026-01-20,10.5,Worcester,MA,"Worcester, MA",78 Burncoat St,,1605.0,United States,"78 Burncoat St, Worcester, MA 1605.0, United States",S2G5BK452Y,Delivered,6.0,1.75,4.75
Burncoat center for arts and wellness,On My Way To Get More Trinkets And Knick Knacks Glitter Sticker,On My Way To Get More Trinkets And Knick Knacks Glitter Sticker,"Stickers, pins, & magnets",2026-01-20,10.5,Worcester,MA,"Worcester, MA",78 Burncoat St,,1605.0,United States,"78 Burncoat St, Worcester, MA 1605.0, United States",S2G5BK452Y,Delivered,6.0,1.75,4.75
Burncoat center for arts and wellness,Educate Your Son Sticker,Educate Your Son Sticker,"Stickers, pins, & magnets",2026-01-20,10.5,Worcester,MA,"Worcester, MA",78 Burncoat St,,1605.0,United States,"78 Burncoat St, Worcester, MA 1605.0, United States",S2G5BK452Y,Delivered,6.0,1.75,4.75
Burncoat center for arts and wellness,"Sorry If I'm Mean, I'm Overstimulated Right Now Sticker","Sorry If I'm Mean, I'm Overstimulated Right Now Sticker","Stickers, pins, & magnets",2026-01-20,10.5,Worcester,MA,"Worcester, MA",78 Burncoat St,,1605.0,United States,"78 Burncoat St, Worcester, MA 1605.0, United States",S2G5BK452Y,Delivered,6.0,1.75,4.75
Burncoat center for arts and wellness,Little Ray Of Pitch Black Sticker,Little Ray Of Pitch Black Sticker,"Stickers, pins, & magnets",2026-01-20,10.5,Worcester,MA,"Worcester, MA",78 Burncoat St,,1605.0,United States,"78 Burncoat St, Worcester, MA 1605.0, United States",S2G5BK452Y,Delivered,6.0,1.75,4.75
Burncoat center for arts and wellness,I Brake For Thrift Shops Bumper Sticker,I Brake For Thrift Shops Bumper Sticker,"Stickers, pins, & magnets",2026-01-20,10.5,Worcester,MA,"Worcester, MA",78 Burncoat St,,1605.0,United States,"78 Burncoat St, Worcester, MA 1605.0, United States",S2G5BK452Y,Delivered,3.0,3.5,9.0
Mystic Moon,The Only Minority Destroying This Country Are The Billionaires Sticker,The Only Minority Destroying This Country Are The Billionaires Sticker,"Stickers, pins, & magnets",2026-01-20,17.5,Gatlinburg,TN,"Gatlinburg, TN",651 PARKWAY,103.0,37738.0,United States,"651 PARKWAY, 103.0, Gatlinburg, TN 37738.0, United States",AUPG7WVG95,Delivered,10.0,1.75,4.75
Mystic Moon,Build This Wall Sticker,Build This Wall Sticker,"Stickers, pins, & magnets",2026-01-20,17.5,Gatlinburg,TN,"Gatlinburg, TN",651 PARKWAY,103.0,37738.0,United States,"651 PARKWAY, 103.0, Gatlinburg, TN 37738.0, United States",AUPG7WVG95,Delivered,10.0,1.75,4.75
Mystic Moon,Educate Your Son Sticker,Educate Your Son Sticker,"Stickers, pins, & magnets",2026-01-20,17.5,Gatlinburg,TN,"Gatlinburg, TN",651 PARKWAY,103.0,37738.0,United States,"651 PARKWAY, 103.0, Gatlinburg, TN 37738.0, United States",AUPG7WVG95,Delivered,10.0,1.75,4.75
Mystic Moon,I Never Said That Jesus Sticker,I Never Said That Jesus Sticker,"Stickers, pins, & magnets",2026-01-20,17.5,Gatlinburg,TN,"Gatlinburg, TN",651 PARKWAY,103.0,37738.0,United States,"651 PARKWAY, 103.0, Gatlinburg, TN 37738.0, United States",AUPG7WVG95,Delivered,10.0,1.75,4.75
Mystic Moon,"Pro Choice, Pro Love, Pro Science, Pro Women Sticker","Pro Choice, Pro Love, Pro Science, Pro Women Sticker","Stickers, pins, & magnets",2026-01-20,17.5,Gatlinburg,TN,"Gatlinburg, TN",651 PARKWAY,103.0,37738.0,United States,"651 PARKWAY, 103.0, Gatlinburg, TN 37738.0, United States",AUPG7WVG95,Delivered,10.0,1.75,4.75
grow,Have The Day You Voted For Sticker,Have The Day You Voted For Sticker,"Stickers, pins, & magnets",2026-01-20,10.5,Charlotte,NC,"Charlotte, NC",709 E 35th Street,,28205.0,United States,"709 E 35th Street, Charlotte, NC 28205.0, United States",HFHGHAYDG5,Delivered,6.0,1.75,4.75
grow,Have The Day You Voted For Tote Bag,Have The Day You Voted For Tote Bag,"Stickers, pins, & magnets",2026-01-20,60.0,Charlotte,NC,"Charlotte, NC",709 E 35th Street,,28205.0,United States,"709 E 35th Street, Charlotte, NC 28205.0, United States",HFHGHAYDG5,Delivered,6.0,10.0,20.0
grow,What's More Punk Than The Public Library Sticker,What's More Punk Than The Public Library Sticker,"Stickers, pins, & magnets",2026-01-20,10.5,Charlotte,NC,"Charlotte, NC",709 E 35th Street,,28205.0,United States,"709 E 35th Street, Charlotte, NC 28205.0, United States",HFHGHAYDG5,Delivered,6.0,1.75,4.75
grow,Don't Be A Dick Sticker,Don't Be A Dick Sticker,"Stickers, pins, & magnets",2026-01-20,14.0,Charlotte,NC,"Charlotte, NC",709 E 35th Street,,28205.0,United States,"709 E 35th Street, Charlotte, NC 28205.0, United States",HFHGHAYDG5,Delivered,8.0,1.75,4.75
grow,Educate Your Son Sticker,Educate Your Son Sticker,"Stickers, pins, & magnets",2026-01-20,14.0,Charlotte,NC,"Charlotte, NC",709 E 35th Street,,28205.0,United States,"709 E 35th Street, Charlotte, NC 28205.0, United States",HFHGHAYDG5,Delivered,8.0,1.75,4.75
grow,America Was Built By Immigrants Sticker,America Was Built By Immigrants Sticker,"Stickers, pins, & magnets",2026-01-20,17.5,Charlotte,NC,"Charlotte, NC",709 E 35th Street,,28205.0,United States,"709 E 35th Street, Charlotte, NC 28205.0, United States",HFHGHAYDG5,Delivered,10.0,1.75,4.75
grow,Girls Will Be Girls Sticker,Girls Will Be Girls Sticker,"Stickers, pins, & magnets",2026-01-20,10.5,Charlotte,NC,"Charlotte, NC",709 E 35th Street,,28205.0,United States,"709 E 35th Street, Charlotte, NC 28205.0, United States",HFHGHAYDG5,Delivered,6.0,1.75,4.75
grow,I've Heard Enough From Old White Men Sticker,I've Heard Enough From Old White Men Sticker,"Stickers, pins, & magnets",2026-01-20,15.75,Charlotte,NC,"Charlotte, NC",709 E 35th Street,,28205.0,United States,"709 E 35th Street, Charlotte, NC 28205.0, United States",HFHGHAYDG5,Delivered,9.0,1.75,4.75
grow,Please Hesitate To Reach Out To Me Sticker (2 colors available),Please Hesitate To Reach Out To Me Sticker (2 colors available),"Stickers, pins, & magnets",2026-01-20,10.5,Charlotte,NC,"Charlotte, NC",709 E 35th Street,,28205.0,United States,"709 E 35th Street, Charlotte, NC 28205.0, United States",HFHGHAYDG5,Delivered,6.0,1.75,4.75
grow,Please Hesitate To Reach Out To Me Sticker (2 colors available),Please Hesitate To Reach Out To Me Sticker (2 colors available),"Stickers, pins, & magnets",2026-01-20,10.5,Charlotte,NC,"Charlotte, NC",709 E 35th Street,,28205.0,United States,"709 E 35th Street, Charlotte, NC 28205.0, United States",HFHGHAYDG5,Delivered,6.0,1.75,4.75
grow,Little Ray Of Pitch Black Sticker,Little Ray Of Pitch Black Sticker,"Stickers, pins, & magnets",2026-01-20,10.5,Charlotte,NC,"Charlotte, NC",709 E 35th Street,,28205.0,United States,"709 E 35th Street, Charlotte, NC 28205.0, United States",HFHGHAYDG5,Delivered,6.0,1.75,4.75
grow,"Hidden ""Fuck Trump"" Floral Sticker","Hidden ""Fuck Trump"" Floral Sticker","Stickers, pins, & magnets",2026-01-20,21.0,Charlotte,NC,"Charlotte, NC",709 E 35th Street,,28205.0,United States,"709 E 35th Street, Charlotte, NC 28205.0, United States",HFHGHAYDG5,Delivered,12.0,1.75,4.75
epilogue books,Let's Be Better Humans Sticker,Let's Be Better Humans Sticker,"Stickers, pins, & magnets",2026-01-19,10.5,Rockford,MI,"Rockford, MI",10 E Bridge Street,,49341.0,United States,"10 E Bridge Street, Rockford, MI 49341.0, United States",WE47MSEMQM,Delivered,6.0,1.75,6.5
epilogue books,Big Fan Of Human Rights Tote Bag,Big Fan Of Human Rights Tote Bag,"Stickers, pins, & magnets",2026-01-19,30.0,Rockford,MI,"Rockford, MI",10 E Bridge Street,,49341.0,United States,"10 E Bridge Street, Rockford, MI 49341.0, United States",WE47MSEMQM,Delivered,3.0,10.0,20.0
epilogue books,Tell Me A Time In History When It Was The Good Guys Banning Books Tote Bag,Tell Me A Time In History When It Was The Good Guys Banning Books Tote Bag,Stationery & writing,2026-01-19,30.0,Rockford,MI,"Rockford, MI",10 E Bridge Street,,49341.0,United States,"10 E Bridge Street, Rockford, MI 49341.0, United States",WE47MSEMQM,Delivered,3.0,10.0,20.0
epilogue books,Don't Be A Dick Sticker,Don't Be A Dick Sticker,"Stickers, pins, & magnets",2026-01-19,10.5,Rockford,MI,"Rockford, MI",10 E Bridge Street,,49341.0,United States,"10 E Bridge Street, Rockford, MI 49341.0, United States",WE47MSEMQM,Delivered,6.0,1.75,4.75
epilogue books,Have The Day You Voted For Tote Bag,Have The Day You Voted For Tote Bag,"Stickers, pins, & magnets",2026-01-19,30.0,Rockford,MI,"Rockford, MI",10 E Bridge Street,,49341.0,United States,"10 E Bridge Street, Rockford, MI 49341.0, United States",WE47MSEMQM,Delivered,3.0,10.0,20.0
epilogue books,I Can't Go On..I Need A Snack Pls Glitter Sticker,I Can't Go On..I Need A Snack Pls Glitter Sticker,"Stickers, pins, & magnets",2026-01-19,10.5,Rockford,MI,"Rockford, MI",10 E Bridge Street,,49341.0,United States,"10 E Bridge Street, Rockford, MI 49341.0, United States",WE47MSEMQM,Delivered,6.0,1.75,4.75
epilogue books,"Pro Choice, Pro Love, Pro Science, Pro Women Sticker","Pro Choice, Pro Love, Pro Science, Pro Women Sticker","Stickers, pins, & magnets",2026-01-19,10.5,Rockford,MI,"Rockford, MI",10 E Bridge Street,,49341.0,United States,"10 E Bridge Street, Rockford, MI 49341.0, United States",WE47MSEMQM,Delivered,6.0,1.75,4.75
epilogue books,Caring About People Is Not Political Sticker,Caring About People Is Not Political Sticker,"Stickers, pins, & magnets",2026-01-19,10.5,Rockford,MI,"Rockford, MI",10 E Bridge Street,,49341.0,United States,"10 E Bridge Street, Rockford, MI 49341.0, United States",WE47MSEMQM,Delivered,6.0,1.75,4.75
epilogue books,Be Brave Be Loud And Look Out For Others Sticker,Be Brave Be Loud And Look Out For Others Sticker,"Stickers, pins, & magnets",2026-01-19,10.5,Rockford,MI,"Rockford, MI",10 E Bridge Street,,49341.0,United States,"10 E Bridge Street, Rockford, MI 49341.0, United States",WE47MSEMQM,Delivered,6.0,1.75,4.75
epilogue books,I Never Said That Jesus Sticker,I Never Said That Jesus Sticker,"Stickers, pins, & magnets",2026-01-19,10.5,Rockford,MI,"Rockford, MI",10 E Bridge Street,,49341.0,United States,"10 E Bridge Street, Rockford, MI 49341.0, United States",WE47MSEMQM,Delivered,6.0,1.75,4.75
epilogue books,Resist Sticker,Resist Sticker,"Stickers, pins, & magnets",2026-01-19,10.5,Rockford,MI,"Rockford, MI",10 E Bridge Street,,49341.0,United States,"10 E Bridge Street, Rockford, MI 49341.0, United States",WE47MSEMQM,Delivered,6.0,1.75,4.75
epilogue books,Some Of You Weren't Paying Attention In History Class And It Shows Pixie Glitter Sticker,Some Of You Weren't Paying Attention In History Class And It Shows Pixie Glitter Sticker,"Stickers, pins, & magnets",2026-01-19,10.5,Rockford,MI,"Rockford, MI",10 E Bridge Street,,49341.0,United States,"10 E Bridge Street, Rockford, MI 49341.0, United States",WE47MSEMQM,Delivered,6.0,1.75,4.75
epilogue books,Build This Wall Sticker,Build This Wall Sticker,"Stickers, pins, & magnets",2026-01-19,10.5,Rockford,MI,"Rockford, MI",10 E Bridge Street,,49341.0,United States,"10 E Bridge Street, Rockford, MI 49341.0, United States",WE47MSEMQM,Delivered,6.0,1.75,4.75
epilogue books,The Only Minority Destroying This Country Are The Billionaires Sticker,The Only Minority Destroying This Country Are The Billionaires Sticker,"Stickers, pins, & magnets",2026-01-19,10.5,Rockford,MI,"Rockford, MI",10 E Bridge Street,,49341.0,United States,"10 E Bridge Street, Rockford, MI 49341.0, United States",WE47MSEMQM,Delivered,6.0,1.75,4.75
epilogue books,I Didn't Survive A Pandemic For This Shit Glitter Sticker,I Didn't Survive A Pandemic For This Shit Glitter Sticker,"Stickers, pins, & magnets",2026-01-19,10.5,Rockford,MI,"Rockford, MI",10 E Bridge Street,,49341.0,United States,"10 E Bridge Street, Rockford, MI 49341.0, United States",WE47MSEMQM,Delivered,6.0,1.75,4.75
epilogue books,If Explosive Diarrhea Was A Person Glitter Sticker,If Explosive Diarrhea Was A Person Glitter Sticker,"Stickers, pins, & magnets",2026-01-19,10.5,Rockford,MI,"Rockford, MI",10 E Bridge Street,,49341.0,United States,"10 E Bridge Street, Rockford, MI 49341.0, United States",WE47MSEMQM,Delivered,6.0,1.75,4.75
epilogue books,Let's Read Banned Books Tote Bag,Let's Read Banned Books Tote Bag,Stationery & writing,2026-01-19,30.0,Rockford,MI,"Rockford, MI",10 E Bridge Street,,49341.0,United States,"10 E Bridge Street, Rockford, MI 49341.0, United States",WE47MSEMQM,Delivered,3.0,10.0,20.0
epilogue books,"Do You Have Any Fucks? Not Even One, Girl. Go Fish. Sticker","Do You Have Any Fucks? Not Even One, Girl. Go Fish. Sticker","Stickers, pins, & magnets",2026-01-19,10.5,Rockford,MI,"Rockford, MI",10 E Bridge Street,,49341.0,United States,"10 E Bridge Street, Rockford, MI 49341.0, United States",WE47MSEMQM,Delivered,6.0,1.75,4.75
epilogue books,Disappointments All Of You Sticker,Disappointments All Of You Sticker,"Stickers, pins, & magnets",2026-01-19,10.5,Rockford,MI,"Rockford, MI",10 E Bridge Street,,49341.0,United States,"10 E Bridge Street, Rockford, MI 49341.0, United States",WE47MSEMQM,Delivered,6.0,1.75,4.75
Green Feather Book Company,Awake But At What Cost Sticker,Awake But At What Cost Sticker,"Stickers, pins, & magnets",2026-01-19,10.5,Norman,OK,"Norman, OK","300 W. Gray Street, suite 108 & 110",,73069.0,United States,"300 W. Gray Street, suite 108 & 110, Norman, OK 73069.0, United States",3UMMF66E7P,Delivered,6.0,1.75,4.75
Green Feather Book Company,Girl Dinner Sticker (Glitter or White Available),Girl Dinner Sticker (Glitter or White Available),"Stickers, pins, & magnets",2026-01-19,10.5,Norman,OK,"Norman, OK","300 W. Gray Street, suite 108 & 110",,73069.0,United States,"300 W. Gray Street, suite 108 & 110, Norman, OK 73069.0, United States",3UMMF66E7P,Delivered,6.0,1.75,4.75
Green Feather Book Company,Keep The Immigrants Deport The Racists Sticker,Keep The Immigrants Deport The Racists Sticker,"Stickers, pins, & magnets",2026-01-19,10.5,Norman,OK,"Norman, OK","300 W. Gray Street, suite 108 & 110",,73069.0,United States,"300 W. Gray Street, suite 108 & 110, Norman, OK 73069.0, United States",3UMMF66E7P,Delivered,6.0,1.75,4.75
Green Feather Book Company,Vasectomies Prevent Abortions Sticker,Vasectomies Prevent Abortions Sticker,"Stickers, pins, & magnets",2026-01-19,10.5,Norman,OK,"Norman, OK","300 W. Gray Street, suite 108 & 110",,73069.0,United States,"300 W. Gray Street, suite 108 & 110, Norman, OK 73069.0, United States",3UMMF66E7P,Delivered,6.0,1.75,4.75
Green Feather Book Company,Read Banned Books Sticker,Read Banned Books Sticker,"Stickers, pins, & magnets",2026-01-19,10.5,Norman,OK,"Norman, OK","300 W. Gray Street, suite 108 & 110",,73069.0,United States,"300 W. Gray Street, suite 108 & 110, Norman, OK 73069.0, United States",3UMMF66E7P,Delivered,6.0,1.75,4.75
Green Feather Book Company,Community Is Resistance Sticker,Community Is Resistance Sticker,"Stickers, pins, & magnets",2026-01-19,10.5,Norman,OK,"Norman, OK","300 W. Gray Street, suite 108 & 110",,73069.0,United States,"300 W. Gray Street, suite 108 & 110, Norman, OK 73069.0, United States",3UMMF66E7P,Delivered,6.0,1.75,4.75
Green Feather Book Company,I Never Said That Jesus Sticker,I Never Said That Jesus Sticker,"Stickers, pins, & magnets",2026-01-19,10.5,Norman,OK,"Norman, OK","300 W. Gray Street, suite 108 & 110",,73069.0,United States,"300 W. Gray Street, suite 108 & 110, Norman, OK 73069.0, United States",3UMMF66E7P,Delivered,6.0,1.75,4.75
Green Feather Book Company,Radicalized By Basic Decency Button,Radicalized By Basic Decency Button,"Stickers, pins, & magnets",2026-01-19,6.25,Norman,OK,"Norman, OK","300 W. Gray Street, suite 108 & 110",,73069.0,United States,"300 W. Gray Street, suite 108 & 110, Norman, OK 73069.0, United States",3UMMF66E7P,Delivered,5.0,1.25,2.5
Green Feather Book Company,Have The Day You Voted For Button,Have The Day You Voted For Button,"Stickers, pins, & magnets",2026-01-19,5.0,Norman,OK,"Norman, OK","300 W. Gray Street, suite 108 & 110",,73069.0,United States,"300 W. Gray Street, suite 108 & 110, Norman, OK 73069.0, United States",3UMMF66E7P,Delivered,5.0,1.0,2.75
Green Feather Book Company,Regulate Dick Not Jane Glitter Sticker,Regulate Dick Not Jane Glitter Sticker,"Stickers, pins, & magnets",2026-01-19,10.5,Norman,OK,"Norman, OK","300 W. Gray Street, suite 108 & 110",,73069.0,United States,"300 W. Gray Street, suite 108 & 110, Norman, OK 73069.0, United States",3UMMF66E7P,Delivered,6.0,1.75,4.75
Green Feather Book Company,Emotional Support Co-Worker Glitter Sticker,Emotional Support Co-Worker Glitter Sticker,"Stickers, pins, & magnets",2026-01-19,10.5,Norman,OK,"Norman, OK","300 W. Gray Street, suite 108 & 110",,73069.0,United States,"300 W. Gray Street, suite 108 & 110, Norman, OK 73069.0, United States",3UMMF66E7P,Delivered,6.0,1.75,4.75
Green Feather Book Company,It's A Good Day To Read Glitter Sticker,It's A Good Day To Read Glitter Sticker,"Stickers, pins, & magnets",2026-01-19,10.5,Norman,OK,"Norman, OK","300 W. Gray Street, suite 108 & 110",,73069.0,United States,"300 W. Gray Street, suite 108 & 110, Norman, OK 73069.0, United States",3UMMF66E7P,Delivered,6.0,1.75,4.75
Green Feather Book Company,Big Fan of Human Rights Button,Big Fan of Human Rights Button,"Stickers, pins, & magnets",2026-01-19,1.5,Norman,OK,"Norman, OK","300 W. Gray Street, suite 108 & 110",,73069.0,United States,"300 W. Gray Street, suite 108 & 110, Norman, OK 73069.0, United States",3UMMF66E7P,Delivered,1.0,1.5,3.0
Green Feather Book Company,I Won't Agree To Disagree On Human Rights Sticker,I Won't Agree To Disagree On Human Rights Sticker,"Stickers, pins, & magnets",2026-01-19,10.5,Norman,OK,"Norman, OK","300 W. Gray Street, suite 108 & 110",,73069.0,United States,"300 W. Gray Street, suite 108 & 110, Norman, OK 73069.0, United States",3UMMF66E7P,Delivered,6.0,1.75,4.25
Green Feather Book Company,No One Is Illegal On Stolen Land Sticker,No One Is Illegal On Stolen Land Sticker,"Stickers, pins, & magnets",2026-01-19,10.5,Norman,OK,"Norman, OK","300 W. Gray Street, suite 108 & 110",,73069.0,United States,"300 W. Gray Street, suite 108 & 110, Norman, OK 73069.0, United States",3UMMF66E7P,Delivered,6.0,1.75,4.75
Green Feather Book Company,Disappointed But Not Surprised Pen,Disappointed But Not Surprised Pen,Stationery & writing,2026-01-19,4.25,Norman,OK,"Norman, OK","300 W. Gray Street, suite 108 & 110",,73069.0,United States,"300 W. Gray Street, suite 108 & 110, Norman, OK 73069.0, United States",3UMMF66E7P,Delivered,5.0,0.85,2.75
Green Feather Book Company,For The Fuckteenth Time Pen,For The Fuckteenth Time Pen,Stationery & writing,2026-01-19,4.25,Norman,OK,"Norman, OK","300 W. Gray Street, suite 108 & 110",,73069.0,United States,"300 W. Gray Street, suite 108 & 110, Norman, OK 73069.0, United States",3UMMF66E7P,Delivered,5.0,0.85,2.75
Green Feather Book Company,Pickle Slut Pen,Pickle Slut Pen,Stationery & writing,2026-01-19,4.25,Norman,OK,"Norman, OK","300 W. Gray Street, suite 108 & 110",,73069.0,United States,"300 W. Gray Street, suite 108 & 110, Norman, OK 73069.0, United States",3UMMF66E7P,Delivered,5.0,0.85,2.75
Green Feather Book Company,I May Be Wrong But I Doubt It Pen,I May Be Wrong But I Doubt It Pen,Stationery & writing,2026-01-19,8.5,Norman,OK,"Norman, OK","300 W. Gray Street, suite 108 & 110",,73069.0,United States,"300 W. Gray Street, suite 108 & 110, Norman, OK 73069.0, United States",3UMMF66E7P,Delivered,10.0,0.85,2.75
Green Feather Book Company,"Sorry I Was Rude, It Was Probably Your Fault Pen","Sorry I Was Rude, It Was Probably Your Fault Pen",Stationery & writing,2026-01-19,4.25,Norman,OK,"Norman, OK","300 W. Gray Street, suite 108 & 110",,73069.0,United States,"300 W. Gray Street, suite 108 & 110, Norman, OK 73069.0, United States",3UMMF66E7P,Delivered,5.0,0.85,2.75
Green Feather Book Company,I'd Rather Be Bed Rotting Pen,I'd Rather Be Bed Rotting Pen,Stationery & writing,2026-01-19,4.25,Norman,OK,"Norman, OK","300 W. Gray Street, suite 108 & 110",,73069.0,United States,"300 W. Gray Street, suite 108 & 110, Norman, OK 73069.0, United States",3UMMF66E7P,Delivered,5.0,0.85,2.75
Green Feather Book Company,Dumpster Fire Response Team Member Pen,Dumpster Fire Response Team Member Pen,Stationery & writing,2026-01-19,8.5,Norman,OK,"Norman, OK","300 W. Gray Street, suite 108 & 110",,73069.0,United States,"300 W. Gray Street, suite 108 & 110, Norman, OK 73069.0, United States",3UMMF66E7P,Delivered,10.0,0.85,2.75
Green Feather Book Company,Currently Dissociating Pen,Currently Dissociating Pen,Stationery & writing,2026-01-19,8.5,Norman,OK,"Norman, OK","300 W. Gray Street, suite 108 & 110",,73069.0,United States,"300 W. Gray Street, suite 108 & 110, Norman, OK 73069.0, United States",3UMMF66E7P,Delivered,10.0,0.85,2.75
Green Feather Book Company,Girls Will Be Girls Sticker,Girls Will Be Girls Sticker,"Stickers, pins, & magnets",2026-01-19,10.5,Norman,OK,"Norman, OK","300 W. Gray Street, suite 108 & 110",,73069.0,United States,"300 W. Gray Street, suite 108 & 110, Norman, OK 73069.0, United States",3UMMF66E7P,Delivered,6.0,1.75,4.75
Green Feather Book Company,"I May Be Laid Back, But I Can Lean Forward Real Fucking Quick Glitter Sticker","I May Be Laid Back, But I Can Lean Forward Real Fucking Quick Glitter Sticker","Stickers, pins, & magnets",2026-01-19,10.5,Norman,OK,"Norman, OK","300 W. Gray Street, suite 108 & 110",,73069.0,United States,"300 W. Gray Street, suite 108 & 110, Norman, OK 73069.0, United States",3UMMF66E7P,Delivered,6.0,1.75,4.75
Green Feather Book Company,You've Just Buttered Your Last Biscuit Sticker,You've Just Buttered Your Last Biscuit Sticker,"Stickers, pins, & magnets",2026-01-19,10.5,Norman,OK,"Norman, OK","300 W. Gray Street, suite 108 & 110",,73069.0,United States,"300 W. Gray Street, suite 108 & 110, Norman, OK 73069.0, United States",3UMMF66E7P,Delivered,6.0,1.75,4.75
Green Feather Book Company,Radicalized By Basic Decency Floral Sticker,Radicalized By Basic Decency Floral Sticker,"Stickers, pins, & magnets",2026-01-19,10.5,Norman,OK,"Norman, OK","300 W. Gray Street, suite 108 & 110",,73069.0,United States,"300 W. Gray Street, suite 108 & 110, Norman, OK 73069.0, United States",3UMMF66E7P,Delivered,6.0,1.75,4.75
Green Feather Book Company,Caring About People Is Not Political Sticker,Caring About People Is Not Political Sticker,"Stickers, pins, & magnets",2026-01-19,10.5,Norman,OK,"Norman, OK","300 W. Gray Street, suite 108 & 110",,73069.0,United States,"300 W. Gray Street, suite 108 & 110, Norman, OK 73069.0, United States",3UMMF66E7P,Delivered,6.0,1.75,4.75
Green Feather Book Company,Let's Be Better Humans Sticker,Let's Be Better Humans Sticker,"Stickers, pins, & magnets",2026-01-19,10.5,Norman,OK,"Norman, OK","300 W. Gray Street, suite 108 & 110",,73069.0,United States,"300 W. Gray Street, suite 108 & 110, Norman, OK 73069.0, United States",3UMMF66E7P,Delivered,6.0,1.75,6.5
Green Feather Book Company,Girls Will Be Girls Sticker,Girls Will Be Girls Sticker,"Stickers, pins, & magnets",2026-01-19,10.5,Norman,OK,"Norman, OK","300 W. Gray Street, suite 108 & 110",,73069.0,United States,"300 W. Gray Street, suite 108 & 110, Norman, OK 73069.0, United States",3UMMF66E7P,Delivered,6.0,1.75,4.75
Green Feather Book Company,Some Of You Weren't Paying Attention In History Class And It Shows Pixie Glitter Sticker,Some Of You Weren't Paying Attention In History Class And It Shows Pixie Glitter Sticker,"Stickers, pins, & magnets",2026-01-19,10.5,Norman,OK,"Norman, OK","300 W. Gray Street, suite 108 & 110",,73069.0,United States,"300 W. Gray Street, suite 108 & 110, Norman, OK 73069.0, United States",3UMMF66E7P,Delivered,6.0,1.75,4.75
Green Feather Book Company,Educate Your Son Sticker,Educate Your Son Sticker,"Stickers, pins, & magnets",2026-01-19,10.5,Norman,OK,"Norman, OK","300 W. Gray Street, suite 108 & 110",,73069.0,United States,"300 W. Gray Street, suite 108 & 110, Norman, OK 73069.0, United States",3UMMF66E7P,Delivered,6.0,1.75,4.75
Wild Sisters Book Company,Disappointments All Of You Sticker,Disappointments All Of You Sticker,"Stickers, pins, & magnets",2026-01-19,17.5,Sacramento,CA,"Sacramento, CA",3325 Folsom Blvd,,95816.0,United States,"3325 Folsom Blvd, Sacramento, CA 95816.0, United States",5GBWMW447V,Delivered,10.0,1.75,4.75
Wild Sisters Book Company,Read Banned Books Tote Bag,Read Banned Books Tote Bag,Stationery & writing,2026-01-19,30.0,Sacramento,CA,"Sacramento, CA",3325 Folsom Blvd,,95816.0,United States,"3325 Folsom Blvd, Sacramento, CA 95816.0, United States",5GBWMW447V,Delivered,3.0,10.0,20.0
Wild Sisters Book Company,"Sorry, I'm Fully Booked Tonight! Tote Bag","Sorry, I'm Fully Booked Tonight! Tote Bag",Stationery & writing,2026-01-19,30.0,Sacramento,CA,"Sacramento, CA",3325 Folsom Blvd,,95816.0,United States,"3325 Folsom Blvd, Sacramento, CA 95816.0, United States",5GBWMW447V,Delivered,3.0,10.0,20.0
Wild Sisters Book Company,I Should Be Frolicking In A Forest But I'm Here. Wtf Pen,I Should Be Frolicking In A Forest But I'm Here. Wtf Pen,Stationery & writing,2026-01-19,6.8,Sacramento,CA,"Sacramento, CA",3325 Folsom Blvd,,95816.0,United States,"3325 Folsom Blvd, Sacramento, CA 95816.0, United States",5GBWMW447V,Delivered,8.0,0.85,2.75
Wild Sisters Book Company,More Pride Less Prejudice Tote Bag,More Pride Less Prejudice Tote Bag,"Stickers, pins, & magnets",2026-01-19,30.0,Sacramento,CA,"Sacramento, CA",3325 Folsom Blvd,,95816.0,United States,"3325 Folsom Blvd, Sacramento, CA 95816.0, United States",5GBWMW447V,Delivered,3.0,10.0,20.0
Wild Sisters Book Company,Dumpster Fire Response Team Member Pen,Dumpster Fire Response Team Member Pen,Stationery & writing,2026-01-19,6.8,Sacramento,CA,"Sacramento, CA",3325 Folsom Blvd,,95816.0,United States,"3325 Folsom Blvd, Sacramento, CA 95816.0, United States",5GBWMW447V,Delivered,8.0,0.85,2.75
Wild Sisters Book Company,I'd Rather Be Bed Rotting Pen,I'd Rather Be Bed Rotting Pen,Stationery & writing,2026-01-19,6.8,Sacramento,CA,"Sacramento, CA",3325 Folsom Blvd,,95816.0,United States,"3325 Folsom Blvd, Sacramento, CA 95816.0, United States",5GBWMW447V,Delivered,8.0,0.85,2.75
Wild Sisters Book Company,Books Because Coping With Reality Is Not An Option At The Moment Glitter Sticker,Books Because Coping With Reality Is Not An Option At The Moment Glitter Sticker,"Stickers, pins, & magnets",2026-01-19,10.5,Sacramento,CA,"Sacramento, CA",3325 Folsom Blvd,,95816.0,United States,"3325 Folsom Blvd, Sacramento, CA 95816.0, United States",5GBWMW447V,Delivered,6.0,1.75,4.75
Wild Sisters Book Company,For The Fuckteenth Time Pen,For The Fuckteenth Time Pen,Stationery & writing,2026-01-19,6.8,Sacramento,CA,"Sacramento, CA",3325 Folsom Blvd,,95816.0,United States,"3325 Folsom Blvd, Sacramento, CA 95816.0, United States",5GBWMW447V,Delivered,8.0,0.85,2.75
Wild Sisters Book Company,Currently Dissociating Pen,Currently Dissociating Pen,Stationery & writing,2026-01-19,6.8,Sacramento,CA,"Sacramento, CA",3325 Folsom Blvd,,95816.0,United States,"3325 Folsom Blvd, Sacramento, CA 95816.0, United States",5GBWMW447V,Delivered,8.0,0.85,2.75
Wild Sisters Book Company,Disappointed But Not Surprised Pen,Disappointed But Not Surprised Pen,Stationery & writing,2026-01-19,6.8,Sacramento,CA,"Sacramento, CA",3325 Folsom Blvd,,95816.0,United States,"3325 Folsom Blvd, Sacramento, CA 95816.0, United States",5GBWMW447V,Delivered,8.0,0.85,2.75
Wild Sisters Book Company,"Sorry I Was Rude, It Was Probably Your Fault Pen","Sorry I Was Rude, It Was Probably Your Fault Pen",Stationery & writing,2026-01-19,6.8,Sacramento,CA,"Sacramento, CA",3325 Folsom Blvd,,95816.0,United States,"3325 Folsom Blvd, Sacramento, CA 95816.0, United States",5GBWMW447V,Delivered,8.0,0.85,2.75
Wild Sisters Book Company,I May Be Wrong But I Doubt It Pen,I May Be Wrong But I Doubt It Pen,Stationery & writing,2026-01-19,6.8,Sacramento,CA,"Sacramento, CA",3325 Folsom Blvd,,95816.0,United States,"3325 Folsom Blvd, Sacramento, CA 95816.0, United States",5GBWMW447V,Delivered,8.0,0.85,2.75
Wild Sisters Book Company,America Was Built By Immigrants Sticker,America Was Built By Immigrants Sticker,"Stickers, pins, & magnets",2026-01-19,10.5,Sacramento,CA,"Sacramento, CA",3325 Folsom Blvd,,95816.0,United States,"3325 Folsom Blvd, Sacramento, CA 95816.0, United States",5GBWMW447V,Delivered,6.0,1.75,4.75
Wild Sisters Book Company,Community Is Resistance Sticker,Community Is Resistance Sticker,"Stickers, pins, & magnets",2026-01-19,21.0,Sacramento,CA,"Sacramento, CA",3325 Folsom Blvd,,95816.0,United States,"3325 Folsom Blvd, Sacramento, CA 95816.0, United States",5GBWMW447V,Delivered,12.0,1.75,4.75
Heart Mercantile,May They Burn In Hell Glitter Sticker,May They Burn In Hell Glitter Sticker,"Stickers, pins, & magnets",2026-01-19,10.5,Dayton,OH,"Dayton, OH",601 East 5th Street,,45402.0,United States,"601 East 5th Street, Dayton, OH 45402.0, United States",AHEEHQDSF2,Delivered,6.0,1.75,4.75
Heart Mercantile,Radicalized By Basic Decency Floral Sticker,Radicalized By Basic Decency Floral Sticker,"Stickers, pins, & magnets",2026-01-19,10.5,Dayton,OH,"Dayton, OH",601 East 5th Street,,45402.0,United States,"601 East 5th Street, Dayton, OH 45402.0, United States",AHEEHQDSF2,Delivered,6.0,1.75,4.75
Heart Mercantile,The Road To Fascism Is Paved With The People That Told You To Stop Overreacting Holographic Sticker,The Road To Fascism Is Paved With The People That Told You To Stop Overreacting Holographic Sticker,"Stickers, pins, & magnets",2026-01-19,10.5,Dayton,OH,"Dayton, OH",601 East 5th Street,,45402.0,United States,"601 East 5th Street, Dayton, OH 45402.0, United States",AHEEHQDSF2,Delivered,6.0,1.75,4.75
Heart Mercantile,Have The Day You Voted For Sticker,Have The Day You Voted For Sticker,"Stickers, pins, & magnets",2026-01-19,10.5,Dayton,OH,"Dayton, OH",601 East 5th Street,,45402.0,United States,"601 East 5th Street, Dayton, OH 45402.0, United States",AHEEHQDSF2,Delivered,6.0,1.75,4.75
Heart Mercantile,If You Support Fascism We Can't Be Friends Glitter Sticker,If You Support Fascism We Can't Be Friends Glitter Sticker,"Stickers, pins, & magnets",2026-01-19,10.5,Dayton,OH,"Dayton, OH",601 East 5th Street,,45402.0,United States,"601 East 5th Street, Dayton, OH 45402.0, United States",AHEEHQDSF2,Delivered,6.0,1.75,4.75
Heart Mercantile,I've Heard Enough From Old White Men Sticker,I've Heard Enough From Old White Men Sticker,"Stickers, pins, & magnets",2026-01-19,10.5,Dayton,OH,"Dayton, OH",601 East 5th Street,,45402.0,United States,"601 East 5th Street, Dayton, OH 45402.0, United States",AHEEHQDSF2,Delivered,6.0,1.75,4.75
Heart Mercantile,You Give Me The Ick Glitter Sticker,You Give Me The Ick Glitter Sticker,"Stickers, pins, & magnets",2026-01-19,10.5,Dayton,OH,"Dayton, OH",601 East 5th Street,,45402.0,United States,"601 East 5th Street, Dayton, OH 45402.0, United States",AHEEHQDSF2,Delivered,6.0,1.75,4.75
Heart Mercantile,Women Are Born To Serve Men Sticker,Women Are Born To Serve Men Sticker,"Stickers, pins, & magnets",2026-01-19,10.5,Dayton,OH,"Dayton, OH",601 East 5th Street,,45402.0,United States,"601 East 5th Street, Dayton, OH 45402.0, United States",AHEEHQDSF2,Delivered,6.0,1.75,4.75
Heart Mercantile,Don't Honk At Me My Mom Is Dead Bumper Sticker,Don't Honk At Me My Mom Is Dead Bumper Sticker,"Stickers, pins, & magnets",2026-01-19,15.0,Dayton,OH,"Dayton, OH",601 East 5th Street,,45402.0,United States,"601 East 5th Street, Dayton, OH 45402.0, United States",AHEEHQDSF2,Delivered,6.0,2.5,5.0
Heart Mercantile,Don't Honk At Me My Dad Is Dead Bumper Sticker,Don't Honk At Me My Dad Is Dead Bumper Sticker,"Stickers, pins, & magnets",2026-01-19,15.0,Dayton,OH,"Dayton, OH",601 East 5th Street,,45402.0,United States,"601 East 5th Street, Dayton, OH 45402.0, United States",AHEEHQDSF2,Delivered,6.0,2.5,5.0
Heart Mercantile,Disappointed But Not Surprised Pen,Disappointed But Not Surprised Pen,Stationery & writing,2026-01-19,8.0,Dayton,OH,"Dayton, OH",601 East 5th Street,,45402.0,United States,"601 East 5th Street, Dayton, OH 45402.0, United States",AHEEHQDSF2,Delivered,10.0,0.8,2.75
Heart Mercantile,I May Be Wrong But I Doubt It Pen,I May Be Wrong But I Doubt It Pen,Stationery & writing,2026-01-19,8.0,Dayton,OH,"Dayton, OH",601 East 5th Street,,45402.0,United States,"601 East 5th Street, Dayton, OH 45402.0, United States",AHEEHQDSF2,Delivered,10.0,0.8,2.75
Heart Mercantile,I'd Rather Be Bed Rotting Pen,I'd Rather Be Bed Rotting Pen,Stationery & writing,2026-01-19,8.0,Dayton,OH,"Dayton, OH",601 East 5th Street,,45402.0,United States,"601 East 5th Street, Dayton, OH 45402.0, United States",AHEEHQDSF2,Delivered,10.0,0.8,2.75
Heart Mercantile,For The Fuckteenth Time Pen,For The Fuckteenth Time Pen,Stationery & writing,2026-01-19,8.0,Dayton,OH,"Dayton, OH",601 East 5th Street,,45402.0,United States,"601 East 5th Street, Dayton, OH 45402.0, United States",AHEEHQDSF2,Delivered,10.0,0.8,2.75
Heart Mercantile,Publicly Shame Racists Button,Publicly Shame Racists Button,"Stickers, pins, & magnets",2026-01-19,12.5,Dayton,OH,"Dayton, OH",601 East 5th Street,,45402.0,United States,"601 East 5th Street, Dayton, OH 45402.0, United States",AHEEHQDSF2,Delivered,10.0,1.25,2.75
Heart Mercantile,Thumbs Up Cat Sticker,Thumbs Up Cat Sticker,"Stickers, pins, & magnets",2026-01-19,10.5,Dayton,OH,"Dayton, OH",601 East 5th Street,,45402.0,United States,"601 East 5th Street, Dayton, OH 45402.0, United States",AHEEHQDSF2,Delivered,6.0,1.75,4.75
Heart Mercantile,I Love Not Camping Holographic Sticker,I Love Not Camping Holographic Sticker,"Stickers, pins, & magnets",2026-01-19,9.0,Dayton,OH,"Dayton, OH",601 East 5th Street,,45402.0,United States,"601 East 5th Street, Dayton, OH 45402.0, United States",AHEEHQDSF2,Delivered,6.0,1.5,3.0
Heart Mercantile,Have The Day You Voted For Button,Have The Day You Voted For Button,"Stickers, pins, & magnets",2026-01-19,10.0,Dayton,OH,"Dayton, OH",601 East 5th Street,,45402.0,United States,"601 East 5th Street, Dayton, OH 45402.0, United States",AHEEHQDSF2,Delivered,10.0,1.0,2.75
Heart Mercantile,Resist Sticker,Resist Sticker,"Stickers, pins, & magnets",2026-01-19,10.5,Dayton,OH,"Dayton, OH",601 East 5th Street,,45402.0,United States,"601 East 5th Street, Dayton, OH 45402.0, United States",AHEEHQDSF2,Delivered,6.0,1.75,4.75
Heart Mercantile,We All Should Be In Therapy Glitter Sticker,We All Should Be In Therapy Glitter Sticker,"Stickers, pins, & magnets",2026-01-19,10.5,Dayton,OH,"Dayton, OH",601 East 5th Street,,45402.0,United States,"601 East 5th Street, Dayton, OH 45402.0, United States",AHEEHQDSF2,Delivered,6.0,1.75,4.75
Heart Mercantile,Educate Your Son Sticker,Educate Your Son Sticker,"Stickers, pins, & magnets",2026-01-19,10.5,Dayton,OH,"Dayton, OH",601 East 5th Street,,45402.0,United States,"601 East 5th Street, Dayton, OH 45402.0, United States",AHEEHQDSF2,Delivered,6.0,1.75,4.75
Heart Mercantile,America Was Built By Immigrants Sticker,America Was Built By Immigrants Sticker,"Stickers, pins, & magnets",2026-01-19,10.5,Dayton,OH,"Dayton, OH",601 East 5th Street,,45402.0,United States,"601 East 5th Street, Dayton, OH 45402.0, United States",AHEEHQDSF2,Delivered,6.0,1.75,4.75
Heart Mercantile,Resist Sticker,Resist Sticker,"Stickers, pins, & magnets",2026-01-19,10.5,Dayton,OH,"Dayton, OH",601 East 5th Street,,45402.0,United States,"601 East 5th Street, Dayton, OH 45402.0, United States",AHEEHQDSF2,Delivered,6.0,1.75,4.75
Andersonville Galleria,Public Health Over Corporate Wealth Tote Bag,Public Health Over Corporate Wealth Tote Bag,"Stickers, pins, & magnets",2026-01-19,30.0,Chicago,IL,"Chicago, IL",5247 N Clark,,60640.0,United States,"5247 N Clark, Chicago, IL 60640.0, United States",GMS2VSR5GF,Delivered,3.0,10.0,20.0
Andersonville Galleria,Radicalized By Basic Decency Floral Tote Bag,Radicalized By Basic Decency Floral Tote Bag,"Stickers, pins, & magnets",2026-01-19,30.0,Chicago,IL,"Chicago, IL",5247 N Clark,,60640.0,United States,"5247 N Clark, Chicago, IL 60640.0, United States",GMS2VSR5GF,Delivered,3.0,10.0,20.0
Andersonville Galleria,Have The Day You Voted For Sticker,Have The Day You Voted For Sticker,"Stickers, pins, & magnets",2026-01-19,14.0,Chicago,IL,"Chicago, IL",5247 N Clark,,60640.0,United States,"5247 N Clark, Chicago, IL 60640.0, United States",GMS2VSR5GF,Delivered,8.0,1.75,4.75
Andersonville Galleria,Caring About People Is Not Political Sticker,Caring About People Is Not Political Sticker,"Stickers, pins, & magnets",2026-01-19,10.5,Chicago,IL,"Chicago, IL",5247 N Clark,,60640.0,United States,"5247 N Clark, Chicago, IL 60640.0, United States",GMS2VSR5GF,Delivered,6.0,1.75,4.75
Andersonville Galleria,Manifesting The Revolution Sticker,Manifesting The Revolution Sticker,"Stickers, pins, & magnets",2026-01-19,10.5,Chicago,IL,"Chicago, IL",5247 N Clark,,60640.0,United States,"5247 N Clark, Chicago, IL 60640.0, United States",GMS2VSR5GF,Delivered,6.0,1.75,4.75
"WOO PDX, LLC",Girls Will Be Girls Sticker,Girls Will Be Girls Sticker,"Stickers, pins, & magnets",2026-01-18,21.0,Portland,OR,"Portland, OR",8120- 3 North Denver Avenue,,97217.0,United States,"8120- 3 North Denver Avenue, Portland, OR 97217.0, United States",NTZUYCKH28,Delivered,12.0,1.75,4.75
"WOO PDX, LLC",Radicalized By Basic Decency Floral Sticker,Radicalized By Basic Decency Floral Sticker,"Stickers, pins, & magnets",2026-01-18,21.0,Portland,OR,"Portland, OR",8120- 3 North Denver Avenue,,97217.0,United States,"8120- 3 North Denver Avenue, Portland, OR 97217.0, United States",NTZUYCKH28,Delivered,12.0,1.75,4.75
"WOO PDX, LLC",Vasectomies Prevent Abortions Sticker,Vasectomies Prevent Abortions Sticker,"Stickers, pins, & magnets",2026-01-18,10.5,Portland,OR,"Portland, OR",8120- 3 North Denver Avenue,,97217.0,United States,"8120- 3 North Denver Avenue, Portland, OR 97217.0, United States",NTZUYCKH28,Delivered,6.0,1.75,4.75
"WOO PDX, LLC",Educate Your Son Sticker,Educate Your Son Sticker,"Stickers, pins, & magnets",2026-01-18,10.5,Portland,OR,"Portland, OR",8120- 3 North Denver Avenue,,97217.0,United States,"8120- 3 North Denver Avenue, Portland, OR 97217.0, United States",NTZUYCKH28,Delivered,6.0,1.75,4.75
"WOO PDX, LLC",I Never Said That Jesus Sticker,I Never Said That Jesus Sticker,"Stickers, pins, & magnets",2026-01-18,10.5,Portland,OR,"Portland, OR",8120- 3 North Denver Avenue,,97217.0,United States,"8120- 3 North Denver Avenue, Portland, OR 97217.0, United States",NTZUYCKH28,Delivered,6.0,1.75,4.75
"WOO PDX, LLC",I Took My Medication To Be Here Button,I Took My Medication To Be Here Button,"Stickers, pins, & magnets",2026-01-18,6.0,Portland,OR,"Portland, OR",8120- 3 North Denver Avenue,,97217.0,United States,"8120- 3 North Denver Avenue, Portland, OR 97217.0, United States",NTZUYCKH28,Delivered,6.0,1.0,2.75
"WOO PDX, LLC","I May Be Laid Back, But I Can Lean Forward Real Fucking Quick Glitter Sticker","I May Be Laid Back, But I Can Lean Forward Real Fucking Quick Glitter Sticker","Stickers, pins, & magnets",2026-01-18,10.5,Portland,OR,"Portland, OR",8120- 3 North Denver Avenue,,97217.0,United States,"8120- 3 North Denver Avenue, Portland, OR 97217.0, United States",NTZUYCKH28,Delivered,6.0,1.75,4.75
"WOO PDX, LLC",Resist Sticker,Resist Sticker,"Stickers, pins, & magnets",2026-01-18,10.5,Portland,OR,"Portland, OR",8120- 3 North Denver Avenue,,97217.0,United States,"8120- 3 North Denver Avenue, Portland, OR 97217.0, United States",NTZUYCKH28,Delivered,6.0,1.75,4.75
"WOO PDX, LLC",Big Fan of Human Rights Button,Big Fan of Human Rights Button,"Stickers, pins, & magnets",2026-01-18,9.0,Portland,OR,"Portland, OR",8120- 3 North Denver Avenue,,97217.0,United States,"8120- 3 North Denver Avenue, Portland, OR 97217.0, United States",NTZUYCKH28,Delivered,6.0,1.5,3.0
Time to Design,Radicalized By Basic Decency Floral Sticker,Radicalized By Basic Decency Floral Sticker,"Stickers, pins, & magnets",2026-01-18,15.75,Appleton,WI,"Appleton, WI",1100 W Starview Ct,,54913.0,United States,"1100 W Starview Ct, Appleton, WI 54913.0, United States",KF9NKEQ4VW,Delivered,9.0,1.75,4.75
Time to Design,Black Cat Middle Finger Sticker,Black Cat Middle Finger Sticker,"Stickers, pins, & magnets",2026-01-18,15.75,Appleton,WI,"Appleton, WI",1100 W Starview Ct,,54913.0,United States,"1100 W Starview Ct, Appleton, WI 54913.0, United States",KF9NKEQ4VW,Delivered,9.0,1.75,4.75
Time to Design,Let's Be Better Humans Sticker,Let's Be Better Humans Sticker,"Stickers, pins, & magnets",2026-01-18,15.75,Appleton,WI,"Appleton, WI",1100 W Starview Ct,,54913.0,United States,"1100 W Starview Ct, Appleton, WI 54913.0, United States",KF9NKEQ4VW,Delivered,9.0,1.75,6.5
Time to Design,Resist Sticker,Resist Sticker,"Stickers, pins, & magnets",2026-01-18,10.5,Appleton,WI,"Appleton, WI",1100 W Starview Ct,,54913.0,United States,"1100 W Starview Ct, Appleton, WI 54913.0, United States",KF9NKEQ4VW,Delivered,6.0,1.75,4.75
Time to Design,Radicalized By Basic Decency Magnet,Radicalized By Basic Decency Magnet,"Stickers, pins, & magnets",2026-01-18,5.0,Appleton,WI,"Appleton, WI",1100 W Starview Ct,,54913.0,United States,"1100 W Starview Ct, Appleton, WI 54913.0, United States",KF9NKEQ4VW,Delivered,2.0,2.5,6.5
Time to Design,Caring About People Is Not Political Sticker,Caring About People Is Not Political Sticker,"Stickers, pins, & magnets",2026-01-18,10.5,Appleton,WI,"Appleton, WI",1100 W Starview Ct,,54913.0,United States,"1100 W Starview Ct, Appleton, WI 54913.0, United States",KF9NKEQ4VW,Delivered,6.0,1.75,4.75
Time to Design,"Hidden ""Fuck Trump"" Floral Sticker","Hidden ""Fuck Trump"" Floral Sticker","Stickers, pins, & magnets",2026-01-18,10.5,Appleton,WI,"Appleton, WI",1100 W Starview Ct,,54913.0,United States,"1100 W Starview Ct, Appleton, WI 54913.0, United States",KF9NKEQ4VW,Delivered,6.0,1.75,4.75
Time to Design,Never Forget Glittery Sticker,Never Forget Glittery Sticker,"Stickers, pins, & magnets",2026-01-18,10.5,Appleton,WI,"Appleton, WI",1100 W Starview Ct,,54913.0,United States,"1100 W Starview Ct, Appleton, WI 54913.0, United States",KF9NKEQ4VW,Delivered,6.0,1.75,4.75
Time to Design,"Do You Have Any Fucks? Not Even One, Girl. Go Fish. Sticker","Do You Have Any Fucks? Not Even One, Girl. Go Fish. Sticker","Stickers, pins, & magnets",2026-01-18,15.75,Appleton,WI,"Appleton, WI",1100 W Starview Ct,,54913.0,United States,"1100 W Starview Ct, Appleton, WI 54913.0, United States",KF9NKEQ4VW,Delivered,9.0,1.75,4.75
Rebel And Rove Llc,Let's Be Better Humans Sticker,Let's Be Better Humans Sticker,"Stickers, pins, & magnets",2026-01-17,21.0,Yuma,AZ,"Yuma, AZ",299 s Main Street,,85364.0,United States,"299 s Main Street, Yuma, AZ 85364.0, United States",AEXYTG35WM,Delivered,12.0,1.75,6.5
Rebel And Rove Llc,You've Just Buttered Your Last Biscuit Sticker,You've Just Buttered Your Last Biscuit Sticker,"Stickers, pins, & magnets",2026-01-17,21.0,Yuma,AZ,"Yuma, AZ",299 s Main Street,,85364.0,United States,"299 s Main Street, Yuma, AZ 85364.0, United States",AEXYTG35WM,Delivered,12.0,1.75,4.75
Rebel And Rove Llc,Have The Day You Voted For Button,Have The Day You Voted For Button,"Stickers, pins, & magnets",2026-01-17,10.0,Yuma,AZ,"Yuma, AZ",299 s Main Street,,85364.0,United States,"299 s Main Street, Yuma, AZ 85364.0, United States",AEXYTG35WM,Delivered,10.0,1.0,2.75
Rebel And Rove Llc,Disappointments All Of You Sticker,Disappointments All Of You Sticker,"Stickers, pins, & magnets",2026-01-17,21.0,Yuma,AZ,"Yuma, AZ",299 s Main Street,,85364.0,United States,"299 s Main Street, Yuma, AZ 85364.0, United States",AEXYTG35WM,Delivered,12.0,1.75,4.75
Rebel And Rove Llc,Disappointed But Not Surprised Pen,Disappointed But Not Surprised Pen,Stationery & writing,2026-01-17,16.0,Yuma,AZ,"Yuma, AZ",299 s Main Street,,85364.0,United States,"299 s Main Street, Yuma, AZ 85364.0, United States",AEXYTG35WM,Delivered,20.0,0.8,2.75
Rebel And Rove Llc,I May Be Wrong But I Doubt It Pen,I May Be Wrong But I Doubt It Pen,Stationery & writing,2026-01-17,16.0,Yuma,AZ,"Yuma, AZ",299 s Main Street,,85364.0,United States,"299 s Main Street, Yuma, AZ 85364.0, United States",AEXYTG35WM,Delivered,20.0,0.8,2.75
Rebel And Rove Llc,"Sorry I Was Rude, It Was Probably Your Fault Pen","Sorry I Was Rude, It Was Probably Your Fault Pen",Stationery & writing,2026-01-17,16.0,Yuma,AZ,"Yuma, AZ",299 s Main Street,,85364.0,United States,"299 s Main Street, Yuma, AZ 85364.0, United States",AEXYTG35WM,Delivered,20.0,0.8,2.75
Figgy Studio and Shop,Sorry I Can't Go I'm An Indoor Cat Glitter Sticker,Sorry I Can't Go I'm An Indoor Cat Glitter Sticker,"Stickers, pins, & magnets",2026-01-15,10.5,Rochester,NY,"Rochester, NY",251 Park Ave,Back Door,14607.0,United States,"251 Park Ave, Back Door, Rochester, NY 14607.0, United States",9PURTJ2GBS,Delivered,6.0,1.75,4.75
Figgy Studio and Shop,I Didn't Survive A Pandemic For This Shit Glitter Sticker,I Didn't Survive A Pandemic For This Shit Glitter Sticker,"Stickers, pins, & magnets",2026-01-15,10.5,Rochester,NY,"Rochester, NY",251 Park Ave,Back Door,14607.0,United States,"251 Park Ave, Back Door, Rochester, NY 14607.0, United States",9PURTJ2GBS,Delivered,6.0,1.75,4.75
Figgy Studio and Shop,If Explosive Diarrhea Was A Person Glitter Sticker,If Explosive Diarrhea Was A Person Glitter Sticker,"Stickers, pins, & magnets",2026-01-15,10.5,Rochester,NY,"Rochester, NY",251 Park Ave,Back Door,14607.0,United States,"251 Park Ave, Back Door, Rochester, NY 14607.0, United States",9PURTJ2GBS,Delivered,6.0,1.75,4.75
Figgy Studio and Shop,No Human Is Illegal Glitter Sticker,No Human Is Illegal Glitter Sticker,"Stickers, pins, & magnets",2026-01-15,10.5,Rochester,NY,"Rochester, NY",251 Park Ave,Back Door,14607.0,United States,"251 Park Ave, Back Door, Rochester, NY 14607.0, United States",9PURTJ2GBS,Delivered,6.0,1.75,4.75
Figgy Studio and Shop,Regulate Dick Not Jane Glitter Sticker,Regulate Dick Not Jane Glitter Sticker,"Stickers, pins, & magnets",2026-01-15,10.5,Rochester,NY,"Rochester, NY",251 Park Ave,Back Door,14607.0,United States,"251 Park Ave, Back Door, Rochester, NY 14607.0, United States",9PURTJ2GBS,Delivered,6.0,1.75,4.75
Figgy Studio and Shop,When Did Empathy Become Radical? Glitter Sticker,When Did Empathy Become Radical? Glitter Sticker,"Stickers, pins, & magnets",2026-01-15,10.5,Rochester,NY,"Rochester, NY",251 Park Ave,Back Door,14607.0,United States,"251 Park Ave, Back Door, Rochester, NY 14607.0, United States",9PURTJ2GBS,Delivered,6.0,1.75,4.75
Figgy Studio and Shop,"Mini Troll Surprise Packs - 3, 6 or 10!","Mini Troll Surprise Packs - 3, 6 or 10!","Stickers, pins, & magnets",2026-01-15,19.96,Rochester,NY,"Rochester, NY",251 Park Ave,Back Door,14607.0,United States,"251 Park Ave, Back Door, Rochester, NY 14607.0, United States",9PURTJ2GBS,Delivered,4.0,4.99,9.99
Figgy Studio and Shop,"Hidden ""Fuck Trump"" Floral Pixie Glitter Sticker","Hidden ""Fuck Trump"" Floral Pixie Glitter Sticker","Stickers, pins, & magnets",2026-01-15,10.5,Rochester,NY,"Rochester, NY",251 Park Ave,Back Door,14607.0,United States,"251 Park Ave, Back Door, Rochester, NY 14607.0, United States",9PURTJ2GBS,Delivered,6.0,1.75,4.75
Figgy Studio and Shop,"I May Be Laid Back, But I Can Lean Forward Real Fucking Quick Glitter Sticker","I May Be Laid Back, But I Can Lean Forward Real Fucking Quick Glitter Sticker","Stickers, pins, & magnets",2026-01-15,10.5,Rochester,NY,"Rochester, NY",251 Park Ave,Back Door,14607.0,United States,"251 Park Ave, Back Door, Rochester, NY 14607.0, United States",9PURTJ2GBS,Delivered,6.0,1.75,4.75
Figgy Studio and Shop,On My Way To Get More Trinkets And Knick Knacks Glitter Sticker,On My Way To Get More Trinkets And Knick Knacks Glitter Sticker,"Stickers, pins, & magnets",2026-01-15,10.5,Rochester,NY,"Rochester, NY",251 Park Ave,Back Door,14607.0,United States,"251 Park Ave, Back Door, Rochester, NY 14607.0, United States",9PURTJ2GBS,Delivered,6.0,1.75,4.75
Figgy Studio and Shop,Trinkets Are My Weakness Pixie Glitter Sticker,Trinkets Are My Weakness Pixie Glitter Sticker,"Stickers, pins, & magnets",2026-01-15,10.5,Rochester,NY,"Rochester, NY",251 Park Ave,Back Door,14607.0,United States,"251 Park Ave, Back Door, Rochester, NY 14607.0, United States",9PURTJ2GBS,Delivered,6.0,1.75,4.75
Figgy Studio and Shop,I Can't Go On..I Need A Snack Pls Glitter Sticker,I Can't Go On..I Need A Snack Pls Glitter Sticker,"Stickers, pins, & magnets",2026-01-15,10.5,Rochester,NY,"Rochester, NY",251 Park Ave,Back Door,14607.0,United States,"251 Park Ave, Back Door, Rochester, NY 14607.0, United States",9PURTJ2GBS,Delivered,6.0,1.75,4.75
Covet,If You Are Neutral In Situations Of Injustice You Have Chosen The Side Of The Oppressors Sticker,If You Are Neutral In Situations Of Injustice You Have Chosen The Side Of The Oppressors Sticker,"Stickers, pins, & magnets",2026-01-15,10.5,Arlington,VA,"Arlington, VA",5140 Wilson Boulevard,,22205.0,United States,"5140 Wilson Boulevard, Arlington, VA 22205.0, United States",GBP4CCJ5D4,Delivered,6.0,1.75,4.75
Covet,Books Because Coping With Reality Is Not An Option At The Moment Glitter Sticker,Books Because Coping With Reality Is Not An Option At The Moment Glitter Sticker,"Stickers, pins, & magnets",2026-01-15,15.75,Arlington,VA,"Arlington, VA",5140 Wilson Boulevard,,22205.0,United States,"5140 Wilson Boulevard, Arlington, VA 22205.0, United States",GBP4CCJ5D4,Delivered,9.0,1.75,4.75
Covet,What's More Punk Than The Public Library Sticker,What's More Punk Than The Public Library Sticker,"Stickers, pins, & magnets",2026-01-15,15.75,Arlington,VA,"Arlington, VA",5140 Wilson Boulevard,,22205.0,United States,"5140 Wilson Boulevard, Arlington, VA 22205.0, United States",GBP4CCJ5D4,Delivered,9.0,1.75,4.75
Covet,Public Health Over Corporate Wealth Tote Bag,Public Health Over Corporate Wealth Tote Bag,"Stickers, pins, & magnets",2026-01-15,60.0,Arlington,VA,"Arlington, VA",5140 Wilson Boulevard,,22205.0,United States,"5140 Wilson Boulevard, Arlington, VA 22205.0, United States",GBP4CCJ5D4,Delivered,6.0,10.0,20.0
Covet,Have The Day You Voted For Sticker,Have The Day You Voted For Sticker,"Stickers, pins, & magnets",2026-01-15,21.0,Arlington,VA,"Arlington, VA",5140 Wilson Boulevard,,22205.0,United States,"5140 Wilson Boulevard, Arlington, VA 22205.0, United States",GBP4CCJ5D4,Delivered,12.0,1.75,4.75
Covet,"I May Be Laid Back, But I Can Lean Forward Real Fucking Quick Glitter Sticker","I May Be Laid Back, But I Can Lean Forward Real Fucking Quick Glitter Sticker","Stickers, pins, & magnets",2026-01-15,10.5,Arlington,VA,"Arlington, VA",5140 Wilson Boulevard,,22205.0,United States,"5140 Wilson Boulevard, Arlington, VA 22205.0, United States",GBP4CCJ5D4,Delivered,6.0,1.75,4.75
Covet,Big Fan of Human Rights Button,Big Fan of Human Rights Button,"Stickers, pins, & magnets",2026-01-15,18.0,Arlington,VA,"Arlington, VA",5140 Wilson Boulevard,,22205.0,United States,"5140 Wilson Boulevard, Arlington, VA 22205.0, United States",GBP4CCJ5D4,Delivered,12.0,1.5,3.0
Covet,Resist Sticker,Resist Sticker,"Stickers, pins, & magnets",2026-01-15,10.5,Arlington,VA,"Arlington, VA",5140 Wilson Boulevard,,22205.0,United States,"5140 Wilson Boulevard, Arlington, VA 22205.0, United States",GBP4CCJ5D4,Delivered,6.0,1.75,4.75
Covet,Big Fan Of Human Rights Tote Bag,Big Fan Of Human Rights Tote Bag,"Stickers, pins, & magnets",2026-01-15,30.0,Arlington,VA,"Arlington, VA",5140 Wilson Boulevard,,22205.0,United States,"5140 Wilson Boulevard, Arlington, VA 22205.0, United States",GBP4CCJ5D4,Delivered,3.0,10.0,20.0
L.O.F.T. of Asheville,Sorry I Can't Go I'm An Indoor Cat Glitter Sticker,Sorry I Can't Go I'm An Indoor Cat Glitter Sticker,"Stickers, pins, & magnets",2026-01-15,42.0,Asheville,NC,"Asheville, NC",53 Broadway Street,,28801.0,United States,"53 Broadway Street, Asheville, NC 28801.0, United States",9TZ9H4C8FM,Delivered,24.0,1.75,4.75
L.O.F.T. of Asheville,Dumpster Fire Response Team Button,Dumpster Fire Response Team Button,"Stickers, pins, & magnets",2026-01-15,10.0,Asheville,NC,"Asheville, NC",53 Broadway Street,,28801.0,United States,"53 Broadway Street, Asheville, NC 28801.0, United States",9TZ9H4C8FM,Delivered,10.0,1.0,3.0
L.O.F.T. of Asheville,Daily Shitstorm Survivors Club Button,Daily Shitstorm Survivors Club Button,"Stickers, pins, & magnets",2026-01-15,10.0,Asheville,NC,"Asheville, NC",53 Broadway Street,,28801.0,United States,"53 Broadway Street, Asheville, NC 28801.0, United States",9TZ9H4C8FM,Delivered,10.0,1.0,2.75
L.O.F.T. of Asheville,It's A Good Day To Read Button,It's A Good Day To Read Button,"Stickers, pins, & magnets",2026-01-15,10.0,Asheville,NC,"Asheville, NC",53 Broadway Street,,28801.0,United States,"53 Broadway Street, Asheville, NC 28801.0, United States",9TZ9H4C8FM,Delivered,10.0,1.0,2.75
L.O.F.T. of Asheville,If Explosive Diarrhea Was A Person Button,If Explosive Diarrhea Was A Person Button,"Stickers, pins, & magnets",2026-01-15,10.0,Asheville,NC,"Asheville, NC",53 Broadway Street,,28801.0,United States,"53 Broadway Street, Asheville, NC 28801.0, United States",9TZ9H4C8FM,Delivered,10.0,1.0,2.75
L.O.F.T. of Asheville,What's More Punk Than The Public Library Button,What's More Punk Than The Public Library Button,"Stickers, pins, & magnets",2026-01-15,10.0,Asheville,NC,"Asheville, NC",53 Broadway Street,,28801.0,United States,"53 Broadway Street, Asheville, NC 28801.0, United States",9TZ9H4C8FM,Delivered,10.0,1.0,2.75
L.O.F.T. of Asheville,I've Heard Enough From Old White Men Button,I've Heard Enough From Old White Men Button,"Stickers, pins, & magnets",2026-01-15,10.0,Asheville,NC,"Asheville, NC",53 Broadway Street,,28801.0,United States,"53 Broadway Street, Asheville, NC 28801.0, United States",9TZ9H4C8FM,Delivered,10.0,1.0,2.75
L.O.F.T. of Asheville,America Was Built By Immigrants Sticker,America Was Built By Immigrants Sticker,"Stickers, pins, & magnets",2026-01-15,42.0,Asheville,NC,"Asheville, NC",53 Broadway Street,,28801.0,United States,"53 Broadway Street, Asheville, NC 28801.0, United States",9TZ9H4C8FM,Delivered,24.0,1.75,4.75
L.O.F.T. of Asheville,May They Burn In Hell Glitter Sticker,May They Burn In Hell Glitter Sticker,"Stickers, pins, & magnets",2026-01-15,42.0,Asheville,NC,"Asheville, NC",53 Broadway Street,,28801.0,United States,"53 Broadway Street, Asheville, NC 28801.0, United States",9TZ9H4C8FM,Delivered,24.0,1.75,4.75
L.O.F.T. of Asheville,If Explosive Diarrhea Was A Person Glitter Sticker,If Explosive Diarrhea Was A Person Glitter Sticker,"Stickers, pins, & magnets",2026-01-15,42.0,Asheville,NC,"Asheville, NC",53 Broadway Street,,28801.0,United States,"53 Broadway Street, Asheville, NC 28801.0, United States",9TZ9H4C8FM,Delivered,24.0,1.75,4.75
L.O.F.T. of Asheville,Have The Day You Voted For Button,Have The Day You Voted For Button,"Stickers, pins, & magnets",2026-01-15,10.0,Asheville,NC,"Asheville, NC",53 Broadway Street,,28801.0,United States,"53 Broadway Street, Asheville, NC 28801.0, United States",9TZ9H4C8FM,Delivered,10.0,1.0,2.75
L.O.F.T. of Asheville,Caring About People Is Not Political Button,Caring About People Is Not Political Button,"Stickers, pins, & magnets",2026-01-15,10.0,Asheville,NC,"Asheville, NC",53 Broadway Street,,28801.0,United States,"53 Broadway Street, Asheville, NC 28801.0, United States",9TZ9H4C8FM,Delivered,10.0,1.0,2.75
L.O.F.T. of Asheville,Girl Dinner Sticker (Glitter or White Available),Girl Dinner Sticker (Glitter or White Available),"Stickers, pins, & magnets",2026-01-15,42.0,Asheville,NC,"Asheville, NC",53 Broadway Street,,28801.0,United States,"53 Broadway Street, Asheville, NC 28801.0, United States",9TZ9H4C8FM,Delivered,24.0,1.75,4.75
Blanco Creek Boutique,Don't Be A Dick Sticker,Don't Be A Dick Sticker,"Stickers, pins, & magnets",2026-01-15,10.5,Tucumcari,NM,"Tucumcari, NM",1502 South 1st Street,,88401.0,United States,"1502 South 1st Street, Tucumcari, NM 88401.0, United States",5BDH8S9AFH,Delivered,6.0,1.75,4.75
Blanco Creek Boutique,You've Just Buttered Your Last Biscuit Sticker,You've Just Buttered Your Last Biscuit Sticker,"Stickers, pins, & magnets",2026-01-15,10.5,Tucumcari,NM,"Tucumcari, NM",1502 South 1st Street,,88401.0,United States,"1502 South 1st Street, Tucumcari, NM 88401.0, United States",5BDH8S9AFH,Delivered,6.0,1.75,4.75
Blanco Creek Boutique,"Do You Have Any Fucks? Not Even One, Girl. Go Fish. Sticker","Do You Have Any Fucks? Not Even One, Girl. Go Fish. Sticker","Stickers, pins, & magnets",2026-01-15,10.5,Tucumcari,NM,"Tucumcari, NM",1502 South 1st Street,,88401.0,United States,"1502 South 1st Street, Tucumcari, NM 88401.0, United States",5BDH8S9AFH,Delivered,6.0,1.75,4.75
Blanco Creek Boutique,The Hell I Won't Sticker,The Hell I Won't Sticker,"Stickers, pins, & magnets",2026-01-15,10.5,Tucumcari,NM,"Tucumcari, NM",1502 South 1st Street,,88401.0,United States,"1502 South 1st Street, Tucumcari, NM 88401.0, United States",5BDH8S9AFH,Delivered,6.0,1.75,4.75
Blanco Creek Boutique,Little Ray Of Pitch Black Sticker,Little Ray Of Pitch Black Sticker,"Stickers, pins, & magnets",2026-01-15,10.5,Tucumcari,NM,"Tucumcari, NM",1502 South 1st Street,,88401.0,United States,"1502 South 1st Street, Tucumcari, NM 88401.0, United States",5BDH8S9AFH,Delivered,6.0,1.75,4.75
Blanco Creek Boutique,Don't Hate Me Just Because I'm A Little Cooler Sticker,Don't Hate Me Just Because I'm A Little Cooler Sticker,"Stickers, pins, & magnets",2026-01-15,10.5,Tucumcari,NM,"Tucumcari, NM",1502 South 1st Street,,88401.0,United States,"1502 South 1st Street, Tucumcari, NM 88401.0, United States",5BDH8S9AFH,Delivered,6.0,1.75,4.75
Blanco Creek Boutique,Daily Shitstorm Survivors Club Sticker,Daily Shitstorm Survivors Club Sticker,"Stickers, pins, & magnets",2026-01-15,10.5,Tucumcari,NM,"Tucumcari, NM",1502 South 1st Street,,88401.0,United States,"1502 South 1st Street, Tucumcari, NM 88401.0, United States",5BDH8S9AFH,Delivered,6.0,1.75,4.75
Blanco Creek Boutique,Dumpster Fire Response Team Member Pen,Dumpster Fire Response Team Member Pen,Stationery & writing,2026-01-15,17.0,Tucumcari,NM,"Tucumcari, NM",1502 South 1st Street,,88401.0,United States,"1502 South 1st Street, Tucumcari, NM 88401.0, United States",5BDH8S9AFH,Delivered,20.0,0.85,2.75
Blanco Creek Boutique,For The Fuckteenth Time Pen,For The Fuckteenth Time Pen,Stationery & writing,2026-01-15,16.0,Tucumcari,NM,"Tucumcari, NM",1502 South 1st Street,,88401.0,United States,"1502 South 1st Street, Tucumcari, NM 88401.0, United States",5BDH8S9AFH,Delivered,20.0,0.8,2.75
Blanco Creek Boutique,Disappointed But Not Surprised Pen,Disappointed But Not Surprised Pen,Stationery & writing,2026-01-15,16.0,Tucumcari,NM,"Tucumcari, NM",1502 South 1st Street,,88401.0,United States,"1502 South 1st Street, Tucumcari, NM 88401.0, United States",5BDH8S9AFH,Delivered,20.0,0.8,2.75
Blanco Creek Boutique,I May Be Wrong But I Doubt It Pen,I May Be Wrong But I Doubt It Pen,Stationery & writing,2026-01-15,16.0,Tucumcari,NM,"Tucumcari, NM",1502 South 1st Street,,88401.0,United States,"1502 South 1st Street, Tucumcari, NM 88401.0, United States",5BDH8S9AFH,Delivered,20.0,0.8,2.75
Blanco Creek Boutique,"Sorry I Was Rude, It Was Probably Your Fault Pen","Sorry I Was Rude, It Was Probably Your Fault Pen",Stationery & writing,2026-01-15,16.0,Tucumcari,NM,"Tucumcari, NM",1502 South 1st Street,,88401.0,United States,"1502 South 1st Street, Tucumcari, NM 88401.0, United States",5BDH8S9AFH,Delivered,20.0,0.8,2.75
Blanco Creek Boutique,Girls Will Be Girls Sticker,Girls Will Be Girls Sticker,"Stickers, pins, & magnets",2026-01-15,10.5,Tucumcari,NM,"Tucumcari, NM",1502 South 1st Street,,88401.0,United States,"1502 South 1st Street, Tucumcari, NM 88401.0, United States",5BDH8S9AFH,Delivered,6.0,1.75,4.75
Knic•Knackery,We All Do Better When We All Do Better Tote Bag,We All Do Better When We All Do Better Tote Bag,"Stickers, pins, & magnets",2026-01-14,60.0,Buffalo,MN,"Buffalo, MN",5473 Baker Avenue Northwest,,55313.0,United States,"5473 Baker Avenue Northwest, Buffalo, MN 55313.0, United States",ZZ9SYQBPMY,Delivered,6.0,10.0,20.0
Knic•Knackery,"Mini Troll Surprise Packs - 3, 6 or 10!","Mini Troll Surprise Packs - 3, 6 or 10!","Stickers, pins, & magnets",2026-01-14,14.97,Buffalo,MN,"Buffalo, MN",5473 Baker Avenue Northwest,,55313.0,United States,"5473 Baker Avenue Northwest, Buffalo, MN 55313.0, United States",ZZ9SYQBPMY,Delivered,3.0,4.99,9.99
Knic•Knackery,"With Love,Go Feast On A Sack Full Of Richards Sticker","With Love,Go Feast On A Sack Full Of Richards Sticker","Stickers, pins, & magnets",2026-01-14,10.5,Buffalo,MN,"Buffalo, MN",5473 Baker Avenue Northwest,,55313.0,United States,"5473 Baker Avenue Northwest, Buffalo, MN 55313.0, United States",ZZ9SYQBPMY,Delivered,6.0,1.75,4.75
Knic•Knackery,54321 Grounding Technique Sticker,54321 Grounding Technique Sticker,"Stickers, pins, & magnets",2026-01-14,10.5,Buffalo,MN,"Buffalo, MN",5473 Baker Avenue Northwest,,55313.0,United States,"5473 Baker Avenue Northwest, Buffalo, MN 55313.0, United States",ZZ9SYQBPMY,Delivered,6.0,1.75,4.75
Knic•Knackery,If Explosive Diarrhea Was A Person Glitter Sticker,If Explosive Diarrhea Was A Person Glitter Sticker,"Stickers, pins, & magnets",2026-01-14,14.0,Buffalo,MN,"Buffalo, MN",5473 Baker Avenue Northwest,,55313.0,United States,"5473 Baker Avenue Northwest, Buffalo, MN 55313.0, United States",ZZ9SYQBPMY,Delivered,8.0,1.75,4.75
Knic•Knackery,Daily Shitstorm Survivors Club Sticker,Daily Shitstorm Survivors Club Sticker,"Stickers, pins, & magnets",2026-01-14,17.5,Buffalo,MN,"Buffalo, MN",5473 Baker Avenue Northwest,,55313.0,United States,"5473 Baker Avenue Northwest, Buffalo, MN 55313.0, United States",ZZ9SYQBPMY,Delivered,10.0,1.75,4.75
Knic•Knackery,Keep The Immigrants Deport The Racists Sticker,Keep The Immigrants Deport The Racists Sticker,"Stickers, pins, & magnets",2026-01-14,17.5,Buffalo,MN,"Buffalo, MN",5473 Baker Avenue Northwest,,55313.0,United States,"5473 Baker Avenue Northwest, Buffalo, MN 55313.0, United States",ZZ9SYQBPMY,Delivered,10.0,1.75,4.75
Knic•Knackery,Radicalized By Basic Decency Floral Sticker,Radicalized By Basic Decency Floral Sticker,"Stickers, pins, & magnets",2026-01-14,17.5,Buffalo,MN,"Buffalo, MN",5473 Baker Avenue Northwest,,55313.0,United States,"5473 Baker Avenue Northwest, Buffalo, MN 55313.0, United States",ZZ9SYQBPMY,Delivered,10.0,1.75,4.75
Knic•Knackery,Radicalized By Basic Decency Button,Radicalized By Basic Decency Button,"Stickers, pins, & magnets",2026-01-14,7.5,Buffalo,MN,"Buffalo, MN",5473 Baker Avenue Northwest,,55313.0,United States,"5473 Baker Avenue Northwest, Buffalo, MN 55313.0, United States",ZZ9SYQBPMY,Delivered,6.0,1.25,2.5
Knic•Knackery,Have The Day You Voted For Button,Have The Day You Voted For Button,"Stickers, pins, & magnets",2026-01-14,6.0,Buffalo,MN,"Buffalo, MN",5473 Baker Avenue Northwest,,55313.0,United States,"5473 Baker Avenue Northwest, Buffalo, MN 55313.0, United States",ZZ9SYQBPMY,Delivered,6.0,1.0,2.75
Knic•Knackery,Resist Sticker,Resist Sticker,"Stickers, pins, & magnets",2026-01-14,14.0,Buffalo,MN,"Buffalo, MN",5473 Baker Avenue Northwest,,55313.0,United States,"5473 Baker Avenue Northwest, Buffalo, MN 55313.0, United States",ZZ9SYQBPMY,Delivered,8.0,1.75,4.75
Pop's Poboys / Doc’s Pop In,Disappointed But Not Surprised Pen,Disappointed But Not Surprised Pen,Stationery & writing,2026-01-14,4.0,Lafayette,LA,"Lafayette, LA",734 Jefferson Street,,70501.0,United States,"734 Jefferson Street, Lafayette, LA 70501.0, United States",ND7WZCT5EU,Delivered,5.0,0.8,2.75
Pop's Poboys / Doc’s Pop In,Strawberry Candy Holographic Sticker,Strawberry Candy Holographic Sticker,"Stickers, pins, & magnets",2026-01-14,10.5,Lafayette,LA,"Lafayette, LA",734 Jefferson Street,,70501.0,United States,"734 Jefferson Street, Lafayette, LA 70501.0, United States",ND7WZCT5EU,Delivered,6.0,1.75,4.75
Pop's Poboys / Doc’s Pop In,You Did It Glitter Sticker,You Did It Glitter Sticker,"Stickers, pins, & magnets",2026-01-14,10.5,Lafayette,LA,"Lafayette, LA",734 Jefferson Street,,70501.0,United States,"734 Jefferson Street, Lafayette, LA 70501.0, United States",ND7WZCT5EU,Delivered,6.0,1.75,4.75
Pop's Poboys / Doc’s Pop In,Girl Dinner Sticker (Glitter or White Available),Girl Dinner Sticker (Glitter or White Available),"Stickers, pins, & magnets",2026-01-14,10.5,Lafayette,LA,"Lafayette, LA",734 Jefferson Street,,70501.0,United States,"734 Jefferson Street, Lafayette, LA 70501.0, United States",ND7WZCT5EU,Delivered,6.0,1.75,4.75
Pop's Poboys / Doc’s Pop In,I Never Said That Jesus Sticker,I Never Said That Jesus Sticker,"Stickers, pins, & magnets",2026-01-14,10.5,Lafayette,LA,"Lafayette, LA",734 Jefferson Street,,70501.0,United States,"734 Jefferson Street, Lafayette, LA 70501.0, United States",ND7WZCT5EU,Delivered,6.0,1.75,4.75
Pop's Poboys / Doc’s Pop In,"I May Be Wrong, But I Doubt It Keychain","I May Be Wrong, But I Doubt It Keychain","Stickers, pins, & magnets",2026-01-14,22.5,Lafayette,LA,"Lafayette, LA",734 Jefferson Street,,70501.0,United States,"734 Jefferson Street, Lafayette, LA 70501.0, United States",ND7WZCT5EU,Delivered,5.0,4.5,10.0
Pop's Poboys / Doc’s Pop In,Emotional Support Co-Worker Glitter Sticker,Emotional Support Co-Worker Glitter Sticker,"Stickers, pins, & magnets",2026-01-14,10.5,Lafayette,LA,"Lafayette, LA",734 Jefferson Street,,70501.0,United States,"734 Jefferson Street, Lafayette, LA 70501.0, United States",ND7WZCT5EU,Delivered,6.0,1.75,4.75
Pop's Poboys / Doc’s Pop In,Let's Be Better Humans Sticker,Let's Be Better Humans Sticker,"Stickers, pins, & magnets",2026-01-14,10.5,Lafayette,LA,"Lafayette, LA",734 Jefferson Street,,70501.0,United States,"734 Jefferson Street, Lafayette, LA 70501.0, United States",ND7WZCT5EU,Delivered,6.0,1.75,6.5
Pop's Poboys / Doc’s Pop In,Dumpster Fire Response Team Member Pen,Dumpster Fire Response Team Member Pen,Stationery & writing,2026-01-14,4.25,Lafayette,LA,"Lafayette, LA",734 Jefferson Street,,70501.0,United States,"734 Jefferson Street, Lafayette, LA 70501.0, United States",ND7WZCT5EU,Delivered,5.0,0.85,2.75
Pop's Poboys / Doc’s Pop In,Mansplain Survivor Holographic Sticker,Mansplain Survivor Holographic Sticker,"Stickers, pins, & magnets",2026-01-14,10.5,Lafayette,LA,"Lafayette, LA",734 Jefferson Street,,70501.0,United States,"734 Jefferson Street, Lafayette, LA 70501.0, United States",ND7WZCT5EU,Delivered,6.0,1.75,4.75
Pop's Poboys / Doc’s Pop In,Little Ray Of Pitch Black Sticker,Little Ray Of Pitch Black Sticker,"Stickers, pins, & magnets",2026-01-14,10.5,Lafayette,LA,"Lafayette, LA",734 Jefferson Street,,70501.0,United States,"734 Jefferson Street, Lafayette, LA 70501.0, United States",ND7WZCT5EU,Delivered,6.0,1.75,4.75
Pop's Poboys / Doc’s Pop In,Surprise Mini Troll,Surprise Mini Troll,"Stickers, pins, & magnets",2026-01-14,6.0,Lafayette,LA,"Lafayette, LA",734 Jefferson Street,,70501.0,United States,"734 Jefferson Street, Lafayette, LA 70501.0, United States",ND7WZCT5EU,Delivered,10.0,0.6,1.5
Pop's Poboys / Doc’s Pop In,"Sorry I Was Rude, It Was Probably Your Fault Pen","Sorry I Was Rude, It Was Probably Your Fault Pen",Stationery & writing,2026-01-14,4.0,Lafayette,LA,"Lafayette, LA",734 Jefferson Street,,70501.0,United States,"734 Jefferson Street, Lafayette, LA 70501.0, United States",ND7WZCT5EU,Delivered,5.0,0.8,2.75
Pop's Poboys / Doc’s Pop In,I May Be Wrong But I Doubt It Pen,I May Be Wrong But I Doubt It Pen,Stationery & writing,2026-01-14,4.0,Lafayette,LA,"Lafayette, LA",734 Jefferson Street,,70501.0,United States,"734 Jefferson Street, Lafayette, LA 70501.0, United States",ND7WZCT5EU,Delivered,5.0,0.8,2.75
Pop's Poboys / Doc’s Pop In,Currently Dissociating Pen,Currently Dissociating Pen,Stationery & writing,2026-01-14,4.25,Lafayette,LA,"Lafayette, LA",734 Jefferson Street,,70501.0,United States,"734 Jefferson Street, Lafayette, LA 70501.0, United States",ND7WZCT5EU,Delivered,5.0,0.85,1.7
Amityville Apothecary,Disappointed But Not Surprised Pen,Disappointed But Not Surprised Pen,Stationery & writing,2026-01-13,200.0,Amityville,NY,"Amityville, NY",174 Park Avenue,,11701.0,United States,"174 Park Avenue, Amityville, NY 11701.0, United States",SCQETR4G76,Delivered,250.0,0.8,2.75
Amityville Apothecary,"Sorry I Was Rude, It Was Probably Your Fault Pen","Sorry I Was Rude, It Was Probably Your Fault Pen",Stationery & writing,2026-01-13,200.0,Amityville,NY,"Amityville, NY",174 Park Avenue,,11701.0,United States,"174 Park Avenue, Amityville, NY 11701.0, United States",SCQETR4G76,Delivered,250.0,0.8,2.75
Amityville Apothecary,Currently Dissociating Pen,Currently Dissociating Pen,Stationery & writing,2026-01-13,212.5,Amityville,NY,"Amityville, NY",174 Park Avenue,,11701.0,United States,"174 Park Avenue, Amityville, NY 11701.0, United States",SCQETR4G76,Delivered,250.0,0.85,1.7
Amityville Apothecary,Dumpster Fire Response Team Member Pen,Dumpster Fire Response Team Member Pen,Stationery & writing,2026-01-13,212.5,Amityville,NY,"Amityville, NY",174 Park Avenue,,11701.0,United States,"174 Park Avenue, Amityville, NY 11701.0, United States",SCQETR4G76,Delivered,250.0,0.85,2.75
Amityville Apothecary,I'd Rather Be Bed Rotting Pen,I'd Rather Be Bed Rotting Pen,Stationery & writing,2026-01-13,200.0,Amityville,NY,"Amityville, NY",174 Park Avenue,,11701.0,United States,"174 Park Avenue, Amityville, NY 11701.0, United States",SCQETR4G76,Delivered,250.0,0.8,2.75
Amityville Apothecary,I May Be Wrong But I Doubt It Pen,I May Be Wrong But I Doubt It Pen,Stationery & writing,2026-01-13,200.0,Amityville,NY,"Amityville, NY",174 Park Avenue,,11701.0,United States,"174 Park Avenue, Amityville, NY 11701.0, United States",SCQETR4G76,Delivered,250.0,0.8,2.75
The Analog Stationer,I Never Said That Jesus Sticker,I Never Said That Jesus Sticker,"Stickers, pins, & magnets",2026-01-12,35.0,Brooklyn,NY,"Brooklyn, NY",621 Vanderbilt Avenue9177536928,,11238-3502,United States,"621 Vanderbilt Avenue9177536928, Brooklyn, NY 11238-3502, United States",DSQK55EPMA,Delivered,20.0,1.75,4.75
The Analog Stationer,Make Orwell Fiction Again Sticker,Make Orwell Fiction Again Sticker,"Stickers, pins, & magnets",2026-01-12,35.0,Brooklyn,NY,"Brooklyn, NY",621 Vanderbilt Avenue9177536928,,11238-3502,United States,"621 Vanderbilt Avenue9177536928, Brooklyn, NY 11238-3502, United States",DSQK55EPMA,Delivered,20.0,1.75,4.75
The Analog Stationer,Strawberry Candy Holographic Sticker,Strawberry Candy Holographic Sticker,"Stickers, pins, & magnets",2026-01-12,35.0,Brooklyn,NY,"Brooklyn, NY",621 Vanderbilt Avenue9177536928,,11238-3502,United States,"621 Vanderbilt Avenue9177536928, Brooklyn, NY 11238-3502, United States",DSQK55EPMA,Delivered,20.0,1.75,4.75
The Analog Stationer,Diet Coke Slut Glitter Sticker,Diet Coke Slut Glitter Sticker,"Stickers, pins, & magnets",2026-01-12,35.0,Brooklyn,NY,"Brooklyn, NY",621 Vanderbilt Avenue9177536928,,11238-3502,United States,"621 Vanderbilt Avenue9177536928, Brooklyn, NY 11238-3502, United States",DSQK55EPMA,Delivered,20.0,1.75,4.75
The Analog Stationer,What's More Punk Than The Public Library Sticker,What's More Punk Than The Public Library Sticker,"Stickers, pins, & magnets",2026-01-12,35.0,Brooklyn,NY,"Brooklyn, NY",621 Vanderbilt Avenue9177536928,,11238-3502,United States,"621 Vanderbilt Avenue9177536928, Brooklyn, NY 11238-3502, United States",DSQK55EPMA,Delivered,20.0,1.75,4.75
The Analog Stationer,Don't Be A Dick Sticker,Don't Be A Dick Sticker,"Stickers, pins, & magnets",2026-01-12,35.0,Brooklyn,NY,"Brooklyn, NY",621 Vanderbilt Avenue9177536928,,11238-3502,United States,"621 Vanderbilt Avenue9177536928, Brooklyn, NY 11238-3502, United States",DSQK55EPMA,Delivered,20.0,1.75,4.75
The Analog Stationer,America Was Built By Immigrants Sticker,America Was Built By Immigrants Sticker,"Stickers, pins, & magnets",2026-01-12,35.0,Brooklyn,NY,"Brooklyn, NY",621 Vanderbilt Avenue9177536928,,11238-3502,United States,"621 Vanderbilt Avenue9177536928, Brooklyn, NY 11238-3502, United States",DSQK55EPMA,Delivered,20.0,1.75,4.75
The Analog Stationer,Emotional Support Co-Worker Sticker,Emotional Support Co-Worker Sticker,"Stickers, pins, & magnets",2026-01-12,35.0,Brooklyn,NY,"Brooklyn, NY",621 Vanderbilt Avenue9177536928,,11238-3502,United States,"621 Vanderbilt Avenue9177536928, Brooklyn, NY 11238-3502, United States",DSQK55EPMA,Delivered,20.0,1.75,4.75
The Analog Stationer,Keep That Mean Shit To Yourself Sticker,Keep That Mean Shit To Yourself Sticker,"Stickers, pins, & magnets",2026-01-12,35.0,Brooklyn,NY,"Brooklyn, NY",621 Vanderbilt Avenue9177536928,,11238-3502,United States,"621 Vanderbilt Avenue9177536928, Brooklyn, NY 11238-3502, United States",DSQK55EPMA,Delivered,20.0,1.75,4.75
The Analog Stationer,I Love Not Camping Holographic Sticker,I Love Not Camping Holographic Sticker,"Stickers, pins, & magnets",2026-01-12,30.0,Brooklyn,NY,"Brooklyn, NY",621 Vanderbilt Avenue9177536928,,11238-3502,United States,"621 Vanderbilt Avenue9177536928, Brooklyn, NY 11238-3502, United States",DSQK55EPMA,Delivered,20.0,1.5,3.0
The Analog Stationer,No Worries If Not Totally Cool Either Way Sticker,No Worries If Not Totally Cool Either Way Sticker,"Stickers, pins, & magnets",2026-01-12,35.0,Brooklyn,NY,"Brooklyn, NY",621 Vanderbilt Avenue9177536928,,11238-3502,United States,"621 Vanderbilt Avenue9177536928, Brooklyn, NY 11238-3502, United States",DSQK55EPMA,Delivered,20.0,1.75,4.75
The Analog Stationer,Please Hesitate To Reach Out To Me Sticker (2 colors available),Please Hesitate To Reach Out To Me Sticker (2 colors available),"Stickers, pins, & magnets",2026-01-12,35.0,Brooklyn,NY,"Brooklyn, NY",621 Vanderbilt Avenue9177536928,,11238-3502,United States,"621 Vanderbilt Avenue9177536928, Brooklyn, NY 11238-3502, United States",DSQK55EPMA,Delivered,20.0,1.75,4.75
Books on Main,Carry Yourself With The Confidence Of A Mediocre White Man Sticker,Carry Yourself With The Confidence Of A Mediocre White Man Sticker,"Stickers, pins, & magnets",2026-01-12,26.25,Murphys,CA,"Murphys, CA",416 Main Street,,95247.0,United States,"416 Main Street, Murphys, CA 95247.0, United States",YRM5BNJA28,Delivered,15.0,1.75,4.75
Books on Main,"Pro Choice, Pro Love, Pro Science, Pro Women Sticker","Pro Choice, Pro Love, Pro Science, Pro Women Sticker","Stickers, pins, & magnets",2026-01-12,26.25,Murphys,CA,"Murphys, CA",416 Main Street,,95247.0,United States,"416 Main Street, Murphys, CA 95247.0, United States",YRM5BNJA28,Delivered,15.0,1.75,4.75
Books on Main,"With Love,Go Feast On A Sack Full Of Richards Sticker","With Love,Go Feast On A Sack Full Of Richards Sticker","Stickers, pins, & magnets",2026-01-12,22.75,Murphys,CA,"Murphys, CA",416 Main Street,,95247.0,United States,"416 Main Street, Murphys, CA 95247.0, United States",YRM5BNJA28,Delivered,13.0,1.75,4.75
Books on Main,The Only Minority Destroying This Country Are The Billionaires Sticker,The Only Minority Destroying This Country Are The Billionaires Sticker,"Stickers, pins, & magnets",2026-01-12,10.5,Murphys,CA,"Murphys, CA",416 Main Street,,95247.0,United States,"416 Main Street, Murphys, CA 95247.0, United States",YRM5BNJA28,Delivered,6.0,1.75,4.75
Books on Main,I Didn't Survive A Pandemic For This Shit Glitter Sticker,I Didn't Survive A Pandemic For This Shit Glitter Sticker,"Stickers, pins, & magnets",2026-01-12,26.25,Murphys,CA,"Murphys, CA",416 Main Street,,95247.0,United States,"416 Main Street, Murphys, CA 95247.0, United States",YRM5BNJA28,Delivered,15.0,1.75,4.75
Books on Main,Have You Considered Shutting The Fuck Up Glitter Sticker,Have You Considered Shutting The Fuck Up Glitter Sticker,"Stickers, pins, & magnets",2026-01-12,21.0,Murphys,CA,"Murphys, CA",416 Main Street,,95247.0,United States,"416 Main Street, Murphys, CA 95247.0, United States",YRM5BNJA28,Delivered,12.0,1.75,4.75
Books on Main,Radicalized By Basic Decency Floral Sticker,Radicalized By Basic Decency Floral Sticker,"Stickers, pins, & magnets",2026-01-12,21.0,Murphys,CA,"Murphys, CA",416 Main Street,,95247.0,United States,"416 Main Street, Murphys, CA 95247.0, United States",YRM5BNJA28,Delivered,12.0,1.75,4.75
Books on Main,Disappointments All Of You Sticker,Disappointments All Of You Sticker,"Stickers, pins, & magnets",2026-01-12,26.25,Murphys,CA,"Murphys, CA",416 Main Street,,95247.0,United States,"416 Main Street, Murphys, CA 95247.0, United States",YRM5BNJA28,Delivered,15.0,1.75,4.75
Books on Main,Burn The Patriarchy Sticker,Burn The Patriarchy Sticker,"Stickers, pins, & magnets",2026-01-12,17.5,Murphys,CA,"Murphys, CA",416 Main Street,,95247.0,United States,"416 Main Street, Murphys, CA 95247.0, United States",YRM5BNJA28,Delivered,10.0,1.75,4.75
Books on Main,I Never Said That Jesus Sticker,I Never Said That Jesus Sticker,"Stickers, pins, & magnets",2026-01-12,21.0,Murphys,CA,"Murphys, CA",416 Main Street,,95247.0,United States,"416 Main Street, Murphys, CA 95247.0, United States",YRM5BNJA28,Delivered,12.0,1.75,4.75
Books on Main,Resist Sticker,Resist Sticker,"Stickers, pins, & magnets",2026-01-12,26.25,Murphys,CA,"Murphys, CA",416 Main Street,,95247.0,United States,"416 Main Street, Murphys, CA 95247.0, United States",YRM5BNJA28,Delivered,15.0,1.75,4.75
Books on Main,What's More Punk Than The Public Library Sticker,What's More Punk Than The Public Library Sticker,"Stickers, pins, & magnets",2026-01-12,21.0,Murphys,CA,"Murphys, CA",416 Main Street,,95247.0,United States,"416 Main Street, Murphys, CA 95247.0, United States",YRM5BNJA28,Delivered,12.0,1.75,4.75
Books on Main,Manifesting The Revolution Sticker,Manifesting The Revolution Sticker,"Stickers, pins, & magnets",2026-01-12,26.25,Murphys,CA,"Murphys, CA",416 Main Street,,95247.0,United States,"416 Main Street, Murphys, CA 95247.0, United States",YRM5BNJA28,Delivered,15.0,1.75,4.75
Books on Main,Build This Wall Sticker,Build This Wall Sticker,"Stickers, pins, & magnets",2026-01-12,26.25,Murphys,CA,"Murphys, CA",416 Main Street,,95247.0,United States,"416 Main Street, Murphys, CA 95247.0, United States",YRM5BNJA28,Delivered,15.0,1.75,4.75
Books on Main,Community Is Resistance Sticker,Community Is Resistance Sticker,"Stickers, pins, & magnets",2026-01-12,26.25,Murphys,CA,"Murphys, CA",416 Main Street,,95247.0,United States,"416 Main Street, Murphys, CA 95247.0, United States",YRM5BNJA28,Delivered,15.0,1.75,4.75
Books on Main,Keep The Immigrants Deport The Racists Sticker,Keep The Immigrants Deport The Racists Sticker,"Stickers, pins, & magnets",2026-01-12,26.25,Murphys,CA,"Murphys, CA",416 Main Street,,95247.0,United States,"416 Main Street, Murphys, CA 95247.0, United States",YRM5BNJA28,Delivered,15.0,1.75,4.75
Mellow & Ivy,"I May Be Laid Back, But I Can Lean Forward Real Fucking Quick Glitter Sticker","I May Be Laid Back, But I Can Lean Forward Real Fucking Quick Glitter Sticker","Stickers, pins, & magnets",2026-01-11,10.5,Old Hickory,TN,"Old Hickory, TN",14827 Lebanon Road,,37138.0,United States,"14827 Lebanon Road, Old Hickory, TN 37138.0, United States",DCGYCTVXC2,Delivered,6.0,1.75,4.75
Mellow & Ivy,Trinkets Are My Weakness Pixie Glitter Sticker,Trinkets Are My Weakness Pixie Glitter Sticker,"Stickers, pins, & magnets",2026-01-11,10.5,Old Hickory,TN,"Old Hickory, TN",14827 Lebanon Road,,37138.0,United States,"14827 Lebanon Road, Old Hickory, TN 37138.0, United States",DCGYCTVXC2,Delivered,6.0,1.75,4.75
Mellow & Ivy,May They Burn In Hell Glitter Sticker,May They Burn In Hell Glitter Sticker,"Stickers, pins, & magnets",2026-01-11,10.5,Old Hickory,TN,"Old Hickory, TN",14827 Lebanon Road,,37138.0,United States,"14827 Lebanon Road, Old Hickory, TN 37138.0, United States",DCGYCTVXC2,Delivered,6.0,1.75,4.75
Mellow & Ivy,Peace Sign Hamster Sticker,Peace Sign Hamster Sticker,"Stickers, pins, & magnets",2026-01-11,10.5,Old Hickory,TN,"Old Hickory, TN",14827 Lebanon Road,,37138.0,United States,"14827 Lebanon Road, Old Hickory, TN 37138.0, United States",DCGYCTVXC2,Delivered,6.0,1.75,4.75
Mellow & Ivy,We All Should Be In Therapy Glitter Sticker,We All Should Be In Therapy Glitter Sticker,"Stickers, pins, & magnets",2026-01-11,10.5,Old Hickory,TN,"Old Hickory, TN",14827 Lebanon Road,,37138.0,United States,"14827 Lebanon Road, Old Hickory, TN 37138.0, United States",DCGYCTVXC2,Delivered,6.0,1.75,4.75
Mellow & Ivy,Caring About People Is Not Political Sticker,Caring About People Is Not Political Sticker,"Stickers, pins, & magnets",2026-01-11,10.5,Old Hickory,TN,"Old Hickory, TN",14827 Lebanon Road,,37138.0,United States,"14827 Lebanon Road, Old Hickory, TN 37138.0, United States",DCGYCTVXC2,Delivered,6.0,1.75,4.75
Mellow & Ivy,"Hey, You Dropped This Holographic Sticker","Hey, You Dropped This Holographic Sticker","Stickers, pins, & magnets",2026-01-11,10.5,Old Hickory,TN,"Old Hickory, TN",14827 Lebanon Road,,37138.0,United States,"14827 Lebanon Road, Old Hickory, TN 37138.0, United States",DCGYCTVXC2,Delivered,6.0,1.75,4.75
Mellow & Ivy,Resist Sticker,Resist Sticker,"Stickers, pins, & magnets",2026-01-11,10.5,Old Hickory,TN,"Old Hickory, TN",14827 Lebanon Road,,37138.0,United States,"14827 Lebanon Road, Old Hickory, TN 37138.0, United States",DCGYCTVXC2,Delivered,6.0,1.75,4.75
Mellow & Ivy,In My Feminine Rage Era Sticker (2 styles available),In My Feminine Rage Era Sticker (2 styles available),"Stickers, pins, & magnets",2026-01-11,10.5,Old Hickory,TN,"Old Hickory, TN",14827 Lebanon Road,,37138.0,United States,"14827 Lebanon Road, Old Hickory, TN 37138.0, United States",DCGYCTVXC2,Delivered,6.0,1.75,4.75
Mellow & Ivy,Billionaires Are Bad People Glitter Sticker ( 2 styles available),Billionaires Are Bad People Glitter Sticker ( 2 styles available),"Stickers, pins, & magnets",2026-01-11,10.5,Old Hickory,TN,"Old Hickory, TN",14827 Lebanon Road,,37138.0,United States,"14827 Lebanon Road, Old Hickory, TN 37138.0, United States",DCGYCTVXC2,Delivered,6.0,1.75,4.75
Mellow & Ivy,Black Cat Middle Finger Sticker,Black Cat Middle Finger Sticker,"Stickers, pins, & magnets",2026-01-11,10.5,Old Hickory,TN,"Old Hickory, TN",14827 Lebanon Road,,37138.0,United States,"14827 Lebanon Road, Old Hickory, TN 37138.0, United States",DCGYCTVXC2,Delivered,6.0,1.75,4.75
Weirdo Wonderland,Fuck Off I'm Reading Tote Bag,Fuck Off I'm Reading Tote Bag,"Stickers, pins, & magnets",2026-01-10,30.0,Shelton,CT,"Shelton, CT",415 Howe AVE,Box# 115,6484.0,United States,"415 Howe AVE, Box# 115, Shelton, CT 6484.0, United States",Q2W8Y8JXKM,Delivered,3.0,10.0,20.0
Weirdo Wonderland,Radicalized By Basic Decency Floral Sticker,Radicalized By Basic Decency Floral Sticker,"Stickers, pins, & magnets",2026-01-10,10.5,Shelton,CT,"Shelton, CT",415 Howe AVE,Box# 115,6484.0,United States,"415 Howe AVE, Box# 115, Shelton, CT 6484.0, United States",Q2W8Y8JXKM,Delivered,6.0,1.75,4.75
Weirdo Wonderland,Make Orwell Fiction Again Tote Bag,Make Orwell Fiction Again Tote Bag,"Stickers, pins, & magnets",2026-01-10,30.0,Shelton,CT,"Shelton, CT",415 Howe AVE,Box# 115,6484.0,United States,"415 Howe AVE, Box# 115, Shelton, CT 6484.0, United States",Q2W8Y8JXKM,Delivered,3.0,10.0,20.0
Weirdo Wonderland,Leaving Reality Entering Fiction Tote Bag,Leaving Reality Entering Fiction Tote Bag,"Stickers, pins, & magnets",2026-01-10,30.0,Shelton,CT,"Shelton, CT",415 Howe AVE,Box# 115,6484.0,United States,"415 Howe AVE, Box# 115, Shelton, CT 6484.0, United States",Q2W8Y8JXKM,Delivered,3.0,10.0,20.0
Weirdo Wonderland,Radicalized By Basic Decency Floral Tote Bag,Radicalized By Basic Decency Floral Tote Bag,"Stickers, pins, & magnets",2026-01-10,30.0,Shelton,CT,"Shelton, CT",415 Howe AVE,Box# 115,6484.0,United States,"415 Howe AVE, Box# 115, Shelton, CT 6484.0, United States",Q2W8Y8JXKM,Delivered,3.0,10.0,20.0
Weirdo Wonderland,I'm No Gynecologist But I Know A Cunt When I See One Glitter Sticker,I'm No Gynecologist But I Know A Cunt When I See One Glitter Sticker,"Stickers, pins, & magnets",2026-01-10,10.5,Shelton,CT,"Shelton, CT",415 Howe AVE,Box# 115,6484.0,United States,"415 Howe AVE, Box# 115, Shelton, CT 6484.0, United States",Q2W8Y8JXKM,Delivered,6.0,1.75,4.75
Misty mountain too,Don't Be A Dick Sticker,Don't Be A Dick Sticker,"Stickers, pins, & magnets",2026-01-10,10.5,Crested Butte,CO,"Crested Butte, CO",717 6th st,box 3588,81224.0,United States,"717 6th st, box 3588, Crested Butte, CO 81224.0, United States",HS7YK2P6H7,Delivered,6.0,1.75,4.75
Misty mountain too,If Explosive Diarrhea Was A Person Button,If Explosive Diarrhea Was A Person Button,"Stickers, pins, & magnets",2026-01-10,1.0,Crested Butte,CO,"Crested Butte, CO",717 6th st,box 3588,81224.0,United States,"717 6th st, box 3588, Crested Butte, CO 81224.0, United States",HS7YK2P6H7,Delivered,1.0,1.0,2.75
Misty mountain too,Dumpster Fire Sticker,Dumpster Fire Sticker,"Stickers, pins, & magnets",2026-01-10,10.5,Crested Butte,CO,"Crested Butte, CO",717 6th st,box 3588,81224.0,United States,"717 6th st, box 3588, Crested Butte, CO 81224.0, United States",HS7YK2P6H7,Delivered,6.0,1.75,4.75
Misty mountain too,Keep That Mean Shit To Yourself Sticker,Keep That Mean Shit To Yourself Sticker,"Stickers, pins, & magnets",2026-01-10,10.5,Crested Butte,CO,"Crested Butte, CO",717 6th st,box 3588,81224.0,United States,"717 6th st, box 3588, Crested Butte, CO 81224.0, United States",HS7YK2P6H7,Delivered,6.0,1.75,4.75
Misty mountain too,"Hidden ""Fuck Trump"" Floral Sticker","Hidden ""Fuck Trump"" Floral Sticker","Stickers, pins, & magnets",2026-01-10,10.5,Crested Butte,CO,"Crested Butte, CO",717 6th st,box 3588,81224.0,United States,"717 6th st, box 3588, Crested Butte, CO 81224.0, United States",HS7YK2P6H7,Delivered,6.0,1.75,4.75
Misty mountain too,Have You Considered Shutting The Fuck Up Glitter Sticker,Have You Considered Shutting The Fuck Up Glitter Sticker,"Stickers, pins, & magnets",2026-01-10,10.5,Crested Butte,CO,"Crested Butte, CO",717 6th st,box 3588,81224.0,United States,"717 6th st, box 3588, Crested Butte, CO 81224.0, United States",HS7YK2P6H7,Delivered,6.0,1.75,4.75
Misty mountain too,Don't Hate Me Just Because I'm A Little Cooler Sticker,Don't Hate Me Just Because I'm A Little Cooler Sticker,"Stickers, pins, & magnets",2026-01-10,10.5,Crested Butte,CO,"Crested Butte, CO",717 6th st,box 3588,81224.0,United States,"717 6th st, box 3588, Crested Butte, CO 81224.0, United States",HS7YK2P6H7,Delivered,6.0,1.75,4.75
Misty mountain too,"Mini Troll Surprise Packs - 3, 6 or 10!","Mini Troll Surprise Packs - 3, 6 or 10!","Stickers, pins, & magnets",2026-01-10,7.45,Crested Butte,CO,"Crested Butte, CO",717 6th st,box 3588,81224.0,United States,"717 6th st, box 3588, Crested Butte, CO 81224.0, United States",HS7YK2P6H7,Delivered,5.0,1.49,2.99
Misty mountain too,Be Brave Be Loud And Look Out For Others Sticker,Be Brave Be Loud And Look Out For Others Sticker,"Stickers, pins, & magnets",2026-01-10,10.5,Crested Butte,CO,"Crested Butte, CO",717 6th st,box 3588,81224.0,United States,"717 6th st, box 3588, Crested Butte, CO 81224.0, United States",HS7YK2P6H7,Delivered,6.0,1.75,4.75
Misty mountain too,Let's Be Better Humans Sticker,Let's Be Better Humans Sticker,"Stickers, pins, & magnets",2026-01-10,10.5,Crested Butte,CO,"Crested Butte, CO",717 6th st,box 3588,81224.0,United States,"717 6th st, box 3588, Crested Butte, CO 81224.0, United States",HS7YK2P6H7,Delivered,6.0,1.75,6.5
Misty mountain too,Big Fan of Human Rights Button,Big Fan of Human Rights Button,"Stickers, pins, & magnets",2026-01-10,1.5,Crested Butte,CO,"Crested Butte, CO",717 6th st,box 3588,81224.0,United States,"717 6th st, box 3588, Crested Butte, CO 81224.0, United States",HS7YK2P6H7,Delivered,1.0,1.5,3.0
Misty mountain too,Just Be A Good Human Glitter Sticker,Just Be A Good Human Glitter Sticker,"Stickers, pins, & magnets",2026-01-10,10.5,Crested Butte,CO,"Crested Butte, CO",717 6th st,box 3588,81224.0,United States,"717 6th st, box 3588, Crested Butte, CO 81224.0, United States",HS7YK2P6H7,Delivered,6.0,1.75,4.75
Misty mountain too,Resist Sticker,Resist Sticker,"Stickers, pins, & magnets",2026-01-10,10.5,Crested Butte,CO,"Crested Butte, CO",717 6th st,box 3588,81224.0,United States,"717 6th st, box 3588, Crested Butte, CO 81224.0, United States",HS7YK2P6H7,Delivered,6.0,1.75,4.75
Blue Willow Restaurant,Can I Be Mean Pixie Glitter Sticker,Can I Be Mean Pixie Glitter Sticker,"Stickers, pins, & magnets",2026-01-10,21.0,Tucson,AZ,"Tucson, AZ",2616 North Campbell Avenue,,85719.0,United States,"2616 North Campbell Avenue, Tucson, AZ 85719.0, United States",VURS74DRSC,Delivered,12.0,1.75,4.75
Blue Willow Restaurant,You Did It Glitter Sticker,You Did It Glitter Sticker,"Stickers, pins, & magnets",2026-01-10,21.0,Tucson,AZ,"Tucson, AZ",2616 North Campbell Avenue,,85719.0,United States,"2616 North Campbell Avenue, Tucson, AZ 85719.0, United States",VURS74DRSC,Delivered,12.0,1.75,4.75
Blue Willow Restaurant,Emotional Support Co-Worker Sticker,Emotional Support Co-Worker Sticker,"Stickers, pins, & magnets",2026-01-10,21.0,Tucson,AZ,"Tucson, AZ",2616 North Campbell Avenue,,85719.0,United States,"2616 North Campbell Avenue, Tucson, AZ 85719.0, United States",VURS74DRSC,Delivered,12.0,1.75,4.75
Blue Willow Restaurant,Don't Be Sad You're Making Everyone Uncomfortable Glitter Sticker,Don't Be Sad You're Making Everyone Uncomfortable Glitter Sticker,"Stickers, pins, & magnets",2026-01-10,21.0,Tucson,AZ,"Tucson, AZ",2616 North Campbell Avenue,,85719.0,United States,"2616 North Campbell Avenue, Tucson, AZ 85719.0, United States",VURS74DRSC,Delivered,12.0,1.75,4.75
Blue Willow Restaurant,I Can't Go On..I Need A Snack Pls Glitter Sticker,I Can't Go On..I Need A Snack Pls Glitter Sticker,"Stickers, pins, & magnets",2026-01-10,21.0,Tucson,AZ,"Tucson, AZ",2616 North Campbell Avenue,,85719.0,United States,"2616 North Campbell Avenue, Tucson, AZ 85719.0, United States",VURS74DRSC,Delivered,12.0,1.75,4.75
Blue Willow Restaurant,Girl Dinner Sticker (Glitter or White Available),Girl Dinner Sticker (Glitter or White Available),"Stickers, pins, & magnets",2026-01-10,10.5,Tucson,AZ,"Tucson, AZ",2616 North Campbell Avenue,,85719.0,United States,"2616 North Campbell Avenue, Tucson, AZ 85719.0, United States",VURS74DRSC,Delivered,6.0,1.75,4.75
Blue Willow Restaurant,America Was Built By Immigrants Sticker,America Was Built By Immigrants Sticker,"Stickers, pins, & magnets",2026-01-10,10.5,Tucson,AZ,"Tucson, AZ",2616 North Campbell Avenue,,85719.0,United States,"2616 North Campbell Avenue, Tucson, AZ 85719.0, United States",VURS74DRSC,Delivered,6.0,1.75,4.75
Blue Willow Restaurant,"Do You Have Any Fucks? Not Even One, Girl. Go Fish. Sticker","Do You Have Any Fucks? Not Even One, Girl. Go Fish. Sticker","Stickers, pins, & magnets",2026-01-10,10.5,Tucson,AZ,"Tucson, AZ",2616 North Campbell Avenue,,85719.0,United States,"2616 North Campbell Avenue, Tucson, AZ 85719.0, United States",VURS74DRSC,Delivered,6.0,1.75,4.75
Blue Willow Restaurant,"Hidden ""Fuck Trump"" Floral Pixie Glitter Sticker","Hidden ""Fuck Trump"" Floral Pixie Glitter Sticker","Stickers, pins, & magnets",2026-01-10,21.0,Tucson,AZ,"Tucson, AZ",2616 North Campbell Avenue,,85719.0,United States,"2616 North Campbell Avenue, Tucson, AZ 85719.0, United States",VURS74DRSC,Delivered,12.0,1.75,4.75
Blue Willow Restaurant,"I May Be Laid Back, But I Can Lean Forward Real Fucking Quick Glitter Sticker","I May Be Laid Back, But I Can Lean Forward Real Fucking Quick Glitter Sticker","Stickers, pins, & magnets",2026-01-10,21.0,Tucson,AZ,"Tucson, AZ",2616 North Campbell Avenue,,85719.0,United States,"2616 North Campbell Avenue, Tucson, AZ 85719.0, United States",VURS74DRSC,Delivered,12.0,1.75,4.75
Blue Willow Restaurant,Burn The Patriarchy Sticker,Burn The Patriarchy Sticker,"Stickers, pins, & magnets",2026-01-10,21.0,Tucson,AZ,"Tucson, AZ",2616 North Campbell Avenue,,85719.0,United States,"2616 North Campbell Avenue, Tucson, AZ 85719.0, United States",VURS74DRSC,Delivered,12.0,1.75,4.75
Blue Willow Restaurant,Girl Power Glitter Sticker,Girl Power Glitter Sticker,"Stickers, pins, & magnets",2026-01-10,21.0,Tucson,AZ,"Tucson, AZ",2616 North Campbell Avenue,,85719.0,United States,"2616 North Campbell Avenue, Tucson, AZ 85719.0, United States",VURS74DRSC,Delivered,12.0,1.75,4.75
Blue Willow Restaurant,I Never Said That Jesus Sticker,I Never Said That Jesus Sticker,"Stickers, pins, & magnets",2026-01-10,21.0,Tucson,AZ,"Tucson, AZ",2616 North Campbell Avenue,,85719.0,United States,"2616 North Campbell Avenue, Tucson, AZ 85719.0, United States",VURS74DRSC,Delivered,12.0,1.75,4.75
Buffalo Street Books,Girl Dinner Sticker (Glitter or White Available),Girl Dinner Sticker (Glitter or White Available),"Stickers, pins, & magnets",2026-01-09,10.5,Ithaca,NY,"Ithaca, NY",215 North Cayuga Street,,14850.0,United States,"215 North Cayuga Street, Ithaca, NY 14850.0, United States",B57QFRTDBG,Delivered,6.0,1.75,4.75
Buffalo Street Books,What's More Punk Than The Public Library Sticker,What's More Punk Than The Public Library Sticker,"Stickers, pins, & magnets",2026-01-09,10.5,Ithaca,NY,"Ithaca, NY",215 North Cayuga Street,,14850.0,United States,"215 North Cayuga Street, Ithaca, NY 14850.0, United States",B57QFRTDBG,Delivered,6.0,1.75,4.75
Buffalo Street Books,Girls Will Be Girls Sticker,Girls Will Be Girls Sticker,"Stickers, pins, & magnets",2026-01-09,10.5,Ithaca,NY,"Ithaca, NY",215 North Cayuga Street,,14850.0,United States,"215 North Cayuga Street, Ithaca, NY 14850.0, United States",B57QFRTDBG,Delivered,6.0,1.75,4.75
Buffalo Street Books,If You Are Neutral In Situations Of Injustice You Have Chosen The Side Of The Oppressors Sticker,If You Are Neutral In Situations Of Injustice You Have Chosen The Side Of The Oppressors Sticker,"Stickers, pins, & magnets",2026-01-09,10.5,Ithaca,NY,"Ithaca, NY",215 North Cayuga Street,,14850.0,United States,"215 North Cayuga Street, Ithaca, NY 14850.0, United States",B57QFRTDBG,Delivered,6.0,1.75,4.75
Buffalo Street Books,Disappointments All Of You Sticker,Disappointments All Of You Sticker,"Stickers, pins, & magnets",2026-01-09,10.5,Ithaca,NY,"Ithaca, NY",215 North Cayuga Street,,14850.0,United States,"215 North Cayuga Street, Ithaca, NY 14850.0, United States",B57QFRTDBG,Delivered,6.0,1.75,4.75
Buffalo Street Books,Burn The Patriarchy Sticker,Burn The Patriarchy Sticker,"Stickers, pins, & magnets",2026-01-09,10.5,Ithaca,NY,"Ithaca, NY",215 North Cayuga Street,,14850.0,United States,"215 North Cayuga Street, Ithaca, NY 14850.0, United States",B57QFRTDBG,Delivered,6.0,1.75,4.75
Buffalo Street Books,Awake But At What Cost Sticker,Awake But At What Cost Sticker,"Stickers, pins, & magnets",2026-01-09,10.5,Ithaca,NY,"Ithaca, NY",215 North Cayuga Street,,14850.0,United States,"215 North Cayuga Street, Ithaca, NY 14850.0, United States",B57QFRTDBG,Delivered,6.0,1.75,4.75
Buffalo Street Books,Only You Can Prevent Fascism Sticker,Only You Can Prevent Fascism Sticker,"Stickers, pins, & magnets",2026-01-09,10.5,Ithaca,NY,"Ithaca, NY",215 North Cayuga Street,,14850.0,United States,"215 North Cayuga Street, Ithaca, NY 14850.0, United States",B57QFRTDBG,Delivered,6.0,1.75,4.75
Buffalo Street Books,Fuck The Patriarchy Sticker,Fuck The Patriarchy Sticker,"Stickers, pins, & magnets",2026-01-09,10.5,Ithaca,NY,"Ithaca, NY",215 North Cayuga Street,,14850.0,United States,"215 North Cayuga Street, Ithaca, NY 14850.0, United States",B57QFRTDBG,Delivered,6.0,1.75,4.25
Buffalo Street Books,Cats Against Capitalism Sticker,Cats Against Capitalism Sticker,"Stickers, pins, & magnets",2026-01-09,10.5,Ithaca,NY,"Ithaca, NY",215 North Cayuga Street,,14850.0,United States,"215 North Cayuga Street, Ithaca, NY 14850.0, United States",B57QFRTDBG,Delivered,6.0,1.75,4.75
The Plant Foundry \| Nursery & Store,Compost The Patriarchy Sticker,Compost The Patriarchy Sticker,"Stickers, pins, & magnets",2026-01-08,10.5,Sacramento,CA,"Sacramento, CA",3500 Broadway,,95817.0,United States,"3500 Broadway, Sacramento, CA 95817.0, United States",G66B9GUFDH,Delivered,6.0,1.75,4.75
The Plant Foundry \| Nursery & Store,F*ck Them Boats Orca Sticker,F*ck Them Boats Orca Sticker,"Stickers, pins, & magnets",2026-01-08,10.5,Sacramento,CA,"Sacramento, CA",3500 Broadway,,95817.0,United States,"3500 Broadway, Sacramento, CA 95817.0, United States",G66B9GUFDH,Delivered,6.0,1.75,4.25
The Plant Foundry \| Nursery & Store,Be The Light You Want To See In The World Sticker (2 styles available),Be The Light You Want To See In The World Sticker (2 styles available),"Stickers, pins, & magnets",2026-01-08,10.5,Sacramento,CA,"Sacramento, CA",3500 Broadway,,95817.0,United States,"3500 Broadway, Sacramento, CA 95817.0, United States",G66B9GUFDH,Delivered,6.0,1.75,4.75
The Plant Foundry \| Nursery & Store,Fuck The Patriarchy Sticker,Fuck The Patriarchy Sticker,"Stickers, pins, & magnets",2026-01-08,10.5,Sacramento,CA,"Sacramento, CA",3500 Broadway,,95817.0,United States,"3500 Broadway, Sacramento, CA 95817.0, United States",G66B9GUFDH,Delivered,6.0,1.75,4.25
The Plant Foundry \| Nursery & Store,Girls Will Be Girls Sticker,Girls Will Be Girls Sticker,"Stickers, pins, & magnets",2026-01-08,10.5,Sacramento,CA,"Sacramento, CA",3500 Broadway,,95817.0,United States,"3500 Broadway, Sacramento, CA 95817.0, United States",G66B9GUFDH,Delivered,6.0,1.75,4.75
The Plant Foundry \| Nursery & Store,The Hell I Won't Sticker,The Hell I Won't Sticker,"Stickers, pins, & magnets",2026-01-08,10.5,Sacramento,CA,"Sacramento, CA",3500 Broadway,,95817.0,United States,"3500 Broadway, Sacramento, CA 95817.0, United States",G66B9GUFDH,Delivered,6.0,1.75,4.75
The Plant Foundry \| Nursery & Store,Raccoon Fairy Holographic Sticker,Raccoon Fairy Holographic Sticker,"Stickers, pins, & magnets",2026-01-08,10.5,Sacramento,CA,"Sacramento, CA",3500 Broadway,,95817.0,United States,"3500 Broadway, Sacramento, CA 95817.0, United States",G66B9GUFDH,Delivered,6.0,1.75,4.75
The Plant Foundry \| Nursery & Store,Don't Be A Dick Sticker,Don't Be A Dick Sticker,"Stickers, pins, & magnets",2026-01-08,10.5,Sacramento,CA,"Sacramento, CA",3500 Broadway,,95817.0,United States,"3500 Broadway, Sacramento, CA 95817.0, United States",G66B9GUFDH,Delivered,6.0,1.75,4.75
The Plant Foundry \| Nursery & Store,Become Ungovernable Sticker,Become Ungovernable Sticker,"Stickers, pins, & magnets",2026-01-08,10.5,Sacramento,CA,"Sacramento, CA",3500 Broadway,,95817.0,United States,"3500 Broadway, Sacramento, CA 95817.0, United States",G66B9GUFDH,Delivered,6.0,1.75,4.25
The Plant Foundry \| Nursery & Store,Scared Hamster Sticker,Scared Hamster Sticker,"Stickers, pins, & magnets",2026-01-08,10.5,Sacramento,CA,"Sacramento, CA",3500 Broadway,,95817.0,United States,"3500 Broadway, Sacramento, CA 95817.0, United States",G66B9GUFDH,Delivered,6.0,1.75,4.75
strawberry moon,It's Frickin Bats Sticker,It's Frickin Bats Sticker,"Stickers, pins, & magnets",2026-01-08,10.5,Dartmouth,MA,"Dartmouth, MA",312 Elm Street,,2748.0,United States,"312 Elm Street, Dartmouth, MA 2748.0, United States",AHEJU82RAC,Delivered,6.0,1.75,4.75
strawberry moon,In My Feminine Rage Era Sticker (2 styles available),In My Feminine Rage Era Sticker (2 styles available),"Stickers, pins, & magnets",2026-01-08,10.5,Dartmouth,MA,"Dartmouth, MA",312 Elm Street,,2748.0,United States,"312 Elm Street, Dartmouth, MA 2748.0, United States",AHEJU82RAC,Delivered,6.0,1.75,4.75
strawberry moon,SSRI Princess Glitter Sticker,SSRI Princess Glitter Sticker,"Stickers, pins, & magnets",2026-01-08,10.5,Dartmouth,MA,"Dartmouth, MA",312 Elm Street,,2748.0,United States,"312 Elm Street, Dartmouth, MA 2748.0, United States",AHEJU82RAC,Delivered,6.0,1.75,4.75
strawberry moon,I Should Be Frolicking In A Forest But I'm Here. Wtf Pen,I Should Be Frolicking In A Forest But I'm Here. Wtf Pen,Stationery & writing,2026-01-08,5.1,Dartmouth,MA,"Dartmouth, MA",312 Elm Street,,2748.0,United States,"312 Elm Street, Dartmouth, MA 2748.0, United States",AHEJU82RAC,Delivered,6.0,0.85,2.75
strawberry moon,Currently Dissociating Pen,Currently Dissociating Pen,Stationery & writing,2026-01-08,5.1,Dartmouth,MA,"Dartmouth, MA",312 Elm Street,,2748.0,United States,"312 Elm Street, Dartmouth, MA 2748.0, United States",AHEJU82RAC,Delivered,6.0,0.85,1.7
strawberry moon,Surprise Mini Troll,Surprise Mini Troll,"Stickers, pins, & magnets",2026-01-08,7.2,Dartmouth,MA,"Dartmouth, MA",312 Elm Street,,2748.0,United States,"312 Elm Street, Dartmouth, MA 2748.0, United States",AHEJU82RAC,Delivered,12.0,0.6,1.5
strawberry moon,"Sorry I Was Rude, It Was Probably Your Fault Pen","Sorry I Was Rude, It Was Probably Your Fault Pen",Stationery & writing,2026-01-08,4.8,Dartmouth,MA,"Dartmouth, MA",312 Elm Street,,2748.0,United States,"312 Elm Street, Dartmouth, MA 2748.0, United States",AHEJU82RAC,Delivered,6.0,0.8,2.75
strawberry moon,I May Be Wrong But I Doubt It Pen,I May Be Wrong But I Doubt It Pen,Stationery & writing,2026-01-08,4.8,Dartmouth,MA,"Dartmouth, MA",312 Elm Street,,2748.0,United States,"312 Elm Street, Dartmouth, MA 2748.0, United States",AHEJU82RAC,Delivered,6.0,0.8,2.75
strawberry moon,Disappointed But Not Surprised Pen,Disappointed But Not Surprised Pen,Stationery & writing,2026-01-08,4.8,Dartmouth,MA,"Dartmouth, MA",312 Elm Street,,2748.0,United States,"312 Elm Street, Dartmouth, MA 2748.0, United States",AHEJU82RAC,Delivered,6.0,0.8,2.75
strawberry moon,Trinkets Are My Weakness Pixie Glitter Sticker,Trinkets Are My Weakness Pixie Glitter Sticker,"Stickers, pins, & magnets",2026-01-08,10.5,Dartmouth,MA,"Dartmouth, MA",312 Elm Street,,2748.0,United States,"312 Elm Street, Dartmouth, MA 2748.0, United States",AHEJU82RAC,Delivered,6.0,1.75,4.75
strawberry moon,"I May Be Laid Back, But I Can Lean Forward Real Fucking Quick Glitter Sticker","I May Be Laid Back, But I Can Lean Forward Real Fucking Quick Glitter Sticker","Stickers, pins, & magnets",2026-01-08,10.5,Dartmouth,MA,"Dartmouth, MA",312 Elm Street,,2748.0,United States,"312 Elm Street, Dartmouth, MA 2748.0, United States",AHEJU82RAC,Delivered,6.0,1.75,4.75
strawberry moon,You've Just Buttered Your Last Biscuit Sticker,You've Just Buttered Your Last Biscuit Sticker,"Stickers, pins, & magnets",2026-01-08,10.5,Dartmouth,MA,"Dartmouth, MA",312 Elm Street,,2748.0,United States,"312 Elm Street, Dartmouth, MA 2748.0, United States",AHEJU82RAC,Delivered,6.0,1.75,4.75
strawberry moon,Peace Sign Hamster Sticker,Peace Sign Hamster Sticker,"Stickers, pins, & magnets",2026-01-08,10.5,Dartmouth,MA,"Dartmouth, MA",312 Elm Street,,2748.0,United States,"312 Elm Street, Dartmouth, MA 2748.0, United States",AHEJU82RAC,Delivered,6.0,1.75,4.75
strawberry moon,Girls Will Be Girls Sticker,Girls Will Be Girls Sticker,"Stickers, pins, & magnets",2026-01-08,10.5,Dartmouth,MA,"Dartmouth, MA",312 Elm Street,,2748.0,United States,"312 Elm Street, Dartmouth, MA 2748.0, United States",AHEJU82RAC,Delivered,6.0,1.75,4.75
strawberry moon,Burn The Patriarchy Sticker,Burn The Patriarchy Sticker,"Stickers, pins, & magnets",2026-01-08,10.5,Dartmouth,MA,"Dartmouth, MA",312 Elm Street,,2748.0,United States,"312 Elm Street, Dartmouth, MA 2748.0, United States",AHEJU82RAC,Delivered,6.0,1.75,4.75
strawberry moon,Books Are Magic Pixie Glitter Sticker,Books Are Magic Pixie Glitter Sticker,"Stickers, pins, & magnets",2026-01-08,10.5,Dartmouth,MA,"Dartmouth, MA",312 Elm Street,,2748.0,United States,"312 Elm Street, Dartmouth, MA 2748.0, United States",AHEJU82RAC,Delivered,6.0,1.75,4.75
strawberry moon,Please Hesitate To Reach Out To Me Sticker (2 colors available),Please Hesitate To Reach Out To Me Sticker (2 colors available),"Stickers, pins, & magnets",2026-01-08,10.5,Dartmouth,MA,"Dartmouth, MA",312 Elm Street,,2748.0,United States,"312 Elm Street, Dartmouth, MA 2748.0, United States",AHEJU82RAC,Delivered,6.0,1.75,4.75
strawberry moon,You Already Know The Answer Holographic Sticker,You Already Know The Answer Holographic Sticker,"Stickers, pins, & magnets",2026-01-08,10.5,Dartmouth,MA,"Dartmouth, MA",312 Elm Street,,2748.0,United States,"312 Elm Street, Dartmouth, MA 2748.0, United States",AHEJU82RAC,Delivered,6.0,1.75,4.75
strawberry moon,Eat Shit Glitter Sticker,Eat Shit Glitter Sticker,"Stickers, pins, & magnets",2026-01-08,10.5,Dartmouth,MA,"Dartmouth, MA",312 Elm Street,,2748.0,United States,"312 Elm Street, Dartmouth, MA 2748.0, United States",AHEJU82RAC,Delivered,6.0,1.75,4.75
strawberry moon,"Sorry If I'm Mean, I'm Overstimulated Right Now Sticker","Sorry If I'm Mean, I'm Overstimulated Right Now Sticker","Stickers, pins, & magnets",2026-01-08,10.5,Dartmouth,MA,"Dartmouth, MA",312 Elm Street,,2748.0,United States,"312 Elm Street, Dartmouth, MA 2748.0, United States",AHEJU82RAC,Delivered,6.0,1.75,4.75
strawberry moon,I'm No Gynecologist But I Know A Cunt When I See One Glitter Sticker,I'm No Gynecologist But I Know A Cunt When I See One Glitter Sticker,"Stickers, pins, & magnets",2026-01-08,10.5,Dartmouth,MA,"Dartmouth, MA",312 Elm Street,,2748.0,United States,"312 Elm Street, Dartmouth, MA 2748.0, United States",AHEJU82RAC,Delivered,6.0,1.75,4.75
strawberry moon,Petrify the Patriarchy Sticker,Petrify the Patriarchy Sticker,"Stickers, pins, & magnets",2026-01-08,10.5,Dartmouth,MA,"Dartmouth, MA",312 Elm Street,,2748.0,United States,"312 Elm Street, Dartmouth, MA 2748.0, United States",AHEJU82RAC,Delivered,6.0,1.75,4.75
strawberry moon,Slut For Books Glitter Sticker,Slut For Books Glitter Sticker,"Stickers, pins, & magnets",2026-01-08,10.5,Dartmouth,MA,"Dartmouth, MA",312 Elm Street,,2748.0,United States,"312 Elm Street, Dartmouth, MA 2748.0, United States",AHEJU82RAC,Delivered,6.0,1.75,4.75
strawberry moon,I'm Just A Fish Glitter Sticker,I'm Just A Fish Glitter Sticker,"Stickers, pins, & magnets",2026-01-08,10.5,Dartmouth,MA,"Dartmouth, MA",312 Elm Street,,2748.0,United States,"312 Elm Street, Dartmouth, MA 2748.0, United States",AHEJU82RAC,Delivered,6.0,1.75,4.75
strawberry moon,I'm A Sensitive Little Creature Please Be Nice To Me Sticker,I'm A Sensitive Little Creature Please Be Nice To Me Sticker,"Stickers, pins, & magnets",2026-01-08,10.5,Dartmouth,MA,"Dartmouth, MA",312 Elm Street,,2748.0,United States,"312 Elm Street, Dartmouth, MA 2748.0, United States",AHEJU82RAC,Delivered,6.0,1.75,4.75
strawberry moon,On My Way To Get More Trinkets And Knick Knacks Glitter Sticker,On My Way To Get More Trinkets And Knick Knacks Glitter Sticker,"Stickers, pins, & magnets",2026-01-08,10.5,Dartmouth,MA,"Dartmouth, MA",312 Elm Street,,2748.0,United States,"312 Elm Street, Dartmouth, MA 2748.0, United States",AHEJU82RAC,Delivered,6.0,1.75,4.75
The Grove Vintage,Awake But At What Cost Sticker,Awake But At What Cost Sticker,"Stickers, pins, & magnets",2026-01-08,52.5,Claremont,CA,"Claremont, CA",175 North Indian Hill Boulevard,100A,91711.0,United States,"175 North Indian Hill Boulevard, 100A, Claremont, CA 91711.0, United States",UFVK3T9KHE,Delivered,30.0,1.75,4.75
The Grove Vintage,It's A Good Day To Read Glitter Sticker,It's A Good Day To Read Glitter Sticker,"Stickers, pins, & magnets",2026-01-08,52.5,Claremont,CA,"Claremont, CA",175 North Indian Hill Boulevard,100A,91711.0,United States,"175 North Indian Hill Boulevard, 100A, Claremont, CA 91711.0, United States",UFVK3T9KHE,Delivered,30.0,1.75,4.75
The Grove Vintage,Thumbs Up Cat Sticker,Thumbs Up Cat Sticker,"Stickers, pins, & magnets",2026-01-08,70.0,Claremont,CA,"Claremont, CA",175 North Indian Hill Boulevard,100A,91711.0,United States,"175 North Indian Hill Boulevard, 100A, Claremont, CA 91711.0, United States",UFVK3T9KHE,Delivered,40.0,1.75,4.75
The Grove Vintage,Dream Job? I Do Not Dream Of Labor Glitter Sticker,Dream Job? I Do Not Dream Of Labor Glitter Sticker,"Stickers, pins, & magnets",2026-01-08,52.5,Claremont,CA,"Claremont, CA",175 North Indian Hill Boulevard,100A,91711.0,United States,"175 North Indian Hill Boulevard, 100A, Claremont, CA 91711.0, United States",UFVK3T9KHE,Delivered,30.0,1.75,4.75
The Grove Vintage,Scared Hamster Sticker,Scared Hamster Sticker,"Stickers, pins, & magnets",2026-01-08,70.0,Claremont,CA,"Claremont, CA",175 North Indian Hill Boulevard,100A,91711.0,United States,"175 North Indian Hill Boulevard, 100A, Claremont, CA 91711.0, United States",UFVK3T9KHE,Delivered,40.0,1.75,4.75
The Grove Vintage,Peace Sign Hamster Sticker,Peace Sign Hamster Sticker,"Stickers, pins, & magnets",2026-01-08,70.0,Claremont,CA,"Claremont, CA",175 North Indian Hill Boulevard,100A,91711.0,United States,"175 North Indian Hill Boulevard, 100A, Claremont, CA 91711.0, United States",UFVK3T9KHE,Delivered,40.0,1.75,4.75
The Grove Vintage,Can I Be Mean Pixie Glitter Sticker,Can I Be Mean Pixie Glitter Sticker,"Stickers, pins, & magnets",2026-01-08,52.5,Claremont,CA,"Claremont, CA",175 North Indian Hill Boulevard,100A,91711.0,United States,"175 North Indian Hill Boulevard, 100A, Claremont, CA 91711.0, United States",UFVK3T9KHE,Delivered,30.0,1.75,4.75
The Grove Vintage,Just A Girl Who Loves Books Glitter Sticker,Just A Girl Who Loves Books Glitter Sticker,"Stickers, pins, & magnets",2026-01-08,52.5,Claremont,CA,"Claremont, CA",175 North Indian Hill Boulevard,100A,91711.0,United States,"175 North Indian Hill Boulevard, 100A, Claremont, CA 91711.0, United States",UFVK3T9KHE,Delivered,30.0,1.75,4.75
The Grove Vintage,What's More Punk Than The Public Library Sticker,What's More Punk Than The Public Library Sticker,"Stickers, pins, & magnets",2026-01-08,52.5,Claremont,CA,"Claremont, CA",175 North Indian Hill Boulevard,100A,91711.0,United States,"175 North Indian Hill Boulevard, 100A, Claremont, CA 91711.0, United States",UFVK3T9KHE,Delivered,30.0,1.75,4.75
The Grove Vintage,I Love Not Camping Holographic Sticker,I Love Not Camping Holographic Sticker,"Stickers, pins, & magnets",2026-01-08,45.0,Claremont,CA,"Claremont, CA",175 North Indian Hill Boulevard,100A,91711.0,United States,"175 North Indian Hill Boulevard, 100A, Claremont, CA 91711.0, United States",UFVK3T9KHE,Delivered,30.0,1.5,3.0
The Grove Vintage,Stop Brain Rot Read A Book Tote Bag,Stop Brain Rot Read A Book Tote Bag,Stationery & writing,2026-01-08,30.0,Claremont,CA,"Claremont, CA",175 North Indian Hill Boulevard,100A,91711.0,United States,"175 North Indian Hill Boulevard, 100A, Claremont, CA 91711.0, United States",UFVK3T9KHE,Delivered,3.0,10.0,20.0
The Grove Vintage,Some Of You Weren't Paying Attention In History Class And It Shows Pixie Glitter Sticker,Some Of You Weren't Paying Attention In History Class And It Shows Pixie Glitter Sticker,"Stickers, pins, & magnets",2026-01-08,52.5,Claremont,CA,"Claremont, CA",175 North Indian Hill Boulevard,100A,91711.0,United States,"175 North Indian Hill Boulevard, 100A, Claremont, CA 91711.0, United States",UFVK3T9KHE,Delivered,30.0,1.75,4.75
The Grove Vintage,Don't Be A Dick Sticker,Don't Be A Dick Sticker,"Stickers, pins, & magnets",2026-01-08,52.5,Claremont,CA,"Claremont, CA",175 North Indian Hill Boulevard,100A,91711.0,United States,"175 North Indian Hill Boulevard, 100A, Claremont, CA 91711.0, United States",UFVK3T9KHE,Delivered,30.0,1.75,4.75
The Grove Vintage,On My Way To Get More Trinkets And Knick Knacks Glitter Sticker,On My Way To Get More Trinkets And Knick Knacks Glitter Sticker,"Stickers, pins, & magnets",2026-01-08,52.5,Claremont,CA,"Claremont, CA",175 North Indian Hill Boulevard,100A,91711.0,United States,"175 North Indian Hill Boulevard, 100A, Claremont, CA 91711.0, United States",UFVK3T9KHE,Delivered,30.0,1.75,4.75
The Grove Vintage,Currently Dissociating Pen,Currently Dissociating Pen,Stationery & writing,2026-01-08,25.5,Claremont,CA,"Claremont, CA",175 North Indian Hill Boulevard,100A,91711.0,United States,"175 North Indian Hill Boulevard, 100A, Claremont, CA 91711.0, United States",UFVK3T9KHE,Delivered,30.0,0.85,1.7
The Grove Vintage,I'd Rather Be Bed Rotting Pen,I'd Rather Be Bed Rotting Pen,Stationery & writing,2026-01-08,24.0,Claremont,CA,"Claremont, CA",175 North Indian Hill Boulevard,100A,91711.0,United States,"175 North Indian Hill Boulevard, 100A, Claremont, CA 91711.0, United States",UFVK3T9KHE,Delivered,30.0,0.8,2.75
The Grove Vintage,Pickle Slut Pen,Pickle Slut Pen,Stationery & writing,2026-01-08,24.0,Claremont,CA,"Claremont, CA",175 North Indian Hill Boulevard,100A,91711.0,United States,"175 North Indian Hill Boulevard, 100A, Claremont, CA 91711.0, United States",UFVK3T9KHE,Delivered,30.0,0.8,2.75
The Grove Vintage,Sorry I Can't Go I'm An Indoor Cat Glitter Sticker,Sorry I Can't Go I'm An Indoor Cat Glitter Sticker,"Stickers, pins, & magnets",2026-01-08,52.5,Claremont,CA,"Claremont, CA",175 North Indian Hill Boulevard,100A,91711.0,United States,"175 North Indian Hill Boulevard, 100A, Claremont, CA 91711.0, United States",UFVK3T9KHE,Delivered,30.0,1.75,4.75
The Grove Vintage,Radicalized By Basic Decency Floral Sticker,Radicalized By Basic Decency Floral Sticker,"Stickers, pins, & magnets",2026-01-08,52.5,Claremont,CA,"Claremont, CA",175 North Indian Hill Boulevard,100A,91711.0,United States,"175 North Indian Hill Boulevard, 100A, Claremont, CA 91711.0, United States",UFVK3T9KHE,Delivered,30.0,1.75,4.75
The Grove Vintage,I'm A Sensitive Little Creature Please Be Nice To Me Sticker,I'm A Sensitive Little Creature Please Be Nice To Me Sticker,"Stickers, pins, & magnets",2026-01-08,52.5,Claremont,CA,"Claremont, CA",175 North Indian Hill Boulevard,100A,91711.0,United States,"175 North Indian Hill Boulevard, 100A, Claremont, CA 91711.0, United States",UFVK3T9KHE,Delivered,30.0,1.75,4.75
The Grove Vintage,Trinkets Are My Weakness Pixie Glitter Sticker,Trinkets Are My Weakness Pixie Glitter Sticker,"Stickers, pins, & magnets",2026-01-08,52.5,Claremont,CA,"Claremont, CA",175 North Indian Hill Boulevard,100A,91711.0,United States,"175 North Indian Hill Boulevard, 100A, Claremont, CA 91711.0, United States",UFVK3T9KHE,Delivered,30.0,1.75,4.75
The Grove Vintage,I Can't Go On..I Need A Snack Pls Glitter Sticker,I Can't Go On..I Need A Snack Pls Glitter Sticker,"Stickers, pins, & magnets",2026-01-08,52.5,Claremont,CA,"Claremont, CA",175 North Indian Hill Boulevard,100A,91711.0,United States,"175 North Indian Hill Boulevard, 100A, Claremont, CA 91711.0, United States",UFVK3T9KHE,Delivered,30.0,1.75,4.75
Mendo Pack and Ship,Girls Will Be Girls Sticker,Girls Will Be Girls Sticker,"Stickers, pins, & magnets",2026-01-08,10.5,Mendocino,CA,"Mendocino, CA",45121 Ukiah Street,PO BOX 1877,95460.0,United States,"45121 Ukiah Street, PO BOX 1877, Mendocino, CA 95460.0, United States",JRCCBT76A9,Delivered,6.0,1.75,4.75
Mendo Pack and Ship,Educate Your Son Sticker,Educate Your Son Sticker,"Stickers, pins, & magnets",2026-01-08,10.5,Mendocino,CA,"Mendocino, CA",45121 Ukiah Street,PO BOX 1877,95460.0,United States,"45121 Ukiah Street, PO BOX 1877, Mendocino, CA 95460.0, United States",JRCCBT76A9,Delivered,6.0,1.75,4.75
Mendo Pack and Ship,If You Are Neutral In Situations Of Injustice You Have Chosen The Side Of The Oppressors Sticker,If You Are Neutral In Situations Of Injustice You Have Chosen The Side Of The Oppressors Sticker,"Stickers, pins, & magnets",2026-01-08,10.5,Mendocino,CA,"Mendocino, CA",45121 Ukiah Street,PO BOX 1877,95460.0,United States,"45121 Ukiah Street, PO BOX 1877, Mendocino, CA 95460.0, United States",JRCCBT76A9,Delivered,6.0,1.75,4.75
Mendo Pack and Ship,The Road To Fascism Is Paved With The People That Told You To Stop Overreacting Holographic Sticker,The Road To Fascism Is Paved With The People That Told You To Stop Overreacting Holographic Sticker,"Stickers, pins, & magnets",2026-01-08,10.5,Mendocino,CA,"Mendocino, CA",45121 Ukiah Street,PO BOX 1877,95460.0,United States,"45121 Ukiah Street, PO BOX 1877, Mendocino, CA 95460.0, United States",JRCCBT76A9,Delivered,6.0,1.75,4.75
Mendo Pack and Ship,No Human Is Illegal Glitter Sticker,No Human Is Illegal Glitter Sticker,"Stickers, pins, & magnets",2026-01-08,10.5,Mendocino,CA,"Mendocino, CA",45121 Ukiah Street,PO BOX 1877,95460.0,United States,"45121 Ukiah Street, PO BOX 1877, Mendocino, CA 95460.0, United States",JRCCBT76A9,Delivered,6.0,1.75,4.75
Mendo Pack and Ship,Educate Organize Revolt Sticker,Educate Organize Revolt Sticker,"Stickers, pins, & magnets",2026-01-08,10.5,Mendocino,CA,"Mendocino, CA",45121 Ukiah Street,PO BOX 1877,95460.0,United States,"45121 Ukiah Street, PO BOX 1877, Mendocino, CA 95460.0, United States",JRCCBT76A9,Delivered,6.0,1.75,4.75
Mendo Pack and Ship,Fuck The Patriarchy Sticker,Fuck The Patriarchy Sticker,"Stickers, pins, & magnets",2026-01-08,10.5,Mendocino,CA,"Mendocino, CA",45121 Ukiah Street,PO BOX 1877,95460.0,United States,"45121 Ukiah Street, PO BOX 1877, Mendocino, CA 95460.0, United States",JRCCBT76A9,Delivered,6.0,1.75,4.25
Mendo Pack and Ship,When Did Empathy Become Radical? Glitter Sticker,When Did Empathy Become Radical? Glitter Sticker,"Stickers, pins, & magnets",2026-01-08,10.5,Mendocino,CA,"Mendocino, CA",45121 Ukiah Street,PO BOX 1877,95460.0,United States,"45121 Ukiah Street, PO BOX 1877, Mendocino, CA 95460.0, United States",JRCCBT76A9,Delivered,6.0,1.75,4.75
Mendo Pack and Ship,Rage Consumes Me Sticker (2 colors available),Rage Consumes Me Sticker (2 colors available),"Stickers, pins, & magnets",2026-01-08,10.5,Mendocino,CA,"Mendocino, CA",45121 Ukiah Street,PO BOX 1877,95460.0,United States,"45121 Ukiah Street, PO BOX 1877, Mendocino, CA 95460.0, United States",JRCCBT76A9,Delivered,6.0,1.75,4.75
Mendo Pack and Ship,I Won't Agree To Disagree On Human Rights Sticker,I Won't Agree To Disagree On Human Rights Sticker,"Stickers, pins, & magnets",2026-01-08,10.5,Mendocino,CA,"Mendocino, CA",45121 Ukiah Street,PO BOX 1877,95460.0,United States,"45121 Ukiah Street, PO BOX 1877, Mendocino, CA 95460.0, United States",JRCCBT76A9,Delivered,6.0,1.75,4.25
Mendo Pack and Ship,SSRI Princess Glitter Sticker,SSRI Princess Glitter Sticker,"Stickers, pins, & magnets",2026-01-08,10.5,Mendocino,CA,"Mendocino, CA",45121 Ukiah Street,PO BOX 1877,95460.0,United States,"45121 Ukiah Street, PO BOX 1877, Mendocino, CA 95460.0, United States",JRCCBT76A9,Delivered,6.0,1.75,4.75
Mendo Pack and Ship,Cats Against Capitalism Sticker,Cats Against Capitalism Sticker,"Stickers, pins, & magnets",2026-01-08,10.5,Mendocino,CA,"Mendocino, CA",45121 Ukiah Street,PO BOX 1877,95460.0,United States,"45121 Ukiah Street, PO BOX 1877, Mendocino, CA 95460.0, United States",JRCCBT76A9,Delivered,6.0,1.75,4.75
Mendo Pack and Ship,Have The Day You Voted For Sticker,Have The Day You Voted For Sticker,"Stickers, pins, & magnets",2026-01-08,10.5,Mendocino,CA,"Mendocino, CA",45121 Ukiah Street,PO BOX 1877,95460.0,United States,"45121 Ukiah Street, PO BOX 1877, Mendocino, CA 95460.0, United States",JRCCBT76A9,Delivered,6.0,1.75,4.75
Mendo Pack and Ship,Make Orwell Fiction Again Sticker,Make Orwell Fiction Again Sticker,"Stickers, pins, & magnets",2026-01-08,14.0,Mendocino,CA,"Mendocino, CA",45121 Ukiah Street,PO BOX 1877,95460.0,United States,"45121 Ukiah Street, PO BOX 1877, Mendocino, CA 95460.0, United States",JRCCBT76A9,Delivered,8.0,1.75,4.75
Mendo Pack and Ship,Smash The Oligarchy Sticker,Smash The Oligarchy Sticker,"Stickers, pins, & magnets",2026-01-08,14.0,Mendocino,CA,"Mendocino, CA",45121 Ukiah Street,PO BOX 1877,95460.0,United States,"45121 Ukiah Street, PO BOX 1877, Mendocino, CA 95460.0, United States",JRCCBT76A9,Delivered,8.0,1.75,4.75
Mendo Pack and Ship,If Explosive Diarrhea Was A Person Button,If Explosive Diarrhea Was A Person Button,"Stickers, pins, & magnets",2026-01-08,6.0,Mendocino,CA,"Mendocino, CA",45121 Ukiah Street,PO BOX 1877,95460.0,United States,"45121 Ukiah Street, PO BOX 1877, Mendocino, CA 95460.0, United States",JRCCBT76A9,Delivered,6.0,1.0,2.75
Mendo Pack and Ship,Resist Sticker,Resist Sticker,"Stickers, pins, & magnets",2026-01-08,10.5,Mendocino,CA,"Mendocino, CA",45121 Ukiah Street,PO BOX 1877,95460.0,United States,"45121 Ukiah Street, PO BOX 1877, Mendocino, CA 95460.0, United States",JRCCBT76A9,Delivered,6.0,1.75,4.75
Mendo Pack and Ship,Resist Sticker,Resist Sticker,"Stickers, pins, & magnets",2026-01-08,10.5,Mendocino,CA,"Mendocino, CA",45121 Ukiah Street,PO BOX 1877,95460.0,United States,"45121 Ukiah Street, PO BOX 1877, Mendocino, CA 95460.0, United States",JRCCBT76A9,Delivered,6.0,1.75,4.75
Mendo Pack and Ship,Radicalized By Basic Decency Floral Sticker,Radicalized By Basic Decency Floral Sticker,"Stickers, pins, & magnets",2026-01-08,10.5,Mendocino,CA,"Mendocino, CA",45121 Ukiah Street,PO BOX 1877,95460.0,United States,"45121 Ukiah Street, PO BOX 1877, Mendocino, CA 95460.0, United States",JRCCBT76A9,Delivered,6.0,1.75,4.75
Mendo Pack and Ship,Burn The Patriarchy Sticker,Burn The Patriarchy Sticker,"Stickers, pins, & magnets",2026-01-08,10.5,Mendocino,CA,"Mendocino, CA",45121 Ukiah Street,PO BOX 1877,95460.0,United States,"45121 Ukiah Street, PO BOX 1877, Mendocino, CA 95460.0, United States",JRCCBT76A9,Delivered,6.0,1.75,4.75
Mendo Pack and Ship,F*ck Them Boats Orca Sticker,F*ck Them Boats Orca Sticker,"Stickers, pins, & magnets",2026-01-08,10.5,Mendocino,CA,"Mendocino, CA",45121 Ukiah Street,PO BOX 1877,95460.0,United States,"45121 Ukiah Street, PO BOX 1877, Mendocino, CA 95460.0, United States",JRCCBT76A9,Delivered,6.0,1.75,4.25
Mendo Pack and Ship,Keep The Immigrants Deport The Racists Sticker,Keep The Immigrants Deport The Racists Sticker,"Stickers, pins, & magnets",2026-01-08,10.5,Mendocino,CA,"Mendocino, CA",45121 Ukiah Street,PO BOX 1877,95460.0,United States,"45121 Ukiah Street, PO BOX 1877, Mendocino, CA 95460.0, United States",JRCCBT76A9,Delivered,6.0,1.75,4.75
"ZELDA ZEN, L.L.C.",Radicalized By Basic Decency Floral Sticker,Radicalized By Basic Decency Floral Sticker,"Stickers, pins, & magnets",2026-01-08,14.0,Baltimore,MD,"Baltimore, MD",1634 thames street,,21231.0,United States,"1634 thames street, Baltimore, MD 21231.0, United States",GQYWAGSYZD,Delivered,8.0,1.75,4.75
"ZELDA ZEN, L.L.C.","Hidden ""Fuck Trump"" Floral Sticker","Hidden ""Fuck Trump"" Floral Sticker","Stickers, pins, & magnets",2026-01-08,14.0,Baltimore,MD,"Baltimore, MD",1634 thames street,,21231.0,United States,"1634 thames street, Baltimore, MD 21231.0, United States",GQYWAGSYZD,Delivered,8.0,1.75,4.75
"ZELDA ZEN, L.L.C.","Hidden ""Fuck Trump"" Floral Pixie Glitter Sticker","Hidden ""Fuck Trump"" Floral Pixie Glitter Sticker","Stickers, pins, & magnets",2026-01-08,14.0,Baltimore,MD,"Baltimore, MD",1634 thames street,,21231.0,United States,"1634 thames street, Baltimore, MD 21231.0, United States",GQYWAGSYZD,Delivered,8.0,1.75,4.75
"ZELDA ZEN, L.L.C.",America Was Built By Immigrants Sticker,America Was Built By Immigrants Sticker,"Stickers, pins, & magnets",2026-01-08,10.5,Baltimore,MD,"Baltimore, MD",1634 thames street,,21231.0,United States,"1634 thames street, Baltimore, MD 21231.0, United States",GQYWAGSYZD,Delivered,6.0,1.75,4.75
"ZELDA ZEN, L.L.C.",Keep The Immigrants Deport The Racists Sticker,Keep The Immigrants Deport The Racists Sticker,"Stickers, pins, & magnets",2026-01-08,10.5,Baltimore,MD,"Baltimore, MD",1634 thames street,,21231.0,United States,"1634 thames street, Baltimore, MD 21231.0, United States",GQYWAGSYZD,Delivered,6.0,1.75,4.75
"ZELDA ZEN, L.L.C.",Radicalized By Basic Decency Floral Tote Bag,Radicalized By Basic Decency Floral Tote Bag,"Stickers, pins, & magnets",2026-01-08,30.0,Baltimore,MD,"Baltimore, MD",1634 thames street,,21231.0,United States,"1634 thames street, Baltimore, MD 21231.0, United States",GQYWAGSYZD,Delivered,3.0,10.0,20.0
The Lady Jane Shop,Community Is Resistance Sticker,Community Is Resistance Sticker,"Stickers, pins, & magnets",2026-01-08,3.5,Harrisonburg,VA,"Harrisonburg, VA",117 South Main Street,,22801.0,United States,"117 South Main Street, Harrisonburg, VA 22801.0, United States",W8PPEJQYC4,Delivered,2.0,1.75,4.75
The Lady Jane Shop,Resist Sticker,Resist Sticker,"Stickers, pins, & magnets",2026-01-08,14.0,Harrisonburg,VA,"Harrisonburg, VA",117 South Main Street,,22801.0,United States,"117 South Main Street, Harrisonburg, VA 22801.0, United States",W8PPEJQYC4,Delivered,8.0,1.75,4.75
The Lady Jane Shop,Make Orwell Fiction Again Sticker,Make Orwell Fiction Again Sticker,"Stickers, pins, & magnets",2026-01-08,14.0,Harrisonburg,VA,"Harrisonburg, VA",117 South Main Street,,22801.0,United States,"117 South Main Street, Harrisonburg, VA 22801.0, United States",W8PPEJQYC4,Delivered,8.0,1.75,4.75
The Lady Jane Shop,I Can't Go On..I Need A Snack Pls Glitter Sticker,I Can't Go On..I Need A Snack Pls Glitter Sticker,"Stickers, pins, & magnets",2026-01-08,14.0,Harrisonburg,VA,"Harrisonburg, VA",117 South Main Street,,22801.0,United States,"117 South Main Street, Harrisonburg, VA 22801.0, United States",W8PPEJQYC4,Delivered,8.0,1.75,4.75
The Lady Jane Shop,No One Is Illegal On Stolen Land Sticker,No One Is Illegal On Stolen Land Sticker,"Stickers, pins, & magnets",2026-01-08,21.0,Harrisonburg,VA,"Harrisonburg, VA",117 South Main Street,,22801.0,United States,"117 South Main Street, Harrisonburg, VA 22801.0, United States",W8PPEJQYC4,Delivered,12.0,1.75,4.75
The Lady Jane Shop,Community Is Resistance Sticker,Community Is Resistance Sticker,"Stickers, pins, & magnets",2026-01-08,10.5,Harrisonburg,VA,"Harrisonburg, VA",117 South Main Street,,22801.0,United States,"117 South Main Street, Harrisonburg, VA 22801.0, United States",W8PPEJQYC4,Delivered,6.0,1.75,4.75
The Lady Jane Shop,Radicalized By Basic Decency Floral Sticker,Radicalized By Basic Decency Floral Sticker,"Stickers, pins, & magnets",2026-01-08,21.0,Harrisonburg,VA,"Harrisonburg, VA",117 South Main Street,,22801.0,United States,"117 South Main Street, Harrisonburg, VA 22801.0, United States",W8PPEJQYC4,Delivered,12.0,1.75,4.75
The Lady Jane Shop,You've Just Buttered Your Last Biscuit Sticker,You've Just Buttered Your Last Biscuit Sticker,"Stickers, pins, & magnets",2026-01-08,14.0,Harrisonburg,VA,"Harrisonburg, VA",117 South Main Street,,22801.0,United States,"117 South Main Street, Harrisonburg, VA 22801.0, United States",W8PPEJQYC4,Delivered,8.0,1.75,4.75
The Lady Jane Shop,Awake But At What Cost Sticker,Awake But At What Cost Sticker,"Stickers, pins, & magnets",2026-01-08,21.0,Harrisonburg,VA,"Harrisonburg, VA",117 South Main Street,,22801.0,United States,"117 South Main Street, Harrisonburg, VA 22801.0, United States",W8PPEJQYC4,Delivered,12.0,1.75,4.75
The Lady Jane Shop,In My Feminine Rage Era Sticker (2 styles available),In My Feminine Rage Era Sticker (2 styles available),"Stickers, pins, & magnets",2026-01-08,14.0,Harrisonburg,VA,"Harrisonburg, VA",117 South Main Street,,22801.0,United States,"117 South Main Street, Harrisonburg, VA 22801.0, United States",W8PPEJQYC4,Delivered,8.0,1.75,4.75
The Lady Jane Shop,Please Hesitate To Reach Out To Me Sticker (2 colors available),Please Hesitate To Reach Out To Me Sticker (2 colors available),"Stickers, pins, & magnets",2026-01-08,14.0,Harrisonburg,VA,"Harrisonburg, VA",117 South Main Street,,22801.0,United States,"117 South Main Street, Harrisonburg, VA 22801.0, United States",W8PPEJQYC4,Delivered,8.0,1.75,4.75
The Lady Jane Shop,The Hell I Won't Sticker,The Hell I Won't Sticker,"Stickers, pins, & magnets",2026-01-08,10.5,Harrisonburg,VA,"Harrisonburg, VA",117 South Main Street,,22801.0,United States,"117 South Main Street, Harrisonburg, VA 22801.0, United States",W8PPEJQYC4,Delivered,6.0,1.75,4.75
The Lady Jane Shop,Radicalized By Basic Decency Button,Radicalized By Basic Decency Button,"Stickers, pins, & magnets",2026-01-08,7.5,Harrisonburg,VA,"Harrisonburg, VA",117 South Main Street,,22801.0,United States,"117 South Main Street, Harrisonburg, VA 22801.0, United States",W8PPEJQYC4,Delivered,6.0,1.25,2.5
The Lady Jane Shop,Girl Dinner Sticker (Glitter or White Available),Girl Dinner Sticker (Glitter or White Available),"Stickers, pins, & magnets",2026-01-08,10.5,Harrisonburg,VA,"Harrisonburg, VA",117 South Main Street,,22801.0,United States,"117 South Main Street, Harrisonburg, VA 22801.0, United States",W8PPEJQYC4,Delivered,6.0,1.75,4.75
The Lady Jane Shop,Be Brave Be Loud And Look Out For Others Sticker,Be Brave Be Loud And Look Out For Others Sticker,"Stickers, pins, & magnets",2026-01-08,14.0,Harrisonburg,VA,"Harrisonburg, VA",117 South Main Street,,22801.0,United States,"117 South Main Street, Harrisonburg, VA 22801.0, United States",W8PPEJQYC4,Delivered,8.0,1.75,4.75
The Lady Jane Shop,What's More Punk Than The Public Library Sticker,What's More Punk Than The Public Library Sticker,"Stickers, pins, & magnets",2026-01-08,10.5,Harrisonburg,VA,"Harrisonburg, VA",117 South Main Street,,22801.0,United States,"117 South Main Street, Harrisonburg, VA 22801.0, United States",W8PPEJQYC4,Delivered,6.0,1.75,4.75
The Lady Jane Shop,What's More Punk Than The Public Library Button,What's More Punk Than The Public Library Button,"Stickers, pins, & magnets",2026-01-08,6.0,Harrisonburg,VA,"Harrisonburg, VA",117 South Main Street,,22801.0,United States,"117 South Main Street, Harrisonburg, VA 22801.0, United States",W8PPEJQYC4,Delivered,6.0,1.0,2.75
The Lady Jane Shop,Sorry I Can't Go I'm An Indoor Cat Glitter Sticker,Sorry I Can't Go I'm An Indoor Cat Glitter Sticker,"Stickers, pins, & magnets",2026-01-08,10.5,Harrisonburg,VA,"Harrisonburg, VA",117 South Main Street,,22801.0,United States,"117 South Main Street, Harrisonburg, VA 22801.0, United States",W8PPEJQYC4,Delivered,6.0,1.75,4.75
The Lady Jane Shop,Caring About People Is Not Political Sticker,Caring About People Is Not Political Sticker,"Stickers, pins, & magnets",2026-01-08,10.5,Harrisonburg,VA,"Harrisonburg, VA",117 South Main Street,,22801.0,United States,"117 South Main Street, Harrisonburg, VA 22801.0, United States",W8PPEJQYC4,Delivered,6.0,1.75,4.75
The Lady Jane Shop,Trinkets Are My Weakness Pixie Glitter Sticker,Trinkets Are My Weakness Pixie Glitter Sticker,"Stickers, pins, & magnets",2026-01-08,10.5,Harrisonburg,VA,"Harrisonburg, VA",117 South Main Street,,22801.0,United States,"117 South Main Street, Harrisonburg, VA 22801.0, United States",W8PPEJQYC4,Delivered,6.0,1.75,4.75
The Lady Jane Shop,Petrify the Patriarchy Sticker,Petrify the Patriarchy Sticker,"Stickers, pins, & magnets",2026-01-08,10.5,Harrisonburg,VA,"Harrisonburg, VA",117 South Main Street,,22801.0,United States,"117 South Main Street, Harrisonburg, VA 22801.0, United States",W8PPEJQYC4,Delivered,6.0,1.75,4.75
The Lady Jane Shop,Radicalized By Basic Decency Magnet,Radicalized By Basic Decency Magnet,"Stickers, pins, & magnets",2026-01-08,25.0,Harrisonburg,VA,"Harrisonburg, VA",117 South Main Street,,22801.0,United States,"117 South Main Street, Harrisonburg, VA 22801.0, United States",W8PPEJQYC4,Delivered,10.0,2.5,6.5
The Lady Jane Shop,"Do You Have Any Fucks? Not Even One, Girl. Go Fish. Sticker","Do You Have Any Fucks? Not Even One, Girl. Go Fish. Sticker","Stickers, pins, & magnets",2026-01-08,21.0,Harrisonburg,VA,"Harrisonburg, VA",117 South Main Street,,22801.0,United States,"117 South Main Street, Harrisonburg, VA 22801.0, United States",W8PPEJQYC4,Delivered,12.0,1.75,4.75
The Lady Jane Shop,Queen Of Books Magnet,Queen Of Books Magnet,"Stickers, pins, & magnets",2026-01-08,15.0,Harrisonburg,VA,"Harrisonburg, VA",117 South Main Street,,22801.0,United States,"117 South Main Street, Harrisonburg, VA 22801.0, United States",W8PPEJQYC4,Delivered,6.0,2.5,6.5
The Lady Jane Shop,The Road To Fascism Is Paved With The People That Told You To Stop Overreacting Holographic Sticker,The Road To Fascism Is Paved With The People That Told You To Stop Overreacting Holographic Sticker,"Stickers, pins, & magnets",2026-01-08,10.5,Harrisonburg,VA,"Harrisonburg, VA",117 South Main Street,,22801.0,United States,"117 South Main Street, Harrisonburg, VA 22801.0, United States",W8PPEJQYC4,Delivered,6.0,1.75,4.75
Book Ferret,Radicalized By Basic Decency Floral Sticker,Radicalized By Basic Decency Floral Sticker,"Stickers, pins, & magnets",2026-01-08,10.5,Winston-Salem,NC,"Winston-Salem, NC",3354 Robinhood Road,,27106.0,United States,"3354 Robinhood Road, Winston-Salem, NC 27106.0, United States",GBB2SY335R,Delivered,6.0,1.75,4.75
Book Ferret,Compost The Patriarchy Sticker,Compost The Patriarchy Sticker,"Stickers, pins, & magnets",2026-01-08,10.5,Winston-Salem,NC,"Winston-Salem, NC",3354 Robinhood Road,,27106.0,United States,"3354 Robinhood Road, Winston-Salem, NC 27106.0, United States",GBB2SY335R,Delivered,6.0,1.75,4.75
Book Ferret,Girl Power Glitter Sticker,Girl Power Glitter Sticker,"Stickers, pins, & magnets",2026-01-08,10.5,Winston-Salem,NC,"Winston-Salem, NC",3354 Robinhood Road,,27106.0,United States,"3354 Robinhood Road, Winston-Salem, NC 27106.0, United States",GBB2SY335R,Delivered,6.0,1.75,4.75
Book Ferret,Burn The Patriarchy Sticker,Burn The Patriarchy Sticker,"Stickers, pins, & magnets",2026-01-08,10.5,Winston-Salem,NC,"Winston-Salem, NC",3354 Robinhood Road,,27106.0,United States,"3354 Robinhood Road, Winston-Salem, NC 27106.0, United States",GBB2SY335R,Delivered,6.0,1.75,4.75
Book Ferret,Girls Will Be Girls Sticker,Girls Will Be Girls Sticker,"Stickers, pins, & magnets",2026-01-08,10.5,Winston-Salem,NC,"Winston-Salem, NC",3354 Robinhood Road,,27106.0,United States,"3354 Robinhood Road, Winston-Salem, NC 27106.0, United States",GBB2SY335R,Delivered,6.0,1.75,4.75
Book Ferret,Be Brave Be Loud And Look Out For Others Sticker,Be Brave Be Loud And Look Out For Others Sticker,"Stickers, pins, & magnets",2026-01-08,10.5,Winston-Salem,NC,"Winston-Salem, NC",3354 Robinhood Road,,27106.0,United States,"3354 Robinhood Road, Winston-Salem, NC 27106.0, United States",GBB2SY335R,Delivered,6.0,1.75,4.75
Book Ferret,"Hey, You Dropped This Holographic Sticker","Hey, You Dropped This Holographic Sticker","Stickers, pins, & magnets",2026-01-08,10.5,Winston-Salem,NC,"Winston-Salem, NC",3354 Robinhood Road,,27106.0,United States,"3354 Robinhood Road, Winston-Salem, NC 27106.0, United States",GBB2SY335R,Delivered,6.0,1.75,4.75
Book Ferret,Community Is Resistance Sticker,Community Is Resistance Sticker,"Stickers, pins, & magnets",2026-01-08,10.5,Winston-Salem,NC,"Winston-Salem, NC",3354 Robinhood Road,,27106.0,United States,"3354 Robinhood Road, Winston-Salem, NC 27106.0, United States",GBB2SY335R,Delivered,6.0,1.75,4.75
Book Ferret,Smash The Oligarchy Sticker,Smash The Oligarchy Sticker,"Stickers, pins, & magnets",2026-01-08,10.5,Winston-Salem,NC,"Winston-Salem, NC",3354 Robinhood Road,,27106.0,United States,"3354 Robinhood Road, Winston-Salem, NC 27106.0, United States",GBB2SY335R,Delivered,6.0,1.75,4.75
Book Ferret,If You Support Fascism We Can't Be Friends Glitter Sticker,If You Support Fascism We Can't Be Friends Glitter Sticker,"Stickers, pins, & magnets",2026-01-08,10.5,Winston-Salem,NC,"Winston-Salem, NC",3354 Robinhood Road,,27106.0,United States,"3354 Robinhood Road, Winston-Salem, NC 27106.0, United States",GBB2SY335R,Delivered,6.0,1.75,4.75
Book Ferret,Just Be A Good Human Glitter Sticker,Just Be A Good Human Glitter Sticker,"Stickers, pins, & magnets",2026-01-08,10.5,Winston-Salem,NC,"Winston-Salem, NC",3354 Robinhood Road,,27106.0,United States,"3354 Robinhood Road, Winston-Salem, NC 27106.0, United States",GBB2SY335R,Delivered,6.0,1.75,4.75
"No Thoughts, Just Things",Have The Day You Voted For Button,Have The Day You Voted For Button,"Stickers, pins, & magnets",2026-01-07,5.0,Fort Mitchell,AL,"Fort Mitchell, AL",14 Eagle Ridge Lane,,36856.0,United States,"14 Eagle Ridge Lane, Fort Mitchell, AL 36856.0, United States",NNRP3DQSMZ,Delivered,5.0,1.0,2.75
"No Thoughts, Just Things",Big Fan of Human Rights Button,Big Fan of Human Rights Button,"Stickers, pins, & magnets",2026-01-07,7.5,Fort Mitchell,AL,"Fort Mitchell, AL",14 Eagle Ridge Lane,,36856.0,United States,"14 Eagle Ridge Lane, Fort Mitchell, AL 36856.0, United States",NNRP3DQSMZ,Delivered,5.0,1.5,3.0
"No Thoughts, Just Things",Caring About People Is Not Political Button,Caring About People Is Not Political Button,"Stickers, pins, & magnets",2026-01-07,5.0,Fort Mitchell,AL,"Fort Mitchell, AL",14 Eagle Ridge Lane,,36856.0,United States,"14 Eagle Ridge Lane, Fort Mitchell, AL 36856.0, United States",NNRP3DQSMZ,Delivered,5.0,1.0,2.75
"No Thoughts, Just Things",If Explosive Diarrhea Was A Person Button,If Explosive Diarrhea Was A Person Button,"Stickers, pins, & magnets",2026-01-07,5.0,Fort Mitchell,AL,"Fort Mitchell, AL",14 Eagle Ridge Lane,,36856.0,United States,"14 Eagle Ridge Lane, Fort Mitchell, AL 36856.0, United States",NNRP3DQSMZ,Delivered,5.0,1.0,2.75
"No Thoughts, Just Things",Strawberry Candy Holographic Sticker,Strawberry Candy Holographic Sticker,"Stickers, pins, & magnets",2026-01-07,10.5,Fort Mitchell,AL,"Fort Mitchell, AL",14 Eagle Ridge Lane,,36856.0,United States,"14 Eagle Ridge Lane, Fort Mitchell, AL 36856.0, United States",NNRP3DQSMZ,Delivered,6.0,1.75,4.75
"No Thoughts, Just Things","Anyway, Here's Wonderwall Sticker","Anyway, Here's Wonderwall Sticker","Stickers, pins, & magnets",2026-01-07,10.5,Fort Mitchell,AL,"Fort Mitchell, AL",14 Eagle Ridge Lane,,36856.0,United States,"14 Eagle Ridge Lane, Fort Mitchell, AL 36856.0, United States",NNRP3DQSMZ,Delivered,6.0,1.75,4.75
"No Thoughts, Just Things",I've Heard Enough From Old White Men Button,I've Heard Enough From Old White Men Button,"Stickers, pins, & magnets",2026-01-07,3.0,Fort Mitchell,AL,"Fort Mitchell, AL",14 Eagle Ridge Lane,,36856.0,United States,"14 Eagle Ridge Lane, Fort Mitchell, AL 36856.0, United States",NNRP3DQSMZ,Delivered,3.0,1.0,2.75
"No Thoughts, Just Things",For The Fuckteenth Time Pen,For The Fuckteenth Time Pen,Stationery & writing,2026-01-07,4.0,Fort Mitchell,AL,"Fort Mitchell, AL",14 Eagle Ridge Lane,,36856.0,United States,"14 Eagle Ridge Lane, Fort Mitchell, AL 36856.0, United States",NNRP3DQSMZ,Delivered,5.0,0.8,2.75
"No Thoughts, Just Things",Currently Dissociating Pen,Currently Dissociating Pen,Stationery & writing,2026-01-07,4.25,Fort Mitchell,AL,"Fort Mitchell, AL",14 Eagle Ridge Lane,,36856.0,United States,"14 Eagle Ridge Lane, Fort Mitchell, AL 36856.0, United States",NNRP3DQSMZ,Delivered,5.0,0.85,1.7
"No Thoughts, Just Things","Sorry I Was Rude, It Was Probably Your Fault Pen","Sorry I Was Rude, It Was Probably Your Fault Pen",Stationery & writing,2026-01-07,4.0,Fort Mitchell,AL,"Fort Mitchell, AL",14 Eagle Ridge Lane,,36856.0,United States,"14 Eagle Ridge Lane, Fort Mitchell, AL 36856.0, United States",NNRP3DQSMZ,Delivered,5.0,0.8,2.75
"No Thoughts, Just Things",I May Be Wrong But I Doubt It Pen,I May Be Wrong But I Doubt It Pen,Stationery & writing,2026-01-07,4.0,Fort Mitchell,AL,"Fort Mitchell, AL",14 Eagle Ridge Lane,,36856.0,United States,"14 Eagle Ridge Lane, Fort Mitchell, AL 36856.0, United States",NNRP3DQSMZ,Delivered,5.0,0.8,2.75
"No Thoughts, Just Things",I Should Be Frolicking In A Forest But I'm Here. Wtf Pen,I Should Be Frolicking In A Forest But I'm Here. Wtf Pen,Stationery & writing,2026-01-07,4.25,Fort Mitchell,AL,"Fort Mitchell, AL",14 Eagle Ridge Lane,,36856.0,United States,"14 Eagle Ridge Lane, Fort Mitchell, AL 36856.0, United States",NNRP3DQSMZ,Delivered,5.0,0.85,2.75
"No Thoughts, Just Things",May They Burn In Hell Glitter Sticker,May They Burn In Hell Glitter Sticker,"Stickers, pins, & magnets",2026-01-07,10.5,Fort Mitchell,AL,"Fort Mitchell, AL",14 Eagle Ridge Lane,,36856.0,United States,"14 Eagle Ridge Lane, Fort Mitchell, AL 36856.0, United States",NNRP3DQSMZ,Delivered,6.0,1.75,4.75
"No Thoughts, Just Things","Mini Troll Surprise Packs - 3, 6 or 10!","Mini Troll Surprise Packs - 3, 6 or 10!","Stickers, pins, & magnets",2026-01-07,4.99,Fort Mitchell,AL,"Fort Mitchell, AL",14 Eagle Ridge Lane,,36856.0,United States,"14 Eagle Ridge Lane, Fort Mitchell, AL 36856.0, United States",NNRP3DQSMZ,Delivered,1.0,4.99,9.99
"No Thoughts, Just Things",Fuck The Patriarchy Sticker,Fuck The Patriarchy Sticker,"Stickers, pins, & magnets",2026-01-07,10.5,Fort Mitchell,AL,"Fort Mitchell, AL",14 Eagle Ridge Lane,,36856.0,United States,"14 Eagle Ridge Lane, Fort Mitchell, AL 36856.0, United States",NNRP3DQSMZ,Delivered,6.0,1.75,4.25
"No Thoughts, Just Things",Publicly Shame Racists Button,Publicly Shame Racists Button,"Stickers, pins, & magnets",2026-01-07,5.0,Fort Mitchell,AL,"Fort Mitchell, AL",14 Eagle Ridge Lane,,36856.0,United States,"14 Eagle Ridge Lane, Fort Mitchell, AL 36856.0, United States",NNRP3DQSMZ,Delivered,4.0,1.25,2.75
"No Thoughts, Just Things",Disappointed But Not Surprised Pen,Disappointed But Not Surprised Pen,Stationery & writing,2026-01-07,4.0,Fort Mitchell,AL,"Fort Mitchell, AL",14 Eagle Ridge Lane,,36856.0,United States,"14 Eagle Ridge Lane, Fort Mitchell, AL 36856.0, United States",NNRP3DQSMZ,Delivered,5.0,0.8,2.75
Norris Dam State Park,Strawberry Candy Holographic Sticker,Strawberry Candy Holographic Sticker,"Stickers, pins, & magnets",2026-01-06,52.5,Rocky Top,TN,"Rocky Top, TN",125 Village Green Circle,,37769.0,United States,"125 Village Green Circle, Rocky Top, TN 37769.0, United States",JEC6EPDTHF,Delivered,30.0,1.75,4.75
Norris Dam State Park,Cool Girls Know History Sticker,Cool Girls Know History Sticker,"Stickers, pins, & magnets",2026-01-06,52.5,Rocky Top,TN,"Rocky Top, TN",125 Village Green Circle,,37769.0,United States,"125 Village Green Circle, Rocky Top, TN 37769.0, United States",JEC6EPDTHF,Delivered,30.0,1.75,4.25
Harlow Lifestyle & Gift,What's More Punk Than The Public Library Sticker,What's More Punk Than The Public Library Sticker,"Stickers, pins, & magnets",2026-01-05,10.5,Palisade,CO,"Palisade, CO",109 West 3rd Street,514.0,81526.0,United States,"109 West 3rd Street, 514.0, Palisade, CO 81526.0, United States",B7F4SVZUJX,Delivered,6.0,1.75,4.75
Harlow Lifestyle & Gift,Radicalized By Basic Decency Floral Sticker,Radicalized By Basic Decency Floral Sticker,"Stickers, pins, & magnets",2026-01-05,10.5,Palisade,CO,"Palisade, CO",109 West 3rd Street,514.0,81526.0,United States,"109 West 3rd Street, 514.0, Palisade, CO 81526.0, United States",B7F4SVZUJX,Delivered,6.0,1.75,4.75
Harlow Lifestyle & Gift,Let's Read Banned Books Tote Bag,Let's Read Banned Books Tote Bag,Stationery & writing,2026-01-05,30.0,Palisade,CO,"Palisade, CO",109 West 3rd Street,514.0,81526.0,United States,"109 West 3rd Street, 514.0, Palisade, CO 81526.0, United States",B7F4SVZUJX,Delivered,3.0,10.0,20.0
Harlow Lifestyle & Gift,Radicalized By Basic Decency Floral Tote Bag,Radicalized By Basic Decency Floral Tote Bag,"Stickers, pins, & magnets",2026-01-05,30.0,Palisade,CO,"Palisade, CO",109 West 3rd Street,514.0,81526.0,United States,"109 West 3rd Street, 514.0, Palisade, CO 81526.0, United States",B7F4SVZUJX,Delivered,3.0,10.0,20.0
Harlow Lifestyle & Gift,Let's Be Better Humans Sticker,Let's Be Better Humans Sticker,"Stickers, pins, & magnets",2026-01-05,10.5,Palisade,CO,"Palisade, CO",109 West 3rd Street,514.0,81526.0,United States,"109 West 3rd Street, 514.0, Palisade, CO 81526.0, United States",B7F4SVZUJX,Delivered,6.0,1.75,6.5
Harlow Lifestyle & Gift,Community Is Resistance Sticker,Community Is Resistance Sticker,"Stickers, pins, & magnets",2026-01-05,10.5,Palisade,CO,"Palisade, CO",109 West 3rd Street,514.0,81526.0,United States,"109 West 3rd Street, 514.0, Palisade, CO 81526.0, United States",B7F4SVZUJX,Delivered,6.0,1.75,4.75
Harlow Lifestyle & Gift,Thumbs Up Cat Sticker,Thumbs Up Cat Sticker,"Stickers, pins, & magnets",2026-01-05,10.5,Palisade,CO,"Palisade, CO",109 West 3rd Street,514.0,81526.0,United States,"109 West 3rd Street, 514.0, Palisade, CO 81526.0, United States",B7F4SVZUJX,Delivered,6.0,1.75,4.75
Harlow Lifestyle & Gift,I Love It When Women Glitter Sticker,I Love It When Women Glitter Sticker,"Stickers, pins, & magnets",2026-01-05,10.5,Palisade,CO,"Palisade, CO",109 West 3rd Street,514.0,81526.0,United States,"109 West 3rd Street, 514.0, Palisade, CO 81526.0, United States",B7F4SVZUJX,Delivered,6.0,1.75,4.75
Harlow Lifestyle & Gift,Fantasy Readers Book Club Tote Bag,Fantasy Readers Book Club Tote Bag,Stationery & writing,2026-01-05,30.0,Palisade,CO,"Palisade, CO",109 West 3rd Street,514.0,81526.0,United States,"109 West 3rd Street, 514.0, Palisade, CO 81526.0, United States",B7F4SVZUJX,Delivered,3.0,10.0,20.0
Harlow Lifestyle & Gift,Be Brave Be Loud And Look Out For Others Sticker,Be Brave Be Loud And Look Out For Others Sticker,"Stickers, pins, & magnets",2026-01-05,10.5,Palisade,CO,"Palisade, CO",109 West 3rd Street,514.0,81526.0,United States,"109 West 3rd Street, 514.0, Palisade, CO 81526.0, United States",B7F4SVZUJX,Delivered,6.0,1.75,4.75
Tandem Brick Gallery,"When You Can Be Anything You Want, An Asshole Seems To Be A Really Odd Choice Glitter Sticker","When You Can Be Anything You Want, An Asshole Seems To Be A Really Odd Choice Glitter Sticker","Stickers, pins, & magnets",2026-01-04,10.5,Des Moines,IA,"Des Moines, IA",2722 Ingersoll Ave.,,50312.0,United States,"2722 Ingersoll Ave., Des Moines, IA 50312.0, United States",FTAQGPY776,Delivered,6.0,1.75,4.75
Tandem Brick Gallery,Just Be A Good Human Glitter Sticker,Just Be A Good Human Glitter Sticker,"Stickers, pins, & magnets",2026-01-04,10.5,Des Moines,IA,"Des Moines, IA",2722 Ingersoll Ave.,,50312.0,United States,"2722 Ingersoll Ave., Des Moines, IA 50312.0, United States",FTAQGPY776,Delivered,6.0,1.75,4.75
Tandem Brick Gallery,Let's Read Banned Books Tote Bag,Let's Read Banned Books Tote Bag,Stationery & writing,2026-01-04,30.0,Des Moines,IA,"Des Moines, IA",2722 Ingersoll Ave.,,50312.0,United States,"2722 Ingersoll Ave., Des Moines, IA 50312.0, United States",FTAQGPY776,Delivered,3.0,10.0,20.0
Tandem Brick Gallery,I Didn't Grow Up Saying With Liberty & Justice For All Everyday To Settle For Anything Less Tote Bag,I Didn't Grow Up Saying With Liberty & Justice For All Everyday To Settle For Anything Less Tote Bag,"Stickers, pins, & magnets",2026-01-04,30.0,Des Moines,IA,"Des Moines, IA",2722 Ingersoll Ave.,,50312.0,United States,"2722 Ingersoll Ave., Des Moines, IA 50312.0, United States",FTAQGPY776,Delivered,3.0,10.0,20.0
Tandem Brick Gallery,I Tried To Form A Gang But It Turned Into A Book Club Tote Bag,I Tried To Form A Gang But It Turned Into A Book Club Tote Bag,Stationery & writing,2026-01-04,30.0,Des Moines,IA,"Des Moines, IA",2722 Ingersoll Ave.,,50312.0,United States,"2722 Ingersoll Ave., Des Moines, IA 50312.0, United States",FTAQGPY776,Delivered,3.0,10.0,20.0
Backwater Books,More Pride Less Prejudice Tote Bag,More Pride Less Prejudice Tote Bag,"Stickers, pins, & magnets",2026-01-04,30.0,Ellicott City,MD,"Ellicott City, MD",8156 Main Street,,21043.0,United States,"8156 Main Street, Ellicott City, MD 21043.0, United States",M43V8CK4D9,Delivered,3.0,10.0,20.0
Backwater Books,"Diversity, Kindness, Equality And Love Tote Bag","Diversity, Kindness, Equality And Love Tote Bag","Stickers, pins, & magnets",2026-01-04,30.0,Ellicott City,MD,"Ellicott City, MD",8156 Main Street,,21043.0,United States,"8156 Main Street, Ellicott City, MD 21043.0, United States",M43V8CK4D9,Delivered,3.0,10.0,20.0
Backwater Books,Read Books And Fight The Patriarchy Tote Bag,Read Books And Fight The Patriarchy Tote Bag,Stationery & writing,2026-01-04,30.0,Ellicott City,MD,"Ellicott City, MD",8156 Main Street,,21043.0,United States,"8156 Main Street, Ellicott City, MD 21043.0, United States",M43V8CK4D9,Delivered,3.0,10.0,20.0
Backwater Books,Fantasy Readers Book Club Tote Bag,Fantasy Readers Book Club Tote Bag,Stationery & writing,2026-01-04,50.0,Ellicott City,MD,"Ellicott City, MD",8156 Main Street,,21043.0,United States,"8156 Main Street, Ellicott City, MD 21043.0, United States",M43V8CK4D9,Delivered,5.0,10.0,20.0
Backwater Books,Literacy and Justice For All Sticker,Literacy and Justice For All Sticker,"Stickers, pins, & magnets",2026-01-04,10.5,Ellicott City,MD,"Ellicott City, MD",8156 Main Street,,21043.0,United States,"8156 Main Street, Ellicott City, MD 21043.0, United States",M43V8CK4D9,Delivered,6.0,1.75,4.75
Backwater Books,The Hell I Won't Sticker,The Hell I Won't Sticker,"Stickers, pins, & magnets",2026-01-04,10.5,Ellicott City,MD,"Ellicott City, MD",8156 Main Street,,21043.0,United States,"8156 Main Street, Ellicott City, MD 21043.0, United States",M43V8CK4D9,Delivered,6.0,1.75,4.75
Backwater Books,Make Orwell Fiction Again Sticker,Make Orwell Fiction Again Sticker,"Stickers, pins, & magnets",2026-01-04,10.5,Ellicott City,MD,"Ellicott City, MD",8156 Main Street,,21043.0,United States,"8156 Main Street, Ellicott City, MD 21043.0, United States",M43V8CK4D9,Delivered,6.0,1.75,4.75
Backwater Books,Maybe Books Are Addicted To Me Tote Bag,Maybe Books Are Addicted To Me Tote Bag,Stationery & writing,2026-01-04,30.0,Ellicott City,MD,"Ellicott City, MD",8156 Main Street,,21043.0,United States,"8156 Main Street, Ellicott City, MD 21043.0, United States",M43V8CK4D9,Delivered,3.0,10.0,20.0
Backwater Books,The Bookstore So Many Books So Little Time Glitter Sticker,The Bookstore So Many Books So Little Time Glitter Sticker,"Stickers, pins, & magnets",2026-01-04,10.5,Ellicott City,MD,"Ellicott City, MD",8156 Main Street,,21043.0,United States,"8156 Main Street, Ellicott City, MD 21043.0, United States",M43V8CK4D9,Delivered,6.0,1.75,4.75
Backwater Books,Please Hesitate To Reach Out To Me Sticker (2 colors available),Please Hesitate To Reach Out To Me Sticker (2 colors available),"Stickers, pins, & magnets",2026-01-04,10.5,Ellicott City,MD,"Ellicott City, MD",8156 Main Street,,21043.0,United States,"8156 Main Street, Ellicott City, MD 21043.0, United States",M43V8CK4D9,Delivered,6.0,1.75,4.75
Backwater Books,Reading Is Magical Tote Bag,Reading Is Magical Tote Bag,"Stickers, pins, & magnets",2026-01-04,40.0,Ellicott City,MD,"Ellicott City, MD",8156 Main Street,,21043.0,United States,"8156 Main Street, Ellicott City, MD 21043.0, United States",M43V8CK4D9,Delivered,4.0,10.0,20.0
Backwater Books,"With Love,Go Feast On A Sack Full Of Richards Sticker","With Love,Go Feast On A Sack Full Of Richards Sticker","Stickers, pins, & magnets",2026-01-04,10.5,Ellicott City,MD,"Ellicott City, MD",8156 Main Street,,21043.0,United States,"8156 Main Street, Ellicott City, MD 21043.0, United States",M43V8CK4D9,Delivered,6.0,1.75,4.75
Backwater Books,Eat Shit Glitter Sticker,Eat Shit Glitter Sticker,"Stickers, pins, & magnets",2026-01-04,10.5,Ellicott City,MD,"Ellicott City, MD",8156 Main Street,,21043.0,United States,"8156 Main Street, Ellicott City, MD 21043.0, United States",M43V8CK4D9,Delivered,6.0,1.75,4.75
Backwater Books,Girls Will Be Girls Tote Bag,Girls Will Be Girls Tote Bag,"Stickers, pins, & magnets",2026-01-04,30.0,Ellicott City,MD,"Ellicott City, MD",8156 Main Street,,21043.0,United States,"8156 Main Street, Ellicott City, MD 21043.0, United States",M43V8CK4D9,Delivered,3.0,10.0,20.0
Backwater Books,Petrify the Patriarchy Sticker,Petrify the Patriarchy Sticker,"Stickers, pins, & magnets",2026-01-04,10.5,Ellicott City,MD,"Ellicott City, MD",8156 Main Street,,21043.0,United States,"8156 Main Street, Ellicott City, MD 21043.0, United States",M43V8CK4D9,Delivered,6.0,1.75,4.75
Backwater Books,Free Societies Protect Public Education Tote Bag,Free Societies Protect Public Education Tote Bag,Men's accessories,2026-01-04,30.0,Ellicott City,MD,"Ellicott City, MD",8156 Main Street,,21043.0,United States,"8156 Main Street, Ellicott City, MD 21043.0, United States",M43V8CK4D9,Delivered,3.0,10.0,20.0
Backwater Books,Public Health Over Corporate Wealth Tote Bag,Public Health Over Corporate Wealth Tote Bag,"Stickers, pins, & magnets",2026-01-04,50.0,Ellicott City,MD,"Ellicott City, MD",8156 Main Street,,21043.0,United States,"8156 Main Street, Ellicott City, MD 21043.0, United States",M43V8CK4D9,Delivered,5.0,10.0,20.0
Backwater Books,"Sorry, I'm Fully Booked Tonight! Tote Bag","Sorry, I'm Fully Booked Tonight! Tote Bag",Stationery & writing,2026-01-04,30.0,Ellicott City,MD,"Ellicott City, MD",8156 Main Street,,21043.0,United States,"8156 Main Street, Ellicott City, MD 21043.0, United States",M43V8CK4D9,Delivered,3.0,10.0,20.0
Backwater Books,Radicalized By Basic Decency Floral Sticker,Radicalized By Basic Decency Floral Sticker,"Stickers, pins, & magnets",2026-01-04,10.5,Ellicott City,MD,"Ellicott City, MD",8156 Main Street,,21043.0,United States,"8156 Main Street, Ellicott City, MD 21043.0, United States",M43V8CK4D9,Delivered,6.0,1.75,4.75
Backwater Books,"I May Be Laid Back, But I Can Lean Forward Real Fucking Quick Glitter Sticker","I May Be Laid Back, But I Can Lean Forward Real Fucking Quick Glitter Sticker","Stickers, pins, & magnets",2026-01-04,10.5,Ellicott City,MD,"Ellicott City, MD",8156 Main Street,,21043.0,United States,"8156 Main Street, Ellicott City, MD 21043.0, United States",M43V8CK4D9,Delivered,6.0,1.75,4.75
Backwater Books,Let's Be Better Humans Sticker,Let's Be Better Humans Sticker,"Stickers, pins, & magnets",2026-01-04,10.5,Ellicott City,MD,"Ellicott City, MD",8156 Main Street,,21043.0,United States,"8156 Main Street, Ellicott City, MD 21043.0, United States",M43V8CK4D9,Delivered,6.0,1.75,6.5
Backwater Books,Girls Will Be Girls Sticker,Girls Will Be Girls Sticker,"Stickers, pins, & magnets",2026-01-04,10.5,Ellicott City,MD,"Ellicott City, MD",8156 Main Street,,21043.0,United States,"8156 Main Street, Ellicott City, MD 21043.0, United States",M43V8CK4D9,Delivered,6.0,1.75,4.75
Backwater Books,Big Fan Of Human Rights Tote Bag,Big Fan Of Human Rights Tote Bag,"Stickers, pins, & magnets",2026-01-04,30.0,Ellicott City,MD,"Ellicott City, MD",8156 Main Street,,21043.0,United States,"8156 Main Street, Ellicott City, MD 21043.0, United States",M43V8CK4D9,Delivered,3.0,10.0,20.0
Backwater Books,Stop Brain Rot Read A Book Tote Bag,Stop Brain Rot Read A Book Tote Bag,Stationery & writing,2026-01-04,30.0,Ellicott City,MD,"Ellicott City, MD",8156 Main Street,,21043.0,United States,"8156 Main Street, Ellicott City, MD 21043.0, United States",M43V8CK4D9,Delivered,3.0,10.0,20.0
Backwater Books,You've Just Buttered Your Last Biscuit Sticker,You've Just Buttered Your Last Biscuit Sticker,"Stickers, pins, & magnets",2026-01-04,10.5,Ellicott City,MD,"Ellicott City, MD",8156 Main Street,,21043.0,United States,"8156 Main Street, Ellicott City, MD 21043.0, United States",M43V8CK4D9,Delivered,6.0,1.75,4.75
Backwater Books,"Do You Have Any Fucks? Not Even One, Girl. Go Fish. Sticker","Do You Have Any Fucks? Not Even One, Girl. Go Fish. Sticker","Stickers, pins, & magnets",2026-01-04,10.5,Ellicott City,MD,"Ellicott City, MD",8156 Main Street,,21043.0,United States,"8156 Main Street, Ellicott City, MD 21043.0, United States",M43V8CK4D9,Delivered,6.0,1.75,4.75
East Dallas Vintage,"I May Be Wrong, But I Doubt It Keychain","I May Be Wrong, But I Doubt It Keychain","Stickers, pins, & magnets",2026-01-03,13.5,Garland,TX,"Garland, TX",1805 Creekside Ct,,75040.0,United States,"1805 Creekside Ct, Garland, TX 75040.0, United States",VKJQD72FWR,Delivered,3.0,4.5,10.0
East Dallas Vintage,The Hell I Won't Sticker,The Hell I Won't Sticker,"Stickers, pins, & magnets",2026-01-03,10.5,Garland,TX,"Garland, TX",1805 Creekside Ct,,75040.0,United States,"1805 Creekside Ct, Garland, TX 75040.0, United States",VKJQD72FWR,Delivered,6.0,1.75,4.75
East Dallas Vintage,Queen Of Books Magnet,Queen Of Books Magnet,"Stickers, pins, & magnets",2026-01-03,5.0,Garland,TX,"Garland, TX",1805 Creekside Ct,,75040.0,United States,"1805 Creekside Ct, Garland, TX 75040.0, United States",VKJQD72FWR,Delivered,2.0,2.5,6.5
East Dallas Vintage,Slut For Books Glitter Sticker,Slut For Books Glitter Sticker,"Stickers, pins, & magnets",2026-01-03,10.5,Garland,TX,"Garland, TX",1805 Creekside Ct,,75040.0,United States,"1805 Creekside Ct, Garland, TX 75040.0, United States",VKJQD72FWR,Delivered,6.0,1.75,4.75
East Dallas Vintage,What's More Punk Than The Public Library Button,What's More Punk Than The Public Library Button,"Stickers, pins, & magnets",2026-01-03,2.0,Garland,TX,"Garland, TX",1805 Creekside Ct,,75040.0,United States,"1805 Creekside Ct, Garland, TX 75040.0, United States",VKJQD72FWR,Delivered,2.0,1.0,2.75
East Dallas Vintage,It's A Good Day To Read Button,It's A Good Day To Read Button,"Stickers, pins, & magnets",2026-01-03,2.0,Garland,TX,"Garland, TX",1805 Creekside Ct,,75040.0,United States,"1805 Creekside Ct, Garland, TX 75040.0, United States",VKJQD72FWR,Delivered,2.0,1.0,2.75
East Dallas Vintage,Surprise Mini Troll,Surprise Mini Troll,"Stickers, pins, & magnets",2026-01-03,3.6,Garland,TX,"Garland, TX",1805 Creekside Ct,,75040.0,United States,"1805 Creekside Ct, Garland, TX 75040.0, United States",VKJQD72FWR,Delivered,6.0,0.6,1.5
East Dallas Vintage,Here Against My Will Stylus Click Pen,Here Against My Will Stylus Click Pen,Stationery & writing,2026-01-03,2.5,Garland,TX,"Garland, TX",1805 Creekside Ct,,75040.0,United States,"1805 Creekside Ct, Garland, TX 75040.0, United States",VKJQD72FWR,Delivered,1.0,2.5,5.75
East Dallas Vintage,"I May Be Laid Back, But I Can Lean Forward Real Fucking Quick Glitter Sticker","I May Be Laid Back, But I Can Lean Forward Real Fucking Quick Glitter Sticker","Stickers, pins, & magnets",2026-01-03,10.5,Garland,TX,"Garland, TX",1805 Creekside Ct,,75040.0,United States,"1805 Creekside Ct, Garland, TX 75040.0, United States",VKJQD72FWR,Delivered,6.0,1.75,4.75
East Dallas Vintage,Strawberry Candy Holographic Sticker,Strawberry Candy Holographic Sticker,"Stickers, pins, & magnets",2026-01-03,10.5,Garland,TX,"Garland, TX",1805 Creekside Ct,,75040.0,United States,"1805 Creekside Ct, Garland, TX 75040.0, United States",VKJQD72FWR,Delivered,6.0,1.75,4.75
East Dallas Vintage,Diet Coke Slut Glitter Sticker,Diet Coke Slut Glitter Sticker,"Stickers, pins, & magnets",2026-01-03,10.5,Garland,TX,"Garland, TX",1805 Creekside Ct,,75040.0,United States,"1805 Creekside Ct, Garland, TX 75040.0, United States",VKJQD72FWR,Delivered,6.0,1.75,4.75
East Dallas Vintage,Radicalized By Basic Decency Floral Sticker,Radicalized By Basic Decency Floral Sticker,"Stickers, pins, & magnets",2026-01-03,10.5,Garland,TX,"Garland, TX",1805 Creekside Ct,,75040.0,United States,"1805 Creekside Ct, Garland, TX 75040.0, United States",VKJQD72FWR,Delivered,6.0,1.75,4.75
East Dallas Vintage,You've Just Buttered Your Last Biscuit Sticker,You've Just Buttered Your Last Biscuit Sticker,"Stickers, pins, & magnets",2026-01-03,10.5,Garland,TX,"Garland, TX",1805 Creekside Ct,,75040.0,United States,"1805 Creekside Ct, Garland, TX 75040.0, United States",VKJQD72FWR,Delivered,6.0,1.75,4.75
East Dallas Vintage,Awake But At What Cost Sticker,Awake But At What Cost Sticker,"Stickers, pins, & magnets",2026-01-03,10.5,Garland,TX,"Garland, TX",1805 Creekside Ct,,75040.0,United States,"1805 Creekside Ct, Garland, TX 75040.0, United States",VKJQD72FWR,Delivered,6.0,1.75,4.75
East Dallas Vintage,On My Way To Get More Trinkets And Knick Knacks Glitter Sticker,On My Way To Get More Trinkets And Knick Knacks Glitter Sticker,"Stickers, pins, & magnets",2026-01-03,10.5,Garland,TX,"Garland, TX",1805 Creekside Ct,,75040.0,United States,"1805 Creekside Ct, Garland, TX 75040.0, United States",VKJQD72FWR,Delivered,6.0,1.75,4.75
East Dallas Vintage,What's More Punk Than The Public Library Sticker,What's More Punk Than The Public Library Sticker,"Stickers, pins, & magnets",2026-01-03,10.5,Garland,TX,"Garland, TX",1805 Creekside Ct,,75040.0,United States,"1805 Creekside Ct, Garland, TX 75040.0, United States",VKJQD72FWR,Delivered,6.0,1.75,4.75
East Dallas Vintage,I Can't Go On..I Need A Snack Pls Glitter Sticker,I Can't Go On..I Need A Snack Pls Glitter Sticker,"Stickers, pins, & magnets",2026-01-03,10.5,Garland,TX,"Garland, TX",1805 Creekside Ct,,75040.0,United States,"1805 Creekside Ct, Garland, TX 75040.0, United States",VKJQD72FWR,Delivered,6.0,1.75,4.75
East Dallas Vintage,Pathetic Sticker,Pathetic Sticker,"Stickers, pins, & magnets",2026-01-03,10.5,Garland,TX,"Garland, TX",1805 Creekside Ct,,75040.0,United States,"1805 Creekside Ct, Garland, TX 75040.0, United States",VKJQD72FWR,Delivered,6.0,1.75,4.75
East Dallas Vintage,Resist Sticker,Resist Sticker,"Stickers, pins, & magnets",2026-01-03,10.5,Garland,TX,"Garland, TX",1805 Creekside Ct,,75040.0,United States,"1805 Creekside Ct, Garland, TX 75040.0, United States",VKJQD72FWR,Delivered,6.0,1.75,4.75
East Dallas Vintage,Please Hesitate To Reach Out To Me Sticker (2 colors available),Please Hesitate To Reach Out To Me Sticker (2 colors available),"Stickers, pins, & magnets",2026-01-03,10.5,Garland,TX,"Garland, TX",1805 Creekside Ct,,75040.0,United States,"1805 Creekside Ct, Garland, TX 75040.0, United States",VKJQD72FWR,Delivered,6.0,1.75,4.75
East Dallas Vintage,I Brake For Thrift Shops Bumper Sticker,I Brake For Thrift Shops Bumper Sticker,"Stickers, pins, & magnets",2026-01-03,10.5,Garland,TX,"Garland, TX",1805 Creekside Ct,,75040.0,United States,"1805 Creekside Ct, Garland, TX 75040.0, United States",VKJQD72FWR,Delivered,3.0,3.5,9.0
East Dallas Vintage,It's A Good Day To Read Glitter Sticker,It's A Good Day To Read Glitter Sticker,"Stickers, pins, & magnets",2026-01-03,10.5,Garland,TX,"Garland, TX",1805 Creekside Ct,,75040.0,United States,"1805 Creekside Ct, Garland, TX 75040.0, United States",VKJQD72FWR,Delivered,6.0,1.75,4.75
East Dallas Vintage,Be Brave Be Loud And Look Out For Others Sticker,Be Brave Be Loud And Look Out For Others Sticker,"Stickers, pins, & magnets",2026-01-03,10.5,Garland,TX,"Garland, TX",1805 Creekside Ct,,75040.0,United States,"1805 Creekside Ct, Garland, TX 75040.0, United States",VKJQD72FWR,Delivered,6.0,1.75,4.75
East Dallas Vintage,Pickle Slut Pen,Pickle Slut Pen,Stationery & writing,2026-01-03,2.4,Garland,TX,"Garland, TX",1805 Creekside Ct,,75040.0,United States,"1805 Creekside Ct, Garland, TX 75040.0, United States",VKJQD72FWR,Delivered,3.0,0.8,2.75
Búho,Read Banned Books Tote Bag,Read Banned Books Tote Bag,Stationery & writing,2026-01-03,30.0,Brownsville,TX,"Brownsville, TX",1140 East Washington Street,,78520.0,United States,"1140 East Washington Street, Brownsville, TX 78520.0, United States",ST3FT2NNMX,Delivered,3.0,10.0,20.0
Búho,Public Health Over Corporate Wealth Tote Bag,Public Health Over Corporate Wealth Tote Bag,"Stickers, pins, & magnets",2026-01-03,30.0,Brownsville,TX,"Brownsville, TX",1140 East Washington Street,,78520.0,United States,"1140 East Washington Street, Brownsville, TX 78520.0, United States",ST3FT2NNMX,Delivered,3.0,10.0,20.0
Búho,Let's Read Banned Books Tote Bag,Let's Read Banned Books Tote Bag,Stationery & writing,2026-01-03,40.0,Brownsville,TX,"Brownsville, TX",1140 East Washington Street,,78520.0,United States,"1140 East Washington Street, Brownsville, TX 78520.0, United States",ST3FT2NNMX,Delivered,4.0,10.0,20.0
Your Brother's Bookstore,Let's Read Banned Books Tote Bag,Let's Read Banned Books Tote Bag,Stationery & writing,2026-01-03,50.0,Evansville,IN,"Evansville, IN",504 Main Street,,47708.0,United States,"504 Main Street, Evansville, IN 47708.0, United States",Z7RRA24K2J,Delivered,5.0,10.0,20.0
Your Brother's Bookstore,More Pride Less Prejudice Tote Bag,More Pride Less Prejudice Tote Bag,"Stickers, pins, & magnets",2026-01-03,50.0,Evansville,IN,"Evansville, IN",504 Main Street,,47708.0,United States,"504 Main Street, Evansville, IN 47708.0, United States",Z7RRA24K2J,Delivered,5.0,10.0,20.0
Your Brother's Bookstore,Support Local Tote Bag,Support Local Tote Bag,"Stickers, pins, & magnets",2026-01-03,30.0,Evansville,IN,"Evansville, IN",504 Main Street,,47708.0,United States,"504 Main Street, Evansville, IN 47708.0, United States",Z7RRA24K2J,Delivered,3.0,10.0,20.0
Your Brother's Bookstore,I Tried To Form A Gang But It Turned Into A Book Club Tote Bag,I Tried To Form A Gang But It Turned Into A Book Club Tote Bag,Stationery & writing,2026-01-03,30.0,Evansville,IN,"Evansville, IN",504 Main Street,,47708.0,United States,"504 Main Street, Evansville, IN 47708.0, United States",Z7RRA24K2J,Delivered,3.0,10.0,20.0
Your Brother's Bookstore,The Hell I Won't Sticker,The Hell I Won't Sticker,"Stickers, pins, & magnets",2026-01-03,17.5,Evansville,IN,"Evansville, IN",504 Main Street,,47708.0,United States,"504 Main Street, Evansville, IN 47708.0, United States",Z7RRA24K2J,Delivered,10.0,1.75,4.75
Your Brother's Bookstore,"Sorry, I'm Fully Booked Tonight! Tote Bag","Sorry, I'm Fully Booked Tonight! Tote Bag",Stationery & writing,2026-01-03,30.0,Evansville,IN,"Evansville, IN",504 Main Street,,47708.0,United States,"504 Main Street, Evansville, IN 47708.0, United States",Z7RRA24K2J,Delivered,3.0,10.0,20.0
Your Brother's Bookstore,Let's Read Girls Tote Bag,Let's Read Girls Tote Bag,"Stickers, pins, & magnets",2026-01-03,30.0,Evansville,IN,"Evansville, IN",504 Main Street,,47708.0,United States,"504 Main Street, Evansville, IN 47708.0, United States",Z7RRA24K2J,Delivered,3.0,10.0,20.0
Your Brother's Bookstore,Make Orwell Fiction Again Tote Bag,Make Orwell Fiction Again Tote Bag,"Stickers, pins, & magnets",2026-01-03,50.0,Evansville,IN,"Evansville, IN",504 Main Street,,47708.0,United States,"504 Main Street, Evansville, IN 47708.0, United States",Z7RRA24K2J,Delivered,5.0,10.0,20.0
charis books and more,If You Are Neutral In Situations Of Injustice You Have Chosen The Side Of The Oppressors Sticker,If You Are Neutral In Situations Of Injustice You Have Chosen The Side Of The Oppressors Sticker,"Stickers, pins, & magnets",2026-01-02,10.5,Decatur,GA,"Decatur, GA",184 South Candler Street,Charis Books and More,30030.0,United States,"184 South Candler Street, Charis Books and More, Decatur, GA 30030.0, United States",H3N4HZVX2K,Delivered,6.0,1.75,4.75
charis books and more,The Only Minority Destroying This Country Are The Billionaires Sticker,The Only Minority Destroying This Country Are The Billionaires Sticker,"Stickers, pins, & magnets",2026-01-02,10.5,Decatur,GA,"Decatur, GA",184 South Candler Street,Charis Books and More,30030.0,United States,"184 South Candler Street, Charis Books and More, Decatur, GA 30030.0, United States",H3N4HZVX2K,Delivered,6.0,1.75,4.75
charis books and more,Only You Can Prevent Fascism Sticker,Only You Can Prevent Fascism Sticker,"Stickers, pins, & magnets",2026-01-02,10.5,Decatur,GA,"Decatur, GA",184 South Candler Street,Charis Books and More,30030.0,United States,"184 South Candler Street, Charis Books and More, Decatur, GA 30030.0, United States",H3N4HZVX2K,Delivered,6.0,1.75,4.75
charis books and more,Pro-Choice. Pro-Feminism. Pro Cats Glitter Sticker,Pro-Choice. Pro-Feminism. Pro Cats Glitter Sticker,"Stickers, pins, & magnets",2026-01-02,10.5,Decatur,GA,"Decatur, GA",184 South Candler Street,Charis Books and More,30030.0,United States,"184 South Candler Street, Charis Books and More, Decatur, GA 30030.0, United States",H3N4HZVX2K,Delivered,6.0,1.75,4.75
charis books and more,I'm A Sensitive Little Creature Please Be Nice To Me Sticker,I'm A Sensitive Little Creature Please Be Nice To Me Sticker,"Stickers, pins, & magnets",2026-01-02,10.5,Decatur,GA,"Decatur, GA",184 South Candler Street,Charis Books and More,30030.0,United States,"184 South Candler Street, Charis Books and More, Decatur, GA 30030.0, United States",H3N4HZVX2K,Delivered,6.0,1.75,4.75
charis books and more,Keep That Mean Shit To Yourself Sticker,Keep That Mean Shit To Yourself Sticker,"Stickers, pins, & magnets",2026-01-02,10.5,Decatur,GA,"Decatur, GA",184 South Candler Street,Charis Books and More,30030.0,United States,"184 South Candler Street, Charis Books and More, Decatur, GA 30030.0, United States",H3N4HZVX2K,Delivered,6.0,1.75,4.75
charis books and more,Caring About People Is Not Political Button,Caring About People Is Not Political Button,"Stickers, pins, & magnets",2026-01-02,3.0,Decatur,GA,"Decatur, GA",184 South Candler Street,Charis Books and More,30030.0,United States,"184 South Candler Street, Charis Books and More, Decatur, GA 30030.0, United States",H3N4HZVX2K,Delivered,3.0,1.0,2.75
charis books and more,Black Cat Middle Finger Sticker,Black Cat Middle Finger Sticker,"Stickers, pins, & magnets",2026-01-02,10.5,Decatur,GA,"Decatur, GA",184 South Candler Street,Charis Books and More,30030.0,United States,"184 South Candler Street, Charis Books and More, Decatur, GA 30030.0, United States",H3N4HZVX2K,Delivered,6.0,1.75,4.75
charis books and more,Regulate Dick Not Jane Glitter Sticker,Regulate Dick Not Jane Glitter Sticker,"Stickers, pins, & magnets",2026-01-02,10.5,Decatur,GA,"Decatur, GA",184 South Candler Street,Charis Books and More,30030.0,United States,"184 South Candler Street, Charis Books and More, Decatur, GA 30030.0, United States",H3N4HZVX2K,Delivered,6.0,1.75,4.75
charis books and more,If They Can Affect Policy They Can Pay Taxes Sticker,If They Can Affect Policy They Can Pay Taxes Sticker,"Stickers, pins, & magnets",2026-01-02,10.5,Decatur,GA,"Decatur, GA",184 South Candler Street,Charis Books and More,30030.0,United States,"184 South Candler Street, Charis Books and More, Decatur, GA 30030.0, United States",H3N4HZVX2K,Delivered,6.0,1.75,4.75
charis books and more,Burn The Patriarchy Sticker,Burn The Patriarchy Sticker,"Stickers, pins, & magnets",2026-01-02,10.5,Decatur,GA,"Decatur, GA",184 South Candler Street,Charis Books and More,30030.0,United States,"184 South Candler Street, Charis Books and More, Decatur, GA 30030.0, United States",H3N4HZVX2K,Delivered,6.0,1.75,4.75
charis books and more,Radicalized By Basic Decency Floral Sticker,Radicalized By Basic Decency Floral Sticker,"Stickers, pins, & magnets",2026-01-02,10.5,Decatur,GA,"Decatur, GA",184 South Candler Street,Charis Books and More,30030.0,United States,"184 South Candler Street, Charis Books and More, Decatur, GA 30030.0, United States",H3N4HZVX2K,Delivered,6.0,1.75,4.75
charis books and more,Resist Sticker,Resist Sticker,"Stickers, pins, & magnets",2026-01-02,10.5,Decatur,GA,"Decatur, GA",184 South Candler Street,Charis Books and More,30030.0,United States,"184 South Candler Street, Charis Books and More, Decatur, GA 30030.0, United States",H3N4HZVX2K,Delivered,6.0,1.75,4.75
charis books and more,Be Brave Be Loud And Look Out For Others Sticker,Be Brave Be Loud And Look Out For Others Sticker,"Stickers, pins, & magnets",2026-01-02,10.5,Decatur,GA,"Decatur, GA",184 South Candler Street,Charis Books and More,30030.0,United States,"184 South Candler Street, Charis Books and More, Decatur, GA 30030.0, United States",H3N4HZVX2K,Delivered,6.0,1.75,4.75
charis books and more,Radicalized By Basic Decency Button,Radicalized By Basic Decency Button,"Stickers, pins, & magnets",2026-01-02,3.75,Decatur,GA,"Decatur, GA",184 South Candler Street,Charis Books and More,30030.0,United States,"184 South Candler Street, Charis Books and More, Decatur, GA 30030.0, United States",H3N4HZVX2K,Delivered,3.0,1.25,2.5
charis books and more,No Human Is Illegal Glitter Sticker,No Human Is Illegal Glitter Sticker,"Stickers, pins, & magnets",2026-01-02,10.5,Decatur,GA,"Decatur, GA",184 South Candler Street,Charis Books and More,30030.0,United States,"184 South Candler Street, Charis Books and More, Decatur, GA 30030.0, United States",H3N4HZVX2K,Delivered,6.0,1.75,4.75
charis books and more,Petrify the Patriarchy Sticker,Petrify the Patriarchy Sticker,"Stickers, pins, & magnets",2026-01-02,10.5,Decatur,GA,"Decatur, GA",184 South Candler Street,Charis Books and More,30030.0,United States,"184 South Candler Street, Charis Books and More, Decatur, GA 30030.0, United States",H3N4HZVX2K,Delivered,6.0,1.75,4.75
charis books and more,Books Because Coping With Reality Is Not An Option At The Moment Glitter Sticker,Books Because Coping With Reality Is Not An Option At The Moment Glitter Sticker,"Stickers, pins, & magnets",2026-01-02,10.5,Decatur,GA,"Decatur, GA",184 South Candler Street,Charis Books and More,30030.0,United States,"184 South Candler Street, Charis Books and More, Decatur, GA 30030.0, United States",H3N4HZVX2K,Delivered,6.0,1.75,4.75
charis books and more,Compost The Patriarchy Sticker,Compost The Patriarchy Sticker,"Stickers, pins, & magnets",2026-01-02,10.5,Decatur,GA,"Decatur, GA",184 South Candler Street,Charis Books and More,30030.0,United States,"184 South Candler Street, Charis Books and More, Decatur, GA 30030.0, United States",H3N4HZVX2K,Delivered,6.0,1.75,4.75
charis books and more,Manifesting The Revolution Sticker,Manifesting The Revolution Sticker,"Stickers, pins, & magnets",2026-01-02,10.5,Decatur,GA,"Decatur, GA",184 South Candler Street,Charis Books and More,30030.0,United States,"184 South Candler Street, Charis Books and More, Decatur, GA 30030.0, United States",H3N4HZVX2K,Delivered,6.0,1.75,4.75
Pocono Soap,Scared Hamster Sticker,Scared Hamster Sticker,"Stickers, pins, & magnets",2026-01-02,10.5,Stroudsburg,PA,"Stroudsburg, PA",10 North 7th Street,,18360.0,United States,"10 North 7th Street, Stroudsburg, PA 18360.0, United States",7AA8QRGWRQ,Delivered,6.0,1.75,4.75
Pocono Soap,"Anyway, Here's Wonderwall Sticker","Anyway, Here's Wonderwall Sticker","Stickers, pins, & magnets",2026-01-02,10.5,Stroudsburg,PA,"Stroudsburg, PA",10 North 7th Street,,18360.0,United States,"10 North 7th Street, Stroudsburg, PA 18360.0, United States",7AA8QRGWRQ,Delivered,6.0,1.75,4.75
Pocono Soap,Awake But At What Cost Sticker,Awake But At What Cost Sticker,"Stickers, pins, & magnets",2026-01-02,10.5,Stroudsburg,PA,"Stroudsburg, PA",10 North 7th Street,,18360.0,United States,"10 North 7th Street, Stroudsburg, PA 18360.0, United States",7AA8QRGWRQ,Delivered,6.0,1.75,4.75
Pocono Soap,Sorry I Can't Go I'm An Indoor Cat Glitter Sticker,Sorry I Can't Go I'm An Indoor Cat Glitter Sticker,"Stickers, pins, & magnets",2026-01-02,10.5,Stroudsburg,PA,"Stroudsburg, PA",10 North 7th Street,,18360.0,United States,"10 North 7th Street, Stroudsburg, PA 18360.0, United States",7AA8QRGWRQ,Delivered,6.0,1.75,4.75
Pocono Soap,"I May Be Laid Back, But I Can Lean Forward Real Fucking Quick Glitter Sticker","I May Be Laid Back, But I Can Lean Forward Real Fucking Quick Glitter Sticker","Stickers, pins, & magnets",2026-01-02,10.5,Stroudsburg,PA,"Stroudsburg, PA",10 North 7th Street,,18360.0,United States,"10 North 7th Street, Stroudsburg, PA 18360.0, United States",7AA8QRGWRQ,Delivered,6.0,1.75,4.75
Pocono Soap,Disappointed But Not Surprised Pen,Disappointed But Not Surprised Pen,Stationery & writing,2026-01-02,24.0,Stroudsburg,PA,"Stroudsburg, PA",10 North 7th Street,,18360.0,United States,"10 North 7th Street, Stroudsburg, PA 18360.0, United States",7AA8QRGWRQ,Delivered,30.0,0.8,2.75
Pocono Soap,Currently Dissociating Pen,Currently Dissociating Pen,Stationery & writing,2026-01-02,25.5,Stroudsburg,PA,"Stroudsburg, PA",10 North 7th Street,,18360.0,United States,"10 North 7th Street, Stroudsburg, PA 18360.0, United States",7AA8QRGWRQ,Delivered,30.0,0.85,1.7
Pocono Soap,"Sorry I Was Rude, It Was Probably Your Fault Pen","Sorry I Was Rude, It Was Probably Your Fault Pen",Stationery & writing,2026-01-02,24.0,Stroudsburg,PA,"Stroudsburg, PA",10 North 7th Street,,18360.0,United States,"10 North 7th Street, Stroudsburg, PA 18360.0, United States",7AA8QRGWRQ,Delivered,30.0,0.8,2.75
Pocono Soap,I Should Be Frolicking In A Forest But I'm Here. Wtf Pen,I Should Be Frolicking In A Forest But I'm Here. Wtf Pen,Stationery & writing,2026-01-02,25.5,Stroudsburg,PA,"Stroudsburg, PA",10 North 7th Street,,18360.0,United States,"10 North 7th Street, Stroudsburg, PA 18360.0, United States",7AA8QRGWRQ,Delivered,30.0,0.85,2.75
Pocono Soap,I May Be Wrong But I Doubt It Pen,I May Be Wrong But I Doubt It Pen,Stationery & writing,2026-01-02,24.0,Stroudsburg,PA,"Stroudsburg, PA",10 North 7th Street,,18360.0,United States,"10 North 7th Street, Stroudsburg, PA 18360.0, United States",7AA8QRGWRQ,Delivered,30.0,0.8,2.75
Pocono Soap,You Already Know The Answer Holographic Sticker,You Already Know The Answer Holographic Sticker,"Stickers, pins, & magnets",2026-01-02,10.5,Stroudsburg,PA,"Stroudsburg, PA",10 North 7th Street,,18360.0,United States,"10 North 7th Street, Stroudsburg, PA 18360.0, United States",7AA8QRGWRQ,Delivered,6.0,1.75,4.75
Pocono Soap,54321 Grounding Technique Sticker,54321 Grounding Technique Sticker,"Stickers, pins, & magnets",2026-01-02,10.5,Stroudsburg,PA,"Stroudsburg, PA",10 North 7th Street,,18360.0,United States,"10 North 7th Street, Stroudsburg, PA 18360.0, United States",7AA8QRGWRQ,Delivered,6.0,1.75,4.75
Pocono Soap,Save The Bees And Their Butts Sticker,Save The Bees And Their Butts Sticker,"Stickers, pins, & magnets",2026-01-02,10.5,Stroudsburg,PA,"Stroudsburg, PA",10 North 7th Street,,18360.0,United States,"10 North 7th Street, Stroudsburg, PA 18360.0, United States",7AA8QRGWRQ,Delivered,6.0,1.75,4.75
Pocono Soap,Mansplain Survivor Holographic Sticker,Mansplain Survivor Holographic Sticker,"Stickers, pins, & magnets",2026-01-02,10.5,Stroudsburg,PA,"Stroudsburg, PA",10 North 7th Street,,18360.0,United States,"10 North 7th Street, Stroudsburg, PA 18360.0, United States",7AA8QRGWRQ,Delivered,6.0,1.75,4.75
Pocono Soap,I'm A Sensitive Little Creature Please Be Nice To Me Sticker,I'm A Sensitive Little Creature Please Be Nice To Me Sticker,"Stickers, pins, & magnets",2026-01-02,10.5,Stroudsburg,PA,"Stroudsburg, PA",10 North 7th Street,,18360.0,United States,"10 North 7th Street, Stroudsburg, PA 18360.0, United States",7AA8QRGWRQ,Delivered,6.0,1.75,4.75
Pocono Soap,Please Hesitate To Reach Out To Me Sticker (2 colors available),Please Hesitate To Reach Out To Me Sticker (2 colors available),"Stickers, pins, & magnets",2026-01-02,10.5,Stroudsburg,PA,"Stroudsburg, PA",10 North 7th Street,,18360.0,United States,"10 North 7th Street, Stroudsburg, PA 18360.0, United States",7AA8QRGWRQ,Delivered,6.0,1.75,4.75
Pocono Soap,Dream Job? I Do Not Dream Of Labor Glitter Sticker,Dream Job? I Do Not Dream Of Labor Glitter Sticker,"Stickers, pins, & magnets",2026-01-02,10.5,Stroudsburg,PA,"Stroudsburg, PA",10 North 7th Street,,18360.0,United States,"10 North 7th Street, Stroudsburg, PA 18360.0, United States",7AA8QRGWRQ,Delivered,6.0,1.75,4.75
Pocono Soap,Little Ray Of Pitch Black Sticker,Little Ray Of Pitch Black Sticker,"Stickers, pins, & magnets",2026-01-02,10.5,Stroudsburg,PA,"Stroudsburg, PA",10 North 7th Street,,18360.0,United States,"10 North 7th Street, Stroudsburg, PA 18360.0, United States",7AA8QRGWRQ,Delivered,6.0,1.75,4.75
Pocono Soap,"Sorry If I'm Mean, I'm Overstimulated Right Now Sticker","Sorry If I'm Mean, I'm Overstimulated Right Now Sticker","Stickers, pins, & magnets",2026-01-02,10.5,Stroudsburg,PA,"Stroudsburg, PA",10 North 7th Street,,18360.0,United States,"10 North 7th Street, Stroudsburg, PA 18360.0, United States",7AA8QRGWRQ,Delivered,6.0,1.75,4.75
Pocono Soap,Don't Be A Dick Sticker,Don't Be A Dick Sticker,"Stickers, pins, & magnets",2026-01-02,10.5,Stroudsburg,PA,"Stroudsburg, PA",10 North 7th Street,,18360.0,United States,"10 North 7th Street, Stroudsburg, PA 18360.0, United States",7AA8QRGWRQ,Delivered,6.0,1.75,4.75
Pocono Soap,Emotional Support Co-Worker Sticker,Emotional Support Co-Worker Sticker,"Stickers, pins, & magnets",2026-01-02,10.5,Stroudsburg,PA,"Stroudsburg, PA",10 North 7th Street,,18360.0,United States,"10 North 7th Street, Stroudsburg, PA 18360.0, United States",7AA8QRGWRQ,Delivered,6.0,1.75,4.75
Pocono Soap,Pickle Slut Pen,Pickle Slut Pen,Stationery & writing,2026-01-02,20.0,Stroudsburg,PA,"Stroudsburg, PA",10 North 7th Street,,18360.0,United States,"10 North 7th Street, Stroudsburg, PA 18360.0, United States",7AA8QRGWRQ,Delivered,25.0,0.8,2.75
Pocono Soap,Keep That Mean Shit To Yourself Sticker,Keep That Mean Shit To Yourself Sticker,"Stickers, pins, & magnets",2026-01-02,10.5,Stroudsburg,PA,"Stroudsburg, PA",10 North 7th Street,,18360.0,United States,"10 North 7th Street, Stroudsburg, PA 18360.0, United States",7AA8QRGWRQ,Delivered,6.0,1.75,4.75
Pocono Soap,Diet Coke Slut Glitter Sticker,Diet Coke Slut Glitter Sticker,"Stickers, pins, & magnets",2026-01-02,10.5,Stroudsburg,PA,"Stroudsburg, PA",10 North 7th Street,,18360.0,United States,"10 North 7th Street, Stroudsburg, PA 18360.0, United States",7AA8QRGWRQ,Delivered,6.0,1.75,4.75
Pocono Soap,No Worries If Not Totally Cool Either Way Sticker,No Worries If Not Totally Cool Either Way Sticker,"Stickers, pins, & magnets",2026-01-02,10.5,Stroudsburg,PA,"Stroudsburg, PA",10 North 7th Street,,18360.0,United States,"10 North 7th Street, Stroudsburg, PA 18360.0, United States",7AA8QRGWRQ,Delivered,6.0,1.75,4.75
Pocono Soap,What Doesn't Kill You Makes You Funnier Sticker,What Doesn't Kill You Makes You Funnier Sticker,"Stickers, pins, & magnets",2026-01-02,10.5,Stroudsburg,PA,"Stroudsburg, PA",10 North 7th Street,,18360.0,United States,"10 North 7th Street, Stroudsburg, PA 18360.0, United States",7AA8QRGWRQ,Delivered,6.0,1.75,4.75
Pocono Soap,Girl Power Sticker,Girl Power Sticker,"Stickers, pins, & magnets",2026-01-02,10.5,Stroudsburg,PA,"Stroudsburg, PA",10 North 7th Street,,18360.0,United States,"10 North 7th Street, Stroudsburg, PA 18360.0, United States",7AA8QRGWRQ,Delivered,6.0,1.75,4.75
Pocono Soap,Cool Girls Know History Sticker,Cool Girls Know History Sticker,"Stickers, pins, & magnets",2026-01-02,10.5,Stroudsburg,PA,"Stroudsburg, PA",10 North 7th Street,,18360.0,United States,"10 North 7th Street, Stroudsburg, PA 18360.0, United States",7AA8QRGWRQ,Delivered,6.0,1.75,4.25
Pocono Soap,Stay Hollow Sticker,Stay Hollow Sticker,"Stickers, pins, & magnets",2026-01-02,10.5,Stroudsburg,PA,"Stroudsburg, PA",10 North 7th Street,,18360.0,United States,"10 North 7th Street, Stroudsburg, PA 18360.0, United States",7AA8QRGWRQ,Delivered,6.0,1.75,4.75
Pocono Soap,Be Brave Be Loud And Look Out For Others Sticker,Be Brave Be Loud And Look Out For Others Sticker,"Stickers, pins, & magnets",2026-01-02,10.5,Stroudsburg,PA,"Stroudsburg, PA",10 North 7th Street,,18360.0,United States,"10 North 7th Street, Stroudsburg, PA 18360.0, United States",7AA8QRGWRQ,Delivered,6.0,1.75,4.75
Pocono Soap,Girls Will Be Girls Sticker,Girls Will Be Girls Sticker,"Stickers, pins, & magnets",2026-01-02,10.5,Stroudsburg,PA,"Stroudsburg, PA",10 North 7th Street,,18360.0,United States,"10 North 7th Street, Stroudsburg, PA 18360.0, United States",7AA8QRGWRQ,Delivered,6.0,1.75,4.75
Pocono Soap,Community Is Resistance Sticker,Community Is Resistance Sticker,"Stickers, pins, & magnets",2026-01-02,10.5,Stroudsburg,PA,"Stroudsburg, PA",10 North 7th Street,,18360.0,United States,"10 North 7th Street, Stroudsburg, PA 18360.0, United States",7AA8QRGWRQ,Delivered,6.0,1.75,4.75
Pocono Soap,Strawberry Candy Holographic Sticker,Strawberry Candy Holographic Sticker,"Stickers, pins, & magnets",2026-01-02,10.5,Stroudsburg,PA,"Stroudsburg, PA",10 North 7th Street,,18360.0,United States,"10 North 7th Street, Stroudsburg, PA 18360.0, United States",7AA8QRGWRQ,Delivered,6.0,1.75,4.75
Pocono Soap,"Do You Have Any Fucks? Not Even One, Girl. Go Fish. Sticker","Do You Have Any Fucks? Not Even One, Girl. Go Fish. Sticker","Stickers, pins, & magnets",2026-01-02,10.5,Stroudsburg,PA,"Stroudsburg, PA",10 North 7th Street,,18360.0,United States,"10 North 7th Street, Stroudsburg, PA 18360.0, United States",7AA8QRGWRQ,Delivered,6.0,1.75,4.75
Pocono Soap,Let's Be Better Humans Sticker,Let's Be Better Humans Sticker,"Stickers, pins, & magnets",2026-01-02,10.5,Stroudsburg,PA,"Stroudsburg, PA",10 North 7th Street,,18360.0,United States,"10 North 7th Street, Stroudsburg, PA 18360.0, United States",7AA8QRGWRQ,Delivered,6.0,1.75,6.5
Pocono Soap,What's More Punk Than The Public Library Sticker,What's More Punk Than The Public Library Sticker,"Stickers, pins, & magnets",2026-01-02,10.5,Stroudsburg,PA,"Stroudsburg, PA",10 North 7th Street,,18360.0,United States,"10 North 7th Street, Stroudsburg, PA 18360.0, United States",7AA8QRGWRQ,Delivered,6.0,1.75,4.75
Pocono Soap,On My Way To Get More Trinkets And Knick Knacks Glitter Sticker,On My Way To Get More Trinkets And Knick Knacks Glitter Sticker,"Stickers, pins, & magnets",2026-01-02,10.5,Stroudsburg,PA,"Stroudsburg, PA",10 North 7th Street,,18360.0,United States,"10 North 7th Street, Stroudsburg, PA 18360.0, United States",7AA8QRGWRQ,Delivered,6.0,1.75,4.75
Pocono Soap,Peace Sign Hamster Sticker,Peace Sign Hamster Sticker,"Stickers, pins, & magnets",2026-01-02,10.5,Stroudsburg,PA,"Stroudsburg, PA",10 North 7th Street,,18360.0,United States,"10 North 7th Street, Stroudsburg, PA 18360.0, United States",7AA8QRGWRQ,Delivered,6.0,1.75,4.75
Pocono Soap,F*ck Them Boats Orca Sticker,F*ck Them Boats Orca Sticker,"Stickers, pins, & magnets",2026-01-02,10.5,Stroudsburg,PA,"Stroudsburg, PA",10 North 7th Street,,18360.0,United States,"10 North 7th Street, Stroudsburg, PA 18360.0, United States",7AA8QRGWRQ,Delivered,6.0,1.75,4.25
Pocono Soap,The Hell I Won't Sticker,The Hell I Won't Sticker,"Stickers, pins, & magnets",2026-01-02,10.5,Stroudsburg,PA,"Stroudsburg, PA",10 North 7th Street,,18360.0,United States,"10 North 7th Street, Stroudsburg, PA 18360.0, United States",7AA8QRGWRQ,Delivered,6.0,1.75,4.75
Pocono Soap,If You Are Neutral In Situations Of Injustice You Have Chosen The Side Of The Oppressors Sticker,If You Are Neutral In Situations Of Injustice You Have Chosen The Side Of The Oppressors Sticker,"Stickers, pins, & magnets",2026-01-02,10.5,Stroudsburg,PA,"Stroudsburg, PA",10 North 7th Street,,18360.0,United States,"10 North 7th Street, Stroudsburg, PA 18360.0, United States",7AA8QRGWRQ,Delivered,6.0,1.75,4.75
Pocono Soap,Just Be A Good Human Glitter Sticker,Just Be A Good Human Glitter Sticker,"Stickers, pins, & magnets",2026-01-02,10.5,Stroudsburg,PA,"Stroudsburg, PA",10 North 7th Street,,18360.0,United States,"10 North 7th Street, Stroudsburg, PA 18360.0, United States",7AA8QRGWRQ,Delivered,6.0,1.75,4.75
Pocono Soap,For The Fuckteenth Time Pen,For The Fuckteenth Time Pen,Stationery & writing,2026-01-02,20.0,Stroudsburg,PA,"Stroudsburg, PA",10 North 7th Street,,18360.0,United States,"10 North 7th Street, Stroudsburg, PA 18360.0, United States",7AA8QRGWRQ,Delivered,25.0,0.8,2.75
Pocono Soap,Raccoon Fairy Holographic Sticker,Raccoon Fairy Holographic Sticker,"Stickers, pins, & magnets",2026-01-02,10.5,Stroudsburg,PA,"Stroudsburg, PA",10 North 7th Street,,18360.0,United States,"10 North 7th Street, Stroudsburg, PA 18360.0, United States",7AA8QRGWRQ,Delivered,6.0,1.75,4.75
Pocono Soap,Pickles Heart Glitter Sticker,Pickles Heart Glitter Sticker,"Stickers, pins, & magnets",2026-01-02,10.5,Stroudsburg,PA,"Stroudsburg, PA",10 North 7th Street,,18360.0,United States,"10 North 7th Street, Stroudsburg, PA 18360.0, United States",7AA8QRGWRQ,Delivered,6.0,1.75,4.75
Pocono Soap,I Can Do All Things Through SPITE Which Strengthens Me Glitter Sticker,I Can Do All Things Through SPITE Which Strengthens Me Glitter Sticker,"Stickers, pins, & magnets",2026-01-02,10.5,Stroudsburg,PA,"Stroudsburg, PA",10 North 7th Street,,18360.0,United States,"10 North 7th Street, Stroudsburg, PA 18360.0, United States",7AA8QRGWRQ,Delivered,6.0,1.75,4.75
Pocono Soap,"Hey, You Dropped This Holographic Sticker","Hey, You Dropped This Holographic Sticker","Stickers, pins, & magnets",2026-01-02,10.5,Stroudsburg,PA,"Stroudsburg, PA",10 North 7th Street,,18360.0,United States,"10 North 7th Street, Stroudsburg, PA 18360.0, United States",7AA8QRGWRQ,Delivered,6.0,1.75,4.75
Sojourns,"Do You Have Any Fucks? Not Even One, Girl. Go Fish. Sticker","Do You Have Any Fucks? Not Even One, Girl. Go Fish. Sticker","Stickers, pins, & magnets",2026-01-02,10.5,Birmingham,AL,"Birmingham, AL",5520 Crestwood Boulevard,,35212.0,United States,"5520 Crestwood Boulevard, Birmingham, AL 35212.0, United States",XMAVMRFHGU,Delivered,6.0,1.75,4.75
Sojourns,Resist Sticker,Resist Sticker,"Stickers, pins, & magnets",2026-01-02,10.5,Birmingham,AL,"Birmingham, AL",5520 Crestwood Boulevard,,35212.0,United States,"5520 Crestwood Boulevard, Birmingham, AL 35212.0, United States",XMAVMRFHGU,Delivered,6.0,1.75,4.75
Sojourns,Black Cat Middle Finger Sticker,Black Cat Middle Finger Sticker,"Stickers, pins, & magnets",2026-01-02,10.5,Birmingham,AL,"Birmingham, AL",5520 Crestwood Boulevard,,35212.0,United States,"5520 Crestwood Boulevard, Birmingham, AL 35212.0, United States",XMAVMRFHGU,Delivered,6.0,1.75,4.75
Sojourns,Tell Me A Time In History When It Was The Good Guys Banning Books Tote Bag,Tell Me A Time In History When It Was The Good Guys Banning Books Tote Bag,Stationery & writing,2026-01-02,30.0,Birmingham,AL,"Birmingham, AL",5520 Crestwood Boulevard,,35212.0,United States,"5520 Crestwood Boulevard, Birmingham, AL 35212.0, United States",XMAVMRFHGU,Delivered,3.0,10.0,20.0
Sojourns,Have The Day You Voted For Tote Bag,Have The Day You Voted For Tote Bag,"Stickers, pins, & magnets",2026-01-02,80.0,Birmingham,AL,"Birmingham, AL",5520 Crestwood Boulevard,,35212.0,United States,"5520 Crestwood Boulevard, Birmingham, AL 35212.0, United States",XMAVMRFHGU,Delivered,8.0,10.0,20.0
Village Groomer Inc,Caring About People Is Not Political Sticker,Caring About People Is Not Political Sticker,"Stickers, pins, & magnets",2026-01-01,10.5,Walpole,MA,"Walpole, MA",2245 Boston Providence Highway,,2081.0,United States,"2245 Boston Providence Highway, Walpole, MA 2081.0, United States",9E9KTH9S28,Delivered,6.0,1.75,4.75
Village Groomer Inc,I Never Said That Jesus Sticker,I Never Said That Jesus Sticker,"Stickers, pins, & magnets",2026-01-01,10.5,Walpole,MA,"Walpole, MA",2245 Boston Providence Highway,,2081.0,United States,"2245 Boston Providence Highway, Walpole, MA 2081.0, United States",9E9KTH9S28,Delivered,6.0,1.75,4.75
Village Groomer Inc,No Human Is Illegal Glitter Sticker,No Human Is Illegal Glitter Sticker,"Stickers, pins, & magnets",2026-01-01,10.5,Walpole,MA,"Walpole, MA",2245 Boston Providence Highway,,2081.0,United States,"2245 Boston Providence Highway, Walpole, MA 2081.0, United States",9E9KTH9S28,Delivered,6.0,1.75,4.75
Village Groomer Inc,"Do You Have Any Fucks? Not Even One, Girl. Go Fish. Sticker","Do You Have Any Fucks? Not Even One, Girl. Go Fish. Sticker","Stickers, pins, & magnets",2026-01-01,10.5,Walpole,MA,"Walpole, MA",2245 Boston Providence Highway,,2081.0,United States,"2245 Boston Providence Highway, Walpole, MA 2081.0, United States",9E9KTH9S28,Delivered,6.0,1.75,4.75
Village Groomer Inc,Resist Sticker,Resist Sticker,"Stickers, pins, & magnets",2026-01-01,10.5,Walpole,MA,"Walpole, MA",2245 Boston Providence Highway,,2081.0,United States,"2245 Boston Providence Highway, Walpole, MA 2081.0, United States",9E9KTH9S28,Delivered,6.0,1.75,4.75
Village Groomer Inc,Keep The Immigrants Deport The Racists Sticker,Keep The Immigrants Deport The Racists Sticker,"Stickers, pins, & magnets",2026-01-01,10.5,Walpole,MA,"Walpole, MA",2245 Boston Providence Highway,,2081.0,United States,"2245 Boston Providence Highway, Walpole, MA 2081.0, United States",9E9KTH9S28,Delivered,6.0,1.75,4.75
Village Groomer Inc,Compost The Patriarchy Sticker,Compost The Patriarchy Sticker,"Stickers, pins, & magnets",2026-01-01,10.5,Walpole,MA,"Walpole, MA",2245 Boston Providence Highway,,2081.0,United States,"2245 Boston Providence Highway, Walpole, MA 2081.0, United States",9E9KTH9S28,Delivered,6.0,1.75,4.75
Village Groomer Inc,Policy & Change Sticker,Policy & Change Sticker,"Stickers, pins, & magnets",2026-01-01,10.5,Walpole,MA,"Walpole, MA",2245 Boston Providence Highway,,2081.0,United States,"2245 Boston Providence Highway, Walpole, MA 2081.0, United States",9E9KTH9S28,Delivered,6.0,1.75,4.75
Village Groomer Inc,Girls Will Be Girls Sticker,Girls Will Be Girls Sticker,"Stickers, pins, & magnets",2026-01-01,10.5,Walpole,MA,"Walpole, MA",2245 Boston Providence Highway,,2081.0,United States,"2245 Boston Providence Highway, Walpole, MA 2081.0, United States",9E9KTH9S28,Delivered,6.0,1.75,4.75
Village Groomer Inc,Black Cat Middle Finger Sticker,Black Cat Middle Finger Sticker,"Stickers, pins, & magnets",2026-01-01,10.5,Walpole,MA,"Walpole, MA",2245 Boston Providence Highway,,2081.0,United States,"2245 Boston Providence Highway, Walpole, MA 2081.0, United States",9E9KTH9S28,Delivered,6.0,1.75,4.75
Village Groomer Inc,What's More Punk Than The Public Library Sticker,What's More Punk Than The Public Library Sticker,"Stickers, pins, & magnets",2026-01-01,10.5,Walpole,MA,"Walpole, MA",2245 Boston Providence Highway,,2081.0,United States,"2245 Boston Providence Highway, Walpole, MA 2081.0, United States",9E9KTH9S28,Delivered,6.0,1.75,4.75
Village Groomer Inc,Radicalized By Basic Decency Floral Sticker,Radicalized By Basic Decency Floral Sticker,"Stickers, pins, & magnets",2026-01-01,10.5,Walpole,MA,"Walpole, MA",2245 Boston Providence Highway,,2081.0,United States,"2245 Boston Providence Highway, Walpole, MA 2081.0, United States",9E9KTH9S28,Delivered,6.0,1.75,4.75
Birdie's Gifts and Stuff,You Are Good Enough Not The Best But You'll Do Tote Bag,You Are Good Enough Not The Best But You'll Do Tote Bag,"Stickers, pins, & magnets",2025-12-31,60.0,Terre Haute,IN,"Terre Haute, IN",1837 s 29th st,,47803.0,United States,"1837 s 29th st, Terre Haute, IN 47803.0, United States",X2YTE7YYRT,Delivered,6.0,10.0,20.0
Birdie's Gifts and Stuff,"I May Be Wrong, But I Doubt It Keychain","I May Be Wrong, But I Doubt It Keychain","Stickers, pins, & magnets",2025-12-31,54.0,Terre Haute,IN,"Terre Haute, IN",1837 s 29th st,,47803.0,United States,"1837 s 29th st, Terre Haute, IN 47803.0, United States",X2YTE7YYRT,Delivered,12.0,4.5,10.0
Birdie's Gifts and Stuff,I May Be Wrong But I Doubt It Pen,I May Be Wrong But I Doubt It Pen,Stationery & writing,2025-12-31,16.0,Terre Haute,IN,"Terre Haute, IN",1837 s 29th st,,47803.0,United States,"1837 s 29th st, Terre Haute, IN 47803.0, United States",X2YTE7YYRT,Delivered,20.0,0.8,2.75
Birdie's Gifts and Stuff,"I May Be Laid Back, But I Can Lean Forward Real Fucking Quick Glitter Sticker","I May Be Laid Back, But I Can Lean Forward Real Fucking Quick Glitter Sticker","Stickers, pins, & magnets",2025-12-31,17.5,Terre Haute,IN,"Terre Haute, IN",1837 s 29th st,,47803.0,United States,"1837 s 29th st, Terre Haute, IN 47803.0, United States",X2YTE7YYRT,Delivered,10.0,1.75,4.75
Birdie's Gifts and Stuff,Girls Will Be Girls Sticker,Girls Will Be Girls Sticker,"Stickers, pins, & magnets",2025-12-31,17.5,Terre Haute,IN,"Terre Haute, IN",1837 s 29th st,,47803.0,United States,"1837 s 29th st, Terre Haute, IN 47803.0, United States",X2YTE7YYRT,Delivered,10.0,1.75,4.75
Birdie's Gifts and Stuff,Don't Hate Me Just Because I'm A Little Cooler Sticker,Don't Hate Me Just Because I'm A Little Cooler Sticker,"Stickers, pins, & magnets",2025-12-31,21.0,Terre Haute,IN,"Terre Haute, IN",1837 s 29th st,,47803.0,United States,"1837 s 29th st, Terre Haute, IN 47803.0, United States",X2YTE7YYRT,Delivered,12.0,1.75,4.75
hello again books,Disappointments All Of You Sticker,Disappointments All Of You Sticker,"Stickers, pins, & magnets",2025-12-30,10.5,Cocoa,FL,"Cocoa, FL",19 Parkway St,,32922.0,United States,"19 Parkway St, Cocoa, FL 32922.0, United States",67QHSBN7XV,Delivered,6.0,1.75,4.75
hello again books,Big Fan Of Human Rights Tote Bag,Big Fan Of Human Rights Tote Bag,"Stickers, pins, & magnets",2025-12-30,30.0,Cocoa,FL,"Cocoa, FL",19 Parkway St,,32922.0,United States,"19 Parkway St, Cocoa, FL 32922.0, United States",67QHSBN7XV,Delivered,3.0,10.0,20.0
hello again books,More Pride Less Prejudice Tote Bag,More Pride Less Prejudice Tote Bag,"Stickers, pins, & magnets",2025-12-30,30.0,Cocoa,FL,"Cocoa, FL",19 Parkway St,,32922.0,United States,"19 Parkway St, Cocoa, FL 32922.0, United States",67QHSBN7XV,Delivered,3.0,10.0,20.0
hello again books,Black Cat Middle Finger Sticker,Black Cat Middle Finger Sticker,"Stickers, pins, & magnets",2025-12-30,10.5,Cocoa,FL,"Cocoa, FL",19 Parkway St,,32922.0,United States,"19 Parkway St, Cocoa, FL 32922.0, United States",67QHSBN7XV,Delivered,6.0,1.75,4.75
hello again books,Let's Be Better Humans Sticker,Let's Be Better Humans Sticker,"Stickers, pins, & magnets",2025-12-30,10.5,Cocoa,FL,"Cocoa, FL",19 Parkway St,,32922.0,United States,"19 Parkway St, Cocoa, FL 32922.0, United States",67QHSBN7XV,Delivered,6.0,1.75,6.5
hello again books,Make Orwell Fiction Again Sticker,Make Orwell Fiction Again Sticker,"Stickers, pins, & magnets",2025-12-30,10.5,Cocoa,FL,"Cocoa, FL",19 Parkway St,,32922.0,United States,"19 Parkway St, Cocoa, FL 32922.0, United States",67QHSBN7XV,Delivered,6.0,1.75,4.75
hello again books,Read Banned Books Tote Bag,Read Banned Books Tote Bag,Stationery & writing,2025-12-30,30.0,Cocoa,FL,"Cocoa, FL",19 Parkway St,,32922.0,United States,"19 Parkway St, Cocoa, FL 32922.0, United States",67QHSBN7XV,Delivered,3.0,10.0,20.0
hello again books,Read Banned Books Sticker,Read Banned Books Sticker,"Stickers, pins, & magnets",2025-12-30,10.5,Cocoa,FL,"Cocoa, FL",19 Parkway St,,32922.0,United States,"19 Parkway St, Cocoa, FL 32922.0, United States",67QHSBN7XV,Delivered,6.0,1.75,4.75
hello again books,"Do You Have Any Fucks? Not Even One, Girl. Go Fish. Sticker","Do You Have Any Fucks? Not Even One, Girl. Go Fish. Sticker","Stickers, pins, & magnets",2025-12-30,10.5,Cocoa,FL,"Cocoa, FL",19 Parkway St,,32922.0,United States,"19 Parkway St, Cocoa, FL 32922.0, United States",67QHSBN7XV,Delivered,6.0,1.75,4.75
Salzer's Records,Born In The 1900's Sticker,Born In The 1900's Sticker,"Stickers, pins, & magnets",2025-12-30,10.5,Ventura,CA,"Ventura, CA",5777 Valentine Road,,93003.0,United States,"5777 Valentine Road, Ventura, CA 93003.0, United States",RGZEBTWVVZ,Delivered,6.0,1.75,4.75
Salzer's Records,The Only Minority Destroying This Country Are The Billionaires Sticker,The Only Minority Destroying This Country Are The Billionaires Sticker,"Stickers, pins, & magnets",2025-12-30,10.5,Ventura,CA,"Ventura, CA",5777 Valentine Road,,93003.0,United States,"5777 Valentine Road, Ventura, CA 93003.0, United States",RGZEBTWVVZ,Delivered,6.0,1.75,4.75
Salzer's Records,Be The Light You Want To See In The World Sticker (2 styles available),Be The Light You Want To See In The World Sticker (2 styles available),"Stickers, pins, & magnets",2025-12-30,10.5,Ventura,CA,"Ventura, CA",5777 Valentine Road,,93003.0,United States,"5777 Valentine Road, Ventura, CA 93003.0, United States",RGZEBTWVVZ,Delivered,6.0,1.75,4.75
Salzer's Records,I'm Just A Fish Glitter Sticker,I'm Just A Fish Glitter Sticker,"Stickers, pins, & magnets",2025-12-30,10.5,Ventura,CA,"Ventura, CA",5777 Valentine Road,,93003.0,United States,"5777 Valentine Road, Ventura, CA 93003.0, United States",RGZEBTWVVZ,Delivered,6.0,1.75,4.75
Salzer's Records,Resist Floral Sticker,Resist Floral Sticker,"Stickers, pins, & magnets",2025-12-30,10.5,Ventura,CA,"Ventura, CA",5777 Valentine Road,,93003.0,United States,"5777 Valentine Road, Ventura, CA 93003.0, United States",RGZEBTWVVZ,Delivered,6.0,1.75,4.75
Salzer's Records,Save The Bees And Their Butts Sticker,Save The Bees And Their Butts Sticker,"Stickers, pins, & magnets",2025-12-30,10.5,Ventura,CA,"Ventura, CA",5777 Valentine Road,,93003.0,United States,"5777 Valentine Road, Ventura, CA 93003.0, United States",RGZEBTWVVZ,Delivered,6.0,1.75,4.75
Salzer's Records,Cowboy Boot & Flowers Glitter Sticker,Cowboy Boot & Flowers Glitter Sticker,"Stickers, pins, & magnets",2025-12-30,10.5,Ventura,CA,"Ventura, CA",5777 Valentine Road,,93003.0,United States,"5777 Valentine Road, Ventura, CA 93003.0, United States",RGZEBTWVVZ,Delivered,6.0,1.75,4.25
Salzer's Records,Girls Will Be Girls Sticker,Girls Will Be Girls Sticker,"Stickers, pins, & magnets",2025-12-30,10.5,Ventura,CA,"Ventura, CA",5777 Valentine Road,,93003.0,United States,"5777 Valentine Road, Ventura, CA 93003.0, United States",RGZEBTWVVZ,Delivered,6.0,1.75,4.75
Salzer's Records,Awake But At What Cost Sticker,Awake But At What Cost Sticker,"Stickers, pins, & magnets",2025-12-30,10.5,Ventura,CA,"Ventura, CA",5777 Valentine Road,,93003.0,United States,"5777 Valentine Road, Ventura, CA 93003.0, United States",RGZEBTWVVZ,Delivered,6.0,1.75,4.75
Salzer's Records,"When You Can Be Anything You Want, An Asshole Seems To Be A Really Odd Choice Glitter Sticker","When You Can Be Anything You Want, An Asshole Seems To Be A Really Odd Choice Glitter Sticker","Stickers, pins, & magnets",2025-12-30,10.5,Ventura,CA,"Ventura, CA",5777 Valentine Road,,93003.0,United States,"5777 Valentine Road, Ventura, CA 93003.0, United States",RGZEBTWVVZ,Delivered,6.0,1.75,4.75
Salzer's Records,Don't Be A Dick Sticker,Don't Be A Dick Sticker,"Stickers, pins, & magnets",2025-12-30,10.5,Ventura,CA,"Ventura, CA",5777 Valentine Road,,93003.0,United States,"5777 Valentine Road, Ventura, CA 93003.0, United States",RGZEBTWVVZ,Delivered,6.0,1.75,4.75
Salzer's Records,Eat Shit Glitter Sticker,Eat Shit Glitter Sticker,"Stickers, pins, & magnets",2025-12-30,10.5,Ventura,CA,"Ventura, CA",5777 Valentine Road,,93003.0,United States,"5777 Valentine Road, Ventura, CA 93003.0, United States",RGZEBTWVVZ,Delivered,6.0,1.75,4.75
Salzer's Records,Resist Sticker,Resist Sticker,"Stickers, pins, & magnets",2025-12-30,10.5,Ventura,CA,"Ventura, CA",5777 Valentine Road,,93003.0,United States,"5777 Valentine Road, Ventura, CA 93003.0, United States",RGZEBTWVVZ,Delivered,6.0,1.75,4.75
Salzer's Records,Trinkets Are My Weakness Pixie Glitter Sticker,Trinkets Are My Weakness Pixie Glitter Sticker,"Stickers, pins, & magnets",2025-12-30,10.5,Ventura,CA,"Ventura, CA",5777 Valentine Road,,93003.0,United States,"5777 Valentine Road, Ventura, CA 93003.0, United States",RGZEBTWVVZ,Delivered,6.0,1.75,4.75
Salzer's Records,Just Be A Good Human Glitter Sticker,Just Be A Good Human Glitter Sticker,"Stickers, pins, & magnets",2025-12-30,10.5,Ventura,CA,"Ventura, CA",5777 Valentine Road,,93003.0,United States,"5777 Valentine Road, Ventura, CA 93003.0, United States",RGZEBTWVVZ,Delivered,6.0,1.75,4.75
Salzer's Records,Burn The Patriarchy Sticker,Burn The Patriarchy Sticker,"Stickers, pins, & magnets",2025-12-30,10.5,Ventura,CA,"Ventura, CA",5777 Valentine Road,,93003.0,United States,"5777 Valentine Road, Ventura, CA 93003.0, United States",RGZEBTWVVZ,Delivered,6.0,1.75,4.75
Salzer's Records,What's More Punk Than The Public Library Sticker,What's More Punk Than The Public Library Sticker,"Stickers, pins, & magnets",2025-12-30,10.5,Ventura,CA,"Ventura, CA",5777 Valentine Road,,93003.0,United States,"5777 Valentine Road, Ventura, CA 93003.0, United States",RGZEBTWVVZ,Delivered,6.0,1.75,4.75
Salzer's Records,Keep The Immigrants Deport The Racists Sticker,Keep The Immigrants Deport The Racists Sticker,"Stickers, pins, & magnets",2025-12-30,10.5,Ventura,CA,"Ventura, CA",5777 Valentine Road,,93003.0,United States,"5777 Valentine Road, Ventura, CA 93003.0, United States",RGZEBTWVVZ,Delivered,6.0,1.75,4.75
Salzer's Records,Make Orwell Fiction Again Sticker,Make Orwell Fiction Again Sticker,"Stickers, pins, & magnets",2025-12-30,10.5,Ventura,CA,"Ventura, CA",5777 Valentine Road,,93003.0,United States,"5777 Valentine Road, Ventura, CA 93003.0, United States",RGZEBTWVVZ,Delivered,6.0,1.75,4.75
Salzer's Records,Petrify the Patriarchy Sticker,Petrify the Patriarchy Sticker,"Stickers, pins, & magnets",2025-12-30,10.5,Ventura,CA,"Ventura, CA",5777 Valentine Road,,93003.0,United States,"5777 Valentine Road, Ventura, CA 93003.0, United States",RGZEBTWVVZ,Delivered,6.0,1.75,4.75
Salzer's Records,The Hell I Won't Sticker,The Hell I Won't Sticker,"Stickers, pins, & magnets",2025-12-30,10.5,Ventura,CA,"Ventura, CA",5777 Valentine Road,,93003.0,United States,"5777 Valentine Road, Ventura, CA 93003.0, United States",RGZEBTWVVZ,Delivered,6.0,1.75,4.75
Salzer's Records,Little Ray Of Pitch Black Sticker,Little Ray Of Pitch Black Sticker,"Stickers, pins, & magnets",2025-12-30,10.5,Ventura,CA,"Ventura, CA",5777 Valentine Road,,93003.0,United States,"5777 Valentine Road, Ventura, CA 93003.0, United States",RGZEBTWVVZ,Delivered,6.0,1.75,4.75
Salzer's Records,Scared Hamster Sticker,Scared Hamster Sticker,"Stickers, pins, & magnets",2025-12-30,10.5,Ventura,CA,"Ventura, CA",5777 Valentine Road,,93003.0,United States,"5777 Valentine Road, Ventura, CA 93003.0, United States",RGZEBTWVVZ,Delivered,6.0,1.75,4.75
Salzer's Records,No One Is Illegal On Stolen Land Sticker,No One Is Illegal On Stolen Land Sticker,"Stickers, pins, & magnets",2025-12-30,10.5,Ventura,CA,"Ventura, CA",5777 Valentine Road,,93003.0,United States,"5777 Valentine Road, Ventura, CA 93003.0, United States",RGZEBTWVVZ,Delivered,6.0,1.75,4.75
Salzer's Records,May They Burn In Hell Glitter Sticker,May They Burn In Hell Glitter Sticker,"Stickers, pins, & magnets",2025-12-30,10.5,Ventura,CA,"Ventura, CA",5777 Valentine Road,,93003.0,United States,"5777 Valentine Road, Ventura, CA 93003.0, United States",RGZEBTWVVZ,Delivered,6.0,1.75,4.75
Salzer's Records,Girls Will Be Girls Sticker,Girls Will Be Girls Sticker,"Stickers, pins, & magnets",2025-12-30,10.5,Ventura,CA,"Ventura, CA",5777 Valentine Road,,93003.0,United States,"5777 Valentine Road, Ventura, CA 93003.0, United States",RGZEBTWVVZ,Delivered,6.0,1.75,4.75
Salzer's Records,"I May Be Laid Back, But I Can Lean Forward Real Fucking Quick Glitter Sticker","I May Be Laid Back, But I Can Lean Forward Real Fucking Quick Glitter Sticker","Stickers, pins, & magnets",2025-12-30,10.5,Ventura,CA,"Ventura, CA",5777 Valentine Road,,93003.0,United States,"5777 Valentine Road, Ventura, CA 93003.0, United States",RGZEBTWVVZ,Delivered,6.0,1.75,4.75
Salzer's Records,Radicalized By Basic Decency Floral Sticker,Radicalized By Basic Decency Floral Sticker,"Stickers, pins, & magnets",2025-12-30,10.5,Ventura,CA,"Ventura, CA",5777 Valentine Road,,93003.0,United States,"5777 Valentine Road, Ventura, CA 93003.0, United States",RGZEBTWVVZ,Delivered,6.0,1.75,4.75
Salzer's Records,Caring About People Is Not Political Sticker,Caring About People Is Not Political Sticker,"Stickers, pins, & magnets",2025-12-30,10.5,Ventura,CA,"Ventura, CA",5777 Valentine Road,,93003.0,United States,"5777 Valentine Road, Ventura, CA 93003.0, United States",RGZEBTWVVZ,Delivered,6.0,1.75,4.75
Salzer's Records,You've Just Buttered Your Last Biscuit Sticker,You've Just Buttered Your Last Biscuit Sticker,"Stickers, pins, & magnets",2025-12-30,10.5,Ventura,CA,"Ventura, CA",5777 Valentine Road,,93003.0,United States,"5777 Valentine Road, Ventura, CA 93003.0, United States",RGZEBTWVVZ,Delivered,6.0,1.75,4.75
Salzer's Records,Disappointments All Of You Sticker,Disappointments All Of You Sticker,"Stickers, pins, & magnets",2025-12-30,10.5,Ventura,CA,"Ventura, CA",5777 Valentine Road,,93003.0,United States,"5777 Valentine Road, Ventura, CA 93003.0, United States",RGZEBTWVVZ,Delivered,6.0,1.75,4.75
Salzer's Records,"Do You Have Any Fucks? Not Even One, Girl. Go Fish. Sticker","Do You Have Any Fucks? Not Even One, Girl. Go Fish. Sticker","Stickers, pins, & magnets",2025-12-30,10.5,Ventura,CA,"Ventura, CA",5777 Valentine Road,,93003.0,United States,"5777 Valentine Road, Ventura, CA 93003.0, United States",RGZEBTWVVZ,Delivered,6.0,1.75,4.75
Salzer's Records,Be Brave Be Loud And Look Out For Others Sticker,Be Brave Be Loud And Look Out For Others Sticker,"Stickers, pins, & magnets",2025-12-30,10.5,Ventura,CA,"Ventura, CA",5777 Valentine Road,,93003.0,United States,"5777 Valentine Road, Ventura, CA 93003.0, United States",RGZEBTWVVZ,Delivered,6.0,1.75,4.75
Salzer's Records,Black Cat Middle Finger Sticker,Black Cat Middle Finger Sticker,"Stickers, pins, & magnets",2025-12-30,10.5,Ventura,CA,"Ventura, CA",5777 Valentine Road,,93003.0,United States,"5777 Valentine Road, Ventura, CA 93003.0, United States",RGZEBTWVVZ,Delivered,6.0,1.75,4.75
Salzer's Records,Sorry I Can't Go I'm An Indoor Cat Glitter Sticker,Sorry I Can't Go I'm An Indoor Cat Glitter Sticker,"Stickers, pins, & magnets",2025-12-30,10.5,Ventura,CA,"Ventura, CA",5777 Valentine Road,,93003.0,United States,"5777 Valentine Road, Ventura, CA 93003.0, United States",RGZEBTWVVZ,Delivered,6.0,1.75,4.75
Salzer's Records,"Hey, You Dropped This Holographic Sticker","Hey, You Dropped This Holographic Sticker","Stickers, pins, & magnets",2025-12-30,10.5,Ventura,CA,"Ventura, CA",5777 Valentine Road,,93003.0,United States,"5777 Valentine Road, Ventura, CA 93003.0, United States",RGZEBTWVVZ,Delivered,6.0,1.75,4.75
Salzer's Records,Educate Your Son Sticker,Educate Your Son Sticker,"Stickers, pins, & magnets",2025-12-30,10.5,Ventura,CA,"Ventura, CA",5777 Valentine Road,,93003.0,United States,"5777 Valentine Road, Ventura, CA 93003.0, United States",RGZEBTWVVZ,Delivered,6.0,1.75,4.75
Salzer's Records,Let's Be Better Humans Sticker,Let's Be Better Humans Sticker,"Stickers, pins, & magnets",2025-12-30,10.5,Ventura,CA,"Ventura, CA",5777 Valentine Road,,93003.0,United States,"5777 Valentine Road, Ventura, CA 93003.0, United States",RGZEBTWVVZ,Delivered,6.0,1.75,6.5
XO Gift Co.,Be Brave Be Loud And Look Out For Others Sticker,Be Brave Be Loud And Look Out For Others Sticker,"Stickers, pins, & magnets",2025-12-30,10.5,Wheat Ridge,CO,"Wheat Ridge, CO",10071 West 26th Avenue,,80215.0,United States,"10071 West 26th Avenue, Wheat Ridge, CO 80215.0, United States",KW6AXZF9MC,Delivered,6.0,1.75,4.75
XO Gift Co.,Disappointments All Of You Sticker,Disappointments All Of You Sticker,"Stickers, pins, & magnets",2025-12-30,10.5,Wheat Ridge,CO,"Wheat Ridge, CO",10071 West 26th Avenue,,80215.0,United States,"10071 West 26th Avenue, Wheat Ridge, CO 80215.0, United States",KW6AXZF9MC,Delivered,6.0,1.75,4.75
XO Gift Co.,Let's Be Better Humans Sticker,Let's Be Better Humans Sticker,"Stickers, pins, & magnets",2025-12-30,10.5,Wheat Ridge,CO,"Wheat Ridge, CO",10071 West 26th Avenue,,80215.0,United States,"10071 West 26th Avenue, Wheat Ridge, CO 80215.0, United States",KW6AXZF9MC,Delivered,6.0,1.75,6.5
XO Gift Co.,"When You Can Be Anything You Want, An Asshole Seems To Be A Really Odd Choice Glitter Sticker","When You Can Be Anything You Want, An Asshole Seems To Be A Really Odd Choice Glitter Sticker","Stickers, pins, & magnets",2025-12-30,17.5,Wheat Ridge,CO,"Wheat Ridge, CO",10071 West 26th Avenue,,80215.0,United States,"10071 West 26th Avenue, Wheat Ridge, CO 80215.0, United States",KW6AXZF9MC,Delivered,10.0,1.75,4.75
XO Gift Co.,Dumpster Fire Sticker,Dumpster Fire Sticker,"Stickers, pins, & magnets",2025-12-30,10.5,Wheat Ridge,CO,"Wheat Ridge, CO",10071 West 26th Avenue,,80215.0,United States,"10071 West 26th Avenue, Wheat Ridge, CO 80215.0, United States",KW6AXZF9MC,Delivered,6.0,1.75,4.75
XO Gift Co.,Pendejo Ornament,Pendejo Ornament,Stationery & writing,2025-12-30,12.0,Wheat Ridge,CO,"Wheat Ridge, CO",10071 West 26th Avenue,,80215.0,United States,"10071 West 26th Avenue, Wheat Ridge, CO 80215.0, United States",KW6AXZF9MC,Delivered,2.0,6.0,12.0
XO Gift Co.,Just Be A Good Human Glitter Sticker,Just Be A Good Human Glitter Sticker,"Stickers, pins, & magnets",2025-12-30,17.5,Wheat Ridge,CO,"Wheat Ridge, CO",10071 West 26th Avenue,,80215.0,United States,"10071 West 26th Avenue, Wheat Ridge, CO 80215.0, United States",KW6AXZF9MC,Delivered,10.0,1.75,4.75
XO Gift Co.,Caring About People Is Not Political Sticker,Caring About People Is Not Political Sticker,"Stickers, pins, & magnets",2025-12-30,12.25,Wheat Ridge,CO,"Wheat Ridge, CO",10071 West 26th Avenue,,80215.0,United States,"10071 West 26th Avenue, Wheat Ridge, CO 80215.0, United States",KW6AXZF9MC,Delivered,7.0,1.75,4.75
Varner Candle Company,I Should Be Frolicking In A Forest But I'm Here. Wtf Pen,I Should Be Frolicking In A Forest But I'm Here. Wtf Pen,Stationery & writing,2025-12-29,4.25,Oak Harbor,WA,"Oak Harbor, WA",810 SE Pioneer Way,Suite 102,98277.0,United States,"810 SE Pioneer Way, Suite 102, Oak Harbor, WA 98277.0, United States",G3CD9CQV42,Delivered,5.0,0.85,2.75
Varner Candle Company,I May Be Wrong But I Doubt It Pen,I May Be Wrong But I Doubt It Pen,Stationery & writing,2025-12-29,4.0,Oak Harbor,WA,"Oak Harbor, WA",810 SE Pioneer Way,Suite 102,98277.0,United States,"810 SE Pioneer Way, Suite 102, Oak Harbor, WA 98277.0, United States",G3CD9CQV42,Delivered,5.0,0.8,2.75
Varner Candle Company,Currently Dissociating Pen,Currently Dissociating Pen,Stationery & writing,2025-12-29,4.25,Oak Harbor,WA,"Oak Harbor, WA",810 SE Pioneer Way,Suite 102,98277.0,United States,"810 SE Pioneer Way, Suite 102, Oak Harbor, WA 98277.0, United States",G3CD9CQV42,Delivered,5.0,0.85,1.7
Varner Candle Company,Disappointed But Not Surprised Pen,Disappointed But Not Surprised Pen,Stationery & writing,2025-12-29,4.0,Oak Harbor,WA,"Oak Harbor, WA",810 SE Pioneer Way,Suite 102,98277.0,United States,"810 SE Pioneer Way, Suite 102, Oak Harbor, WA 98277.0, United States",G3CD9CQV42,Delivered,5.0,0.8,2.75
Varner Candle Company,For The Fuckteenth Time Pen,For The Fuckteenth Time Pen,Stationery & writing,2025-12-29,4.0,Oak Harbor,WA,"Oak Harbor, WA",810 SE Pioneer Way,Suite 102,98277.0,United States,"810 SE Pioneer Way, Suite 102, Oak Harbor, WA 98277.0, United States",G3CD9CQV42,Delivered,5.0,0.8,2.75
Varner Candle Company,Adulting Is A Scam Tote Bag,Adulting Is A Scam Tote Bag,"Stickers, pins, & magnets",2025-12-29,30.0,Oak Harbor,WA,"Oak Harbor, WA",810 SE Pioneer Way,Suite 102,98277.0,United States,"810 SE Pioneer Way, Suite 102, Oak Harbor, WA 98277.0, United States",G3CD9CQV42,Delivered,3.0,10.0,20.0
Varner Candle Company,On My Way To Stir Up Some Shit Tote Bag,On My Way To Stir Up Some Shit Tote Bag,"Stickers, pins, & magnets",2025-12-29,30.0,Oak Harbor,WA,"Oak Harbor, WA",810 SE Pioneer Way,Suite 102,98277.0,United States,"810 SE Pioneer Way, Suite 102, Oak Harbor, WA 98277.0, United States",G3CD9CQV42,Delivered,3.0,10.0,20.0
Varner Candle Company,Flock Around and Find Out Tote Bag,Flock Around and Find Out Tote Bag,"Stickers, pins, & magnets",2025-12-29,30.0,Oak Harbor,WA,"Oak Harbor, WA",810 SE Pioneer Way,Suite 102,98277.0,United States,"810 SE Pioneer Way, Suite 102, Oak Harbor, WA 98277.0, United States",G3CD9CQV42,Delivered,3.0,10.0,20.0
Varner Candle Company,You've Just Buttered Your Last Biscuit Tote Bag,You've Just Buttered Your Last Biscuit Tote Bag,"Stickers, pins, & magnets",2025-12-29,20.0,Oak Harbor,WA,"Oak Harbor, WA",810 SE Pioneer Way,Suite 102,98277.0,United States,"810 SE Pioneer Way, Suite 102, Oak Harbor, WA 98277.0, United States",G3CD9CQV42,Delivered,2.0,10.0,20.0
Dragonflies,"I May Be Laid Back, But I Can Lean Forward Real Fucking Quick Glitter Sticker","I May Be Laid Back, But I Can Lean Forward Real Fucking Quick Glitter Sticker","Stickers, pins, & magnets",2025-12-29,10.5,Laredo,TX,"Laredo, TX",2202 Saunders St.,Suite 200,78041.0,United States,"2202 Saunders St., Suite 200, Laredo, TX 78041.0, United States",NB8NSZXHFA,Delivered,6.0,1.75,4.75
Dragonflies,"Sorry If I'm Mean, I'm Overstimulated Right Now Sticker","Sorry If I'm Mean, I'm Overstimulated Right Now Sticker","Stickers, pins, & magnets",2025-12-29,10.5,Laredo,TX,"Laredo, TX",2202 Saunders St.,Suite 200,78041.0,United States,"2202 Saunders St., Suite 200, Laredo, TX 78041.0, United States",NB8NSZXHFA,Delivered,6.0,1.75,4.75
Dragonflies,I Should Be Frolicking In A Forest But I'm Here. Wtf Pen,I Should Be Frolicking In A Forest But I'm Here. Wtf Pen,Stationery & writing,2025-12-29,11.05,Laredo,TX,"Laredo, TX",2202 Saunders St.,Suite 200,78041.0,United States,"2202 Saunders St., Suite 200, Laredo, TX 78041.0, United States",NB8NSZXHFA,Delivered,13.0,0.85,2.75
Dragonflies,For The Fuckteenth Time Pen,For The Fuckteenth Time Pen,Stationery & writing,2025-12-29,10.4,Laredo,TX,"Laredo, TX",2202 Saunders St.,Suite 200,78041.0,United States,"2202 Saunders St., Suite 200, Laredo, TX 78041.0, United States",NB8NSZXHFA,Delivered,13.0,0.8,2.75
Dragonflies,Pickle Slut Pen,Pickle Slut Pen,Stationery & writing,2025-12-29,9.6,Laredo,TX,"Laredo, TX",2202 Saunders St.,Suite 200,78041.0,United States,"2202 Saunders St., Suite 200, Laredo, TX 78041.0, United States",NB8NSZXHFA,Delivered,12.0,0.8,2.75
Dragonflies,Currently Dissociating Pen,Currently Dissociating Pen,Stationery & writing,2025-12-29,10.2,Laredo,TX,"Laredo, TX",2202 Saunders St.,Suite 200,78041.0,United States,"2202 Saunders St., Suite 200, Laredo, TX 78041.0, United States",NB8NSZXHFA,Delivered,12.0,0.85,1.7
Dragonflies,I May Be Wrong But I Doubt It Pen,I May Be Wrong But I Doubt It Pen,Stationery & writing,2025-12-29,9.6,Laredo,TX,"Laredo, TX",2202 Saunders St.,Suite 200,78041.0,United States,"2202 Saunders St., Suite 200, Laredo, TX 78041.0, United States",NB8NSZXHFA,Delivered,12.0,0.8,2.75
Dragonflies,"Sorry I Was Rude, It Was Probably Your Fault Pen","Sorry I Was Rude, It Was Probably Your Fault Pen",Stationery & writing,2025-12-29,9.6,Laredo,TX,"Laredo, TX",2202 Saunders St.,Suite 200,78041.0,United States,"2202 Saunders St., Suite 200, Laredo, TX 78041.0, United States",NB8NSZXHFA,Delivered,12.0,0.8,2.75
Dragonflies,Disappointed But Not Surprised Pen,Disappointed But Not Surprised Pen,Stationery & writing,2025-12-29,9.6,Laredo,TX,"Laredo, TX",2202 Saunders St.,Suite 200,78041.0,United States,"2202 Saunders St., Suite 200, Laredo, TX 78041.0, United States",NB8NSZXHFA,Delivered,12.0,0.8,2.75
Dragonflies,Some Of You Weren't Paying Attention In History Class And It Shows Pixie Glitter Sticker,Some Of You Weren't Paying Attention In History Class And It Shows Pixie Glitter Sticker,"Stickers, pins, & magnets",2025-12-29,10.5,Laredo,TX,"Laredo, TX",2202 Saunders St.,Suite 200,78041.0,United States,"2202 Saunders St., Suite 200, Laredo, TX 78041.0, United States",NB8NSZXHFA,Delivered,6.0,1.75,4.75
Rewind,If Explosive Diarrhea Was A Person Glitter Sticker,If Explosive Diarrhea Was A Person Glitter Sticker,"Stickers, pins, & magnets",2025-12-28,10.5,Minneapolis,MN,"Minneapolis, MN",2852B Johnson Street Northeast,,55418.0,United States,"2852B Johnson Street Northeast, Minneapolis, MN 55418.0, United States",EPGNWESSNZ,Delivered,6.0,1.75,4.75
Rewind,The Only Minority Destroying This Country Are The Billionaires Sticker,The Only Minority Destroying This Country Are The Billionaires Sticker,"Stickers, pins, & magnets",2025-12-28,10.5,Minneapolis,MN,"Minneapolis, MN",2852B Johnson Street Northeast,,55418.0,United States,"2852B Johnson Street Northeast, Minneapolis, MN 55418.0, United States",EPGNWESSNZ,Delivered,6.0,1.75,4.75
Rewind,Pickle Slut Pen,Pickle Slut Pen,Stationery & writing,2025-12-28,9.6,Minneapolis,MN,"Minneapolis, MN",2852B Johnson Street Northeast,,55418.0,United States,"2852B Johnson Street Northeast, Minneapolis, MN 55418.0, United States",EPGNWESSNZ,Delivered,12.0,0.8,2.75
Rewind,Disappointed But Not Surprised Pen,Disappointed But Not Surprised Pen,Stationery & writing,2025-12-28,9.6,Minneapolis,MN,"Minneapolis, MN",2852B Johnson Street Northeast,,55418.0,United States,"2852B Johnson Street Northeast, Minneapolis, MN 55418.0, United States",EPGNWESSNZ,Delivered,12.0,0.8,2.75
Rewind,"Sorry I Was Rude, It Was Probably Your Fault Pen","Sorry I Was Rude, It Was Probably Your Fault Pen",Stationery & writing,2025-12-28,9.6,Minneapolis,MN,"Minneapolis, MN",2852B Johnson Street Northeast,,55418.0,United States,"2852B Johnson Street Northeast, Minneapolis, MN 55418.0, United States",EPGNWESSNZ,Delivered,12.0,0.8,2.75
Rewind,I May Be Wrong But I Doubt It Pen,I May Be Wrong But I Doubt It Pen,Stationery & writing,2025-12-28,9.6,Minneapolis,MN,"Minneapolis, MN",2852B Johnson Street Northeast,,55418.0,United States,"2852B Johnson Street Northeast, Minneapolis, MN 55418.0, United States",EPGNWESSNZ,Delivered,12.0,0.8,2.75
Rewind,For The Fuckteenth Time Pen,For The Fuckteenth Time Pen,Stationery & writing,2025-12-28,9.6,Minneapolis,MN,"Minneapolis, MN",2852B Johnson Street Northeast,,55418.0,United States,"2852B Johnson Street Northeast, Minneapolis, MN 55418.0, United States",EPGNWESSNZ,Delivered,12.0,0.8,2.75
Rewind,Peace Sign Hamster Sticker,Peace Sign Hamster Sticker,"Stickers, pins, & magnets",2025-12-28,10.5,Minneapolis,MN,"Minneapolis, MN",2852B Johnson Street Northeast,,55418.0,United States,"2852B Johnson Street Northeast, Minneapolis, MN 55418.0, United States",EPGNWESSNZ,Delivered,6.0,1.75,4.75
Rewind,Radicalized By Basic Decency Magnet,Radicalized By Basic Decency Magnet,"Stickers, pins, & magnets",2025-12-28,15.0,Minneapolis,MN,"Minneapolis, MN",2852B Johnson Street Northeast,,55418.0,United States,"2852B Johnson Street Northeast, Minneapolis, MN 55418.0, United States",EPGNWESSNZ,Delivered,6.0,2.5,6.5
Rewind,Keep That Mean Shit To Yourself Sticker,Keep That Mean Shit To Yourself Sticker,"Stickers, pins, & magnets",2025-12-28,10.5,Minneapolis,MN,"Minneapolis, MN",2852B Johnson Street Northeast,,55418.0,United States,"2852B Johnson Street Northeast, Minneapolis, MN 55418.0, United States",EPGNWESSNZ,Delivered,6.0,1.75,4.75
Rewind,Be Brave Be Loud And Look Out For Others Sticker,Be Brave Be Loud And Look Out For Others Sticker,"Stickers, pins, & magnets",2025-12-28,10.5,Minneapolis,MN,"Minneapolis, MN",2852B Johnson Street Northeast,,55418.0,United States,"2852B Johnson Street Northeast, Minneapolis, MN 55418.0, United States",EPGNWESSNZ,Delivered,6.0,1.75,4.75
Rewind,Radicalized By Basic Decency Floral Sticker,Radicalized By Basic Decency Floral Sticker,"Stickers, pins, & magnets",2025-12-28,10.5,Minneapolis,MN,"Minneapolis, MN",2852B Johnson Street Northeast,,55418.0,United States,"2852B Johnson Street Northeast, Minneapolis, MN 55418.0, United States",EPGNWESSNZ,Delivered,6.0,1.75,4.75
Rewind,On My Way To Get More Trinkets And Knick Knacks Glitter Sticker,On My Way To Get More Trinkets And Knick Knacks Glitter Sticker,"Stickers, pins, & magnets",2025-12-28,10.5,Minneapolis,MN,"Minneapolis, MN",2852B Johnson Street Northeast,,55418.0,United States,"2852B Johnson Street Northeast, Minneapolis, MN 55418.0, United States",EPGNWESSNZ,Delivered,6.0,1.75,4.75
Rewind,Caring About People Is Not Political Sticker,Caring About People Is Not Political Sticker,"Stickers, pins, & magnets",2025-12-28,10.5,Minneapolis,MN,"Minneapolis, MN",2852B Johnson Street Northeast,,55418.0,United States,"2852B Johnson Street Northeast, Minneapolis, MN 55418.0, United States",EPGNWESSNZ,Delivered,6.0,1.75,4.75
Rewind,Strawberry Candy Holographic Sticker,Strawberry Candy Holographic Sticker,"Stickers, pins, & magnets",2025-12-28,10.5,Minneapolis,MN,"Minneapolis, MN",2852B Johnson Street Northeast,,55418.0,United States,"2852B Johnson Street Northeast, Minneapolis, MN 55418.0, United States",EPGNWESSNZ,Delivered,6.0,1.75,4.75
Luckies Quick Mart,Diet Coke Slut Glitter Sticker,Diet Coke Slut Glitter Sticker,"Stickers, pins, & magnets",2025-12-27,10.5,Lubbock,TX,"Lubbock, TX",4502 50th Street,100.0,79414-3612,United States,"4502 50th Street, 100.0, Lubbock, TX 79414-3612, United States",NDWYCX5BUF,Delivered,6.0,1.75,4.75
Luckies Quick Mart,"Sorry If I'm Mean, I'm Overstimulated Right Now Sticker","Sorry If I'm Mean, I'm Overstimulated Right Now Sticker","Stickers, pins, & magnets",2025-12-27,10.5,Lubbock,TX,"Lubbock, TX",4502 50th Street,100.0,79414-3612,United States,"4502 50th Street, 100.0, Lubbock, TX 79414-3612, United States",NDWYCX5BUF,Delivered,6.0,1.75,4.75
Luckies Quick Mart,We All Should Be In Therapy Glitter Sticker,We All Should Be In Therapy Glitter Sticker,"Stickers, pins, & magnets",2025-12-27,10.5,Lubbock,TX,"Lubbock, TX",4502 50th Street,100.0,79414-3612,United States,"4502 50th Street, 100.0, Lubbock, TX 79414-3612, United States",NDWYCX5BUF,Delivered,6.0,1.75,4.75
Luckies Quick Mart,Don't Hate Me Just Because I'm A Little Cooler Sticker,Don't Hate Me Just Because I'm A Little Cooler Sticker,"Stickers, pins, & magnets",2025-12-27,10.5,Lubbock,TX,"Lubbock, TX",4502 50th Street,100.0,79414-3612,United States,"4502 50th Street, 100.0, Lubbock, TX 79414-3612, United States",NDWYCX5BUF,Delivered,6.0,1.75,4.75
Luckies Quick Mart,Let's Be Better Humans Sticker,Let's Be Better Humans Sticker,"Stickers, pins, & magnets",2025-12-27,10.5,Lubbock,TX,"Lubbock, TX",4502 50th Street,100.0,79414-3612,United States,"4502 50th Street, 100.0, Lubbock, TX 79414-3612, United States",NDWYCX5BUF,Delivered,6.0,1.75,6.5
Luckies Quick Mart,No Worries If Not Totally Cool Either Way Sticker,No Worries If Not Totally Cool Either Way Sticker,"Stickers, pins, & magnets",2025-12-27,10.5,Lubbock,TX,"Lubbock, TX",4502 50th Street,100.0,79414-3612,United States,"4502 50th Street, 100.0, Lubbock, TX 79414-3612, United States",NDWYCX5BUF,Delivered,6.0,1.75,4.75
Luckies Quick Mart,Currently Dissociating Pen,Currently Dissociating Pen,Stationery & writing,2025-12-27,5.1,Lubbock,TX,"Lubbock, TX",4502 50th Street,100.0,79414-3612,United States,"4502 50th Street, 100.0, Lubbock, TX 79414-3612, United States",NDWYCX5BUF,Delivered,6.0,0.85,1.7
Luckies Quick Mart,Disappointed But Not Surprised Pen,Disappointed But Not Surprised Pen,Stationery & writing,2025-12-27,4.8,Lubbock,TX,"Lubbock, TX",4502 50th Street,100.0,79414-3612,United States,"4502 50th Street, 100.0, Lubbock, TX 79414-3612, United States",NDWYCX5BUF,Delivered,6.0,0.8,2.75
Luckies Quick Mart,I May Be Wrong But I Doubt It Pen,I May Be Wrong But I Doubt It Pen,Stationery & writing,2025-12-27,4.8,Lubbock,TX,"Lubbock, TX",4502 50th Street,100.0,79414-3612,United States,"4502 50th Street, 100.0, Lubbock, TX 79414-3612, United States",NDWYCX5BUF,Delivered,6.0,0.8,2.75
Luckies Quick Mart,"I May Be Laid Back, But I Can Lean Forward Real Fucking Quick Glitter Sticker","I May Be Laid Back, But I Can Lean Forward Real Fucking Quick Glitter Sticker","Stickers, pins, & magnets",2025-12-27,10.5,Lubbock,TX,"Lubbock, TX",4502 50th Street,100.0,79414-3612,United States,"4502 50th Street, 100.0, Lubbock, TX 79414-3612, United States",NDWYCX5BUF,Delivered,6.0,1.75,4.75
Luckies Quick Mart,"Sorry I Was Rude, It Was Probably Your Fault Pen","Sorry I Was Rude, It Was Probably Your Fault Pen",Stationery & writing,2025-12-27,4.8,Lubbock,TX,"Lubbock, TX",4502 50th Street,100.0,79414-3612,United States,"4502 50th Street, 100.0, Lubbock, TX 79414-3612, United States",NDWYCX5BUF,Delivered,6.0,0.8,2.75
Luckies Quick Mart,Girls Will Be Girls Sticker,Girls Will Be Girls Sticker,"Stickers, pins, & magnets",2025-12-27,10.5,Lubbock,TX,"Lubbock, TX",4502 50th Street,100.0,79414-3612,United States,"4502 50th Street, 100.0, Lubbock, TX 79414-3612, United States",NDWYCX5BUF,Delivered,6.0,1.75,4.75
Luckies Quick Mart,"I May Be Wrong, But I Doubt It Keychain","I May Be Wrong, But I Doubt It Keychain","Stickers, pins, & magnets",2025-12-27,27.0,Lubbock,TX,"Lubbock, TX",4502 50th Street,100.0,79414-3612,United States,"4502 50th Street, 100.0, Lubbock, TX 79414-3612, United States",NDWYCX5BUF,Delivered,6.0,4.5,10.0
Luckies Quick Mart,Little Ray Of Pitch Black Sticker,Little Ray Of Pitch Black Sticker,"Stickers, pins, & magnets",2025-12-27,10.5,Lubbock,TX,"Lubbock, TX",4502 50th Street,100.0,79414-3612,United States,"4502 50th Street, 100.0, Lubbock, TX 79414-3612, United States",NDWYCX5BUF,Delivered,6.0,1.75,4.75
Luckies Quick Mart,Eat Shit Glitter Sticker,Eat Shit Glitter Sticker,"Stickers, pins, & magnets",2025-12-27,10.5,Lubbock,TX,"Lubbock, TX",4502 50th Street,100.0,79414-3612,United States,"4502 50th Street, 100.0, Lubbock, TX 79414-3612, United States",NDWYCX5BUF,Delivered,6.0,1.75,4.75
The Siren and The Sea: Books and Coffee,Disappointments All Of You Sticker,Disappointments All Of You Sticker,"Stickers, pins, & magnets",2025-12-27,15.75,Rochester,NY,"Rochester, NY",426 South Ave,,14620.0,United States,"426 South Ave, Rochester, NY 14620.0, United States",RVN9U9CH6K,Delivered,9.0,1.75,4.75
The Siren and The Sea: Books and Coffee,Awake But At What Cost Sticker,Awake But At What Cost Sticker,"Stickers, pins, & magnets",2025-12-27,17.5,Rochester,NY,"Rochester, NY",426 South Ave,,14620.0,United States,"426 South Ave, Rochester, NY 14620.0, United States",RVN9U9CH6K,Delivered,10.0,1.75,4.75
The Siren and The Sea: Books and Coffee,Peace Sign Hamster Sticker,Peace Sign Hamster Sticker,"Stickers, pins, & magnets",2025-12-27,15.75,Rochester,NY,"Rochester, NY",426 South Ave,,14620.0,United States,"426 South Ave, Rochester, NY 14620.0, United States",RVN9U9CH6K,Delivered,9.0,1.75,4.75
The Siren and The Sea: Books and Coffee,Girl Dinner Sticker (Glitter or White Available),Girl Dinner Sticker (Glitter or White Available),"Stickers, pins, & magnets",2025-12-27,15.75,Rochester,NY,"Rochester, NY",426 South Ave,,14620.0,United States,"426 South Ave, Rochester, NY 14620.0, United States",RVN9U9CH6K,Delivered,9.0,1.75,4.75
The Siren and The Sea: Books and Coffee,Strawberry Candy Holographic Sticker,Strawberry Candy Holographic Sticker,"Stickers, pins, & magnets",2025-12-27,14.0,Rochester,NY,"Rochester, NY",426 South Ave,,14620.0,United States,"426 South Ave, Rochester, NY 14620.0, United States",RVN9U9CH6K,Delivered,8.0,1.75,4.75
The Siren and The Sea: Books and Coffee,Capitalism Gave Me IBS Glitter Sticker,Capitalism Gave Me IBS Glitter Sticker,"Stickers, pins, & magnets",2025-12-27,10.5,Rochester,NY,"Rochester, NY",426 South Ave,,14620.0,United States,"426 South Ave, Rochester, NY 14620.0, United States",RVN9U9CH6K,Delivered,6.0,1.75,4.75
The Siren and The Sea: Books and Coffee,Burn The Patriarchy Sticker,Burn The Patriarchy Sticker,"Stickers, pins, & magnets",2025-12-27,10.5,Rochester,NY,"Rochester, NY",426 South Ave,,14620.0,United States,"426 South Ave, Rochester, NY 14620.0, United States",RVN9U9CH6K,Delivered,6.0,1.75,4.75
The Siren and The Sea: Books and Coffee,No Human Is Illegal Glitter Sticker,No Human Is Illegal Glitter Sticker,"Stickers, pins, & magnets",2025-12-27,10.5,Rochester,NY,"Rochester, NY",426 South Ave,,14620.0,United States,"426 South Ave, Rochester, NY 14620.0, United States",RVN9U9CH6K,Delivered,6.0,1.75,4.75
The Siren and The Sea: Books and Coffee,Thumbs Up Cat Sticker,Thumbs Up Cat Sticker,"Stickers, pins, & magnets",2025-12-27,10.5,Rochester,NY,"Rochester, NY",426 South Ave,,14620.0,United States,"426 South Ave, Rochester, NY 14620.0, United States",RVN9U9CH6K,Delivered,6.0,1.75,4.75
Rabbit Hole Books,Queen Of Books Magnet,Queen Of Books Magnet,"Stickers, pins, & magnets",2025-12-27,15.0,Dayton,OH,"Dayton, OH",29 West First Street,,45402.0,United States,"29 West First Street, Dayton, OH 45402.0, United States",2GR7SGKTT5,Delivered,6.0,2.5,6.5
Rabbit Hole Books,Literacy and Justice For All Sticker,Literacy and Justice For All Sticker,"Stickers, pins, & magnets",2025-12-27,10.5,Dayton,OH,"Dayton, OH",29 West First Street,,45402.0,United States,"29 West First Street, Dayton, OH 45402.0, United States",2GR7SGKTT5,Delivered,6.0,1.75,4.75
Rabbit Hole Books,The Road To Fascism Is Paved With The People That Told You To Stop Overreacting Holographic Sticker,The Road To Fascism Is Paved With The People That Told You To Stop Overreacting Holographic Sticker,"Stickers, pins, & magnets",2025-12-27,10.5,Dayton,OH,"Dayton, OH",29 West First Street,,45402.0,United States,"29 West First Street, Dayton, OH 45402.0, United States",2GR7SGKTT5,Delivered,6.0,1.75,4.75
Rabbit Hole Books,I've Heard Enough From Old White Men Button,I've Heard Enough From Old White Men Button,"Stickers, pins, & magnets",2025-12-27,2.0,Dayton,OH,"Dayton, OH",29 West First Street,,45402.0,United States,"29 West First Street, Dayton, OH 45402.0, United States",2GR7SGKTT5,Delivered,2.0,1.0,2.75
Rabbit Hole Books,Resist Sticker,Resist Sticker,"Stickers, pins, & magnets",2025-12-27,10.5,Dayton,OH,"Dayton, OH",29 West First Street,,45402.0,United States,"29 West First Street, Dayton, OH 45402.0, United States",2GR7SGKTT5,Delivered,6.0,1.75,4.75
Rabbit Hole Books,Daily Shitstorm Survivors Club Button,Daily Shitstorm Survivors Club Button,"Stickers, pins, & magnets",2025-12-27,2.0,Dayton,OH,"Dayton, OH",29 West First Street,,45402.0,United States,"29 West First Street, Dayton, OH 45402.0, United States",2GR7SGKTT5,Delivered,2.0,1.0,2.75
Rabbit Hole Books,Books Because Coping With Reality Is Not An Option At The Moment Glitter Sticker,Books Because Coping With Reality Is Not An Option At The Moment Glitter Sticker,"Stickers, pins, & magnets",2025-12-27,10.5,Dayton,OH,"Dayton, OH",29 West First Street,,45402.0,United States,"29 West First Street, Dayton, OH 45402.0, United States",2GR7SGKTT5,Delivered,6.0,1.75,4.75
Rabbit Hole Books,Books Are Magic Pixie Glitter Sticker,Books Are Magic Pixie Glitter Sticker,"Stickers, pins, & magnets",2025-12-27,10.5,Dayton,OH,"Dayton, OH",29 West First Street,,45402.0,United States,"29 West First Street, Dayton, OH 45402.0, United States",2GR7SGKTT5,Delivered,6.0,1.75,4.75
Rabbit Hole Books,Raccoon Fairy Holographic Sticker,Raccoon Fairy Holographic Sticker,"Stickers, pins, & magnets",2025-12-27,10.5,Dayton,OH,"Dayton, OH",29 West First Street,,45402.0,United States,"29 West First Street, Dayton, OH 45402.0, United States",2GR7SGKTT5,Delivered,6.0,1.75,4.75
Rabbit Hole Books,I May Be Wrong But I Doubt It Pen,I May Be Wrong But I Doubt It Pen,Stationery & writing,2025-12-27,20.0,Dayton,OH,"Dayton, OH",29 West First Street,,45402.0,United States,"29 West First Street, Dayton, OH 45402.0, United States",2GR7SGKTT5,Delivered,25.0,0.8,2.75
Rabbit Hole Books,Currently Dissociating Pen,Currently Dissociating Pen,Stationery & writing,2025-12-27,21.25,Dayton,OH,"Dayton, OH",29 West First Street,,45402.0,United States,"29 West First Street, Dayton, OH 45402.0, United States",2GR7SGKTT5,Delivered,25.0,0.85,1.7
Rabbit Hole Books,"Sorry I Was Rude, It Was Probably Your Fault Pen","Sorry I Was Rude, It Was Probably Your Fault Pen",Stationery & writing,2025-12-27,20.0,Dayton,OH,"Dayton, OH",29 West First Street,,45402.0,United States,"29 West First Street, Dayton, OH 45402.0, United States",2GR7SGKTT5,Delivered,25.0,0.8,2.75
Rabbit Hole Books,"Mini Troll Surprise Packs - 3, 6 or 10!","Mini Troll Surprise Packs - 3, 6 or 10!","Stickers, pins, & magnets",2025-12-27,29.9,Dayton,OH,"Dayton, OH",29 West First Street,,45402.0,United States,"29 West First Street, Dayton, OH 45402.0, United States",2GR7SGKTT5,Delivered,10.0,2.99,5.99
Rabbit Hole Books,"Do You Have Any Fucks? Not Even One, Girl. Go Fish. Sticker","Do You Have Any Fucks? Not Even One, Girl. Go Fish. Sticker","Stickers, pins, & magnets",2025-12-27,10.5,Dayton,OH,"Dayton, OH",29 West First Street,,45402.0,United States,"29 West First Street, Dayton, OH 45402.0, United States",2GR7SGKTT5,Delivered,6.0,1.75,4.75
Rabbit Hole Books,"I May Be Laid Back, But I Can Lean Forward Real Fucking Quick Glitter Sticker","I May Be Laid Back, But I Can Lean Forward Real Fucking Quick Glitter Sticker","Stickers, pins, & magnets",2025-12-27,10.5,Dayton,OH,"Dayton, OH",29 West First Street,,45402.0,United States,"29 West First Street, Dayton, OH 45402.0, United States",2GR7SGKTT5,Delivered,6.0,1.75,4.75
Rabbit Hole Books,Cool Girls Know History Sticker,Cool Girls Know History Sticker,"Stickers, pins, & magnets",2025-12-27,10.5,Dayton,OH,"Dayton, OH",29 West First Street,,45402.0,United States,"29 West First Street, Dayton, OH 45402.0, United States",2GR7SGKTT5,Delivered,6.0,1.75,4.25
Rabbit Hole Books,Just Be A Good Human Glitter Sticker,Just Be A Good Human Glitter Sticker,"Stickers, pins, & magnets",2025-12-27,10.5,Dayton,OH,"Dayton, OH",29 West First Street,,45402.0,United States,"29 West First Street, Dayton, OH 45402.0, United States",2GR7SGKTT5,Delivered,6.0,1.75,4.75
Rabbit Hole Books,Let's Be Better Humans Sticker,Let's Be Better Humans Sticker,"Stickers, pins, & magnets",2025-12-27,10.5,Dayton,OH,"Dayton, OH",29 West First Street,,45402.0,United States,"29 West First Street, Dayton, OH 45402.0, United States",2GR7SGKTT5,Delivered,6.0,1.75,6.5
Rabbit Hole Books,Caring About People Is Not Political Sticker,Caring About People Is Not Political Sticker,"Stickers, pins, & magnets",2025-12-27,10.5,Dayton,OH,"Dayton, OH",29 West First Street,,45402.0,United States,"29 West First Street, Dayton, OH 45402.0, United States",2GR7SGKTT5,Delivered,6.0,1.75,4.75
Rabbit Hole Books,You've Just Buttered Your Last Biscuit Sticker,You've Just Buttered Your Last Biscuit Sticker,"Stickers, pins, & magnets",2025-12-27,10.5,Dayton,OH,"Dayton, OH",29 West First Street,,45402.0,United States,"29 West First Street, Dayton, OH 45402.0, United States",2GR7SGKTT5,Delivered,6.0,1.75,4.75
Rabbit Hole Books,Community Is Resistance Sticker,Community Is Resistance Sticker,"Stickers, pins, & magnets",2025-12-27,10.5,Dayton,OH,"Dayton, OH",29 West First Street,,45402.0,United States,"29 West First Street, Dayton, OH 45402.0, United States",2GR7SGKTT5,Delivered,6.0,1.75,4.75
The Public Pet,Have The Day You Voted For Sticker,Have The Day You Voted For Sticker,"Stickers, pins, & magnets",2025-12-27,10.5,Honolulu,HI,"Honolulu, HI",3422 Waialae Avenue,#101,96816.0,United States,"3422 Waialae Avenue, #101, Honolulu, HI 96816.0, United States",GHWYTRWGDY,Delivered,6.0,1.75,4.75
The Public Pet,Cats Against Capitalism Sticker,Cats Against Capitalism Sticker,"Stickers, pins, & magnets",2025-12-27,17.5,Honolulu,HI,"Honolulu, HI",3422 Waialae Avenue,#101,96816.0,United States,"3422 Waialae Avenue, #101, Honolulu, HI 96816.0, United States",GHWYTRWGDY,Delivered,10.0,1.75,4.75
The Public Pet,I've Heard Enough From Old White Men Sticker,I've Heard Enough From Old White Men Sticker,"Stickers, pins, & magnets",2025-12-27,17.5,Honolulu,HI,"Honolulu, HI",3422 Waialae Avenue,#101,96816.0,United States,"3422 Waialae Avenue, #101, Honolulu, HI 96816.0, United States",GHWYTRWGDY,Delivered,10.0,1.75,4.75
The Public Pet,Strawberry Candy Holographic Sticker,Strawberry Candy Holographic Sticker,"Stickers, pins, & magnets",2025-12-27,26.25,Honolulu,HI,"Honolulu, HI",3422 Waialae Avenue,#101,96816.0,United States,"3422 Waialae Avenue, #101, Honolulu, HI 96816.0, United States",GHWYTRWGDY,Delivered,15.0,1.75,4.75
The Public Pet,Diet Coke Slut Glitter Sticker,Diet Coke Slut Glitter Sticker,"Stickers, pins, & magnets",2025-12-27,26.25,Honolulu,HI,"Honolulu, HI",3422 Waialae Avenue,#101,96816.0,United States,"3422 Waialae Avenue, #101, Honolulu, HI 96816.0, United States",GHWYTRWGDY,Delivered,15.0,1.75,4.75
The Public Pet,Fuck The Patriarchy Sticker,Fuck The Patriarchy Sticker,"Stickers, pins, & magnets",2025-12-27,26.25,Honolulu,HI,"Honolulu, HI",3422 Waialae Avenue,#101,96816.0,United States,"3422 Waialae Avenue, #101, Honolulu, HI 96816.0, United States",GHWYTRWGDY,Delivered,15.0,1.75,4.25
